dataset_name,last_updated,num_features,last_checked,days_since_source_update
bicycle-parking-high-capacity-outdoor,2023-10-05T03:03:38.480949+00:00,117,2023-12-30T16:04:30.587292+00:00,86
bicycle-parking-racks,2023-05-03T17:06:10.944644+00:00,158,2023-12-30T16:04:30.751589+00:00,240
bicycle-parking-bike-stations-indoor,2023-05-03T17:05:52.259719+00:00,5,2023-12-30T16:04:30.994513+00:00,240
street-furniture-bicycle-parking,2023-12-30T03:04:47.467147+00:00,16995,2023-12-30T16:04:33.621729+00:00,0
osm_bicycle_parking_city_of_toronto,2023-12-27T17:00:15.000000+00:00,1628,2023-12-30T16:04:40.670496+00:00,2
bicycle-parking-high-capacity-outdoor,2023-10-05T03:03:38.480949+00:00,117,2024-01-02T01:04:09.444133+00:00,88
bicycle-parking-racks,2024-01-01T04:08:14.268969+00:00,158,2024-01-02T01:04:09.870808+00:00,0
bicycle-parking-bike-stations-indoor,2023-05-03T17:05:52.259719+00:00,5,2024-01-02T01:04:10.238127+00:00,243
street-furniture-bicycle-parking,2023-12-30T03:04:47.467147+00:00,16995,2024-01-02T01:04:12.634695+00:00,2
osm_bicycle_parking_city_of_toronto,2024-01-01T15:24:14.000000+00:00,1625,2024-01-02T01:04:17.915349+00:00,0
bicycle-parking-high-capacity-outdoor,2023-10-05T03:03:38.480949+00:00,117,2024-01-02T02:09:06.837106+00:00,88
bicycle-parking-racks,2024-01-01T04:08:14.268969+00:00,158,2024-01-02T02:09:07.052222+00:00,0
bicycle-parking-bike-stations-indoor,2023-05-03T17:05:52.259719+00:00,5,2024-01-02T02:09:07.191451+00:00,243
street-furniture-bicycle-parking,2023-12-30T03:04:47.467147+00:00,16995,2024-01-02T02:09:12.143418+00:00,2
osm_bicycle_parking_city_of_toronto,2024-01-01T15:24:14.000000+00:00,1625,2024-01-02T02:09:17.258337+00:00,0
bicycle-parking-high-capacity-outdoor,2023-10-05T03:03:38.480949+00:00,117,2024-01-02T02:24:42.705256+00:00,88
bicycle-parking-racks,2024-01-01T04:08:14.268969+00:00,158,2024-01-02T02:24:43.258122+00:00,0
bicycle-parking-bike-stations-indoor,2023-05-03T17:05:52.259719+00:00,5,2024-01-02T02:24:43.691296+00:00,243
street-furniture-bicycle-parking,2023-12-30T03:04:47.467147+00:00,16995,2024-01-02T02:24:49.896368+00:00,2
osm_bicycle_parking_city_of_toronto,2024-01-01T15:24:14.000000+00:00,1625,2024-01-02T02:24:59.553333+00:00,0
bicycle-parking-high-capacity-outdoor,2023-10-05T03:03:38.480949+00:00,117,2024-01-08T09:01:28.320259+00:00,95
bicycle-parking-racks,2024-01-01T04:08:14.268969+00:00,158,2024-01-08T09:01:28.772237+00:00,7
bicycle-parking-bike-stations-indoor,2023-05-03T17:05:52.259719+00:00,5,2024-01-08T09:01:29.104462+00:00,249
street-furniture-bicycle-parking,2024-01-06T03:05:02.032214+00:00,17069,2024-01-08T09:01:33.541038+00:00,2
osm_bicycle_parking_city_of_toronto,2024-01-06T22:33:39.000000+00:00,1641,2024-01-08T09:01:41.858798+00:00,1
bicycle-parking-high-capacity-outdoor,2024-01-12T03:07:21.062197+00:00,117,2024-01-15T09:01:30.870279+00:00,3
bicycle-parking-racks,2024-01-01T04:08:14.268969+00:00,158,2024-01-15T09:01:31.677831+00:00,14
bicycle-parking-bike-stations-indoor,2023-05-03T17:05:52.259719+00:00,5,2024-01-15T09:01:32.227585+00:00,256
street-furniture-bicycle-parking,2024-01-13T03:05:11.264935+00:00,17076,2024-01-15T09:01:37.141064+00:00,2
osm_bicycle_parking_city_of_toronto,2024-01-13T02:45:10.000000+00:00,1664,2024-01-15T09:01:46.327241+00:00,2
bicycle-parking-high-capacity-outdoor,2024-01-12T03:07:21.062197+00:00,117,2024-01-22T09:01:43.760448+00:00,10
bicycle-parking-racks,2024-01-01T04:08:14.268969+00:00,158,2024-01-22T09:01:44.217854+00:00,21
bicycle-parking-bike-stations-indoor,2023-05-03T17:05:52.259719+00:00,5,2024-01-22T09:01:44.579525+00:00,263
street-furniture-bicycle-parking,2024-01-19T03:06:23.060314+00:00,17077,2024-01-22T09:01:48.955143+00:00,3
osm_bicycle_parking_city_of_toronto,2024-01-22T06:05:25.000000+00:00,1666,2024-01-22T09:01:57.207794+00:00,0
bicycle-parking-high-capacity-outdoor,2024-01-12T03:07:21.062197+00:00,117,2024-01-29T09:01:33.391843+00:00,17
bicycle-parking-racks,2024-01-01T04:08:14.268969+00:00,158,2024-01-29T09:01:33.883803+00:00,28
bicycle-parking-bike-stations-indoor,2023-05-03T17:05:52.259719+00:00,5,2024-01-29T09:01:34.248056+00:00,270
street-furniture-bicycle-parking,2024-01-29T03:03:49.934670+00:00,17069,2024-01-29T09:01:38.810154+00:00,0
osm_bicycle_parking_city_of_toronto,2024-01-27T21:35:37.000000+00:00,1672,2024-01-29T09:01:47.439346+00:00,1
bicycle-parking-high-capacity-outdoor,2024-01-12T03:07:21.062197+00:00,117,2024-02-05T09:01:33.547477+00:00,24
bicycle-parking-racks,2024-01-01T04:08:14.268969+00:00,158,2024-02-05T09:01:34.001883+00:00,35
bicycle-parking-bike-stations-indoor,2023-05-03T17:05:52.259719+00:00,5,2024-02-05T09:01:34.303795+00:00,277
street-furniture-bicycle-parking,2024-02-03T03:05:18.745314+00:00,17052,2024-02-05T09:01:38.757530+00:00,2
osm_bicycle_parking_city_of_toronto,2024-02-03T20:22:37.000000+00:00,1680,2024-02-05T09:01:47.829504+00:00,1
bicycle-parking-high-capacity-outdoor,2024-02-10T03:03:34.395847+00:00,142,2024-02-12T09:01:33.069961+00:00,2
bicycle-parking-racks,2024-01-01T04:08:14.268969+00:00,158,2024-02-12T09:01:33.528264+00:00,42
bicycle-parking-bike-stations-indoor,2023-05-03T17:05:52.259719+00:00,5,2024-02-12T09:01:33.886678+00:00,284
street-furniture-bicycle-parking,2024-02-10T03:05:18.644755+00:00,17025,2024-02-12T09:01:38.216765+00:00,2
osm_bicycle_parking_city_of_toronto,2024-02-11T19:55:58.000000+00:00,1681,2024-02-12T09:01:46.950148+00:00,0
bicycle-parking-high-capacity-outdoor,2024-02-10T03:03:34.395847+00:00,142,2024-02-19T09:01:33.884257+00:00,9
bicycle-parking-racks,2024-01-01T04:08:14.268969+00:00,158,2024-02-19T09:01:34.400744+00:00,49
bicycle-parking-bike-stations-indoor,2023-05-03T17:05:52.259719+00:00,5,2024-02-19T09:01:34.825274+00:00,291
street-furniture-bicycle-parking,2024-02-17T03:04:56.652028+00:00,17003,2024-02-19T09:01:39.591918+00:00,2
osm_bicycle_parking_city_of_toronto,2024-02-18T20:45:02.000000+00:00,1693,2024-02-19T09:01:48.383095+00:00,0
bicycle-parking-high-capacity-outdoor,2024-02-10T03:03:34.395847+00:00,142,2024-02-26T09:01:29.353585+00:00,16
bicycle-parking-racks,2024-01-01T04:08:14.268969+00:00,158,2024-02-26T09:01:33.001610+00:00,56
bicycle-parking-bike-stations-indoor,2023-05-03T17:05:52.259719+00:00,5,2024-02-26T09:01:33.286684+00:00,298
street-furniture-bicycle-parking,2024-02-24T03:05:18.827317+00:00,16996,2024-02-26T09:01:37.680699+00:00,2
osm_bicycle_parking_city_of_toronto,2024-02-23T01:52:12.000000+00:00,1701,2024-02-26T09:01:46.183086+00:00,3
bicycle-parking-high-capacity-outdoor,2024-02-10T03:03:34.395847+00:00,142,2024-03-04T09:30:41.300098+00:00,23
bicycle-parking-racks,2024-01-01T04:08:14.268969+00:00,158,2024-03-04T09:30:41.815736+00:00,63
bicycle-parking-bike-stations-indoor,2023-05-03T17:05:52.259719+00:00,5,2024-03-04T09:30:42.115151+00:00,305
street-furniture-bicycle-parking,2024-03-02T03:05:24.540604+00:00,16994,2024-03-04T09:30:46.509015+00:00,2
osm_bicycle_parking_city_of_toronto,2024-03-03T01:48:09.000000+00:00,1703,2024-03-04T09:30:55.369874+00:00,1
bicycle-parking-high-capacity-outdoor,2024-02-10T03:03:34.395847+00:00,142,2024-03-11T09:01:42.624594+00:00,30
bicycle-parking-racks,2024-01-01T04:08:14.268969+00:00,158,2024-03-11T09:01:43.076348+00:00,70
bicycle-parking-bike-stations-indoor,2023-05-03T17:05:52.259719+00:00,5,2024-03-11T09:01:43.426740+00:00,312
street-furniture-bicycle-parking,2024-03-09T03:05:09.425016+00:00,16986,2024-03-11T09:01:48.084593+00:00,2
osm_bicycle_parking_city_of_toronto,2024-03-08T17:42:59.000000+00:00,1706,2024-03-11T09:01:57.691490+00:00,2
bicycle-parking-high-capacity-outdoor,2024-02-10T03:03:34.395847+00:00,142,2024-03-18T09:01:30.423606+00:00,37
bicycle-parking-racks,2024-01-01T04:08:14.268969+00:00,158,2024-03-18T09:01:31.501078+00:00,77
bicycle-parking-bike-stations-indoor,2023-05-03T17:05:52.259719+00:00,5,2024-03-18T09:01:32.291995+00:00,319
street-furniture-bicycle-parking,2024-03-16T03:04:59.121652+00:00,16974,2024-03-18T09:01:37.639140+00:00,2
osm_bicycle_parking_city_of_toronto,2024-03-18T03:51:52.000000+00:00,1720,2024-03-18T09:01:47.069618+00:00,0
bicycle-parking-high-capacity-outdoor,2024-02-10T03:03:34.395847+00:00,142,2024-03-25T09:01:42.879731+00:00,44
bicycle-parking-racks,2024-01-01T04:08:14.268969+00:00,158,2024-03-25T09:01:43.282373+00:00,84
bicycle-parking-bike-stations-indoor,2023-05-03T17:05:52.259719+00:00,5,2024-03-25T09:01:43.584684+00:00,326
street-furniture-bicycle-parking,2024-03-23T03:04:58.067627+00:00,16987,2024-03-25T09:01:48.186713+00:00,2
osm_bicycle_parking_city_of_toronto,2024-03-23T18:40:26.000000+00:00,1731,2024-03-25T09:01:56.830474+00:00,1
bicycle-parking-high-capacity-outdoor,2024-02-10T03:03:34.395847+00:00,142,2024-04-01T09:01:41.104183+00:00,51
bicycle-parking-racks,2024-04-01T04:03:46.640620+00:00,158,2024-04-01T09:01:42.098679+00:00,0
bicycle-parking-bike-stations-indoor,2023-05-03T17:05:52.259719+00:00,5,2024-04-01T09:01:42.672384+00:00,333
street-furniture-bicycle-parking,2024-03-30T03:05:21.289773+00:00,17063,2024-04-01T09:01:47.810480+00:00,2
osm_bicycle_parking_city_of_toronto,2024-03-30T23:55:36.000000+00:00,1760,2024-04-01T09:01:56.999689+00:00,1
bicycle-parking-high-capacity-outdoor,2024-02-10T03:03:34.395847+00:00,142,2024-04-08T09:01:40.783999+00:00,58
bicycle-parking-racks,2024-04-01T04:03:46.640620+00:00,158,2024-04-08T09:01:41.205938+00:00,7
bicycle-parking-bike-stations-indoor,2023-05-03T17:05:52.259719+00:00,5,2024-04-08T09:01:41.525419+00:00,340
street-furniture-bicycle-parking,2024-04-06T03:25:42.054744+00:00,17063,2024-04-08T09:01:45.924981+00:00,2
osm_bicycle_parking_city_of_toronto,2024-04-08T00:54:23.000000+00:00,1781,2024-04-08T09:01:54.786678+00:00,0
bicycle-parking-high-capacity-outdoor,2024-04-09T03:04:38.234154+00:00,142,2024-04-15T09:01:32.970000+00:00,6
bicycle-parking-racks,2024-04-01T04:03:46.640620+00:00,158,2024-04-15T09:01:33.413988+00:00,14
bicycle-parking-bike-stations-indoor,2023-05-03T17:05:52.259719+00:00,5,2024-04-15T09:01:33.726841+00:00,347
street-furniture-bicycle-parking,2024-04-13T03:05:23.731835+00:00,17063,2024-04-15T09:01:38.106847+00:00,2
osm_bicycle_parking_city_of_toronto,2024-04-14T04:46:17.000000+00:00,1795,2024-04-15T09:01:47.105753+00:00,1
bicycle-parking-high-capacity-outdoor,2024-04-09T03:04:38.234154+00:00,142,2024-04-22T09:01:31.376874+00:00,13
bicycle-parking-racks,2024-04-01T04:03:46.640620+00:00,158,2024-04-22T09:01:31.822138+00:00,21
bicycle-parking-bike-stations-indoor,2023-05-03T17:05:52.259719+00:00,5,2024-04-22T09:01:32.126218+00:00,354
street-furniture-bicycle-parking,2024-04-20T03:05:21.869423+00:00,17063,2024-04-22T09:01:36.543538+00:00,2
osm_bicycle_parking_city_of_toronto,2024-04-20T19:49:03.000000+00:00,1797,2024-04-22T09:01:46.134071+00:00,1
bicycle-parking-high-capacity-outdoor,2024-04-09T03:04:38.234154+00:00,142,2024-04-29T09:01:16.955135+00:00,20
bicycle-parking-racks,2024-04-01T04:03:46.640620+00:00,158,2024-04-29T09:01:17.436029+00:00,28
bicycle-parking-bike-stations-indoor,2023-05-03T17:05:52.259719+00:00,5,2024-04-29T09:01:17.767458+00:00,361
street-furniture-bicycle-parking,2024-04-26T03:06:11.788601+00:00,17060,2024-04-29T09:01:22.385329+00:00,3
osm_bicycle_parking_city_of_toronto,2024-04-28T18:55:10.000000+00:00,1809,2024-04-29T09:01:31.685084+00:00,0
bicycle-parking-high-capacity-outdoor,2024-04-09T03:04:38.234154+00:00,142,2024-05-06T09:01:41.183243+00:00,27
bicycle-parking-racks,2024-04-01T04:03:46.640620+00:00,158,2024-05-06T09:01:41.688469+00:00,35
bicycle-parking-bike-stations-indoor,2023-05-03T17:05:52.259719+00:00,5,2024-05-06T09:01:42.037484+00:00,368
street-furniture-bicycle-parking,2024-05-04T03:05:00.401332+00:00,17060,2024-05-06T09:01:46.645042+00:00,2
osm_bicycle_parking_city_of_toronto,2024-05-06T02:32:11.000000+00:00,1812,2024-05-06T09:01:55.753587+00:00,0
bicycle-parking-high-capacity-outdoor,2024-04-09T03:04:38.234154+00:00,142,2024-05-13T09:01:28.936212+00:00,34
bicycle-parking-racks,2024-04-01T04:03:46.640620+00:00,158,2024-05-13T09:01:29.950405+00:00,42
bicycle-parking-bike-stations-indoor,2023-05-03T17:05:52.259719+00:00,5,2024-05-13T09:01:30.748141+00:00,375
street-furniture-bicycle-parking,2024-05-09T03:05:12.121049+00:00,17043,2024-05-13T09:01:36.076905+00:00,4
osm_bicycle_parking_city_of_toronto,2024-05-11T22:03:35.000000+00:00,1814,2024-05-13T09:01:45.688083+00:00,1
bicycle-parking-high-capacity-outdoor,2024-04-09T03:04:38.234154+00:00,142,2024-05-20T09:01:32.983807+00:00,41
bicycle-parking-racks,2024-04-01T04:03:46.640620+00:00,158,2024-05-20T09:01:34.187360+00:00,49
bicycle-parking-bike-stations-indoor,2023-05-03T17:05:52.259719+00:00,5,2024-05-20T09:01:34.756602+00:00,382
street-furniture-bicycle-parking,2024-05-15T03:05:21.573681+00:00,17043,2024-05-20T09:01:39.764339+00:00,5
osm_bicycle_parking_city_of_toronto,2024-05-20T05:48:42.000000+00:00,1830,2024-05-20T09:01:49.391335+00:00,0
bicycle-parking-high-capacity-outdoor,2024-04-09T03:04:38.234154+00:00,142,2024-05-27T09:01:48.640615+00:00,48
bicycle-parking-racks,2024-04-01T04:03:46.640620+00:00,158,2024-05-27T09:01:49.106717+00:00,56
bicycle-parking-bike-stations-indoor,2023-05-03T17:05:52.259719+00:00,5,2024-05-27T09:01:49.526223+00:00,389
street-furniture-bicycle-parking,2024-05-25T03:04:59.432899+00:00,17092,2024-05-27T09:01:54.074356+00:00,2
osm_bicycle_parking_city_of_toronto,2024-05-27T01:57:57.000000+00:00,1855,2024-05-27T09:02:05.284577+00:00,0
bicycle-parking-high-capacity-outdoor,2024-04-09T03:04:38.234154+00:00,142,2024-06-01T16:13:23.065801+00:00,53
bicycle-parking-racks,2024-04-01T04:03:46.640620+00:00,158,2024-06-01T16:13:23.608444+00:00,61
bicycle-parking-bike-stations-indoor,2023-05-03T17:05:52.259719+00:00,5,2024-06-01T16:13:24.034029+00:00,394
street-furniture-bicycle-parking,2024-06-01T03:05:24.870487+00:00,17091,2024-06-01T16:13:28.557422+00:00,0
osm_bicycle_parking_city_of_toronto,2024-05-28T13:44:57.000000+00:00,1855,2024-06-01T16:13:35.031203+00:00,4
bicycle-parking-high-capacity-outdoor,2024-04-09T03:04:38.234154+00:00,142,2024-06-03T09:01:29.748316+00:00,55
bicycle-parking-racks,2024-04-01T04:03:46.640620+00:00,158,2024-06-03T09:01:30.797109+00:00,63
bicycle-parking-bike-stations-indoor,2023-05-03T17:05:52.259719+00:00,5,2024-06-03T09:01:31.396946+00:00,396
street-furniture-bicycle-parking,2024-06-01T03:05:24.870487+00:00,17091,2024-06-03T09:01:36.451002+00:00,2
osm_bicycle_parking_city_of_toronto,2024-06-03T03:03:14.000000+00:00,1855,2024-06-03T09:01:47.437188+00:00,0
bicycle-parking-high-capacity-outdoor,2024-04-09T03:04:38.234154+00:00,142,2024-06-10T09:01:43.341022+00:00,62
bicycle-parking-racks,2024-04-01T04:03:46.640620+00:00,158,2024-06-10T09:01:43.766314+00:00,70
bicycle-parking-bike-stations-indoor,2023-05-03T17:05:52.259719+00:00,5,2024-06-10T09:01:44.064898+00:00,403
street-furniture-bicycle-parking,2024-06-07T03:06:46.912399+00:00,17082,2024-06-10T09:01:48.363697+00:00,3
osm_bicycle_parking_city_of_toronto,2024-06-08T23:18:58.000000+00:00,1864,2024-06-10T09:01:57.497784+00:00,1
bicycle-parking-high-capacity-outdoor,2024-04-09T03:04:38.234154+00:00,142,2024-06-17T09:01:40.442123+00:00,69
bicycle-parking-racks,2024-04-01T04:03:46.640620+00:00,158,2024-06-17T09:01:40.873572+00:00,77
bicycle-parking-bike-stations-indoor,2023-05-03T17:05:52.259719+00:00,5,2024-06-17T09:01:41.213708+00:00,410
street-furniture-bicycle-parking,2024-06-15T03:05:44.769981+00:00,17082,2024-06-17T09:01:45.686833+00:00,2
osm_bicycle_parking_city_of_toronto,2024-06-16T20:34:02.000000+00:00,1868,2024-06-17T09:01:55.634083+00:00,0
bicycle-parking-high-capacity-outdoor,2024-04-09T03:04:38.234154+00:00,142,2024-06-24T09:01:52.272649+00:00,76
bicycle-parking-racks,2024-04-01T04:03:46.640620+00:00,158,2024-06-24T09:01:52.778723+00:00,84
bicycle-parking-bike-stations-indoor,2023-05-03T17:05:52.259719+00:00,5,2024-06-24T09:01:53.088378+00:00,417
street-furniture-bicycle-parking,2024-06-22T03:06:07.150190+00:00,17077,2024-06-24T09:01:57.569245+00:00,2
osm_bicycle_parking_city_of_toronto,2024-06-24T00:39:47.000000+00:00,1874,2024-06-24T09:02:06.779200+00:00,0
bicycle-parking-high-capacity-outdoor,2024-04-09T03:04:38.234154+00:00,142,2024-07-01T09:02:01.473766+00:00,83
bicycle-parking-racks,2024-04-01T04:03:46.640620+00:00,158,2024-07-01T09:02:02.058734+00:00,91
bicycle-parking-bike-stations-indoor,2023-05-03T17:05:52.259719+00:00,5,2024-07-01T09:02:02.405350+00:00,424
street-furniture-bicycle-parking,2024-06-29T03:05:47.216872+00:00,17060,2024-07-01T09:02:07.169863+00:00,2
osm_bicycle_parking_city_of_toronto,2024-06-30T14:47:01.000000+00:00,1894,2024-07-01T09:02:16.565047+00:00,0
bicycle-parking-high-capacity-outdoor,2024-04-09T03:04:38.234154+00:00,142,2024-07-08T09:02:07.032513+00:00,90
bicycle-parking-racks,2024-04-01T04:03:46.640620+00:00,158,2024-07-08T09:02:07.972844+00:00,98
bicycle-parking-bike-stations-indoor,2023-05-03T17:05:52.259719+00:00,5,2024-07-08T09:02:08.436845+00:00,431
street-furniture-bicycle-parking,2024-07-06T03:05:42.361804+00:00,17060,2024-07-08T09:02:13.662701+00:00,2
osm_bicycle_parking_city_of_toronto,2024-07-07T21:46:29.000000+00:00,1924,2024-07-08T09:02:23.864212+00:00,0
bicycle-parking-high-capacity-outdoor,2024-04-09T03:04:38.234154+00:00,142,2024-07-15T09:01:35.460445+00:00,97
bicycle-parking-racks,2024-04-01T04:03:46.640620+00:00,158,2024-07-15T09:01:35.965582+00:00,105
bicycle-parking-bike-stations-indoor,2023-05-03T17:05:52.259719+00:00,5,2024-07-15T09:01:36.333489+00:00,438
street-furniture-bicycle-parking,2024-07-13T03:06:03.555210+00:00,17060,2024-07-15T09:01:41.184361+00:00,2
osm_bicycle_parking_city_of_toronto,2024-07-15T01:07:28.000000+00:00,1938,2024-07-15T09:01:50.673476+00:00,0
bicycle-parking-high-capacity-outdoor,2024-04-09T03:04:38.234154+00:00,142,2024-07-22T09:01:47.310681+00:00,104
bicycle-parking-racks,2024-04-01T04:03:46.640620+00:00,158,2024-07-22T09:01:47.758327+00:00,112
bicycle-parking-bike-stations-indoor,2023-05-03T17:05:52.259719+00:00,5,2024-07-22T09:01:48.097917+00:00,445
street-furniture-bicycle-parking,2024-07-19T03:06:05.975732+00:00,17060,2024-07-22T09:01:52.548672+00:00,3
osm_bicycle_parking_city_of_toronto,2024-07-22T04:03:39.000000+00:00,1958,2024-07-22T09:02:02.485047+00:00,0
bicycle-parking-high-capacity-outdoor,2024-04-09T03:04:38.234154+00:00,142,2024-07-29T09:01:41.289589+00:00,111
bicycle-parking-racks,2024-04-01T04:03:46.640620+00:00,158,2024-07-29T09:01:42.301204+00:00,119
bicycle-parking-bike-stations-indoor,2023-05-03T17:05:52.259719+00:00,5,2024-07-29T09:01:42.914707+00:00,452
street-furniture-bicycle-parking,2024-07-26T03:07:03.158677+00:00,17094,2024-07-29T09:01:47.651842+00:00,3
osm_bicycle_parking_city_of_toronto,2024-07-27T22:18:39.000000+00:00,2001,2024-07-29T09:01:58.697887+00:00,1
bicycle-parking-high-capacity-outdoor,2024-04-09T03:04:38.234154+00:00,142,2024-08-05T09:01:45.041181+00:00,118
bicycle-parking-racks,2024-04-01T04:03:46.640620+00:00,158,2024-08-05T09:01:45.928293+00:00,126
bicycle-parking-bike-stations-indoor,2023-05-03T17:05:52.259719+00:00,5,2024-08-05T09:01:46.541220+00:00,459
street-furniture-bicycle-parking,2024-08-02T03:06:35.167113+00:00,17093,2024-08-05T09:01:51.975468+00:00,3
osm_bicycle_parking_city_of_toronto,2024-08-04T19:31:55.000000+00:00,2011,2024-08-05T09:02:02.739543+00:00,0
bicycle-parking-high-capacity-outdoor,2024-04-09T03:04:38.234154+00:00,142,2024-08-12T09:01:55.812574+00:00,125
bicycle-parking-racks,2024-04-01T04:03:46.640620+00:00,158,2024-08-12T09:01:56.832313+00:00,133
bicycle-parking-bike-stations-indoor,2023-05-03T17:05:52.259719+00:00,5,2024-08-12T09:01:57.567935+00:00,466
street-furniture-bicycle-parking,2024-08-10T03:04:20.994892+00:00,17091,2024-08-12T09:02:02.797416+00:00,2
osm_bicycle_parking_city_of_toronto,2024-08-11T17:51:18.000000+00:00,2032,2024-08-12T09:02:13.074787+00:00,0
bicycle-parking-high-capacity-outdoor,2024-04-09T03:04:38.234154+00:00,142,2024-08-19T09:01:59.058502+00:00,132
bicycle-parking-racks,2024-04-01T04:03:46.640620+00:00,158,2024-08-19T09:01:59.540674+00:00,140
bicycle-parking-bike-stations-indoor,2023-05-03T17:05:52.259719+00:00,5,2024-08-19T09:01:59.902372+00:00,473
street-furniture-bicycle-parking,2024-08-17T03:06:30.122305+00:00,17088,2024-08-19T09:02:04.536171+00:00,2
osm_bicycle_parking_city_of_toronto,2024-08-18T00:34:19.000000+00:00,2034,2024-08-19T09:02:17.080700+00:00,1
bicycle-parking-high-capacity-outdoor,2024-04-09T03:04:38.234154+00:00,142,2024-08-26T09:01:57.730644+00:00,139
bicycle-parking-racks,2024-04-01T04:03:46.640620+00:00,158,2024-08-26T09:01:58.162567+00:00,147
bicycle-parking-bike-stations-indoor,2023-05-03T17:05:52.259719+00:00,5,2024-08-26T09:01:58.454491+00:00,480
street-furniture-bicycle-parking,2024-08-24T03:05:32.088948+00:00,17088,2024-08-26T09:02:02.990908+00:00,2
osm_bicycle_parking_city_of_toronto,2024-08-23T15:04:52.000000+00:00,2061,2024-08-26T09:02:12.785611+00:00,2
bicycle-parking-high-capacity-outdoor,2024-04-09T03:04:38.234154+00:00,142,2024-09-02T09:01:41.353005+00:00,146
bicycle-parking-racks,2024-04-01T04:03:46.640620+00:00,158,2024-09-02T09:01:42.461231+00:00,154
bicycle-parking-bike-stations-indoor,2023-05-03T17:05:52.259719+00:00,5,2024-09-02T09:01:43.061517+00:00,487
street-furniture-bicycle-parking,2024-08-30T03:06:45.299945+00:00,17088,2024-09-02T09:01:48.487965+00:00,3
osm_bicycle_parking_city_of_toronto,2024-09-01T19:22:04.000000+00:00,2072,2024-09-02T09:01:59.070812+00:00,0
bicycle-parking-high-capacity-outdoor,2024-04-09T03:04:38.234154+00:00,142,2024-09-09T09:35:52.346084+00:00,153
bicycle-parking-racks,2024-04-01T04:03:46.640620+00:00,158,2024-09-09T09:35:53.086656+00:00,161
bicycle-parking-bike-stations-indoor,2023-05-03T17:05:52.259719+00:00,5,2024-09-09T09:35:53.722480+00:00,494
street-furniture-bicycle-parking,2024-09-06T03:06:18.874112+00:00,17085,2024-09-09T09:35:58.578058+00:00,3
osm_bicycle_parking_city_of_toronto,2024-09-05T16:29:36.000000+00:00,2072,2024-09-09T09:36:08.657398+00:00,3
bicycle-parking-high-capacity-outdoor,2024-04-09T03:04:38.234154+00:00,142,2024-09-16T10:22:57.369099+00:00,160
bicycle-parking-racks,2024-04-01T04:03:46.640620+00:00,158,2024-09-16T10:22:57.775034+00:00,168
bicycle-parking-bike-stations-indoor,2023-05-03T17:05:52.259719+00:00,5,2024-09-16T10:22:58.121046+00:00,501
street-furniture-bicycle-parking,2024-09-14T03:05:46.229562+00:00,17084,2024-09-16T10:23:02.697747+00:00,2
osm_bicycle_parking_city_of_toronto,2024-09-15T18:31:32.000000+00:00,2084,2024-09-16T10:23:08.673709+00:00,0
bicycle-parking-high-capacity-outdoor,2024-04-09T03:04:38.234154+00:00,142,2024-09-23T09:01:48.920864+00:00,167
bicycle-parking-racks,2024-04-01T04:03:46.640620+00:00,158,2024-09-23T09:01:49.762355+00:00,175
bicycle-parking-bike-stations-indoor,2023-05-03T17:05:52.259719+00:00,5,2024-09-23T09:01:50.408764+00:00,508
street-furniture-bicycle-parking,2024-09-21T03:05:38.833579+00:00,17084,2024-09-23T09:01:55.445668+00:00,2
osm_bicycle_parking_city_of_toronto,2024-09-22T21:58:40.000000+00:00,2089,2024-09-23T09:02:03.224008+00:00,0
bicycle-parking-high-capacity-outdoor,2024-04-09T03:04:38.234154+00:00,142,2024-09-23T10:37:41.239218+00:00,167
bicycle-parking-racks,2024-04-01T04:03:46.640620+00:00,158,2024-09-23T10:37:41.429637+00:00,175
bicycle-parking-bike-stations-indoor,2023-05-03T17:05:52.259719+00:00,5,2024-09-23T10:37:41.548727+00:00,508
street-furniture-bicycle-parking,2024-09-21T03:05:38.833579+00:00,17084,2024-09-23T10:37:45.979735+00:00,2
osm_bicycle_parking_city_of_toronto,2024-09-22T21:58:40.000000+00:00,2089,2024-09-23T10:37:51.556853+00:00,0
bicycle-parking-high-capacity-outdoor,2024-04-09T03:04:38.234154+00:00,142,2024-09-29T15:13:33.472450+00:00,173
bicycle-parking-racks,2024-04-01T04:03:46.640620+00:00,158,2024-09-29T15:13:33.968717+00:00,181
bicycle-parking-bike-stations-indoor,2023-05-03T17:05:52.259719+00:00,5,2024-09-29T15:13:34.349516+00:00,514
street-furniture-bicycle-parking,2024-09-28T03:05:42.264762+00:00,17080,2024-09-29T15:13:39.696606+00:00,1
osm_bicycle_parking_city_of_toronto,2024-09-29T14:33:59.000000+00:00,2095,2024-09-29T15:13:47.057059+00:00,0
bicycle-parking-high-capacity-outdoor,2024-04-09T03:04:38.234154+00:00,142,2024-09-30T09:01:43.424967+00:00,174
bicycle-parking-racks,2024-04-01T04:03:46.640620+00:00,158,2024-09-30T09:01:44.351957+00:00,182
bicycle-parking-bike-stations-indoor,2023-05-03T17:05:52.259719+00:00,5,2024-09-30T09:01:44.978208+00:00,515
street-furniture-bicycle-parking,2024-09-28T03:05:42.264762+00:00,17080,2024-09-30T09:01:50.016333+00:00,2
osm_bicycle_parking_city_of_toronto,2024-09-30T03:43:46.000000+00:00,2111,2024-09-30T09:01:57.881360+00:00,0
bicycle-parking-high-capacity-outdoor,2024-04-09T03:04:38.234154+00:00,142,2024-10-07T09:01:55.239843+00:00,181
bicycle-parking-racks,2024-10-01T04:33:06.248446+00:00,158,2024-10-07T09:01:55.604375+00:00,6
bicycle-parking-bike-stations-indoor,2023-05-03T17:05:52.259719+00:00,5,2024-10-07T09:01:55.887434+00:00,522
street-furniture-bicycle-parking,2024-10-04T03:06:29.902531+00:00,17077,2024-10-07T09:02:00.136396+00:00,3
osm_bicycle_parking_city_of_toronto,2024-10-06T20:32:19.000000+00:00,2114,2024-10-07T09:02:06.165178+00:00,0
bicycle-parking-high-capacity-outdoor,2024-04-09T03:04:38.234154+00:00,142,2024-10-14T09:01:34.516239+00:00,188
bicycle-parking-racks,2024-10-01T04:33:06.248446+00:00,158,2024-10-14T09:01:34.856550+00:00,13
bicycle-parking-bike-stations-indoor,2023-05-03T17:05:52.259719+00:00,5,2024-10-14T09:01:35.105605+00:00,529
street-furniture-bicycle-parking,2024-10-11T03:06:43.616485+00:00,17074,2024-10-14T09:01:39.319267+00:00,3
osm_bicycle_parking_city_of_toronto,2024-10-13T19:55:14.000000+00:00,2135,2024-10-14T09:01:44.987259+00:00,0
bicycle-parking-high-capacity-outdoor,2024-04-09T03:04:38.234154+00:00,142,2024-10-21T09:01:44.993276+00:00,195
bicycle-parking-racks,2024-10-15T16:55:58.022947+00:00,158,2024-10-21T09:01:45.458074+00:00,5
bicycle-parking-bike-stations-indoor,2023-05-03T17:05:52.259719+00:00,5,2024-10-21T09:01:45.782668+00:00,536
street-furniture-bicycle-parking,2024-10-19T03:05:49.927327+00:00,17076,2024-10-21T09:01:50.099393+00:00,2
osm_bicycle_parking_city_of_toronto,2024-10-19T22:22:18.000000+00:00,2139,2024-10-21T09:01:55.736264+00:00,1
bicycle-parking-high-capacity-outdoor,2024-04-09T03:04:38.234154+00:00,142,2024-10-28T09:01:38.811326+00:00,202
bicycle-parking-racks,2024-10-15T16:55:58.022947+00:00,158,2024-10-28T09:01:39.152390+00:00,12
bicycle-parking-bike-stations-indoor,2023-05-03T17:05:52.259719+00:00,5,2024-10-28T09:01:39.369281+00:00,543
street-furniture-bicycle-parking,2024-10-26T03:06:06.621736+00:00,17076,2024-10-28T09:01:43.479474+00:00,2
osm_bicycle_parking_city_of_toronto,2024-10-27T20:09:03.000000+00:00,2152,2024-10-28T09:01:50.035364+00:00,0
bicycle-parking-high-capacity-outdoor,2024-04-09T03:04:38.234154+00:00,142,2024-11-04T09:02:03.642883+00:00,209
bicycle-parking-racks,2024-10-15T16:55:58.022947+00:00,158,2024-11-04T09:02:04.400596+00:00,19
bicycle-parking-bike-stations-indoor,2023-05-03T17:05:52.259719+00:00,5,2024-11-04T09:02:04.972653+00:00,550
street-furniture-bicycle-parking,2024-11-02T03:05:58.669219+00:00,17074,2024-11-04T09:02:10.123570+00:00,2
osm_bicycle_parking_city_of_toronto,2024-11-03T20:31:25.000000+00:00,2178,2024-11-04T09:02:17.323817+00:00,0
bicycle-parking-high-capacity-outdoor,2024-04-09T03:04:38.234154+00:00,142,2024-11-11T09:01:50.250159+00:00,216
bicycle-parking-racks,2024-10-15T16:55:58.022947+00:00,158,2024-11-11T09:01:51.334496+00:00,26
bicycle-parking-bike-stations-indoor,2023-05-03T17:05:52.259719+00:00,5,2024-11-11T09:01:51.913036+00:00,557
street-furniture-bicycle-parking,2024-11-07T03:05:58.876183+00:00,17075,2024-11-11T09:01:57.281845+00:00,4
osm_bicycle_parking_city_of_toronto,2024-11-10T19:34:58.000000+00:00,2208,2024-11-11T09:02:04.457095+00:00,0
bicycle-parking-high-capacity-outdoor,2024-04-09T03:04:38.234154+00:00,142,2024-11-18T09:01:36.802345+00:00,223
bicycle-parking-racks,2024-10-15T16:55:58.022947+00:00,158,2024-11-18T09:01:37.205963+00:00,33
bicycle-parking-bike-stations-indoor,2023-05-03T17:05:52.259719+00:00,5,2024-11-18T09:01:37.431343+00:00,564
street-furniture-bicycle-parking,2024-11-15T03:06:19.419192+00:00,17074,2024-11-18T09:01:41.733960+00:00,3
osm_bicycle_parking_city_of_toronto,2024-11-18T02:17:55.000000+00:00,2233,2024-11-18T09:01:49.250984+00:00,0
toronto_lockers,2021-06-11T20:28:18.000000+00:00,19,2024-11-18T09:01:49.584488+00:00,1255
bicycle-parking-high-capacity-outdoor,2024-04-09T03:04:38.234154+00:00,142,2024-11-25T09:01:42.186912+00:00,230
bicycle-parking-racks,2024-10-15T16:55:58.022947+00:00,158,2024-11-25T09:01:43.311005+00:00,40
bicycle-parking-bike-stations-indoor,2023-05-03T17:05:52.259719+00:00,5,2024-11-25T09:01:43.742612+00:00,571
street-furniture-bicycle-parking,2024-11-23T03:05:49.944323+00:00,17074,2024-11-25T09:01:48.883690+00:00,2
osm_bicycle_parking_city_of_toronto,2024-11-24T00:13:03.000000+00:00,2233,2024-11-25T09:01:55.980252+00:00,1
toronto_lockers,2021-06-11T20:28:18.000000+00:00,19,2024-11-25T09:01:56.917706+00:00,1262
bicycle-parking-high-capacity-outdoor,2024-04-09T03:04:38.234154+00:00,142,2024-11-25T11:08:36.438249+00:00,230
bicycle-parking-racks,2024-10-15T16:55:58.022947+00:00,158,2024-11-25T11:08:36.983799+00:00,40
bicycle-parking-bike-stations-indoor,2023-05-03T17:05:52.259719+00:00,5,2024-11-25T11:08:37.360754+00:00,571
street-furniture-bicycle-parking,2024-11-23T03:05:49.944323+00:00,17074,2024-11-25T11:08:43.508891+00:00,2
osm_bicycle_parking_city_of_toronto,2024-11-25T10:49:28.000000+00:00,2236,2024-11-25T11:09:01.515813+00:00,0
toronto_lockers,2021-06-11T20:28:18.000000+00:00,19,2024-11-25T11:09:01.848002+00:00,1262
bicycle-parking-high-capacity-outdoor,2024-04-09T03:04:38.234154+00:00,142,2024-12-02T09:01:43.583985+00:00,237
bicycle-parking-racks,2024-10-15T16:55:58.022947+00:00,158,2024-12-02T09:01:44.789638+00:00,47
bicycle-parking-bike-stations-indoor,2023-05-03T17:05:52.259719+00:00,5,2024-12-02T09:01:45.125142+00:00,578
street-furniture-bicycle-parking,2024-11-30T03:05:46.469773+00:00,17074,2024-12-02T09:01:50.667789+00:00,2
osm_bicycle_parking_city_of_toronto,2024-12-01T23:25:59.000000+00:00,2246,2024-12-02T09:02:07.274545+00:00,0
toronto_lockers,2021-06-11T20:28:18.000000+00:00,19,2024-12-02T09:02:08.343216+00:00,1269
bicycle-parking-high-capacity-outdoor,2024-04-09T03:04:38.234154+00:00,142,2024-12-09T09:01:35.600145+00:00,244
bicycle-parking-racks,2024-10-15T16:55:58.022947+00:00,158,2024-12-09T09:01:36.323307+00:00,54
bicycle-parking-bike-stations-indoor,2023-05-03T17:05:52.259719+00:00,5,2024-12-09T09:01:36.754517+00:00,585
street-furniture-bicycle-parking,2024-12-07T03:05:52.755400+00:00,17074,2024-12-09T09:01:41.982316+00:00,2
osm_bicycle_parking_city_of_toronto,2024-12-07T18:24:04.000000+00:00,2243,2024-12-09T09:02:02.246124+00:00,1
toronto_lockers,2021-06-11T20:28:18.000000+00:00,19,2024-12-09T09:02:03.299541+00:00,1276
bicycle-parking-high-capacity-outdoor,2024-04-09T03:04:38.234154+00:00,142,2024-12-16T09:01:37.050172+00:00,251
bicycle-parking-racks,2024-10-15T16:55:58.022947+00:00,158,2024-12-16T09:01:37.410996+00:00,61
bicycle-parking-bike-stations-indoor,2023-05-03T17:05:52.259719+00:00,5,2024-12-16T09:01:37.676967+00:00,592
street-furniture-bicycle-parking,2024-12-14T03:06:06.328956+00:00,17074,2024-12-16T09:01:41.931364+00:00,2
osm_bicycle_parking_city_of_toronto,2024-12-13T21:19:01.000000+00:00,2246,2024-12-16T09:01:55.417087+00:00,2
toronto_lockers,2021-06-11T20:28:18.000000+00:00,19,2024-12-16T09:01:56.278465+00:00,1283
bicycle-parking-high-capacity-outdoor,2024-04-09T03:04:38.234154+00:00,142,2024-12-23T09:01:35.768083+00:00,258
bicycle-parking-racks,2024-10-15T16:55:58.022947+00:00,158,2024-12-23T09:01:36.151802+00:00,68
bicycle-parking-bike-stations-indoor,2023-05-03T17:05:52.259719+00:00,5,2024-12-23T09:01:36.384015+00:00,599
street-furniture-bicycle-parking,2024-12-21T03:06:14.173298+00:00,17074,2024-12-23T09:01:40.667984+00:00,2
osm_bicycle_parking_city_of_toronto,2024-12-22T19:42:31.000000+00:00,2247,2024-12-23T09:01:56.392691+00:00,0
toronto_lockers,2021-06-11T20:28:18.000000+00:00,19,2024-12-23T09:01:56.722083+00:00,1290
bicycle-parking-high-capacity-outdoor,2024-04-09T03:04:38.234154+00:00,142,2024-12-30T09:01:41.868486+00:00,265
bicycle-parking-racks,2024-10-15T16:55:58.022947+00:00,158,2024-12-30T09:01:42.226396+00:00,75
bicycle-parking-bike-stations-indoor,2023-05-03T17:05:52.259719+00:00,5,2024-12-30T09:01:42.451289+00:00,606
street-furniture-bicycle-parking,2024-12-28T03:06:16.940618+00:00,17074,2024-12-30T09:01:46.715084+00:00,2
osm_bicycle_parking_city_of_toronto,2024-12-27T19:29:20.000000+00:00,2247,2024-12-30T09:02:01.351959+00:00,2
toronto_lockers,2021-06-11T20:28:18.000000+00:00,19,2024-12-30T09:02:01.761591+00:00,1297
bicycle-parking-high-capacity-outdoor,2024-04-09T03:04:38.234154+00:00,142,2025-01-06T09:01:39.808411+00:00,272
bicycle-parking-racks,2024-10-15T16:55:58.022947+00:00,158,2025-01-06T09:01:40.200025+00:00,82
bicycle-parking-bike-stations-indoor,2023-05-03T17:05:52.259719+00:00,5,2025-01-06T09:01:40.399325+00:00,613
street-furniture-bicycle-parking,2025-01-04T03:06:11.923653+00:00,17074,2025-01-06T09:01:44.738493+00:00,2
osm_bicycle_parking_city_of_toronto,2024-12-27T19:29:20.000000+00:00,2247,2025-01-06T09:01:59.216144+00:00,9
toronto_lockers,2021-06-11T20:28:18.000000+00:00,19,2025-01-06T09:01:59.523428+00:00,1304
bicycle-parking-high-capacity-outdoor,2024-04-09T03:04:38.234154+00:00,142,2025-01-13T09:02:05.463301+00:00,279
bicycle-parking-racks,2024-10-15T16:55:58.022947+00:00,158,2025-01-13T09:02:05.830389+00:00,89
bicycle-parking-bike-stations-indoor,2023-05-03T17:05:52.259719+00:00,5,2025-01-13T09:02:06.055356+00:00,620
street-furniture-bicycle-parking,2025-01-11T03:05:46.157974+00:00,17075,2025-01-13T09:02:10.519079+00:00,2
osm_bicycle_parking_city_of_toronto,2024-12-27T19:29:20.000000+00:00,2247,2025-01-13T09:02:31.722672+00:00,16
toronto_lockers,2021-06-11T20:28:18.000000+00:00,19,2025-01-13T09:02:32.503782+00:00,1311
bicycle-parking-high-capacity-outdoor,2024-04-09T03:04:38.234154+00:00,142,2025-01-20T09:01:41.930257+00:00,286
bicycle-parking-racks,2024-10-15T16:55:58.022947+00:00,158,2025-01-20T09:01:42.251788+00:00,96
bicycle-parking-bike-stations-indoor,2023-05-03T17:05:52.259719+00:00,5,2025-01-20T09:01:42.494878+00:00,627
street-furniture-bicycle-parking,2025-01-18T03:06:17.124315+00:00,17077,2025-01-20T09:01:46.825043+00:00,2
osm_bicycle_parking_city_of_toronto,2025-01-17T13:23:26.000000+00:00,2246,2025-01-20T09:02:03.266706+00:00,2
toronto_lockers,2021-06-11T20:28:18.000000+00:00,19,2025-01-20T09:02:03.635841+00:00,1318
bicycle-parking-high-capacity-outdoor,2024-04-09T03:04:38.234154+00:00,142,2025-01-27T09:02:02.314338+00:00,293
bicycle-parking-racks,2024-10-15T16:55:58.022947+00:00,158,2025-01-27T09:02:02.779334+00:00,103
bicycle-parking-bike-stations-indoor,2023-05-03T17:05:52.259719+00:00,5,2025-01-27T09:02:03.074706+00:00,634
street-furniture-bicycle-parking,2025-01-25T03:06:18.644014+00:00,17075,2025-01-27T09:02:07.255199+00:00,2
osm_bicycle_parking_city_of_toronto,2025-01-22T20:38:39.000000+00:00,2250,2025-01-27T09:02:26.297203+00:00,4
toronto_lockers,2021-06-11T20:28:18.000000+00:00,19,2025-01-27T09:02:27.096245+00:00,1325
bicycle-parking-high-capacity-outdoor,2024-04-09T03:04:38.234154+00:00,142,2025-02-03T09:02:19.455742+00:00,300
bicycle-parking-racks,2024-10-15T16:55:58.022947+00:00,158,2025-02-03T09:02:19.849603+00:00,110
bicycle-parking-bike-stations-indoor,2023-05-03T17:05:52.259719+00:00,5,2025-02-03T09:02:20.076428+00:00,641
street-furniture-bicycle-parking,2025-02-01T03:07:22.709598+00:00,17066,2025-02-03T09:02:24.534584+00:00,2
osm_bicycle_parking_city_of_toronto,2025-02-02T22:17:29.000000+00:00,2287,2025-02-03T09:02:41.882490+00:00,0
toronto_lockers,2021-06-11T20:28:18.000000+00:00,19,2025-02-03T09:02:42.617802+00:00,1332
bicycle-parking-high-capacity-outdoor,2024-04-09T03:04:38.234154+00:00,142,2025-02-10T09:01:45.023602+00:00,307
bicycle-parking-racks,2024-10-15T16:55:58.022947+00:00,158,2025-02-10T09:01:45.421800+00:00,117
bicycle-parking-bike-stations-indoor,2023-05-03T17:05:52.259719+00:00,5,2025-02-10T09:01:45.663549+00:00,648
street-furniture-bicycle-parking,2025-02-08T03:06:38.064509+00:00,17059,2025-02-10T09:01:49.947846+00:00,2
osm_bicycle_parking_city_of_toronto,2025-02-02T22:17:29.000000+00:00,2287,2025-02-10T09:02:07.152952+00:00,7
toronto_lockers,2021-06-11T20:28:18.000000+00:00,19,2025-02-10T09:02:07.563713+00:00,1339
bicycle-parking-high-capacity-outdoor,2024-04-09T03:04:38.234154+00:00,142,2025-02-17T09:02:15.488986+00:00,314
bicycle-parking-racks,2024-10-15T16:55:58.022947+00:00,158,2025-02-17T09:02:15.912115+00:00,124
bicycle-parking-bike-stations-indoor,2023-05-03T17:05:52.259719+00:00,5,2025-02-17T09:02:16.243450+00:00,655
street-furniture-bicycle-parking,2025-02-15T03:06:48.848454+00:00,17043,2025-02-17T09:02:20.582628+00:00,2
osm_bicycle_parking_city_of_toronto,2025-02-15T14:45:30.000000+00:00,2291,2025-02-17T09:02:35.004328+00:00,1
toronto_lockers,2021-06-11T20:28:18.000000+00:00,19,2025-02-17T09:02:35.946891+00:00,1346
bicycle-parking-high-capacity-outdoor,2024-04-09T03:04:38.234154+00:00,142,2025-02-17T23:23:07.798106+00:00,314
bicycle-parking-racks,2024-10-15T16:55:58.022947+00:00,158,2025-02-17T23:23:09.267618+00:00,125
bicycle-parking-bike-stations-indoor,2023-05-03T17:05:52.259719+00:00,5,2025-02-17T23:23:09.857157+00:00,656
street-furniture-bicycle-parking,2025-02-15T03:06:48.848454+00:00,17043,2025-02-17T23:23:14.875357+00:00,2
osm_bicycle_parking_city_of_toronto,2025-02-17T19:58:52.000000+00:00,2292,2025-02-17T23:23:34.379426+00:00,0
toronto_lockers,2021-06-11T20:28:18.000000+00:00,19,2025-02-17T23:23:36.289003+00:00,1347
bicycle-parking-high-capacity-outdoor,2024-04-09T03:04:38.234154+00:00,142,2025-02-24T09:02:07.879792+00:00,321
bicycle-parking-racks,2024-10-15T16:55:58.022947+00:00,158,2025-02-24T09:02:08.248106+00:00,131
bicycle-parking-bike-stations-indoor,2023-05-03T17:05:52.259719+00:00,5,2025-02-24T09:02:08.520420+00:00,662
street-furniture-bicycle-parking,2025-02-22T03:06:14.347146+00:00,17042,2025-02-24T09:02:12.806015+00:00,2
osm_bicycle_parking_city_of_toronto,2025-02-21T23:01:02.000000+00:00,2291,2025-02-24T09:02:28.354311+00:00,2
toronto_lockers,2021-06-11T20:28:18.000000+00:00,19,2025-02-24T09:02:28.731679+00:00,1353
bicycle-parking-high-capacity-outdoor,2024-04-09T03:04:38.234154+00:00,142,2025-03-03T09:01:40.226655+00:00,328
bicycle-parking-racks,2024-10-15T16:55:58.022947+00:00,158,2025-03-03T09:01:40.613780+00:00,138
bicycle-parking-bike-stations-indoor,2023-05-03T17:05:52.259719+00:00,5,2025-03-03T09:01:40.912446+00:00,669
street-furniture-bicycle-parking,2025-03-01T03:06:26.869028+00:00,17040,2025-03-03T09:01:45.347075+00:00,2
osm_bicycle_parking_city_of_toronto,2025-03-02T19:42:30.000000+00:00,2290,2025-03-03T09:02:05.702563+00:00,0
toronto_lockers,2021-06-11T20:28:18.000000+00:00,19,2025-03-03T09:02:06.459723+00:00,1360
bicycle-parking-high-capacity-outdoor,2024-04-09T03:04:38.234154+00:00,142,2025-03-08T15:04:42.478075+00:00,333
bicycle-parking-racks,2024-10-15T16:55:58.022947+00:00,158,2025-03-08T15:04:42.684525+00:00,143
bicycle-parking-bike-stations-indoor,2023-05-03T17:05:52.259719+00:00,5,2025-03-08T15:04:42.786077+00:00,674
street-furniture-bicycle-parking,2025-03-07T03:07:16.456845+00:00,17043,2025-03-08T15:04:47.051933+00:00,1
osm_bicycle_parking_city_of_toronto,2025-03-07T19:16:45.000000+00:00,2292,2025-03-08T15:05:03.044340+00:00,0
toronto_lockers,2021-06-11T20:28:18.000000+00:00,19,2025-03-08T15:05:03.272934+00:00,1365
bicycle-parking-high-capacity-outdoor,2024-04-09T03:04:38.234154+00:00,142,2025-03-10T09:01:37.472768+00:00,335
bicycle-parking-racks,2024-10-15T16:55:58.022947+00:00,158,2025-03-10T09:01:37.844643+00:00,145
bicycle-parking-bike-stations-indoor,2023-05-03T17:05:52.259719+00:00,5,2025-03-10T09:01:38.102428+00:00,676
street-furniture-bicycle-parking,2025-03-10T03:06:47.076263+00:00,17043,2025-03-10T09:01:42.423408+00:00,0
osm_bicycle_parking_city_of_toronto,2025-03-10T01:15:16.000000+00:00,2292,2025-03-10T09:02:01.798007+00:00,0
toronto_lockers,2021-06-11T20:28:18.000000+00:00,19,2025-03-10T09:02:02.149514+00:00,1367
bicycle-parking-high-capacity-outdoor,2024-04-09T03:04:38.234154+00:00,142,2025-03-17T09:01:52.670977+00:00,342
bicycle-parking-racks,2024-10-15T16:55:58.022947+00:00,158,2025-03-17T09:01:53.821831+00:00,152
bicycle-parking-bike-stations-indoor,2023-05-03T17:05:52.259719+00:00,5,2025-03-17T09:01:54.127016+00:00,683
street-furniture-bicycle-parking,2025-03-14T03:07:36.198017+00:00,17043,2025-03-17T09:01:59.661027+00:00,3
osm_bicycle_parking_city_of_toronto,2025-03-15T03:06:48.000000+00:00,2292,2025-03-17T09:02:17.725885+00:00,2
toronto_lockers,2021-06-11T20:28:18.000000+00:00,19,2025-03-17T09:02:18.705094+00:00,1374
bicycle-parking-high-capacity-outdoor,2024-04-09T03:04:38.234154+00:00,142,2025-03-24T09:01:59.549725+00:00,349
bicycle-parking-racks,2024-10-15T16:55:58.022947+00:00,158,2025-03-24T09:01:59.904588+00:00,159
bicycle-parking-bike-stations-indoor,2023-05-03T17:05:52.259719+00:00,5,2025-03-24T09:02:00.263103+00:00,690
street-furniture-bicycle-parking,2025-03-22T03:06:07.443234+00:00,17040,2025-03-24T09:02:04.560431+00:00,2
osm_bicycle_parking_city_of_toronto,2025-03-23T20:38:06.000000+00:00,2297,2025-03-24T09:02:20.871436+00:00,0
toronto_lockers,2021-06-11T20:28:18.000000+00:00,19,2025-03-24T09:02:21.314010+00:00,1381
bicycle-parking-high-capacity-outdoor,2025-03-27T14:19:12.486700+00:00,142,2025-03-31T09:02:03.072470+00:00,3
bicycle-parking-racks,2025-03-27T15:53:28.493324+00:00,158,2025-03-31T09:02:03.459170+00:00,3
bicycle-parking-bike-stations-indoor,2025-03-27T14:19:24.333661+00:00,5,2025-03-31T09:02:03.682447+00:00,3
street-furniture-bicycle-parking,2025-03-28T03:07:23.538702+00:00,17040,2025-03-31T09:02:08.099373+00:00,3
osm_bicycle_parking_city_of_toronto,2025-03-29T19:34:25.000000+00:00,2316,2025-03-31T09:02:26.254323+00:00,1
toronto_lockers,2021-06-11T20:28:18.000000+00:00,19,2025-03-31T09:02:26.711953+00:00,1388
bicycle-parking-high-capacity-outdoor,2025-03-27T14:19:12.486700+00:00,142,2025-04-07T09:01:57.771395+00:00,10
bicycle-parking-racks,2025-03-27T15:53:28.493324+00:00,158,2025-04-07T09:01:59.008926+00:00,10
bicycle-parking-bike-stations-indoor,2025-03-27T14:19:24.333661+00:00,5,2025-04-07T09:01:59.587824+00:00,10
street-furniture-bicycle-parking,2025-04-05T03:05:06.657616+00:00,17020,2025-04-07T09:02:04.773725+00:00,2
osm_bicycle_parking_city_of_toronto,2025-04-05T21:38:55.000000+00:00,2320,2025-04-07T09:02:26.280179+00:00,1
toronto_lockers,2021-06-11T20:28:18.000000+00:00,19,2025-04-07T09:02:27.611910+00:00,1395
bicycle-parking-high-capacity-outdoor,2025-03-27T14:19:12.486700+00:00,142,2025-04-12T14:39:20.932859+00:00,16
bicycle-parking-racks,2025-03-27T15:53:28.493324+00:00,158,2025-04-12T14:39:21.620004+00:00,15
bicycle-parking-bike-stations-indoor,2025-03-27T14:19:24.333661+00:00,5,2025-04-12T14:39:22.044541+00:00,16
street-furniture-bicycle-parking,2025-04-12T03:04:39.313538+00:00,17030,2025-04-12T14:39:27.078719+00:00,0
osm_bicycle_parking_city_of_toronto,2025-04-12T12:00:21.000000+00:00,2327,2025-04-12T14:39:45.357660+00:00,0
toronto_lockers,2021-06-11T20:28:18.000000+00:00,19,2025-04-12T14:39:45.591061+00:00,1400
bicycle-parking-high-capacity-outdoor,2025-03-27T14:19:12.486700+00:00,142,2025-04-12T15:09:32.613232+00:00,16
bicycle-parking-racks,2025-03-27T15:53:28.493324+00:00,158,2025-04-12T15:09:33.067822+00:00,15
bicycle-parking-bike-stations-indoor,2025-03-27T14:19:24.333661+00:00,5,2025-04-12T15:09:33.454868+00:00,16
street-furniture-bicycle-parking,2025-04-12T03:04:39.313538+00:00,17030,2025-04-12T15:09:38.465561+00:00,0
osm_bicycle_parking_city_of_toronto,2025-04-12T12:00:21.000000+00:00,2327,2025-04-12T15:09:54.779248+00:00,0
toronto_lockers,2021-06-11T20:28:18.000000+00:00,19,2025-04-12T15:09:55.042952+00:00,1400
bicycle-parking-high-capacity-outdoor,2025-03-27T14:19:12.486700+00:00,142,2025-04-12T17:58:23.814070+00:00,16
bicycle-parking-racks,2025-03-27T15:53:28.493324+00:00,158,2025-04-12T17:58:24.673804+00:00,16
bicycle-parking-bike-stations-indoor,2025-03-27T14:19:24.333661+00:00,5,2025-04-12T17:58:25.207447+00:00,16
street-furniture-bicycle-parking,2025-04-12T03:04:39.313538+00:00,17030,2025-04-12T17:58:28.675018+00:00,0
osm_bicycle_parking_city_of_toronto,2025-04-12T12:00:21.000000+00:00,2327,2025-04-12T17:58:57.369057+00:00,0
toronto_lockers,2021-06-11T20:28:18.000000+00:00,19,2025-04-12T17:58:57.705932+00:00,1400
bicycle-parking-high-capacity-outdoor,2025-03-27T14:19:12.486700+00:00,142,2025-04-12T18:23:36.389397+00:00,16
bicycle-parking-racks,2025-03-27T15:53:28.493324+00:00,158,2025-04-12T18:23:37.040639+00:00,16
bicycle-parking-bike-stations-indoor,2025-03-27T14:19:24.333661+00:00,5,2025-04-12T18:23:37.544272+00:00,16
street-furniture-bicycle-parking,2025-04-12T03:04:39.313538+00:00,17030,2025-04-12T18:23:40.850346+00:00,0
osm_bicycle_parking_city_of_toronto,2025-04-12T12:00:21.000000+00:00,2327,2025-04-12T18:23:57.705652+00:00,0
toronto_lockers,2021-06-11T20:28:18.000000+00:00,19,2025-04-12T18:23:58.026310+00:00,1400
bicycle-parking-high-capacity-outdoor,2025-03-27T14:19:12.486700+00:00,142,2025-04-14T09:01:59.700152+00:00,17
bicycle-parking-racks,2025-03-27T15:53:28.493324+00:00,158,2025-04-14T09:02:00.952975+00:00,17
bicycle-parking-bike-stations-indoor,2025-03-27T14:19:24.333661+00:00,5,2025-04-14T09:02:01.518810+00:00,17
street-furniture-bicycle-parking,2025-04-12T03:04:39.313538+00:00,17030,2025-04-14T09:02:09.044580+00:00,2
osm_bicycle_parking_city_of_toronto,2025-04-12T20:15:36.000000+00:00,2328,2025-04-14T09:02:29.335127+00:00,1
toronto_lockers,2021-06-11T20:28:18.000000+00:00,19,2025-04-14T09:02:30.582797+00:00,1402
bicycle-parking-high-capacity-outdoor,2025-03-27T14:19:12.486700+00:00,142,2025-04-21T09:11:01.953154+00:00,24
bicycle-parking-racks,2025-03-27T15:53:28.493324+00:00,158,2025-04-21T09:11:03.064400+00:00,24
bicycle-parking-bike-stations-indoor,2025-03-27T14:19:24.333661+00:00,5,2025-04-21T09:11:03.364817+00:00,24
street-furniture-bicycle-parking,2025-04-19T03:04:13.273533+00:00,17019,2025-04-21T09:11:11.009841+00:00,2
osm_bicycle_parking_city_of_toronto,2025-04-19T22:46:41.000000+00:00,2330,2025-04-21T09:11:29.597371+00:00,1
toronto_lockers,2021-06-11T20:28:18.000000+00:00,19,2025-04-21T09:11:30.697848+00:00,1409
bicycle-parking-high-capacity-outdoor,2025-03-27T14:19:12.486700+00:00,142,2025-04-28T10:43:53.448498+00:00,31
bicycle-parking-racks,2025-03-27T15:53:28.493324+00:00,158,2025-04-28T10:43:53.825655+00:00,31
bicycle-parking-bike-stations-indoor,2025-03-27T14:19:24.333661+00:00,5,2025-04-28T10:43:54.109079+00:00,31
street-furniture-bicycle-parking,2025-04-26T03:04:29.112229+00:00,17009,2025-04-28T10:44:00.503239+00:00,2
osm_bicycle_parking_city_of_toronto,2025-04-27T22:57:00.000000+00:00,2344,2025-04-28T10:44:26.162902+00:00,0
toronto_lockers,2021-06-11T20:28:18.000000+00:00,19,2025-04-28T10:44:26.663709+00:00,1416
bicycle-parking-high-capacity-outdoor,2025-03-27T14:19:12.486700+00:00,142,2025-05-05T09:11:23.360234+00:00,38
bicycle-parking-racks,2025-03-27T15:53:28.493324+00:00,158,2025-05-05T09:11:23.683600+00:00,38
bicycle-parking-bike-stations-indoor,2025-03-27T14:19:24.333661+00:00,5,2025-05-05T09:11:23.878108+00:00,38
street-furniture-bicycle-parking,2025-05-04T03:04:20.359250+00:00,17009,2025-05-05T09:11:30.462133+00:00,1
osm_bicycle_parking_city_of_toronto,2025-05-04T17:00:24.000000+00:00,2376,2025-05-05T09:11:50.923486+00:00,0
toronto_lockers,2021-06-11T20:28:18.000000+00:00,19,2025-05-05T09:11:51.538819+00:00,1423
bicycle-parking-high-capacity-outdoor,2025-03-27T14:19:12.486700+00:00,142,2025-05-12T09:11:57.734781+00:00,45
bicycle-parking-racks,2025-03-27T15:53:28.493324+00:00,158,2025-05-12T09:11:58.049606+00:00,45
bicycle-parking-bike-stations-indoor,2025-03-27T14:19:24.333661+00:00,5,2025-05-12T09:11:58.257295+00:00,45
street-furniture-bicycle-parking,2025-05-11T03:04:14.276783+00:00,17009,2025-05-12T09:12:04.871179+00:00,1
osm_bicycle_parking_city_of_toronto,2025-05-10T21:37:20.000000+00:00,2378,2025-05-12T09:12:24.596909+00:00,1
toronto_lockers,2021-06-11T20:28:18.000000+00:00,19,2025-05-12T09:12:25.149562+00:00,1430
bicycle-parking-high-capacity-outdoor,2025-03-27T14:19:12.486700+00:00,142,2025-05-19T09:12:02.060346+00:00,52
bicycle-parking-racks,2025-03-27T15:53:28.493324+00:00,158,2025-05-19T09:12:02.469167+00:00,52
bicycle-parking-bike-stations-indoor,2025-03-27T14:19:24.333661+00:00,5,2025-05-19T09:12:02.715049+00:00,52
street-furniture-bicycle-parking,2025-05-18T03:04:54.330994+00:00,17009,2025-05-19T09:12:09.155643+00:00,1
osm_bicycle_parking_city_of_toronto,2025-05-18T14:04:58.000000+00:00,2394,2025-05-19T09:12:24.814514+00:00,0
toronto_lockers,2021-06-11T20:28:18.000000+00:00,19,2025-05-19T09:12:25.345713+00:00,1437
bicycle-parking-high-capacity-outdoor,2025-03-27T14:19:12.486700+00:00,142,2025-05-26T09:38:03.708256+00:00,59
bicycle-parking-racks,2025-03-27T15:53:28.493324+00:00,158,2025-05-26T09:38:04.478988+00:00,59
bicycle-parking-bike-stations-indoor,2025-03-27T14:19:24.333661+00:00,5,2025-05-26T09:38:05.039780+00:00,59
street-furniture-bicycle-parking,2025-05-22T03:04:21.658616+00:00,17009,2025-05-26T09:38:12.661734+00:00,4
osm_bicycle_parking_city_of_toronto,2025-05-24T23:00:24.000000+00:00,2396,2025-05-26T09:38:33.321574+00:00,1
toronto_lockers,2021-06-11T20:28:18.000000+00:00,19,2025-05-26T09:38:33.720444+00:00,1444
bicycle-parking-high-capacity-outdoor,2025-03-27T14:19:12.486700+00:00,142,2025-06-02T09:12:05.634357+00:00,66
bicycle-parking-racks,2025-03-27T15:53:28.493324+00:00,158,2025-06-02T09:12:05.967050+00:00,66
bicycle-parking-bike-stations-indoor,2025-03-27T14:19:24.333661+00:00,5,2025-06-02T09:12:06.146728+00:00,66
street-furniture-bicycle-parking,2025-05-31T03:04:23.027455+00:00,17008,2025-06-02T09:12:12.661837+00:00,2
osm_bicycle_parking_city_of_toronto,2025-06-01T11:44:39.000000+00:00,2404,2025-06-02T09:12:28.835719+00:00,0
toronto_lockers,2021-06-11T20:28:18.000000+00:00,19,2025-06-02T09:12:29.682883+00:00,1451
bicycle-parking-high-capacity-outdoor,2025-03-27T14:19:12.486700+00:00,142,2025-06-09T09:12:11.013649+00:00,73
bicycle-parking-racks,2025-03-27T15:53:28.493324+00:00,158,2025-06-09T09:12:12.018730+00:00,73
bicycle-parking-bike-stations-indoor,2025-03-27T14:19:24.333661+00:00,5,2025-06-09T09:12:12.509829+00:00,73
street-furniture-bicycle-parking,2025-06-07T03:04:26.922126+00:00,17006,2025-06-09T09:12:19.845543+00:00,2
osm_bicycle_parking_city_of_toronto,2025-06-08T13:50:19.000000+00:00,2412,2025-06-09T09:12:39.863261+00:00,0
toronto_lockers,2021-06-11T20:28:18.000000+00:00,19,2025-06-09T09:12:41.097668+00:00,1458
bicycle-parking-high-capacity-outdoor,2025-03-27T14:19:12.486700+00:00,142,2025-06-16T09:13:17.194036+00:00,80
bicycle-parking-racks,2025-03-27T15:53:28.493324+00:00,158,2025-06-16T09:13:17.513122+00:00,80
bicycle-parking-bike-stations-indoor,2025-03-27T14:19:24.333661+00:00,5,2025-06-16T09:13:17.773451+00:00,80
street-furniture-bicycle-parking,2025-06-14T03:04:19.727861+00:00,17007,2025-06-16T09:13:23.966547+00:00,2
osm_bicycle_parking_city_of_toronto,2025-06-15T23:06:29.000000+00:00,2463,2025-06-16T09:13:41.989438+00:00,0
toronto_lockers,2021-06-11T20:28:18.000000+00:00,19,2025-06-16T09:13:42.599113+00:00,1465
bicycle-parking-high-capacity-outdoor,2025-03-27T14:19:12.486700+00:00,142,2025-06-23T09:13:41.918128+00:00,87
bicycle-parking-racks,2025-03-27T15:53:28.493324+00:00,158,2025-06-23T09:13:42.411722+00:00,87
bicycle-parking-bike-stations-indoor,2025-03-27T14:19:24.333661+00:00,5,2025-06-23T09:13:42.800286+00:00,87
street-furniture-bicycle-parking,2025-06-23T03:04:34.129842+00:00,17007,2025-06-23T09:13:49.509188+00:00,0
osm_bicycle_parking_city_of_toronto,2025-06-22T21:21:19.000000+00:00,2476,2025-06-23T09:14:10.239753+00:00,0
toronto_lockers,2021-06-11T20:28:18.000000+00:00,19,2025-06-23T09:14:10.807523+00:00,1472
bicycle-parking-high-capacity-outdoor,2025-03-27T14:19:12.486700+00:00,142,2025-06-30T09:13:19.221516+00:00,94
bicycle-parking-high-capacity-outdoor,2025-03-27T14:19:12.486700+00:00,142,2025-06-30T09:13:19.221516+00:00,94
bicycle-parking-racks,2025-03-27T15:53:28.493324+00:00,158,2025-06-30T09:13:20.066274+00:00,94
bicycle-parking-racks,2025-03-27T15:53:28.493324+00:00,158,2025-06-30T09:13:20.066274+00:00,94
bicycle-parking-bike-stations-indoor,2025-03-27T14:19:24.333661+00:00,5,2025-06-30T09:13:20.450639+00:00,94
bicycle-parking-bike-stations-indoor,2025-03-27T14:19:24.333661+00:00,5,2025-06-30T09:13:20.450639+00:00,94
street-furniture-bicycle-parking,2025-06-29T03:04:36.090172+00:00,17008,2025-06-30T09:13:26.925216+00:00,1
street-furniture-bicycle-parking,2025-06-29T03:04:36.090172+00:00,17008,2025-06-30T09:13:26.925216+00:00,1
osm_bicycle_parking_city_of_toronto,2025-06-28T23:02:02.000000+00:00,2481,2025-06-30T09:13:47.468864+00:00,1
osm_bicycle_parking_city_of_toronto,2025-06-28T23:02:02.000000+00:00,2481,2025-06-30T09:13:47.468864+00:00,1
toronto_lockers,2021-06-11T20:28:18.000000+00:00,19,2025-06-30T09:13:47.991888+00:00,1479
toronto_lockers,2021-06-11T20:28:18.000000+00:00,19,2025-06-30T09:13:47.991888+00:00,1479
bicycle-parking-high-capacity-outdoor,2025-03-27T14:19:12.486700+00:00,142,2025-07-07T10:32:05.132251+00:00,101
bicycle-parking-racks,2025-03-27T15:53:28.493324+00:00,158,2025-07-07T10:32:05.559601+00:00,101
bicycle-parking-bike-stations-indoor,2025-03-27T14:19:24.333661+00:00,5,2025-07-07T10:32:05.839254+00:00,101
street-furniture-bicycle-parking,2025-07-06T03:04:24.029406+00:00,17026,2025-07-07T10:32:10.318740+00:00,1
osm_bicycle_parking_city_of_toronto,2025-07-05T13:00:01.000000+00:00,2487,2025-07-07T10:32:40.141648+00:00,1
toronto_lockers,2025-07-02T13:15:56.000000+00:00,19,2025-07-07T10:32:40.454548+00:00,4
bicycle-parking-high-capacity-outdoor,2025-03-27T14:19:12.486700+00:00,142,2025-07-09T09:19:48.105396+00:00,103
bicycle-parking-racks,2025-03-27T15:53:28.493324+00:00,158,2025-07-09T09:19:48.408178+00:00,103
bicycle-parking-bike-stations-indoor,2025-03-27T14:19:24.333661+00:00,5,2025-07-09T09:19:48.620819+00:00,103
street-furniture-bicycle-parking,2025-07-09T03:04:20.831495+00:00,17026,2025-07-09T09:19:52.890035+00:00,0
osm_bicycle_parking_city_of_toronto,2025-07-08T22:52:32.000000+00:00,2491,2025-07-09T09:20:15.680835+00:00,0
toronto_lockers,2025-07-02T13:15:56.000000+00:00,19,2025-07-09T09:20:16.263280+00:00,6
bicycle-parking-high-capacity-outdoor,2025-03-27T14:19:12.486700+00:00,142,2025-07-10T09:19:57.430838+00:00,104
bicycle-parking-racks,2025-03-27T15:53:28.493324+00:00,158,2025-07-10T09:19:57.789600+00:00,104
bicycle-parking-bike-stations-indoor,2025-03-27T14:19:24.333661+00:00,5,2025-07-10T09:19:58.123919+00:00,104
street-furniture-bicycle-parking,2025-07-09T03:04:20.831495+00:00,17026,2025-07-10T09:20:02.606639+00:00,1
osm_bicycle_parking_city_of_toronto,2025-07-09T23:03:26.000000+00:00,2504,2025-07-10T09:20:24.656348+00:00,0
toronto_lockers,2025-07-02T13:15:56.000000+00:00,19,2025-07-10T09:20:25.101490+00:00,7
bicycle-parking-high-capacity-outdoor,2025-03-27T14:19:12.486700+00:00,142,2025-07-11T09:18:57.172518+00:00,105
bicycle-parking-racks,2025-03-27T15:53:28.493324+00:00,158,2025-07-11T09:18:57.444055+00:00,105
bicycle-parking-bike-stations-indoor,2025-03-27T14:19:24.333661+00:00,5,2025-07-11T09:18:57.698434+00:00,105
street-furniture-bicycle-parking,2025-07-11T03:05:21.366663+00:00,17026,2025-07-11T09:19:01.925658+00:00,0
osm_bicycle_parking_city_of_toronto,2025-07-11T04:55:39.000000+00:00,2507,2025-07-11T09:19:23.086263+00:00,0
toronto_lockers,2025-07-02T13:15:56.000000+00:00,19,2025-07-11T09:19:23.652444+00:00,8
bicycle-parking-high-capacity-outdoor,2025-03-27T14:19:12.486700+00:00,142,2025-07-12T09:16:36.483718+00:00,106
bicycle-parking-racks,2025-03-27T15:53:28.493324+00:00,158,2025-07-12T09:16:36.937713+00:00,106
bicycle-parking-bike-stations-indoor,2025-03-27T14:19:24.333661+00:00,5,2025-07-12T09:16:37.148329+00:00,106
street-furniture-bicycle-parking,2025-07-12T03:04:36.005684+00:00,17026,2025-07-12T09:16:41.445249+00:00,0
osm_bicycle_parking_city_of_toronto,2025-07-11T21:37:11.000000+00:00,2510,2025-07-12T09:16:57.693339+00:00,0
toronto_lockers,2025-07-02T13:15:56.000000+00:00,19,2025-07-12T09:16:58.208360+00:00,9
bicycle-parking-high-capacity-outdoor,2025-03-27T14:19:12.486700+00:00,142,2025-07-13T09:17:52.215271+00:00,107
bicycle-parking-racks,2025-03-27T15:53:28.493324+00:00,158,2025-07-13T09:17:52.573594+00:00,107
bicycle-parking-bike-stations-indoor,2025-03-27T14:19:24.333661+00:00,5,2025-07-13T09:17:52.900642+00:00,107
street-furniture-bicycle-parking,2025-07-12T03:04:36.005684+00:00,17026,2025-07-13T09:17:57.409480+00:00,1
osm_bicycle_parking_city_of_toronto,2025-07-13T02:34:08.000000+00:00,2511,2025-07-13T09:18:14.812422+00:00,0
toronto_lockers,2025-07-02T13:15:56.000000+00:00,19,2025-07-13T09:18:15.191295+00:00,10
bicycle-parking-high-capacity-outdoor,2025-03-27T14:19:12.486700+00:00,142,2025-07-14T09:35:48.977881+00:00,108
bicycle-parking-racks,2025-03-27T15:53:28.493324+00:00,158,2025-07-14T09:35:49.472212+00:00,108
bicycle-parking-bike-stations-indoor,2025-03-27T14:19:24.333661+00:00,5,2025-07-14T09:35:49.844981+00:00,108
street-furniture-bicycle-parking,2025-07-12T03:04:36.005684+00:00,17026,2025-07-14T09:35:55.863988+00:00,2
osm_bicycle_parking_city_of_toronto,2025-07-13T02:34:08.000000+00:00,2511,2025-07-14T09:36:27.228531+00:00,1
toronto_lockers,2025-07-02T13:15:56.000000+00:00,19,2025-07-14T09:36:27.750416+00:00,11
bicycle-parking-high-capacity-outdoor,2025-03-27T14:19:12.486700+00:00,142,2025-07-15T09:26:22.658297+00:00,109
bicycle-parking-racks,2025-03-27T15:53:28.493324+00:00,158,2025-07-15T09:26:22.985192+00:00,109
bicycle-parking-bike-stations-indoor,2025-03-27T14:19:24.333661+00:00,5,2025-07-15T09:26:23.292741+00:00,109
street-furniture-bicycle-parking,2025-07-15T03:04:36.069051+00:00,17023,2025-07-15T09:26:27.802793+00:00,0
osm_bicycle_parking_city_of_toronto,2025-07-15T02:36:35.000000+00:00,2514,2025-07-15T09:26:52.236740+00:00,0
toronto_lockers,2025-07-02T13:15:56.000000+00:00,19,2025-07-15T09:26:52.670261+00:00,12
bicycle-parking-high-capacity-outdoor,2025-03-27T14:19:12.486700+00:00,142,2025-07-16T09:22:33.056340+00:00,110
bicycle-parking-racks,2025-03-27T15:53:28.493324+00:00,158,2025-07-16T09:22:33.373499+00:00,110
bicycle-parking-bike-stations-indoor,2025-03-27T14:19:24.333661+00:00,5,2025-07-16T09:22:33.567740+00:00,110
street-furniture-bicycle-parking,2025-07-15T03:04:36.069051+00:00,17023,2025-07-16T09:22:37.922683+00:00,1
osm_bicycle_parking_city_of_toronto,2025-07-16T03:34:56.000000+00:00,2514,2025-07-16T09:22:57.471109+00:00,0
toronto_lockers,2025-07-02T13:15:56.000000+00:00,19,2025-07-16T09:22:57.933194+00:00,13
bicycle-parking-high-capacity-outdoor,2025-03-27T14:19:12.486700+00:00,142,2025-07-17T09:21:12.503900+00:00,111
bicycle-parking-racks,2025-03-27T15:53:28.493324+00:00,158,2025-07-17T09:21:12.797153+00:00,111
bicycle-parking-bike-stations-indoor,2025-03-27T14:19:24.333661+00:00,5,2025-07-17T09:21:13.036743+00:00,111
street-furniture-bicycle-parking,2025-07-15T03:04:36.069051+00:00,17023,2025-07-17T09:21:17.226410+00:00,2
osm_bicycle_parking_city_of_toronto,2025-07-16T13:15:56.000000+00:00,2515,2025-07-17T09:21:40.905498+00:00,0
toronto_lockers,2025-07-02T13:15:56.000000+00:00,19,2025-07-17T09:21:41.491743+00:00,14
bicycle-parking-high-capacity-outdoor,2025-03-27T14:19:12.486700+00:00,142,2025-07-18T09:21:34.527757+00:00,112
bicycle-parking-racks,2025-03-27T15:53:28.493324+00:00,158,2025-07-18T09:21:35.242615+00:00,112
bicycle-parking-bike-stations-indoor,2025-03-27T14:19:24.333661+00:00,5,2025-07-18T09:21:35.515973+00:00,112
street-furniture-bicycle-parking,2025-07-15T03:04:36.069051+00:00,17023,2025-07-18T09:21:40.597581+00:00,3
osm_bicycle_parking_city_of_toronto,2025-07-18T02:02:52.000000+00:00,2516,2025-07-18T09:22:00.443175+00:00,0
toronto_lockers,2025-07-02T13:15:56.000000+00:00,19,2025-07-18T09:22:01.430686+00:00,15
bicycle-parking-high-capacity-outdoor,2025-03-27T14:19:12.486700+00:00,142,2025-07-19T09:16:40.976619+00:00,113
bicycle-parking-racks,2025-03-27T15:53:28.493324+00:00,158,2025-07-19T09:16:41.522185+00:00,113
bicycle-parking-bike-stations-indoor,2025-03-27T14:19:24.333661+00:00,5,2025-07-19T09:16:42.038643+00:00,113
street-furniture-bicycle-parking,2025-07-19T03:04:14.490415+00:00,17023,2025-07-19T09:16:45.590548+00:00,0
osm_bicycle_parking_city_of_toronto,2025-07-18T02:02:52.000000+00:00,2516,2025-07-19T09:17:05.270547+00:00,1
toronto_lockers,2025-07-02T13:15:56.000000+00:00,19,2025-07-19T09:17:05.785685+00:00,16
bicycle-parking-high-capacity-outdoor,2025-03-27T14:19:12.486700+00:00,142,2025-07-20T09:16:49.630585+00:00,114
bicycle-parking-racks,2025-03-27T15:53:28.493324+00:00,158,2025-07-20T09:16:49.842040+00:00,114
bicycle-parking-bike-stations-indoor,2025-03-27T14:19:24.333661+00:00,5,2025-07-20T09:16:50.026172+00:00,114
street-furniture-bicycle-parking,2025-07-19T03:04:14.490415+00:00,17023,2025-07-20T09:16:52.682349+00:00,1
osm_bicycle_parking_city_of_toronto,2025-07-19T23:24:10.000000+00:00,2518,2025-07-20T09:17:09.067949+00:00,0
toronto_lockers,2025-07-02T13:15:56.000000+00:00,19,2025-07-20T09:17:10.094938+00:00,17
bicycle-parking-high-capacity-outdoor,2025-03-27T14:19:12.486700+00:00,142,2025-07-21T09:36:00.661437+00:00,115
bicycle-parking-racks,2025-03-27T15:53:28.493324+00:00,158,2025-07-21T09:36:00.969037+00:00,115
bicycle-parking-bike-stations-indoor,2025-03-27T14:19:24.333661+00:00,5,2025-07-21T09:36:01.245018+00:00,115
street-furniture-bicycle-parking,2025-07-19T03:04:14.490415+00:00,17023,2025-07-21T09:36:04.458879+00:00,2
osm_bicycle_parking_city_of_toronto,2025-07-20T15:26:27.000000+00:00,2518,2025-07-21T09:36:24.897599+00:00,0
toronto_lockers,2025-07-02T13:15:56.000000+00:00,19,2025-07-21T09:36:26.058538+00:00,18
bicycle-parking-high-capacity-outdoor,2025-03-27T14:19:12.486700+00:00,142,2025-07-22T09:22:26.413520+00:00,116
bicycle-parking-racks,2025-03-27T15:53:28.493324+00:00,158,2025-07-22T09:22:27.169352+00:00,116
bicycle-parking-bike-stations-indoor,2025-03-27T14:19:24.333661+00:00,5,2025-07-22T09:22:27.876042+00:00,116
street-furniture-bicycle-parking,2025-07-22T03:04:25.148620+00:00,17023,2025-07-22T09:22:31.317953+00:00,0
osm_bicycle_parking_city_of_toronto,2025-07-21T22:43:28.000000+00:00,2522,2025-07-22T09:22:49.784080+00:00,0
toronto_lockers,2025-07-02T13:15:56.000000+00:00,19,2025-07-22T09:22:50.247861+00:00,19
bicycle-parking-high-capacity-outdoor,2025-03-27T14:19:12.486700+00:00,142,2025-07-23T09:23:35.672244+00:00,117
bicycle-parking-racks,2025-03-27T15:53:28.493324+00:00,158,2025-07-23T09:23:35.992328+00:00,117
bicycle-parking-bike-stations-indoor,2025-03-27T14:19:24.333661+00:00,5,2025-07-23T09:23:36.235938+00:00,117
street-furniture-bicycle-parking,2025-07-22T03:04:25.148620+00:00,17023,2025-07-23T09:23:38.881319+00:00,1
osm_bicycle_parking_city_of_toronto,2025-07-22T19:38:30.000000+00:00,2524,2025-07-23T09:23:59.091486+00:00,0
toronto_lockers,2025-07-02T13:15:56.000000+00:00,19,2025-07-23T09:23:59.667005+00:00,20
bicycle-parking-high-capacity-outdoor,2025-03-27T14:19:12.486700+00:00,142,2025-07-24T09:22:00.874038+00:00,118
bicycle-parking-racks,2025-03-27T15:53:28.493324+00:00,158,2025-07-24T09:22:01.917057+00:00,118
bicycle-parking-bike-stations-indoor,2025-03-27T14:19:24.333661+00:00,5,2025-07-24T09:22:02.307558+00:00,118
street-furniture-bicycle-parking,2025-07-24T03:04:29.508155+00:00,17026,2025-07-24T09:22:05.774181+00:00,0
osm_bicycle_parking_city_of_toronto,2025-07-23T18:41:25.000000+00:00,2531,2025-07-24T09:22:27.205705+00:00,0
toronto_lockers,2025-07-02T13:15:56.000000+00:00,19,2025-07-24T09:22:27.789526+00:00,21
bicycle-parking-high-capacity-outdoor,2025-03-27T14:19:12.486700+00:00,142,2025-07-25T09:21:10.900256+00:00,119
bicycle-parking-racks,2025-03-27T15:53:28.493324+00:00,158,2025-07-25T09:21:11.138251+00:00,119
bicycle-parking-bike-stations-indoor,2025-03-27T14:19:24.333661+00:00,5,2025-07-25T09:21:11.340249+00:00,119
street-furniture-bicycle-parking,2025-07-24T03:04:29.508155+00:00,17026,2025-07-25T09:21:13.959733+00:00,1
osm_bicycle_parking_city_of_toronto,2025-07-25T00:03:39.000000+00:00,2537,2025-07-25T09:21:36.327480+00:00,0
toronto_lockers,2025-07-02T13:15:56.000000+00:00,19,2025-07-25T09:21:36.748046+00:00,22
bicycle-parking-high-capacity-outdoor,2025-03-27T14:19:12.486700+00:00,142,2025-07-26T09:16:58.874499+00:00,120
bicycle-parking-racks,2025-03-27T15:53:28.493324+00:00,158,2025-07-26T09:16:59.525168+00:00,120
bicycle-parking-bike-stations-indoor,2025-03-27T14:19:24.333661+00:00,5,2025-07-26T09:16:59.845534+00:00,120
street-furniture-bicycle-parking,2025-07-26T03:04:26.965487+00:00,17025,2025-07-26T09:17:03.689310+00:00,0
osm_bicycle_parking_city_of_toronto,2025-07-25T12:01:50.000000+00:00,2542,2025-07-26T09:17:21.860420+00:00,0
toronto_lockers,2025-07-02T13:15:56.000000+00:00,19,2025-07-26T09:17:23.091481+00:00,23
bicycle-parking-high-capacity-outdoor,2025-03-27T14:19:12.486700+00:00,142,2025-07-27T09:17:24.800077+00:00,121
bicycle-parking-racks,2025-03-27T15:53:28.493324+00:00,158,2025-07-27T09:17:25.327367+00:00,121
bicycle-parking-bike-stations-indoor,2025-03-27T14:19:24.333661+00:00,5,2025-07-27T09:17:25.726211+00:00,121
street-furniture-bicycle-parking,2025-07-27T03:04:23.176049+00:00,17025,2025-07-27T09:17:28.506685+00:00,0
osm_bicycle_parking_city_of_toronto,2025-07-26T20:25:05.000000+00:00,2543,2025-07-27T09:17:44.963921+00:00,0
toronto_lockers,2025-07-02T13:15:56.000000+00:00,19,2025-07-27T09:17:45.488756+00:00,24
bicycle-parking-high-capacity-outdoor,2025-03-27T14:19:12.486700+00:00,142,2025-07-28T09:35:41.481864+00:00,122
bicycle-parking-racks,2025-03-27T15:53:28.493324+00:00,158,2025-07-28T09:35:41.775893+00:00,122
bicycle-parking-bike-stations-indoor,2025-03-27T14:19:24.333661+00:00,5,2025-07-28T09:35:41.940095+00:00,122
street-furniture-bicycle-parking,2025-07-27T03:04:23.176049+00:00,17025,2025-07-28T09:35:45.114082+00:00,1
osm_bicycle_parking_city_of_toronto,2025-07-27T14:48:40.000000+00:00,2547,2025-07-28T09:36:14.475750+00:00,0
toronto_lockers,2025-07-02T13:15:56.000000+00:00,19,2025-07-28T09:36:14.996555+00:00,25
bicycle-parking-high-capacity-outdoor,2025-03-27T14:19:12.486700+00:00,142,2025-07-29T09:22:46.495920+00:00,123
bicycle-parking-racks,2025-03-27T15:53:28.493324+00:00,158,2025-07-29T09:22:46.802386+00:00,123
bicycle-parking-bike-stations-indoor,2025-03-27T14:19:24.333661+00:00,5,2025-07-29T09:22:47.019311+00:00,123
street-furniture-bicycle-parking,2025-07-27T03:04:23.176049+00:00,17025,2025-07-29T09:22:49.471786+00:00,2
osm_bicycle_parking_city_of_toronto,2025-07-29T01:21:53.000000+00:00,2564,2025-07-29T09:23:10.062846+00:00,0
toronto_lockers,2025-07-02T13:15:56.000000+00:00,19,2025-07-29T09:23:10.516589+00:00,26
bicycle-parking-high-capacity-outdoor,2025-03-27T14:19:12.486700+00:00,142,2025-07-30T09:25:06.132211+00:00,124
bicycle-parking-racks,2025-03-27T15:53:28.493324+00:00,158,2025-07-30T09:25:06.624115+00:00,124
bicycle-parking-bike-stations-indoor,2025-03-27T14:19:24.333661+00:00,5,2025-07-30T09:25:06.896092+00:00,124
street-furniture-bicycle-parking,2025-07-30T03:04:20.456983+00:00,17019,2025-07-30T09:25:09.978908+00:00,0
osm_bicycle_parking_city_of_toronto,2025-07-29T19:48:12.000000+00:00,2565,2025-07-30T09:25:30.528200+00:00,0
toronto_lockers,2025-07-02T13:15:56.000000+00:00,19,2025-07-30T09:25:31.440254+00:00,27
bicycle-parking-high-capacity-outdoor,2025-03-27T14:19:12.486700+00:00,142,2025-07-31T09:23:45.935897+00:00,125
bicycle-parking-racks,2025-03-27T15:53:28.493324+00:00,158,2025-07-31T09:23:46.196709+00:00,125
bicycle-parking-bike-stations-indoor,2025-03-27T14:19:24.333661+00:00,5,2025-07-31T09:23:46.453436+00:00,125
street-furniture-bicycle-parking,2025-07-31T03:04:28.830306+00:00,17019,2025-07-31T09:23:49.124828+00:00,0
osm_bicycle_parking_city_of_toronto,2025-07-30T23:47:08.000000+00:00,2567,2025-07-31T09:24:09.181175+00:00,0
toronto_lockers,2025-07-02T13:15:56.000000+00:00,19,2025-07-31T09:24:09.680907+00:00,28
bicycle-parking-high-capacity-outdoor,2025-03-27T14:19:12.486700+00:00,142,2025-08-01T09:23:13.351353+00:00,126
bicycle-parking-racks,2025-03-27T15:53:28.493324+00:00,158,2025-08-01T09:23:13.984930+00:00,126
bicycle-parking-bike-stations-indoor,2025-03-27T14:19:24.333661+00:00,5,2025-08-01T09:23:14.283183+00:00,126
street-furniture-bicycle-parking,2025-08-01T03:05:15.708252+00:00,17019,2025-08-01T09:23:17.409653+00:00,0
osm_bicycle_parking_city_of_toronto,2025-08-01T00:13:44.000000+00:00,2573,2025-08-01T09:23:34.861640+00:00,0
toronto_lockers,2025-07-02T13:15:56.000000+00:00,19,2025-08-01T09:23:35.234139+00:00,29
bicycle-parking-high-capacity-outdoor,2025-03-27T14:19:12.486700+00:00,142,2025-08-02T09:19:49.791065+00:00,127
bicycle-parking-racks,2025-03-27T15:53:28.493324+00:00,158,2025-08-02T09:19:50.267185+00:00,127
bicycle-parking-bike-stations-indoor,2025-03-27T14:19:24.333661+00:00,5,2025-08-02T09:19:50.615578+00:00,127
street-furniture-bicycle-parking,2025-08-02T03:04:24.383192+00:00,17019,2025-08-02T09:19:53.481457+00:00,0
osm_bicycle_parking_city_of_toronto,2025-08-02T00:35:39.000000+00:00,2584,2025-08-02T09:20:12.735997+00:00,0
toronto_lockers,2025-07-02T13:15:56.000000+00:00,19,2025-08-02T09:20:13.398586+00:00,30
bicycle-parking-high-capacity-outdoor,2025-03-27T14:19:12.486700+00:00,142,2025-08-03T09:17:15.612241+00:00,128
bicycle-parking-racks,2025-03-27T15:53:28.493324+00:00,158,2025-08-03T09:17:16.150570+00:00,128
bicycle-parking-bike-stations-indoor,2025-03-27T14:19:24.333661+00:00,5,2025-08-03T09:17:16.422452+00:00,128
street-furniture-bicycle-parking,2025-08-03T03:04:24.673587+00:00,17019,2025-08-03T09:17:19.652866+00:00,0
osm_bicycle_parking_city_of_toronto,2025-08-02T13:08:31.000000+00:00,2585,2025-08-03T09:17:35.483735+00:00,0
toronto_lockers,2025-07-02T13:15:56.000000+00:00,19,2025-08-03T09:17:36.714821+00:00,31
bicycle-parking-high-capacity-outdoor,2025-03-27T14:19:12.486700+00:00,142,2025-08-04T09:39:49.905257+00:00,129
bicycle-parking-racks,2025-03-27T15:53:28.493324+00:00,158,2025-08-04T09:39:50.622340+00:00,129
bicycle-parking-bike-stations-indoor,2025-03-27T14:19:24.333661+00:00,5,2025-08-04T09:39:50.904731+00:00,129
street-furniture-bicycle-parking,2025-08-03T03:04:24.673587+00:00,17019,2025-08-04T09:39:54.390744+00:00,1
osm_bicycle_parking_city_of_toronto,2025-08-03T19:05:31.000000+00:00,2584,2025-08-04T09:40:21.980757+00:00,0
toronto_lockers,2025-07-02T13:15:56.000000+00:00,19,2025-08-04T09:40:23.072981+00:00,32
bicycle-parking-high-capacity-outdoor,2025-03-27T14:19:12.486700+00:00,142,2025-08-05T09:24:38.225264+00:00,130
bicycle-parking-racks,2025-03-27T15:53:28.493324+00:00,158,2025-08-05T09:24:38.567842+00:00,130
bicycle-parking-bike-stations-indoor,2025-03-27T14:19:24.333661+00:00,5,2025-08-05T09:24:38.954270+00:00,130
street-furniture-bicycle-parking,2025-08-03T03:04:24.673587+00:00,17019,2025-08-05T09:24:41.787665+00:00,2
osm_bicycle_parking_city_of_toronto,2025-08-03T19:05:31.000000+00:00,2584,2025-08-05T09:25:04.361833+00:00,1
toronto_lockers,2025-07-02T13:15:56.000000+00:00,19,2025-08-05T09:25:04.991523+00:00,33
bicycle-parking-high-capacity-outdoor,2025-03-27T14:19:12.486700+00:00,142,2025-08-06T09:25:16.769025+00:00,131
bicycle-parking-racks,2025-03-27T15:53:28.493324+00:00,158,2025-08-06T09:25:16.991590+00:00,131
bicycle-parking-bike-stations-indoor,2025-03-27T14:19:24.333661+00:00,5,2025-08-06T09:25:17.241057+00:00,131
street-furniture-bicycle-parking,2025-08-06T03:04:29.586976+00:00,17017,2025-08-06T09:25:19.994296+00:00,0
osm_bicycle_parking_city_of_toronto,2025-08-03T19:05:31.000000+00:00,2584,2025-08-06T09:25:39.884329+00:00,2
toronto_lockers,2025-07-02T13:15:56.000000+00:00,19,2025-08-06T09:25:40.327484+00:00,34
bicycle-parking-high-capacity-outdoor,2025-03-27T14:19:12.486700+00:00,142,2025-08-07T09:23:59.413942+00:00,132
bicycle-parking-racks,2025-03-27T15:53:28.493324+00:00,158,2025-08-07T09:23:59.740581+00:00,132
bicycle-parking-bike-stations-indoor,2025-03-27T14:19:24.333661+00:00,5,2025-08-07T09:23:59.988894+00:00,132
street-furniture-bicycle-parking,2025-08-07T03:04:30.314884+00:00,17017,2025-08-07T09:24:02.746150+00:00,0
osm_bicycle_parking_city_of_toronto,2025-08-06T18:17:29.000000+00:00,2585,2025-08-07T09:24:25.603215+00:00,0
toronto_lockers,2025-07-02T13:15:56.000000+00:00,19,2025-08-07T09:24:26.090722+00:00,35
bicycle-parking-high-capacity-outdoor,2025-03-27T14:19:12.486700+00:00,142,2025-08-08T09:23:47.122038+00:00,133
bicycle-parking-racks,2025-03-27T15:53:28.493324+00:00,158,2025-08-08T09:23:47.407107+00:00,133
bicycle-parking-bike-stations-indoor,2025-03-27T14:19:24.333661+00:00,5,2025-08-08T09:23:47.588201+00:00,133
street-furniture-bicycle-parking,2025-08-08T03:05:14.951569+00:00,17017,2025-08-08T09:23:50.111585+00:00,0
osm_bicycle_parking_city_of_toronto,2025-08-06T18:17:29.000000+00:00,2585,2025-08-08T09:24:13.367259+00:00,1
toronto_lockers,2025-07-02T13:15:56.000000+00:00,19,2025-08-08T09:24:13.856568+00:00,36
bicycle-parking-high-capacity-outdoor,2025-03-27T14:19:12.486700+00:00,142,2025-08-09T09:16:42.540766+00:00,134
bicycle-parking-racks,2025-03-27T15:53:28.493324+00:00,158,2025-08-09T09:16:42.828219+00:00,134
bicycle-parking-bike-stations-indoor,2025-03-27T14:19:24.333661+00:00,5,2025-08-09T09:16:43.022951+00:00,134
street-furniture-bicycle-parking,2025-08-09T03:04:17.197292+00:00,17017,2025-08-09T09:16:45.685882+00:00,0
osm_bicycle_parking_city_of_toronto,2025-08-06T18:17:29.000000+00:00,2585,2025-08-09T09:17:05.865133+00:00,2
toronto_lockers,2025-07-02T13:15:56.000000+00:00,19,2025-08-09T09:17:06.379930+00:00,37
bicycle-parking-high-capacity-outdoor,2025-03-27T14:19:12.486700+00:00,142,2025-08-10T09:16:56.082029+00:00,135
bicycle-parking-racks,2025-03-27T15:53:28.493324+00:00,158,2025-08-10T09:16:56.316731+00:00,135
bicycle-parking-bike-stations-indoor,2025-03-27T14:19:24.333661+00:00,5,2025-08-10T09:16:56.503102+00:00,135
street-furniture-bicycle-parking,2025-08-10T03:04:19.355553+00:00,17017,2025-08-10T09:16:59.101487+00:00,0
osm_bicycle_parking_city_of_toronto,2025-08-10T00:26:51.000000+00:00,2593,2025-08-10T09:17:14.338435+00:00,0
toronto_lockers,2025-07-02T13:15:56.000000+00:00,19,2025-08-10T09:17:14.854280+00:00,38
bicycle-parking-high-capacity-outdoor,2025-03-27T14:19:12.486700+00:00,142,2025-08-11T09:33:53.977875+00:00,136
bicycle-parking-racks,2025-03-27T15:53:28.493324+00:00,158,2025-08-11T09:33:54.322623+00:00,136
bicycle-parking-bike-stations-indoor,2025-03-27T14:19:24.333661+00:00,5,2025-08-11T09:33:54.525707+00:00,136
street-furniture-bicycle-parking,2025-08-10T03:04:19.355553+00:00,17017,2025-08-11T09:33:57.624294+00:00,1
osm_bicycle_parking_city_of_toronto,2025-08-11T02:33:19.000000+00:00,2594,2025-08-11T09:34:23.817104+00:00,0
toronto_lockers,2025-07-02T13:15:56.000000+00:00,19,2025-08-11T09:34:24.873557+00:00,39
bicycle-parking-high-capacity-outdoor,2025-03-27T14:19:12.486700+00:00,142,2025-08-12T09:19:37.051426+00:00,137
bicycle-parking-racks,2025-03-27T15:53:28.493324+00:00,158,2025-08-12T09:19:37.774386+00:00,137
bicycle-parking-bike-stations-indoor,2025-03-27T14:19:24.333661+00:00,5,2025-08-12T09:19:38.149215+00:00,137
street-furniture-bicycle-parking,2025-08-10T03:04:19.355553+00:00,17017,2025-08-12T09:19:41.957775+00:00,2
osm_bicycle_parking_city_of_toronto,2025-08-11T21:49:33.000000+00:00,2594,2025-08-12T09:20:10.575295+00:00,0
toronto_lockers,2025-07-02T13:15:56.000000+00:00,19,2025-08-12T09:20:15.671709+00:00,40
bicycle-parking-high-capacity-outdoor,2025-03-27T14:19:12.486700+00:00,142,2025-08-13T09:19:42.755834+00:00,138
bicycle-parking-racks,2025-03-27T15:53:28.493324+00:00,158,2025-08-13T09:19:43.117726+00:00,138
bicycle-parking-bike-stations-indoor,2025-03-27T14:19:24.333661+00:00,5,2025-08-13T09:19:43.441125+00:00,138
street-furniture-bicycle-parking,2025-08-13T03:04:31.199305+00:00,17017,2025-08-13T09:19:46.251498+00:00,0
osm_bicycle_parking_city_of_toronto,2025-08-12T22:04:29.000000+00:00,2596,2025-08-13T09:20:11.289987+00:00,0
toronto_lockers,2025-07-02T13:15:56.000000+00:00,19,2025-08-13T09:20:11.749124+00:00,41
bicycle-parking-high-capacity-outdoor,2025-03-27T14:19:12.486700+00:00,142,2025-08-15T09:18:28.884182+00:00,140
bicycle-parking-racks,2025-03-27T15:53:28.493324+00:00,158,2025-08-15T09:18:29.175601+00:00,140
bicycle-parking-bike-stations-indoor,2025-03-27T14:19:24.333661+00:00,5,2025-08-15T09:18:29.354538+00:00,140
street-furniture-bicycle-parking,2025-08-15T03:05:06.986166+00:00,17016,2025-08-15T09:18:31.850962+00:00,0
osm_bicycle_parking_city_of_toronto,2025-08-14T20:35:22.000000+00:00,2599,2025-08-15T09:18:54.298597+00:00,0
toronto_lockers,2025-07-02T13:15:56.000000+00:00,19,2025-08-15T09:18:54.912945+00:00,43
bicycle-parking-high-capacity-outdoor,2025-03-27T14:19:12.486700+00:00,142,2025-08-16T09:16:30.342607+00:00,141
bicycle-parking-racks,2025-03-27T15:53:28.493324+00:00,158,2025-08-16T09:16:31.036055+00:00,141
bicycle-parking-bike-stations-indoor,2025-03-27T14:19:24.333661+00:00,5,2025-08-16T09:16:31.304496+00:00,141
street-furniture-bicycle-parking,2025-08-16T03:04:30.347804+00:00,17016,2025-08-16T09:16:34.638873+00:00,0
osm_bicycle_parking_city_of_toronto,2025-08-16T02:04:29.000000+00:00,2601,2025-08-16T09:16:52.826307+00:00,0
toronto_lockers,2025-07-02T13:15:56.000000+00:00,19,2025-08-16T09:16:54.041628+00:00,44
bicycle-parking-high-capacity-outdoor,2025-03-27T14:19:12.486700+00:00,142,2025-08-17T09:16:17.143370+00:00,142
bicycle-parking-racks,2025-03-27T15:53:28.493324+00:00,158,2025-08-17T09:16:17.684863+00:00,142
bicycle-parking-bike-stations-indoor,2025-03-27T14:19:24.333661+00:00,5,2025-08-17T09:16:17.967989+00:00,142
street-furniture-bicycle-parking,2025-08-16T03:04:30.347804+00:00,17016,2025-08-17T09:16:20.778708+00:00,1
osm_bicycle_parking_city_of_toronto,2025-08-16T19:28:17.000000+00:00,2605,2025-08-17T09:16:40.624300+00:00,0
toronto_lockers,2025-07-02T13:15:56.000000+00:00,19,2025-08-17T09:16:41.040570+00:00,45
bicycle-parking-high-capacity-outdoor,2025-03-27T14:19:12.486700+00:00,142,2025-08-18T14:49:02.505172+00:00,144
bicycle-parking-racks,2025-03-27T15:53:28.493324+00:00,158,2025-08-18T14:49:02.875687+00:00,143
bicycle-parking-bike-stations-indoor,2025-03-27T14:19:24.333661+00:00,5,2025-08-18T14:49:03.187914+00:00,144
street-furniture-bicycle-parking,2025-08-16T03:04:30.347804+00:00,17016,2025-08-18T14:49:05.971826+00:00,2
osm_bicycle_parking_city_of_toronto,2025-08-17T23:07:04.000000+00:00,2605,2025-08-18T14:49:28.926426+00:00,0
toronto_lockers,2025-07-02T13:15:56.000000+00:00,19,2025-08-18T14:49:29.138194+00:00,47
bicycle-parking-high-capacity-outdoor,2025-03-27T14:19:12.486700+00:00,142,2025-08-19T09:17:26.910509+00:00,144
bicycle-parking-racks,2025-03-27T15:53:28.493324+00:00,158,2025-08-19T09:17:27.102981+00:00,144
bicycle-parking-bike-stations-indoor,2025-03-27T14:19:24.333661+00:00,5,2025-08-19T09:17:27.251986+00:00,144
street-furniture-bicycle-parking,2025-08-16T03:04:30.347804+00:00,17016,2025-08-19T09:17:29.776855+00:00,3
osm_bicycle_parking_city_of_toronto,2025-08-18T23:51:52.000000+00:00,2609,2025-08-19T09:17:50.766981+00:00,0
toronto_lockers,2025-07-02T13:15:56.000000+00:00,19,2025-08-19T09:17:51.459108+00:00,47
bicycle-parking-high-capacity-outdoor,2025-03-27T14:19:12.486700+00:00,142,2025-08-20T09:18:05.145665+00:00,145
bicycle-parking-racks,2025-03-27T15:53:28.493324+00:00,158,2025-08-20T09:18:05.727388+00:00,145
bicycle-parking-bike-stations-indoor,2025-03-27T14:19:24.333661+00:00,5,2025-08-20T09:18:06.164012+00:00,145
street-furniture-bicycle-parking,2025-08-20T03:04:36.197882+00:00,17016,2025-08-20T09:18:09.617390+00:00,0
osm_bicycle_parking_city_of_toronto,2025-08-19T21:46:11.000000+00:00,2610,2025-08-20T09:18:32.787985+00:00,0
toronto_lockers,2025-07-02T13:15:56.000000+00:00,19,2025-08-20T09:18:33.181944+00:00,48
bicycle-parking-high-capacity-outdoor,2025-03-27T14:19:12.486700+00:00,142,2025-08-21T09:17:23.533830+00:00,146
bicycle-parking-racks,2025-03-27T15:53:28.493324+00:00,158,2025-08-21T09:17:24.489767+00:00,146
bicycle-parking-bike-stations-indoor,2025-03-27T14:19:24.333661+00:00,5,2025-08-21T09:17:25.014718+00:00,146
street-furniture-bicycle-parking,2025-08-20T03:04:36.197882+00:00,17016,2025-08-21T09:17:27.665242+00:00,1
osm_bicycle_parking_city_of_toronto,2025-08-19T21:46:11.000000+00:00,2610,2025-08-21T09:17:50.695987+00:00,1
toronto_lockers,2025-07-02T13:15:56.000000+00:00,19,2025-08-21T09:17:51.923296+00:00,49
bicycle-parking-high-capacity-outdoor,2025-03-27T14:19:12.486700+00:00,142,2025-08-22T09:17:17.698565+00:00,147
bicycle-parking-racks,2025-03-27T15:53:28.493324+00:00,158,2025-08-22T09:17:17.922963+00:00,147
bicycle-parking-bike-stations-indoor,2025-03-27T14:19:24.333661+00:00,5,2025-08-22T09:17:18.076554+00:00,147
street-furniture-bicycle-parking,2025-08-22T03:05:12.175724+00:00,17016,2025-08-22T09:17:20.626626+00:00,0
osm_bicycle_parking_city_of_toronto,2025-08-19T21:46:11.000000+00:00,2610,2025-08-22T09:17:45.120920+00:00,2
toronto_lockers,2025-07-02T13:15:56.000000+00:00,19,2025-08-22T09:17:45.693424+00:00,50
bicycle-parking-high-capacity-outdoor,2025-03-27T14:19:12.486700+00:00,142,2025-08-23T09:15:11.807041+00:00,148
bicycle-parking-racks,2025-03-27T15:53:28.493324+00:00,158,2025-08-23T09:15:12.508175+00:00,148
bicycle-parking-bike-stations-indoor,2025-03-27T14:19:24.333661+00:00,5,2025-08-23T09:15:12.809031+00:00,148
street-furniture-bicycle-parking,2025-08-23T03:04:32.336978+00:00,17016,2025-08-23T09:15:16.231696+00:00,0
osm_bicycle_parking_city_of_toronto,2025-08-19T21:46:11.000000+00:00,2610,2025-08-23T09:15:33.322356+00:00,3
toronto_lockers,2025-07-02T13:15:56.000000+00:00,19,2025-08-23T09:15:33.686549+00:00,51
bicycle-parking-high-capacity-outdoor,2025-03-27T14:19:12.486700+00:00,142,2025-08-24T09:15:07.808253+00:00,149
bicycle-parking-racks,2025-03-27T15:53:28.493324+00:00,158,2025-08-24T09:15:08.239200+00:00,149
bicycle-parking-bike-stations-indoor,2025-03-27T14:19:24.333661+00:00,5,2025-08-24T09:15:08.554227+00:00,149
street-furniture-bicycle-parking,2025-08-23T03:04:32.336978+00:00,17016,2025-08-24T09:15:11.439771+00:00,1
osm_bicycle_parking_city_of_toronto,2025-08-24T01:27:04.000000+00:00,2643,2025-08-24T09:15:28.519844+00:00,0
toronto_lockers,2025-07-02T13:15:56.000000+00:00,19,2025-08-24T09:15:29.048281+00:00,52
bicycle-parking-high-capacity-outdoor,2025-03-27T14:19:12.486700+00:00,142,2025-08-25T09:29:11.355596+00:00,150
bicycle-parking-racks,2025-03-27T15:53:28.493324+00:00,158,2025-08-25T09:29:11.759242+00:00,150
bicycle-parking-bike-stations-indoor,2025-03-27T14:19:24.333661+00:00,5,2025-08-25T09:29:11.961371+00:00,150
street-furniture-bicycle-parking,2025-08-23T03:04:32.336978+00:00,17016,2025-08-25T09:29:15.166872+00:00,2
osm_bicycle_parking_city_of_toronto,2025-08-25T00:35:49.000000+00:00,2727,2025-08-25T09:29:33.856053+00:00,0
toronto_lockers,2025-07-02T13:15:56.000000+00:00,19,2025-08-25T09:29:34.438192+00:00,53
bicycle-parking-high-capacity-outdoor,2025-03-27T14:19:12.486700+00:00,142,2025-08-26T09:18:01.888860+00:00,151
bicycle-parking-racks,2025-03-27T15:53:28.493324+00:00,158,2025-08-26T09:18:02.811235+00:00,151
bicycle-parking-bike-stations-indoor,2025-03-27T14:19:24.333661+00:00,5,2025-08-26T09:18:03.110639+00:00,151
street-furniture-bicycle-parking,2025-08-26T03:04:15.421156+00:00,17000,2025-08-26T09:18:06.651519+00:00,0
osm_bicycle_parking_city_of_toronto,2025-08-26T00:10:51.000000+00:00,2765,2025-08-26T09:18:34.532036+00:00,0
toronto_lockers,2025-07-02T13:15:56.000000+00:00,19,2025-08-26T09:18:35.634736+00:00,54
bicycle-parking-high-capacity-outdoor,2025-03-27T14:19:12.486700+00:00,142,2025-08-27T09:17:29.957847+00:00,152
bicycle-parking-racks,2025-03-27T15:53:28.493324+00:00,158,2025-08-27T09:17:30.215924+00:00,152
bicycle-parking-bike-stations-indoor,2025-03-27T14:19:24.333661+00:00,5,2025-08-27T09:17:30.398514+00:00,152
street-furniture-bicycle-parking,2025-08-26T03:04:15.421156+00:00,17000,2025-08-27T09:17:33.027726+00:00,1
osm_bicycle_parking_city_of_toronto,2025-08-27T00:13:22.000000+00:00,2798,2025-08-27T09:17:54.789082+00:00,0
toronto_lockers,2025-07-02T13:15:56.000000+00:00,19,2025-08-27T09:17:55.341190+00:00,55
bicycle-parking-high-capacity-outdoor,2025-03-27T14:19:12.486700+00:00,142,2025-08-28T09:17:03.223114+00:00,153
bicycle-parking-racks,2025-03-27T15:53:28.493324+00:00,158,2025-08-28T09:17:03.490355+00:00,153
bicycle-parking-bike-stations-indoor,2025-03-27T14:19:24.333661+00:00,5,2025-08-28T09:17:03.694432+00:00,153
street-furniture-bicycle-parking,2025-08-28T03:04:20.022496+00:00,17000,2025-08-28T09:17:06.328170+00:00,0
osm_bicycle_parking_city_of_toronto,2025-08-28T01:51:07.000000+00:00,2802,2025-08-28T09:17:35.472464+00:00,0
toronto_lockers,2025-07-02T13:15:56.000000+00:00,19,2025-08-28T09:17:36.349160+00:00,56
bicycle-parking-high-capacity-outdoor,2025-03-27T14:19:12.486700+00:00,142,2025-08-29T09:17:00.259711+00:00,154
bicycle-parking-racks,2025-03-27T15:53:28.493324+00:00,158,2025-08-29T09:17:00.678721+00:00,154
bicycle-parking-bike-stations-indoor,2025-03-27T14:19:24.333661+00:00,5,2025-08-29T09:17:00.846033+00:00,154
street-furniture-bicycle-parking,2025-08-28T03:04:20.022496+00:00,17000,2025-08-29T09:17:03.343143+00:00,1
osm_bicycle_parking_city_of_toronto,2025-08-28T23:49:01.000000+00:00,2802,2025-08-29T09:17:32.434941+00:00,0
toronto_lockers,2025-07-02T13:15:56.000000+00:00,19,2025-08-29T09:17:33.430284+00:00,57
bicycle-parking-high-capacity-outdoor,2025-03-27T14:19:12.486700+00:00,142,2025-08-30T09:14:35.876373+00:00,155
bicycle-parking-racks,2025-03-27T15:53:28.493324+00:00,158,2025-08-30T09:14:36.223721+00:00,155
bicycle-parking-bike-stations-indoor,2025-03-27T14:19:24.333661+00:00,5,2025-08-30T09:14:36.420022+00:00,155
street-furniture-bicycle-parking,2025-08-30T03:04:23.750868+00:00,16946,2025-08-30T09:14:39.056571+00:00,0
osm_bicycle_parking_city_of_toronto,2025-08-30T00:39:22.000000+00:00,2812,2025-08-30T09:14:56.862727+00:00,0
toronto_lockers,2025-07-02T13:15:56.000000+00:00,19,2025-08-30T09:14:57.449557+00:00,58
bicycle-parking-high-capacity-outdoor,2025-03-27T14:19:12.486700+00:00,142,2025-08-31T09:14:20.886362+00:00,156
bicycle-parking-racks,2025-03-27T15:53:28.493324+00:00,158,2025-08-31T09:14:21.224441+00:00,156
bicycle-parking-bike-stations-indoor,2025-03-27T14:19:24.333661+00:00,5,2025-08-31T09:14:21.545312+00:00,156
street-furniture-bicycle-parking,2025-08-30T03:04:23.750868+00:00,16946,2025-08-31T09:14:24.371249+00:00,1
osm_bicycle_parking_city_of_toronto,2025-08-31T01:29:52.000000+00:00,2878,2025-08-31T09:14:42.353996+00:00,0
toronto_lockers,2025-07-02T13:15:56.000000+00:00,19,2025-08-31T09:14:43.131647+00:00,59
bicycle-parking-high-capacity-outdoor,2025-03-27T14:19:12.486700+00:00,142,2025-09-01T09:30:17.631064+00:00,157
bicycle-parking-racks,2025-03-27T15:53:28.493324+00:00,158,2025-09-01T09:30:17.926182+00:00,157
bicycle-parking-bike-stations-indoor,2025-03-27T14:19:24.333661+00:00,5,2025-09-01T09:30:18.196570+00:00,157
street-furniture-bicycle-parking,2025-08-30T03:04:23.750868+00:00,16946,2025-09-01T09:30:21.357159+00:00,2
osm_bicycle_parking_city_of_toronto,2025-09-01T01:19:38.000000+00:00,2940,2025-09-01T09:30:42.301805+00:00,0
toronto_lockers,2025-07-02T13:15:56.000000+00:00,19,2025-09-01T09:30:42.904827+00:00,60
bicycle-parking-high-capacity-outdoor,2025-03-27T14:19:12.486700+00:00,142,2025-09-02T09:17:32.631375+00:00,158
bicycle-parking-racks,2025-03-27T15:53:28.493324+00:00,158,2025-09-02T09:17:32.948966+00:00,158
bicycle-parking-bike-stations-indoor,2025-03-27T14:19:24.333661+00:00,5,2025-09-02T09:17:33.208833+00:00,158
street-furniture-bicycle-parking,2025-08-30T03:04:23.750868+00:00,16946,2025-09-02T09:17:35.830063+00:00,3
osm_bicycle_parking_city_of_toronto,2025-09-02T03:42:48.000000+00:00,3023,2025-09-02T09:18:04.488897+00:00,0
toronto_lockers,2025-07-02T13:15:56.000000+00:00,19,2025-09-02T09:18:05.389946+00:00,61
bicycle-parking-high-capacity-outdoor,2025-03-27T14:19:12.486700+00:00,142,2025-09-03T09:16:30.167757+00:00,159
bicycle-parking-racks,2025-03-27T15:53:28.493324+00:00,158,2025-09-03T09:16:30.469671+00:00,159
bicycle-parking-bike-stations-indoor,2025-03-27T14:19:24.333661+00:00,5,2025-09-03T09:16:30.724558+00:00,159
street-furniture-bicycle-parking,2025-09-03T03:04:42.842825+00:00,16946,2025-09-03T09:16:33.341368+00:00,0
osm_bicycle_parking_city_of_toronto,2025-09-03T01:10:03.000000+00:00,3029,2025-09-03T09:16:53.057444+00:00,0
toronto_lockers,2025-07-02T13:15:56.000000+00:00,19,2025-09-03T09:16:53.996565+00:00,62
bicycle-parking-high-capacity-outdoor,2025-03-27T14:19:12.486700+00:00,142,2025-09-04T09:16:29.212493+00:00,160
bicycle-parking-racks,2025-03-27T15:53:28.493324+00:00,158,2025-09-04T09:16:29.453843+00:00,160
bicycle-parking-bike-stations-indoor,2025-03-27T14:19:24.333661+00:00,5,2025-09-04T09:16:29.694383+00:00,160
street-furniture-bicycle-parking,2025-09-04T03:04:38.923876+00:00,16946,2025-09-04T09:16:32.260332+00:00,0
osm_bicycle_parking_city_of_toronto,2025-09-04T01:32:11.000000+00:00,3072,2025-09-04T09:16:54.658401+00:00,0
toronto_lockers,2025-07-02T13:15:56.000000+00:00,19,2025-09-04T09:16:55.541405+00:00,63
bicycle-parking-high-capacity-outdoor,2025-03-27T14:19:12.486700+00:00,142,2025-09-05T09:16:21.953426+00:00,161
bicycle-parking-racks,2025-03-27T15:53:28.493324+00:00,158,2025-09-05T09:16:22.247394+00:00,161
bicycle-parking-bike-stations-indoor,2025-03-27T14:19:24.333661+00:00,5,2025-09-05T09:16:22.468288+00:00,161
street-furniture-bicycle-parking,2025-09-04T03:04:38.923876+00:00,16946,2025-09-05T09:16:25.013193+00:00,1
osm_bicycle_parking_city_of_toronto,2025-09-05T03:02:25.000000+00:00,3074,2025-09-05T09:16:48.029403+00:00,0
toronto_lockers,2025-07-02T13:15:56.000000+00:00,19,2025-09-05T09:16:48.979901+00:00,64
bicycle-parking-high-capacity-outdoor,2025-03-27T14:19:12.486700+00:00,142,2025-09-06T09:13:57.997883+00:00,162
bicycle-parking-racks,2025-03-27T15:53:28.493324+00:00,158,2025-09-06T09:13:58.390009+00:00,162
bicycle-parking-bike-stations-indoor,2025-03-27T14:19:24.333661+00:00,5,2025-09-06T09:13:58.681563+00:00,162
street-furniture-bicycle-parking,2025-09-06T03:04:46.234091+00:00,16941,2025-09-06T09:14:01.415757+00:00,0
osm_bicycle_parking_city_of_toronto,2025-09-06T02:12:59.000000+00:00,3074,2025-09-06T09:14:19.126032+00:00,0
toronto_lockers,2025-07-02T13:15:56.000000+00:00,19,2025-09-06T09:14:20.056161+00:00,65
bicycle-parking-high-capacity-outdoor,2025-03-27T14:19:12.486700+00:00,142,2025-09-07T09:14:02.821684+00:00,163
bicycle-parking-racks,2025-03-27T15:53:28.493324+00:00,158,2025-09-07T09:14:03.215526+00:00,163
bicycle-parking-bike-stations-indoor,2025-03-27T14:19:24.333661+00:00,5,2025-09-07T09:14:03.611624+00:00,163
street-furniture-bicycle-parking,2025-09-06T03:04:46.234091+00:00,16941,2025-09-07T09:14:06.497437+00:00,1
osm_bicycle_parking_city_of_toronto,2025-09-07T04:10:59.000000+00:00,3084,2025-09-07T09:14:27.008252+00:00,0
toronto_lockers,2025-07-02T13:15:56.000000+00:00,19,2025-09-07T09:14:27.977108+00:00,66
bicycle-parking-high-capacity-outdoor,2025-03-27T14:19:12.486700+00:00,142,2025-09-08T09:29:20.030533+00:00,164
bicycle-parking-racks,2025-03-27T15:53:28.493324+00:00,158,2025-09-08T09:29:20.460597+00:00,164
bicycle-parking-bike-stations-indoor,2025-03-27T14:19:24.333661+00:00,5,2025-09-08T09:29:20.803668+00:00,164
street-furniture-bicycle-parking,2025-09-06T03:04:46.234091+00:00,16941,2025-09-08T09:29:24.282894+00:00,2
osm_bicycle_parking_city_of_toronto,2025-09-08T00:37:04.000000+00:00,3093,2025-09-08T09:29:45.951139+00:00,0
toronto_lockers,2025-07-02T13:15:56.000000+00:00,19,2025-09-08T09:29:46.846204+00:00,67
bicycle-parking-high-capacity-outdoor,2025-03-27T14:19:12.486700+00:00,142,2025-09-09T09:17:38.715871+00:00,165
bicycle-parking-racks,2025-03-27T15:53:28.493324+00:00,158,2025-09-09T09:17:38.955745+00:00,165
bicycle-parking-bike-stations-indoor,2025-03-27T14:19:24.333661+00:00,5,2025-09-09T09:17:39.186143+00:00,165
street-furniture-bicycle-parking,2025-09-09T03:04:19.873087+00:00,16941,2025-09-09T09:17:41.873187+00:00,0
osm_bicycle_parking_city_of_toronto,2025-09-08T23:30:41.000000+00:00,3100,2025-09-09T09:18:00.964658+00:00,0
toronto_lockers,2025-07-02T13:15:56.000000+00:00,19,2025-09-09T09:18:01.882455+00:00,68
bicycle-parking-high-capacity-outdoor,2025-03-27T14:19:12.486700+00:00,142,2025-09-10T09:16:46.496961+00:00,166
bicycle-parking-racks,2025-03-27T15:53:28.493324+00:00,158,2025-09-10T09:16:47.334579+00:00,166
bicycle-parking-bike-stations-indoor,2025-03-27T14:19:24.333661+00:00,5,2025-09-10T09:16:47.724159+00:00,166
street-furniture-bicycle-parking,2025-09-10T03:04:21.163933+00:00,16929,2025-09-10T09:16:50.943752+00:00,0
osm_bicycle_parking_city_of_toronto,2025-09-08T23:30:41.000000+00:00,3100,2025-09-10T09:17:14.158126+00:00,1
toronto_lockers,2025-07-02T13:15:56.000000+00:00,19,2025-09-10T09:17:15.730747+00:00,69
bicycle-parking-high-capacity-outdoor,2025-03-27T14:19:12.486700+00:00,142,2025-09-11T09:16:48.015865+00:00,167
bicycle-parking-racks,2025-03-27T15:53:28.493324+00:00,158,2025-09-11T09:16:48.920574+00:00,167
bicycle-parking-bike-stations-indoor,2025-03-27T14:19:24.333661+00:00,5,2025-09-11T09:16:49.562234+00:00,167
street-furniture-bicycle-parking,2025-09-10T03:04:21.163933+00:00,16929,2025-09-11T09:16:54.027638+00:00,1
osm_bicycle_parking_city_of_toronto,2025-09-11T00:36:04.000000+00:00,3147,2025-09-11T09:17:16.799007+00:00,0
toronto_lockers,2025-07-02T13:15:56.000000+00:00,19,2025-09-11T09:17:18.440410+00:00,70
bicycle-parking-high-capacity-outdoor,2025-03-27T14:19:12.486700+00:00,142,2025-09-12T09:16:22.781212+00:00,168
bicycle-parking-racks,2025-03-27T15:53:28.493324+00:00,158,2025-09-12T09:16:23.217351+00:00,168
bicycle-parking-bike-stations-indoor,2025-03-27T14:19:24.333661+00:00,5,2025-09-12T09:16:23.560577+00:00,168
street-furniture-bicycle-parking,2025-09-10T03:04:21.163933+00:00,16929,2025-09-12T09:16:26.322390+00:00,2
osm_bicycle_parking_city_of_toronto,2025-09-11T20:48:35.000000+00:00,3149,2025-09-12T09:16:53.782594+00:00,0
toronto_lockers,2025-07-02T13:15:56.000000+00:00,19,2025-09-12T09:16:54.662860+00:00,71
bicycle-parking-high-capacity-outdoor,2025-03-27T14:19:12.486700+00:00,142,2025-09-13T09:13:57.290703+00:00,169
bicycle-parking-racks,2025-03-27T15:53:28.493324+00:00,158,2025-09-13T09:13:57.575367+00:00,169
bicycle-parking-bike-stations-indoor,2025-03-27T14:19:24.333661+00:00,5,2025-09-13T09:13:57.793310+00:00,169
street-furniture-bicycle-parking,2025-09-10T03:04:21.163933+00:00,16929,2025-09-13T09:14:00.412071+00:00,3
osm_bicycle_parking_city_of_toronto,2025-09-11T20:48:35.000000+00:00,3149,2025-09-13T09:14:22.554682+00:00,1
toronto_lockers,2025-07-02T13:15:56.000000+00:00,19,2025-09-13T09:14:23.415482+00:00,72
bicycle-parking-high-capacity-outdoor,2025-03-27T14:19:12.486700+00:00,142,2025-09-14T09:14:18.783233+00:00,170
bicycle-parking-racks,2025-03-27T15:53:28.493324+00:00,158,2025-09-14T09:14:19.495591+00:00,170
bicycle-parking-bike-stations-indoor,2025-03-27T14:19:24.333661+00:00,5,2025-09-14T09:14:19.788453+00:00,170
street-furniture-bicycle-parking,2025-09-10T03:04:21.163933+00:00,16929,2025-09-14T09:14:23.096642+00:00,4
osm_bicycle_parking_city_of_toronto,2025-09-14T02:15:37.000000+00:00,3179,2025-09-14T09:14:45.769825+00:00,0
toronto_lockers,2025-07-02T13:15:56.000000+00:00,19,2025-09-14T09:14:46.480892+00:00,73
bicycle-parking-high-capacity-outdoor,2025-03-27T14:19:12.486700+00:00,142,2025-09-15T09:28:47.472856+00:00,171
bicycle-parking-racks,2025-03-27T15:53:28.493324+00:00,158,2025-09-15T09:28:48.305871+00:00,171
bicycle-parking-bike-stations-indoor,2025-03-27T14:19:24.333661+00:00,5,2025-09-15T09:28:48.736596+00:00,171
street-furniture-bicycle-parking,2025-09-10T03:04:21.163933+00:00,16929,2025-09-15T09:28:52.264772+00:00,5
osm_bicycle_parking_city_of_toronto,2025-09-15T00:52:56.000000+00:00,3191,2025-09-15T09:29:20.394631+00:00,0
toronto_lockers,2025-07-02T13:15:56.000000+00:00,19,2025-09-15T09:29:21.895784+00:00,74
bicycle-parking-high-capacity-outdoor,2025-03-27T14:19:12.486700+00:00,142,2025-09-16T09:17:37.022196+00:00,172
bicycle-parking-racks,2025-03-27T15:53:28.493324+00:00,158,2025-09-16T09:17:37.647324+00:00,172
bicycle-parking-bike-stations-indoor,2025-03-27T14:19:24.333661+00:00,5,2025-09-16T09:17:38.086527+00:00,172
street-furniture-bicycle-parking,2025-09-16T03:04:33.132301+00:00,16929,2025-09-16T09:17:41.176079+00:00,0
osm_bicycle_parking_city_of_toronto,2025-09-16T03:43:19.000000+00:00,3201,2025-09-16T09:18:03.772781+00:00,0
toronto_lockers,2025-07-02T13:15:56.000000+00:00,19,2025-09-16T09:18:04.498383+00:00,75
bicycle-parking-high-capacity-outdoor,2025-03-27T14:19:12.486700+00:00,142,2025-09-17T09:17:00.315406+00:00,173
bicycle-parking-racks,2025-03-27T15:53:28.493324+00:00,158,2025-09-17T09:17:00.832230+00:00,173
bicycle-parking-bike-stations-indoor,2025-03-27T14:19:24.333661+00:00,5,2025-09-17T09:17:01.178288+00:00,173
street-furniture-bicycle-parking,2025-09-17T03:04:33.006185+00:00,16929,2025-09-17T09:17:04.225953+00:00,0
osm_bicycle_parking_city_of_toronto,2025-09-17T00:58:42.000000+00:00,3205,2025-09-17T09:17:31.315587+00:00,0
toronto_lockers,2025-07-02T13:15:56.000000+00:00,19,2025-09-17T09:17:32.188101+00:00,76
bicycle-parking-high-capacity-outdoor,2025-03-27T14:19:12.486700+00:00,142,2025-09-18T09:17:01.248288+00:00,174
bicycle-parking-racks,2025-03-27T15:53:28.493324+00:00,158,2025-09-18T09:17:01.549358+00:00,174
bicycle-parking-bike-stations-indoor,2025-03-27T14:19:24.333661+00:00,5,2025-09-18T09:17:01.820291+00:00,174
street-furniture-bicycle-parking,2025-09-18T03:04:26.640350+00:00,16921,2025-09-18T09:17:04.545133+00:00,0
osm_bicycle_parking_city_of_toronto,2025-09-18T00:32:27.000000+00:00,3213,2025-09-18T09:17:29.013384+00:00,0
toronto_lockers,2025-07-02T13:15:56.000000+00:00,19,2025-09-18T09:17:29.862230+00:00,77
bicycle-parking-high-capacity-outdoor,2025-03-27T14:19:12.486700+00:00,142,2025-09-19T09:17:32.530981+00:00,175
bicycle-parking-racks,2025-03-27T15:53:28.493324+00:00,158,2025-09-19T09:17:33.477587+00:00,175
bicycle-parking-bike-stations-indoor,2025-03-27T14:19:24.333661+00:00,5,2025-09-19T09:17:33.785349+00:00,175
street-furniture-bicycle-parking,2025-09-19T03:04:57.355600+00:00,16920,2025-09-19T09:17:37.107898+00:00,0
osm_bicycle_parking_city_of_toronto,2025-09-19T00:25:04.000000+00:00,3227,2025-09-19T09:17:59.865643+00:00,0
toronto_lockers,2025-07-02T13:15:56.000000+00:00,19,2025-09-19T09:18:01.333383+00:00,78
bicycle-parking-high-capacity-outdoor,2025-03-27T14:19:12.486700+00:00,142,2025-09-20T09:14:40.802087+00:00,176
bicycle-parking-racks,2025-03-27T15:53:28.493324+00:00,158,2025-09-20T09:14:41.072614+00:00,176
bicycle-parking-bike-stations-indoor,2025-03-27T14:19:24.333661+00:00,5,2025-09-20T09:14:41.277900+00:00,176
street-furniture-bicycle-parking,2025-09-20T03:04:37.135496+00:00,16920,2025-09-20T09:14:43.953405+00:00,0
osm_bicycle_parking_city_of_toronto,2025-09-20T00:14:16.000000+00:00,3255,2025-09-20T09:15:03.892671+00:00,0
toronto_lockers,2025-07-02T13:15:56.000000+00:00,19,2025-09-20T09:15:05.258997+00:00,79
bicycle-parking-high-capacity-outdoor,2025-03-27T14:19:12.486700+00:00,142,2025-09-21T09:14:18.151946+00:00,177
bicycle-parking-racks,2025-03-27T15:53:28.493324+00:00,158,2025-09-21T09:14:18.462653+00:00,177
bicycle-parking-bike-stations-indoor,2025-03-27T14:19:24.333661+00:00,5,2025-09-21T09:14:18.678386+00:00,177
street-furniture-bicycle-parking,2025-09-20T03:04:37.135496+00:00,16920,2025-09-21T09:14:21.345253+00:00,1
osm_bicycle_parking_city_of_toronto,2025-09-21T03:07:27.000000+00:00,3288,2025-09-21T09:14:39.075156+00:00,0
toronto_lockers,2025-07-02T13:15:56.000000+00:00,19,2025-09-21T09:14:39.921039+00:00,80
bicycle-parking-high-capacity-outdoor,2025-03-27T14:19:12.486700+00:00,142,2025-09-22T09:30:24.757442+00:00,178
bicycle-parking-racks,2025-03-27T15:53:28.493324+00:00,158,2025-09-22T09:30:25.192675+00:00,178
bicycle-parking-bike-stations-indoor,2025-03-27T14:19:24.333661+00:00,5,2025-09-22T09:30:25.555857+00:00,178
street-furniture-bicycle-parking,2025-09-20T03:04:37.135496+00:00,16920,2025-09-22T09:30:28.656524+00:00,2
osm_bicycle_parking_city_of_toronto,2025-09-21T17:16:50.000000+00:00,3288,2025-09-22T09:30:53.499907+00:00,0
toronto_lockers,2025-07-02T13:15:56.000000+00:00,19,2025-09-22T09:30:54.409771+00:00,81
bicycle-parking-high-capacity-outdoor,2025-03-27T14:19:12.486700+00:00,142,2025-09-23T09:17:13.693808+00:00,179
bicycle-parking-racks,2025-03-27T15:53:28.493324+00:00,158,2025-09-23T09:17:13.921742+00:00,179
bicycle-parking-bike-stations-indoor,2025-03-27T14:19:24.333661+00:00,5,2025-09-23T09:17:14.123708+00:00,179
street-furniture-bicycle-parking,2025-09-23T03:04:23.849500+00:00,16920,2025-09-23T09:17:16.689464+00:00,0
osm_bicycle_parking_city_of_toronto,2025-09-23T00:04:13.000000+00:00,3299,2025-09-23T09:17:38.205311+00:00,0
toronto_lockers,2025-07-02T13:15:56.000000+00:00,19,2025-09-23T09:17:39.093425+00:00,82
bicycle-parking-high-capacity-outdoor,2025-03-27T14:19:12.486700+00:00,142,2025-09-24T09:17:18.890851+00:00,180
bicycle-parking-racks,2025-03-27T15:53:28.493324+00:00,158,2025-09-24T09:17:19.163120+00:00,180
bicycle-parking-bike-stations-indoor,2025-03-27T14:19:24.333661+00:00,5,2025-09-24T09:17:19.396401+00:00,180
street-furniture-bicycle-parking,2025-09-23T03:04:23.849500+00:00,16920,2025-09-24T09:17:21.977334+00:00,1
osm_bicycle_parking_city_of_toronto,2025-09-23T23:51:42.000000+00:00,3303,2025-09-24T09:17:45.247218+00:00,0
toronto_lockers,2025-07-02T13:15:56.000000+00:00,19,2025-09-24T09:17:46.394076+00:00,83
bicycle-parking-high-capacity-outdoor,2025-03-27T14:19:12.486700+00:00,142,2025-09-25T09:17:11.736641+00:00,181
bicycle-parking-racks,2025-03-27T15:53:28.493324+00:00,158,2025-09-25T09:17:12.225110+00:00,181
bicycle-parking-bike-stations-indoor,2025-03-27T14:19:24.333661+00:00,5,2025-09-25T09:17:12.629906+00:00,181
street-furniture-bicycle-parking,2025-09-25T03:04:08.930398+00:00,16920,2025-09-25T09:17:15.545552+00:00,0
osm_bicycle_parking_city_of_toronto,2025-09-25T01:37:44.000000+00:00,3322,2025-09-25T09:17:39.723226+00:00,0
toronto_lockers,2025-07-02T13:15:56.000000+00:00,19,2025-09-25T09:17:41.079099+00:00,84
bicycle-parking-high-capacity-outdoor,2025-03-27T14:19:12.486700+00:00,142,2025-09-26T09:17:27.426498+00:00,182
bicycle-parking-racks,2025-03-27T15:53:28.493324+00:00,158,2025-09-26T09:17:27.643658+00:00,182
bicycle-parking-bike-stations-indoor,2025-03-27T14:19:24.333661+00:00,5,2025-09-26T09:17:27.854642+00:00,182
street-furniture-bicycle-parking,2025-09-26T03:05:08.939801+00:00,16920,2025-09-26T09:17:30.406765+00:00,0
osm_bicycle_parking_city_of_toronto,2025-09-26T00:17:01.000000+00:00,3338,2025-09-26T09:17:53.619556+00:00,0
toronto_lockers,2025-07-02T13:15:56.000000+00:00,19,2025-09-26T09:17:54.469395+00:00,85
bicycle-parking-high-capacity-outdoor,2025-03-27T14:19:12.486700+00:00,142,2025-09-27T09:14:19.497841+00:00,183
bicycle-parking-racks,2025-03-27T15:53:28.493324+00:00,158,2025-09-27T09:14:19.945503+00:00,183
bicycle-parking-bike-stations-indoor,2025-03-27T14:19:24.333661+00:00,5,2025-09-27T09:14:20.279608+00:00,183
street-furniture-bicycle-parking,2025-09-27T03:04:12.777703+00:00,16920,2025-09-27T09:14:23.122037+00:00,0
osm_bicycle_parking_city_of_toronto,2025-09-27T00:42:35.000000+00:00,3352,2025-09-27T09:14:50.819201+00:00,0
toronto_lockers,2025-07-02T13:15:56.000000+00:00,19,2025-09-27T09:14:51.670374+00:00,86
bicycle-parking-high-capacity-outdoor,2025-03-27T14:19:12.486700+00:00,142,2025-09-28T09:14:27.755558+00:00,184
bicycle-parking-racks,2025-03-27T15:53:28.493324+00:00,158,2025-09-28T09:14:28.696436+00:00,184
bicycle-parking-bike-stations-indoor,2025-03-27T14:19:24.333661+00:00,5,2025-09-28T09:14:29.003051+00:00,184
street-furniture-bicycle-parking,2025-09-27T03:04:12.777703+00:00,16920,2025-09-28T09:14:32.418885+00:00,1
osm_bicycle_parking_city_of_toronto,2025-09-28T01:33:09.000000+00:00,3391,2025-09-28T09:14:52.942184+00:00,0
toronto_lockers,2025-07-02T13:15:56.000000+00:00,19,2025-09-28T09:14:53.714950+00:00,87
bicycle-parking-high-capacity-outdoor,2025-03-27T14:19:12.486700+00:00,142,2025-09-29T09:29:44.751357+00:00,185
bicycle-parking-racks,2025-03-27T15:53:28.493324+00:00,158,2025-09-29T09:29:44.982217+00:00,185
bicycle-parking-bike-stations-indoor,2025-03-27T14:19:24.333661+00:00,5,2025-09-29T09:29:45.278681+00:00,185
street-furniture-bicycle-parking,2025-09-27T03:04:12.777703+00:00,16920,2025-09-29T09:29:48.454616+00:00,2
osm_bicycle_parking_city_of_toronto,2025-09-29T01:13:10.000000+00:00,3419,2025-09-29T09:30:14.788931+00:00,0
toronto_lockers,2025-07-02T13:15:56.000000+00:00,19,2025-09-29T09:30:15.630937+00:00,88
bicycle-parking-high-capacity-outdoor,2025-03-27T14:19:12.486700+00:00,142,2025-09-30T09:17:29.337501+00:00,186
bicycle-parking-racks,2025-03-27T15:53:28.493324+00:00,158,2025-09-30T09:17:29.720080+00:00,186
bicycle-parking-bike-stations-indoor,2025-03-27T14:19:24.333661+00:00,5,2025-09-30T09:17:29.984832+00:00,186
street-furniture-bicycle-parking,2025-09-27T03:04:12.777703+00:00,16920,2025-09-30T09:17:32.653270+00:00,3
osm_bicycle_parking_city_of_toronto,2025-09-30T00:50:49.000000+00:00,3451,2025-09-30T09:17:58.345541+00:00,0
toronto_lockers,2025-07-02T13:15:56.000000+00:00,19,2025-09-30T09:17:59.158839+00:00,89
bicycle-parking-high-capacity-outdoor,2025-03-27T14:19:12.486700+00:00,142,2025-10-01T09:17:35.428317+00:00,187
bicycle-parking-racks,2025-03-27T15:53:28.493324+00:00,158,2025-10-01T09:17:36.142391+00:00,187
bicycle-parking-bike-stations-indoor,2025-03-27T14:19:24.333661+00:00,5,2025-10-01T09:17:36.433999+00:00,187
street-furniture-bicycle-parking,2025-10-01T03:04:32.716145+00:00,16918,2025-10-01T09:17:39.808909+00:00,0
osm_bicycle_parking_city_of_toronto,2025-10-01T00:20:39.000000+00:00,3512,2025-10-01T09:18:06.469280+00:00,0
toronto_lockers,2025-07-02T13:15:56.000000+00:00,19,2025-10-01T09:18:07.205970+00:00,90
bicycle-parking-high-capacity-outdoor,2025-03-27T14:19:12.486700+00:00,142,2025-10-02T09:16:30.712617+00:00,188
bicycle-parking-racks,2025-03-27T15:53:28.493324+00:00,158,2025-10-02T09:16:31.057311+00:00,188
bicycle-parking-bike-stations-indoor,2025-03-27T14:19:24.333661+00:00,5,2025-10-02T09:16:31.380522+00:00,188
street-furniture-bicycle-parking,2025-10-02T03:04:23.057567+00:00,16918,2025-10-02T09:16:34.291570+00:00,0
osm_bicycle_parking_city_of_toronto,2025-10-02T00:49:48.000000+00:00,3521,2025-10-02T09:17:01.122228+00:00,0
toronto_lockers,2025-07-02T13:15:56.000000+00:00,19,2025-10-02T09:17:02.043051+00:00,91
bicycle-parking-high-capacity-outdoor,2025-03-27T14:19:12.486700+00:00,142,2025-10-03T09:15:59.082857+00:00,189
bicycle-parking-racks,2025-03-27T15:53:28.493324+00:00,158,2025-10-03T09:15:59.652796+00:00,189
bicycle-parking-bike-stations-indoor,2025-03-27T14:19:24.333661+00:00,5,2025-10-03T09:15:59.962082+00:00,189
street-furniture-bicycle-parking,2025-10-02T03:04:23.057567+00:00,16918,2025-10-03T09:16:03.503506+00:00,1
osm_bicycle_parking_city_of_toronto,2025-10-03T00:37:28.000000+00:00,3528,2025-10-03T09:16:30.081275+00:00,0
toronto_lockers,2025-07-02T13:15:56.000000+00:00,19,2025-10-03T09:16:30.835697+00:00,92
bicycle-parking-high-capacity-outdoor,2025-03-27T14:19:12.486700+00:00,142,2025-10-04T09:14:13.377720+00:00,190
bicycle-parking-racks,2025-03-27T15:53:28.493324+00:00,158,2025-10-04T09:14:13.778612+00:00,190
bicycle-parking-bike-stations-indoor,2025-03-27T14:19:24.333661+00:00,5,2025-10-04T09:14:14.129056+00:00,190
street-furniture-bicycle-parking,2025-10-04T03:04:31.963108+00:00,16908,2025-10-04T09:14:16.895493+00:00,0
osm_bicycle_parking_city_of_toronto,2025-10-04T00:48:19.000000+00:00,3545,2025-10-04T09:14:40.772731+00:00,0
toronto_lockers,2025-07-02T13:15:56.000000+00:00,19,2025-10-04T09:14:41.752114+00:00,93
bicycle-parking-high-capacity-outdoor,2025-03-27T14:19:12.486700+00:00,142,2025-10-06T09:29:37.802359+00:00,192
bicycle-parking-racks,2025-03-27T15:53:28.493324+00:00,158,2025-10-06T09:29:38.387059+00:00,192
bicycle-parking-bike-stations-indoor,2025-03-27T14:19:24.333661+00:00,5,2025-10-06T09:29:38.739386+00:00,192
street-furniture-bicycle-parking,2025-10-04T03:04:31.963108+00:00,16908,2025-10-06T09:29:42.836775+00:00,2
osm_bicycle_parking_city_of_toronto,2025-10-06T00:45:37.000000+00:00,3571,2025-10-06T09:30:04.995249+00:00,0
toronto_lockers,2025-07-02T13:15:56.000000+00:00,19,2025-10-06T09:30:05.708405+00:00,95
bicycle-parking-high-capacity-outdoor,2025-03-27T14:19:12.486700+00:00,142,2025-10-08T09:23:28.607012+00:00,194
bicycle-parking-racks,2025-03-27T15:53:28.493324+00:00,158,2025-10-08T09:23:29.540139+00:00,194
bicycle-parking-bike-stations-indoor,2025-03-27T14:19:24.333661+00:00,5,2025-10-08T09:23:29.828313+00:00,194
street-furniture-bicycle-parking,2025-10-08T03:04:29.876657+00:00,16908,2025-10-08T09:23:33.237879+00:00,0
osm_bicycle_parking_city_of_toronto,2025-10-08T00:21:22.000000+00:00,3633,2025-10-08T09:24:06.003448+00:00,0
toronto_lockers,2025-07-02T13:15:56.000000+00:00,19,2025-10-08T09:24:06.768758+00:00,97
bicycle-parking-high-capacity-outdoor,2025-03-27T14:19:12.486700+00:00,142,2025-10-09T10:19:08.475744+00:00,195
bicycle-parking-racks,2025-03-27T15:53:28.493324+00:00,158,2025-10-09T10:19:09.123815+00:00,195
bicycle-parking-bike-stations-indoor,2025-03-27T14:19:24.333661+00:00,5,2025-10-09T10:19:09.509734+00:00,195
street-furniture-bicycle-parking,2025-10-08T03:04:29.876657+00:00,16908,2025-10-09T10:19:12.319290+00:00,1
osm_bicycle_parking_city_of_toronto,2025-10-08T23:51:17.000000+00:00,3648,2025-10-09T10:19:42.953858+00:00,0
toronto_lockers,2025-07-02T13:15:56.000000+00:00,19,2025-10-09T10:19:43.785471+00:00,98
bicycle-parking-high-capacity-outdoor,2025-03-27T14:19:12.486700+00:00,142,2025-10-10T09:17:47.654400+00:00,196
bicycle-parking-racks,2025-03-27T15:53:28.493324+00:00,158,2025-10-10T09:17:48.240581+00:00,196
bicycle-parking-bike-stations-indoor,2025-03-27T14:19:24.333661+00:00,5,2025-10-10T09:17:48.565060+00:00,196
street-furniture-bicycle-parking,2025-10-08T03:04:29.876657+00:00,16908,2025-10-10T09:17:51.330472+00:00,2
osm_bicycle_parking_city_of_toronto,2025-10-10T00:00:07.000000+00:00,3664,2025-10-10T09:18:16.609884+00:00,0
toronto_lockers,2025-07-02T13:15:56.000000+00:00,19,2025-10-10T09:18:17.400137+00:00,99
bicycle-parking-high-capacity-outdoor,2025-03-27T14:19:12.486700+00:00,142,2025-10-11T09:14:09.394093+00:00,197
bicycle-parking-racks,2025-03-27T15:53:28.493324+00:00,158,2025-10-11T09:14:09.687524+00:00,197
bicycle-parking-bike-stations-indoor,2025-03-27T14:19:24.333661+00:00,5,2025-10-11T09:14:09.894069+00:00,197
street-furniture-bicycle-parking,2025-10-08T03:04:29.876657+00:00,16908,2025-10-11T09:14:12.476508+00:00,3
osm_bicycle_parking_city_of_toronto,2025-10-11T00:58:58.000000+00:00,3685,2025-10-11T09:14:38.215508+00:00,0
toronto_lockers,2025-07-02T13:15:56.000000+00:00,19,2025-10-11T09:14:39.191872+00:00,100
bicycle-parking-high-capacity-outdoor,2025-03-27T14:19:12.486700+00:00,142,2025-10-12T09:14:22.979265+00:00,198
bicycle-parking-racks,2025-03-27T15:53:28.493324+00:00,158,2025-10-12T09:14:23.239658+00:00,198
bicycle-parking-bike-stations-indoor,2025-03-27T14:19:24.333661+00:00,5,2025-10-12T09:14:23.435104+00:00,198
street-furniture-bicycle-parking,2025-10-08T03:04:29.876657+00:00,16908,2025-10-12T09:14:25.985790+00:00,4
osm_bicycle_parking_city_of_toronto,2025-10-12T01:54:47.000000+00:00,3706,2025-10-12T09:14:50.028602+00:00,0
toronto_lockers,2025-07-02T13:15:56.000000+00:00,19,2025-10-12T09:14:50.946172+00:00,101
bicycle-parking-high-capacity-outdoor,2025-03-27T14:19:12.486700+00:00,142,2025-10-13T09:31:01.787241+00:00,199
bicycle-parking-racks,2025-03-27T15:53:28.493324+00:00,158,2025-10-13T09:31:02.815890+00:00,199
bicycle-parking-bike-stations-indoor,2025-03-27T14:19:24.333661+00:00,5,2025-10-13T09:31:03.147931+00:00,199
street-furniture-bicycle-parking,2025-10-08T03:04:29.876657+00:00,16908,2025-10-13T09:31:07.021359+00:00,5
osm_bicycle_parking_city_of_toronto,2025-10-13T00:35:16.000000+00:00,3798,2025-10-13T09:31:33.826619+00:00,0
toronto_lockers,2025-07-02T13:15:56.000000+00:00,19,2025-10-13T09:31:34.617342+00:00,102
bicycle-parking-high-capacity-outdoor,2025-03-27T14:19:12.486700+00:00,142,2025-10-14T11:15:23.715094+00:00,200
bicycle-parking-racks,2025-03-27T15:53:28.493324+00:00,158,2025-10-14T11:15:24.224577+00:00,200
bicycle-parking-bike-stations-indoor,2025-03-27T14:19:24.333661+00:00,5,2025-10-14T11:15:24.617112+00:00,200
street-furniture-bicycle-parking,2025-10-08T03:04:29.876657+00:00,16908,2025-10-14T11:15:27.254697+00:00,6
osm_bicycle_parking_city_of_toronto,2025-10-14T00:09:15.000000+00:00,3844,2025-10-14T11:15:53.104789+00:00,0
toronto_lockers,2025-07-02T13:15:56.000000+00:00,19,2025-10-14T11:15:54.156646+00:00,103
bicycle-parking-high-capacity-outdoor,2025-03-27T14:19:12.486700+00:00,142,2025-10-15T09:17:36.469261+00:00,201
bicycle-parking-racks,2025-03-27T15:53:28.493324+00:00,158,2025-10-15T09:17:36.824551+00:00,201
bicycle-parking-bike-stations-indoor,2025-03-27T14:19:24.333661+00:00,5,2025-10-15T09:17:37.015424+00:00,201
street-furniture-bicycle-parking,2025-10-15T03:05:16.824619+00:00,16907,2025-10-15T09:17:39.600606+00:00,0
osm_bicycle_parking_city_of_toronto,2025-10-14T16:53:07.000000+00:00,3845,2025-10-15T09:18:07.223389+00:00,0
toronto_lockers,2025-07-02T13:15:56.000000+00:00,19,2025-10-15T09:18:08.196330+00:00,104
bicycle-parking-high-capacity-outdoor,2025-03-27T14:19:12.486700+00:00,142,2025-10-16T09:18:11.504345+00:00,202
bicycle-parking-racks,2025-03-27T15:53:28.493324+00:00,158,2025-10-16T09:18:12.149906+00:00,202
bicycle-parking-bike-stations-indoor,2025-03-27T14:19:24.333661+00:00,5,2025-10-16T09:18:12.606509+00:00,202
street-furniture-bicycle-parking,2025-10-16T03:05:09.326843+00:00,16907,2025-10-16T09:18:16.040328+00:00,0
osm_bicycle_parking_city_of_toronto,2025-10-16T00:03:42.000000+00:00,3870,2025-10-16T09:18:47.428076+00:00,0
toronto_lockers,2025-07-02T13:15:56.000000+00:00,19,2025-10-16T09:18:48.191221+00:00,105
bicycle-parking-high-capacity-outdoor,2025-03-27T14:19:12.486700+00:00,142,2025-10-17T09:17:59.053701+00:00,203
bicycle-parking-racks,2025-03-27T15:53:28.493324+00:00,158,2025-10-17T09:17:59.433715+00:00,203
bicycle-parking-bike-stations-indoor,2025-03-27T14:19:24.333661+00:00,5,2025-10-17T09:17:59.727669+00:00,203
street-furniture-bicycle-parking,2025-10-16T03:05:09.326843+00:00,16907,2025-10-17T09:18:02.489086+00:00,1
osm_bicycle_parking_city_of_toronto,2025-10-17T00:18:08.000000+00:00,3894,2025-10-17T09:18:26.722581+00:00,0
toronto_lockers,2025-07-02T13:15:56.000000+00:00,19,2025-10-17T09:18:27.664830+00:00,106
bicycle-parking-high-capacity-outdoor,2025-03-27T14:19:12.486700+00:00,142,2025-10-19T09:14:27.024421+00:00,205
bicycle-parking-racks,2025-03-27T15:53:28.493324+00:00,158,2025-10-19T09:14:27.291286+00:00,205
bicycle-parking-bike-stations-indoor,2025-03-27T14:19:24.333661+00:00,5,2025-10-19T09:14:27.522956+00:00,205
street-furniture-bicycle-parking,2025-10-18T03:05:07.168394+00:00,16907,2025-10-19T09:14:30.156765+00:00,1
osm_bicycle_parking_city_of_toronto,2025-10-19T01:31:55.000000+00:00,4010,2025-10-19T09:14:56.491077+00:00,0
toronto_lockers,2025-07-02T13:15:56.000000+00:00,19,2025-10-19T09:14:57.484311+00:00,108
bicycle-parking-high-capacity-outdoor,2025-03-27T14:19:12.486700+00:00,142,2025-10-20T09:29:56.282128+00:00,206
bicycle-parking-racks,2025-03-27T15:53:28.493324+00:00,158,2025-10-20T09:29:57.305216+00:00,206
bicycle-parking-bike-stations-indoor,2025-03-27T14:19:24.333661+00:00,5,2025-10-20T09:29:57.700899+00:00,206
street-furniture-bicycle-parking,2025-10-18T03:05:07.168394+00:00,16907,2025-10-20T09:30:01.321141+00:00,2
osm_bicycle_parking_city_of_toronto,2025-10-20T00:43:22.000000+00:00,4042,2025-10-20T09:30:30.327645+00:00,0
toronto_lockers,2025-07-02T13:15:56.000000+00:00,19,2025-10-20T09:30:31.954292+00:00,109
bicycle-parking-high-capacity-outdoor,2025-03-27T14:19:12.486700+00:00,142,2025-10-21T09:18:03.431665+00:00,207
bicycle-parking-racks,2025-03-27T15:53:28.493324+00:00,158,2025-10-21T09:18:03.861871+00:00,207
bicycle-parking-bike-stations-indoor,2025-03-27T14:19:24.333661+00:00,5,2025-10-21T09:18:04.198985+00:00,207
street-furniture-bicycle-parking,2025-10-18T03:05:07.168394+00:00,16907,2025-10-21T09:18:06.980510+00:00,3
osm_bicycle_parking_city_of_toronto,2025-10-21T00:27:07.000000+00:00,4069,2025-10-21T09:18:40.390000+00:00,0
toronto_lockers,2025-07-02T13:15:56.000000+00:00,19,2025-10-21T09:18:41.400448+00:00,110
bicycle-parking-high-capacity-outdoor,2025-03-27T14:19:12.486700+00:00,142,2025-10-22T09:18:59.304298+00:00,208
bicycle-parking-racks,2025-03-27T15:53:28.493324+00:00,158,2025-10-22T09:18:59.643592+00:00,208
bicycle-parking-bike-stations-indoor,2025-03-27T14:19:24.333661+00:00,5,2025-10-22T09:19:00.430106+00:00,208
street-furniture-bicycle-parking,2025-10-22T03:05:08.118236+00:00,16905,2025-10-22T09:19:03.751356+00:00,0
osm_bicycle_parking_city_of_toronto,2025-10-22T00:22:22.000000+00:00,4074,2025-10-22T09:19:37.105195+00:00,0
toronto_lockers,2025-07-02T13:15:56.000000+00:00,19,2025-10-22T09:19:37.903192+00:00,111
