{
"type": "FeatureCollection",
"name": "voronoi_theft_rates_disjoint",
"crs": { "type": "name", "properties": { "name": "urn:ogc:def:crs:OGC:1.3:CRS84" } },
"features": [
{ "type": "Feature", "properties": { "vor_id": 0, "theft_count": 11, "bike_trips": 7315.0, "theft_per_1000_trips": "1.5037593984962407" }, "geometry": { "type": "Polygon", "coordinates": [ [ [ -79.430098857349691, 43.790958574867503 ], [ -79.423234524592701, 43.794102832400966 ], [ -79.421587617183803, 43.792909451140162 ], [ -79.42215782091489, 43.788154783515523 ], [ -79.427702341030141, 43.784360749269226 ], [ -79.428127492559511, 43.784430258335803 ], [ -79.430098857349691, 43.790958574867503 ] ] ] } },
{ "type": "Feature", "properties": { "vor_id": 1, "theft_count": 19, "bike_trips": 2149.0, "theft_per_1000_trips": "8.841321544904607" }, "geometry": { "type": "Polygon", "coordinates": [ [ [ -79.400591451040526, 43.655958910444149 ], [ -79.400805048438613, 43.656984522768994 ], [ -79.400132062051938, 43.65725831859524 ], [ -79.398942328533053, 43.657508118503877 ], [ -79.398509158791157, 43.657093045003926 ], [ -79.398529847850995, 43.656890335373781 ], [ -79.399276815827648, 43.656358636662922 ], [ -79.400464225822262, 43.655891881651684 ], [ -79.400591451040526, 43.655958910444149 ] ] ] } },
{ "type": "Feature", "properties": { "vor_id": 2, "theft_count": 32, "bike_trips": 2169.0, "theft_per_1000_trips": "14.753342554172429" }, "geometry": { "type": "Polygon", "coordinates": [ [ [ -79.396857926409353, 43.633929033345751 ], [ -79.392810296669666, 43.630327862498334 ], [ -79.388640550003089, 43.622762471862089 ], [ -79.399806839503896, 43.603639767791691 ], [ -79.407427681978035, 43.602238373977301 ], [ -79.406536962608953, 43.618455908673383 ], [ -79.405299382012146, 43.628558145506354 ], [ -79.399856305164931, 43.634171361524423 ], [ -79.399031690027925, 43.634292232663725 ], [ -79.396857926409353, 43.633929033345751 ] ] ] } },
{ "type": "Feature", "properties": { "vor_id": 3, "theft_count": 10, "bike_trips": 1291.0, "theft_per_1000_trips": "7.745933384972889" }, "geometry": { "type": "Polygon", "coordinates": [ [ [ -79.331409291716724, 43.668999378313686 ], [ -79.331315236135097, 43.668830465845446 ], [ -79.331182823400596, 43.668174712958418 ], [ -79.332613996139941, 43.666452240843093 ], [ -79.333307880160078, 43.669553871378881 ], [ -79.331409291716724, 43.668999378313686 ] ] ] } },
{ "type": "Feature", "properties": { "vor_id": 4, "theft_count": 86, "bike_trips": 1046.0, "theft_per_1000_trips": "82.21797323135756" }, "geometry": { "type": "Polygon", "coordinates": [ [ [ -79.386815593763885, 43.668817043590181 ], [ -79.386740012986991, 43.668445570238013 ], [ -79.387683529492151, 43.667579804572703 ], [ -79.388021811532695, 43.667745116350794 ], [ -79.38826266096639, 43.669015191343966 ], [ -79.387572175137535, 43.669288472485867 ], [ -79.387241129599701, 43.669288249626064 ], [ -79.386815593763885, 43.668817043590181 ] ] ] } },
{ "type": "Feature", "properties": { "vor_id": 5, "theft_count": 58, "bike_trips": 3125.0, "theft_per_1000_trips": "18.56" }, "geometry": { "type": "Polygon", "coordinates": [ [ [ -79.373721143277265, 43.644531266873294 ], [ -79.37399147236215, 43.643694271966446 ], [ -79.376422587654005, 43.64263859643625 ], [ -79.376680534633351, 43.643053314083026 ], [ -79.376697382267963, 43.643355868246537 ], [ -79.373721143277265, 43.644531266873294 ] ] ] } },
{ "type": "Feature", "properties": { "vor_id": 6, "theft_count": 13, "bike_trips": 1184.0, "theft_per_1000_trips": "10.97972972972973" }, "geometry": { "type": "Polygon", "coordinates": [ [ [ -79.422560510154071, 43.68370409882904 ], [ -79.422930882032261, 43.685557380634727 ], [ -79.422785448361353, 43.685855294916955 ], [ -79.419609198702858, 43.684812640067754 ], [ -79.42032037513701, 43.683903210807088 ], [ -79.421090578734734, 43.68327872137948 ], [ -79.422560510154071, 43.68370409882904 ] ] ] } },
{ "type": "Feature", "properties": { "vor_id": 7, "theft_count": 27, "bike_trips": 2089.0, "theft_per_1000_trips": "12.924844423168981" }, "geometry": { "type": "Polygon", "coordinates": [ [ [ -79.380736682110353, 43.65474300877716 ], [ -79.382196713039477, 43.655428010962304 ], [ -79.38219701032601, 43.655446384943339 ], [ -79.380238471308004, 43.656285355433106 ], [ -79.380076495773082, 43.655937044157213 ], [ -79.379896361891966, 43.655099021696273 ], [ -79.380736682110353, 43.65474300877716 ] ] ] } },
{ "type": "Feature", "properties": { "vor_id": 8, "theft_count": 15, "bike_trips": 2199.0, "theft_per_1000_trips": "6.8212824010914055" }, "geometry": { "type": "Polygon", "coordinates": [ [ [ -79.4181261555823, 43.661303547651464 ], [ -79.417969149314359, 43.661259652375001 ], [ -79.417598427788818, 43.659427751318951 ], [ -79.420501207459708, 43.65829351568469 ], [ -79.421070218593925, 43.660948633014947 ], [ -79.419493032031298, 43.66155281738402 ], [ -79.4181261555823, 43.661303547651464 ] ] ] } },
{ "type": "Feature", "properties": { "vor_id": 9, "theft_count": 14, "bike_trips": 8738.0, "theft_per_1000_trips": "1.6021972991531241" }, "geometry": { "type": "Polygon", "coordinates": [ [ [ -79.33533300113281, 43.765263132858692 ], [ -79.330315708620986, 43.749428598833831 ], [ -79.343802773788454, 43.750641178691836 ], [ -79.347448527375661, 43.751829436671208 ], [ -79.350218210556591, 43.757100019615393 ], [ -79.33533300113281, 43.765263132858692 ] ] ] } },
{ "type": "Feature", "properties": { "vor_id": 10, "theft_count": 52, "bike_trips": 3182.0, "theft_per_1000_trips": "16.341923318667504" }, "geometry": { "type": "Polygon", "coordinates": [ [ [ -79.382307816972755, 43.64135530029008 ], [ -79.381970411412141, 43.642036018207726 ], [ -79.380336733049845, 43.642692239188015 ], [ -79.380063879788352, 43.642050848813788 ], [ -79.382152403131414, 43.64113189854136 ], [ -79.382307816972755, 43.64135530029008 ] ] ] } },
{ "type": "Feature", "properties": { "vor_id": 11, "theft_count": 30, "bike_trips": 2033.0, "theft_per_1000_trips": "14.756517461878998" }, "geometry": { "type": "Polygon", "coordinates": [ [ [ -79.355217715683409, 43.658122833979256 ], [ -79.356673122386937, 43.65717867973261 ], [ -79.358210250572469, 43.6583081871267 ], [ -79.358187959996343, 43.659093008107952 ], [ -79.357876368053766, 43.659413449939997 ], [ -79.355321158652359, 43.658775886816642 ], [ -79.355217715683409, 43.658122833979256 ] ] ] } },
{ "type": "Feature", "properties": { "vor_id": 12, "theft_count": 41, "bike_trips": 4295.0, "theft_per_1000_trips": "9.545983701979045" }, "geometry": { "type": "Polygon", "coordinates": [ [ [ -79.394900403855374, 43.648790729807921 ], [ -79.395999360432626, 43.648342003619945 ], [ -79.396742263743377, 43.648230195822052 ], [ -79.396883326815299, 43.648904756938798 ], [ -79.395080827282271, 43.649654761989026 ], [ -79.394900403855374, 43.648790729807921 ] ] ] } },
{ "type": "Feature", "properties": { "vor_id": 13, "theft_count": 22, "bike_trips": 4595.0, "theft_per_1000_trips": "4.787812840043526" }, "geometry": { "type": "Polygon", "coordinates": [ [ [ -79.343709496889062, 43.658266056799022 ], [ -79.343151117381581, 43.659407631840736 ], [ -79.343149568051885, 43.659408272056297 ], [ -79.340284361067589, 43.659281335837882 ], [ -79.339033085416375, 43.65877097328589 ], [ -79.337949579373188, 43.657114954556711 ], [ -79.34084832981047, 43.655908677368437 ], [ -79.342277583791812, 43.657204077668233 ], [ -79.343709496889062, 43.658266056799022 ] ] ] } },
{ "type": "Feature", "properties": { "vor_id": 14, "theft_count": 36, "bike_trips": 2149.0, "theft_per_1000_trips": "16.75197766402978" }, "geometry": { "type": "Polygon", "coordinates": [ [ [ -79.407699878906953, 43.67155010993006 ], [ -79.407859009674922, 43.672748283191616 ], [ -79.405898755699667, 43.67453444405654 ], [ -79.405266706854164, 43.671402447509188 ], [ -79.406065709066127, 43.671085123614134 ], [ -79.406956636854758, 43.671263871636995 ], [ -79.407699878906953, 43.67155010993006 ] ] ] } },
{ "type": "Feature", "properties": { "vor_id": 15, "theft_count": 31, "bike_trips": 16067.0, "theft_per_1000_trips": "1.9294205514408413" }, "geometry": { "type": "MultiPolygon", "coordinates": [ [ [ [ -79.163027391059316, 43.748089929940669 ], [ -79.166322574668129, 43.751725604791815 ], [ -79.169245532615122, 43.755666757349019 ], [ -79.171723770582076, 43.759801447604318 ], [ -79.170158563208076, 43.758382826331967 ], [ -79.166217410650873, 43.755459868384975 ], [ -79.162008735841198, 43.752937285782686 ], [ -79.157573070618142, 43.750839372374536 ], [ -79.156296103584822, 43.750382466264078 ], [ -79.161509391256089, 43.746714095116445 ], [ -79.163027391059316, 43.748089929940669 ] ] ], [ [ [ -79.132737306224953, 43.786134072387298 ], [ -79.134201600830266, 43.783906970902457 ], [ -79.145624269367772, 43.781046957332741 ], [ -79.152328686117642, 43.767229088285923 ], [ -79.158478384532131, 43.774033779380119 ], [ -79.165547625501119, 43.776966298708537 ], [ -79.176422126135662, 43.783261149776834 ], [ -79.176458796271689, 43.784859418694971 ], [ -79.158501553107897, 43.799979818223676 ], [ -79.155615147347504, 43.80643087378801 ], [ -79.14515084093847, 43.791793623367035 ], [ -79.131126673316999, 43.791767642509761 ], [ -79.132737306224953, 43.786134072387298 ] ] ] ] } },
{ "type": "Feature", "properties": { "vor_id": 16, "theft_count": 15, "bike_trips": 1036.0, "theft_per_1000_trips": "14.478764478764479" }, "geometry": { "type": "Polygon", "coordinates": [ [ [ -79.37581781969304, 43.65192792798949 ], [ -79.375989340413483, 43.652657636939693 ], [ -79.374962058461193, 43.653086517949745 ], [ -79.374456285740436, 43.652504087432391 ], [ -79.37581781969304, 43.65192792798949 ] ] ] } },
{ "type": "Feature", "properties": { "vor_id": 17, "theft_count": 10, "bike_trips": 1102.0, "theft_per_1000_trips": "9.074410163339383" }, "geometry": { "type": "Polygon", "coordinates": [ [ [ -79.419893409501384, 43.649889049821617 ], [ -79.420441503215372, 43.65107506205505 ], [ -79.420600183152246, 43.651880492690793 ], [ -79.420338126260333, 43.652214991994569 ], [ -79.419279789907961, 43.653057062718318 ], [ -79.416342853350841, 43.652540260672744 ], [ -79.415786986485628, 43.651499764030106 ], [ -79.419893409501384, 43.649889049821617 ] ] ] } },
{ "type": "Feature", "properties": { "vor_id": 18, "theft_count": 8, "bike_trips": 7513.0, "theft_per_1000_trips": "1.0648209769732464" }, "geometry": { "type": "Polygon", "coordinates": [ [ [ -79.48212201220467, 43.701734863204855 ], [ -79.494069009894105, 43.705800718835548 ], [ -79.494315448111792, 43.706375134647459 ], [ -79.4956894406494, 43.710476974029902 ], [ -79.493071176019413, 43.720859904290919 ], [ -79.491873102828336, 43.721604703194906 ], [ -79.478842167180332, 43.716948545226252 ], [ -79.479857158836964, 43.702638864673894 ], [ -79.48212201220467, 43.701734863204855 ] ] ] } },
{ "type": "Feature", "properties": { "vor_id": 19, "theft_count": 16, "bike_trips": 3819.0, "theft_per_1000_trips": "4.189578423671119" }, "geometry": { "type": "Polygon", "coordinates": [ [ [ -79.309110801703071, 43.675924037370017 ], [ -79.308634587946315, 43.676231107714671 ], [ -79.306096641261192, 43.676032715906352 ], [ -79.305055375364788, 43.675129762828099 ], [ -79.306342826372301, 43.673377298841295 ], [ -79.306854705406977, 43.673363842079993 ], [ -79.309110801703071, 43.675924037370017 ] ] ] } },
{ "type": "Feature", "properties": { "vor_id": 20, "theft_count": 46, "bike_trips": 1074.0, "theft_per_1000_trips": "42.83054003724395" }, "geometry": { "type": "Polygon", "coordinates": [ [ [ -79.401890069531461, 43.670793220746972 ], [ -79.402458515244291, 43.67349920970819 ], [ -79.401515991154113, 43.674913861684864 ], [ -79.399045437096945, 43.67454686755363 ], [ -79.398513965469405, 43.673610497676151 ], [ -79.398495702140721, 43.67284314510259 ], [ -79.400459056444447, 43.671011065351692 ], [ -79.401890069531461, 43.670793220746972 ] ] ] } },
{ "type": "Feature", "properties": { "vor_id": 21, "theft_count": 10, "bike_trips": 3291.0, "theft_per_1000_trips": "3.038590094196293" }, "geometry": { "type": "Polygon", "coordinates": [ [ [ -79.419470140813914, 43.639212330242991 ], [ -79.421786075855792, 43.638327696635614 ], [ -79.421769654971584, 43.639722453093064 ], [ -79.419446263836946, 43.641819251704206 ], [ -79.419399166640844, 43.641819184625227 ], [ -79.418810781011288, 43.640606429415342 ], [ -79.419470140813914, 43.639212330242991 ] ] ] } },
{ "type": "Feature", "properties": { "vor_id": 22, "theft_count": 3, "bike_trips": 1075.0, "theft_per_1000_trips": "2.7906976744186047" }, "geometry": { "type": "Polygon", "coordinates": [ [ [ -79.406956636854758, 43.671263871636995 ], [ -79.406065709066127, 43.671085123614134 ], [ -79.405684478459449, 43.669273892666077 ], [ -79.406500112865118, 43.669235560176702 ], [ -79.406956636854758, 43.671263871636995 ] ] ] } },
{ "type": "Feature", "properties": { "vor_id": 23, "theft_count": 44, "bike_trips": 1063.0, "theft_per_1000_trips": "41.3922859830668" }, "geometry": { "type": "Polygon", "coordinates": [ [ [ -79.381970411412141, 43.642036018207726 ], [ -79.382307816972755, 43.64135530029008 ], [ -79.382332639487686, 43.641359046941226 ], [ -79.383323387457352, 43.64219785888374 ], [ -79.383637552226503, 43.643736664116418 ], [ -79.382640872540719, 43.643966328507901 ], [ -79.382365435600263, 43.643934419922267 ], [ -79.381970411412141, 43.642036018207726 ] ] ] } },
{ "type": "Feature", "properties": { "vor_id": 24, "theft_count": 91, "bike_trips": 8504.0, "theft_per_1000_trips": "10.700846660395108" }, "geometry": { "type": "Polygon", "coordinates": [ [ [ -79.291366930959086, 43.692738399761829 ], [ -79.285142525622916, 43.696930382978564 ], [ -79.284964911031409, 43.696923436594638 ], [ -79.284948035186673, 43.689389249901559 ], [ -79.286406377007836, 43.688012712593363 ], [ -79.291209336716747, 43.689327476132483 ], [ -79.291366930959086, 43.692738399761829 ] ] ] } },
{ "type": "Feature", "properties": { "vor_id": 25, "theft_count": 14, "bike_trips": 3125.0, "theft_per_1000_trips": "4.4799999999999995" }, "geometry": { "type": "Polygon", "coordinates": [ [ [ -79.377377881934706, 43.647185744857396 ], [ -79.377278383498776, 43.64748468001914 ], [ -79.375176793676729, 43.648575380173767 ], [ -79.374984962006863, 43.64840373814701 ], [ -79.374467588790765, 43.647364495329654 ], [ -79.376119076534295, 43.646621260226134 ], [ -79.377377881934706, 43.647185744857396 ] ] ] } },
{ "type": "Feature", "properties": { "vor_id": 26, "theft_count": 18, "bike_trips": 1104.0, "theft_per_1000_trips": "16.304347826086957" }, "geometry": { "type": "Polygon", "coordinates": [ [ [ -79.424008269091019, 43.638714178377725 ], [ -79.421846811611019, 43.638127213770105 ], [ -79.421475359041139, 43.636249946651901 ], [ -79.421723112077274, 43.635650790414026 ], [ -79.423143049758579, 43.635132823160966 ], [ -79.424380519299774, 43.635895835337017 ], [ -79.424906111403914, 43.638367776697145 ], [ -79.424008269091019, 43.638714178377725 ] ] ] } },
{ "type": "Feature", "properties": { "vor_id": 27, "theft_count": 8, "bike_trips": 2262.0, "theft_per_1000_trips": "3.5366931918656053" }, "geometry": { "type": "Polygon", "coordinates": [ [ [ -79.471758777082172, 43.64542611137005 ], [ -79.481154870686822, 43.643309527204174 ], [ -79.480985782644808, 43.649713884246722 ], [ -79.477280509024851, 43.650002085922402 ], [ -79.476459283515112, 43.649854743660057 ], [ -79.475409845752552, 43.649186330396475 ], [ -79.472098769485854, 43.64611657645851 ], [ -79.471758777082172, 43.64542611137005 ] ] ] } },
{ "type": "Feature", "properties": { "vor_id": 28, "theft_count": 29, "bike_trips": 2062.0, "theft_per_1000_trips": "14.064015518913676" }, "geometry": { "type": "Polygon", "coordinates": [ [ [ -79.379684709222914, 43.666215206447845 ], [ -79.379981391575058, 43.666690811341915 ], [ -79.380033431780788, 43.667016780579672 ], [ -79.377833586361874, 43.667972783157737 ], [ -79.377246284949393, 43.667805328342652 ], [ -79.377454795913096, 43.667140212995911 ], [ -79.379684709222914, 43.666215206447845 ] ] ] } },
{ "type": "Feature", "properties": { "vor_id": 29, "theft_count": 33, "bike_trips": 3626.0, "theft_per_1000_trips": "9.100937672366245" }, "geometry": { "type": "Polygon", "coordinates": [ [ [ -79.398462260552932, 43.685104691526291 ], [ -79.402425407582641, 43.687024945442218 ], [ -79.402595966574367, 43.687919406076077 ], [ -79.400280282555428, 43.689766750422081 ], [ -79.396602726520541, 43.686508856183863 ], [ -79.396780732051369, 43.684962979824064 ], [ -79.398462260552932, 43.685104691526291 ] ] ] } },
{ "type": "Feature", "properties": { "vor_id": 30, "theft_count": 21, "bike_trips": 4321.0, "theft_per_1000_trips": "4.8599861143253875" }, "geometry": { "type": "Polygon", "coordinates": [ [ [ -79.381862215906494, 43.673290784745795 ], [ -79.381789339665289, 43.673817439892545 ], [ -79.381588523039895, 43.674043610501847 ], [ -79.37977611896973, 43.671629451234608 ], [ -79.379703293935052, 43.67126913798915 ], [ -79.381285483661784, 43.670589304954966 ], [ -79.381862215906494, 43.673290784745795 ] ] ] } },
{ "type": "Feature", "properties": { "vor_id": 31, "theft_count": 41, "bike_trips": 2088.0, "theft_per_1000_trips": "19.6360153256705" }, "geometry": { "type": "Polygon", "coordinates": [ [ [ -79.383753089273441, 43.663553743236001 ], [ -79.385121382343414, 43.662985011841236 ], [ -79.385383649911091, 43.663396086630911 ], [ -79.384869878575287, 43.664193042885188 ], [ -79.383900597694605, 43.664597099354893 ], [ -79.383753089273441, 43.663553743236001 ] ] ] } },
{ "type": "Feature", "properties": { "vor_id": 32, "theft_count": 3, "bike_trips": 2581.0, "theft_per_1000_trips": "1.162340178225494" }, "geometry": { "type": "Polygon", "coordinates": [ [ [ -79.331409291716724, 43.668999378313686 ], [ -79.333307880160078, 43.669553871378881 ], [ -79.334384892281037, 43.670495977664238 ], [ -79.33177960719469, 43.671116651867045 ], [ -79.330933874058147, 43.670826856656909 ], [ -79.331409291716724, 43.668999378313686 ] ] ] } },
{ "type": "Feature", "properties": { "vor_id": 33, "theft_count": 10, "bike_trips": 3399.0, "theft_per_1000_trips": "2.9420417769932334" }, "geometry": { "type": "Polygon", "coordinates": [ [ [ -79.467499832221591, 43.660826069979748 ], [ -79.469389699829662, 43.660817028833307 ], [ -79.471600517132273, 43.662653813740455 ], [ -79.471708726471604, 43.663106495631787 ], [ -79.468466341410547, 43.665360012095171 ], [ -79.467355635601493, 43.6638799497089 ], [ -79.466867433229453, 43.661680243520081 ], [ -79.467499832221591, 43.660826069979748 ] ] ] } },
{ "type": "Feature", "properties": { "vor_id": 34, "theft_count": 24, "bike_trips": 5337.0, "theft_per_1000_trips": "4.4969083754918495" }, "geometry": { "type": "Polygon", "coordinates": [ [ [ -79.504242876959182, 43.654778408668903 ], [ -79.49887882313044, 43.646437888715184 ], [ -79.509044571117968, 43.644456652037633 ], [ -79.509332246389022, 43.653423676029384 ], [ -79.505252471921636, 43.654649894602727 ], [ -79.504242876959182, 43.654778408668903 ] ] ] } },
{ "type": "Feature", "properties": { "vor_id": 35, "theft_count": 30, "bike_trips": 3226.0, "theft_per_1000_trips": "9.299442033477991" }, "geometry": { "type": "Polygon", "coordinates": [ [ [ -79.399363131353184, 43.653221230830802 ], [ -79.399142470166666, 43.653225134727748 ], [ -79.397614345287735, 43.65195393895965 ], [ -79.397614955830633, 43.651889792300253 ], [ -79.398612520985878, 43.65080342248217 ], [ -79.400797489542811, 43.650989053754202 ], [ -79.400834060386444, 43.651062026895225 ], [ -79.400224014640202, 43.652450671483983 ], [ -79.399363131353184, 43.653221230830802 ] ] ] } },
{ "type": "Feature", "properties": { "vor_id": 36, "theft_count": 86, "bike_trips": 4162.0, "theft_per_1000_trips": "20.663142719846228" }, "geometry": { "type": "Polygon", "coordinates": [ [ [ -79.379981391575058, 43.666690811341915 ], [ -79.379684709222914, 43.666215206447845 ], [ -79.379673178858596, 43.666162115503283 ], [ -79.379725679234539, 43.666034929698057 ], [ -79.380308743579775, 43.665350736308135 ], [ -79.382052930638991, 43.664621482856703 ], [ -79.382692946695158, 43.665564144645622 ], [ -79.379981391575058, 43.666690811341915 ] ] ] } },
{ "type": "Feature", "properties": { "vor_id": 37, "theft_count": 28, "bike_trips": 5899.0, "theft_per_1000_trips": "4.746567214782166" }, "geometry": { "type": "Polygon", "coordinates": [ [ [ -79.407641764433862, 43.7768606499979 ], [ -79.412747266814009, 43.777114368138328 ], [ -79.413877199361295, 43.779669160269606 ], [ -79.414018730785287, 43.781098046063491 ], [ -79.412233166908322, 43.785449352539679 ], [ -79.412015387013639, 43.785608684354578 ], [ -79.407632146186458, 43.776887444354749 ], [ -79.407641764433862, 43.7768606499979 ] ] ] } },
{ "type": "Feature", "properties": { "vor_id": 38, "theft_count": 40, "bike_trips": 2075.0, "theft_per_1000_trips": "19.27710843373494" }, "geometry": { "type": "Polygon", "coordinates": [ [ [ -79.375906860474615, 43.655903575671367 ], [ -79.376296236314275, 43.657725836214901 ], [ -79.3754566943323, 43.65863052796017 ], [ -79.374905872477328, 43.656141256442254 ], [ -79.375577932842177, 43.655864222422771 ], [ -79.375906860474615, 43.655903575671367 ] ] ] } },
{ "type": "Feature", "properties": { "vor_id": 39, "theft_count": 17, "bike_trips": 2255.0, "theft_per_1000_trips": "7.5388026607538805" }, "geometry": { "type": "Polygon", "coordinates": [ [ [ -79.466867433229453, 43.661680243520081 ], [ -79.467355635601493, 43.6638799497089 ], [ -79.464235924312078, 43.665122883828481 ], [ -79.463174615700567, 43.665055209000506 ], [ -79.463176259536397, 43.661866290782712 ], [ -79.466867433229453, 43.661680243520081 ] ] ] } },
{ "type": "Feature", "properties": { "vor_id": 41, "theft_count": 4, "bike_trips": 2455.0, "theft_per_1000_trips": "1.629327902240326" }, "geometry": { "type": "Polygon", "coordinates": [ [ [ -79.398716625987689, 43.724200414155646 ], [ -79.401038026591209, 43.7249581173593 ], [ -79.401705333775112, 43.727105387299488 ], [ -79.401386760816834, 43.72842848090572 ], [ -79.400658988589939, 43.72953690309641 ], [ -79.399754631779402, 43.729150766463498 ], [ -79.398716625987689, 43.724200414155646 ] ] ] } },
{ "type": "Feature", "properties": { "vor_id": 42, "theft_count": 18, "bike_trips": 2047.0, "theft_per_1000_trips": "8.793356130923302" }, "geometry": { "type": "Polygon", "coordinates": [ [ [ -79.37155375027551, 43.656805046670335 ], [ -79.3718321821367, 43.659726771086355 ], [ -79.371581450120999, 43.660001682475396 ], [ -79.370591966064069, 43.65990532444583 ], [ -79.370007886909661, 43.657459775739277 ], [ -79.37155375027551, 43.656805046670335 ] ] ] } },
{ "type": "Feature", "properties": { "vor_id": 43, "theft_count": 51, "bike_trips": 1037.0, "theft_per_1000_trips": "49.18032786885246" }, "geometry": { "type": "Polygon", "coordinates": [ [ [ -79.375906860474615, 43.655903575671367 ], [ -79.375577932842177, 43.655864222422771 ], [ -79.375198680470362, 43.654089346490061 ], [ -79.375984915167592, 43.654044971562733 ], [ -79.37632495089629, 43.655737927698553 ], [ -79.375906860474615, 43.655903575671367 ] ] ] } },
{ "type": "Feature", "properties": { "vor_id": 44, "theft_count": 24, "bike_trips": 2104.0, "theft_per_1000_trips": "11.406844106463879" }, "geometry": { "type": "Polygon", "coordinates": [ [ [ -79.385665479854907, 43.655631621486137 ], [ -79.385476217388103, 43.654787513451609 ], [ -79.385566183681945, 43.654634042308004 ], [ -79.386316857775384, 43.654321583796786 ], [ -79.38638859873015, 43.654337716049774 ], [ -79.386653123022612, 43.6556116935324 ], [ -79.386482676911726, 43.656117386279298 ], [ -79.385665479854907, 43.655631621486137 ] ] ] } },
{ "type": "Feature", "properties": { "vor_id": 45, "theft_count": 52, "bike_trips": 2147.0, "theft_per_1000_trips": "24.219841639496973" }, "geometry": { "type": "Polygon", "coordinates": [ [ [ -79.395336708867219, 43.669589977721884 ], [ -79.395134533838998, 43.669267004818721 ], [ -79.395629139375444, 43.66681611698948 ], [ -79.39709805764852, 43.666074679722769 ], [ -79.397520175986187, 43.666331087450004 ], [ -79.397992844249558, 43.668497916091106 ], [ -79.395336708867219, 43.669589977721884 ] ] ] } },
{ "type": "Feature", "properties": { "vor_id": 46, "theft_count": 33, "bike_trips": 2122.0, "theft_per_1000_trips": "15.551366635249765" }, "geometry": { "type": "Polygon", "coordinates": [ [ [ -79.381589112026589, 43.640093246922142 ], [ -79.381873422021215, 43.640522582600944 ], [ -79.381950806125133, 43.640783932985286 ], [ -79.379856945567596, 43.641682480790301 ], [ -79.379346478389763, 43.641186423216837 ], [ -79.381432965482531, 43.639889616404169 ], [ -79.381589112026589, 43.640093246922142 ] ] ] } },
{ "type": "Feature", "properties": { "vor_id": 47, "theft_count": 16, "bike_trips": 2039.0, "theft_per_1000_trips": "7.84698381559588" }, "geometry": { "type": "Polygon", "coordinates": [ [ [ -79.36546520396044, 43.663898646877286 ], [ -79.365777796640756, 43.66534196031764 ], [ -79.364421825786096, 43.667385436604363 ], [ -79.363882272457559, 43.664998089234942 ], [ -79.364879665579181, 43.663913388702767 ], [ -79.365281907516547, 43.663713399030513 ], [ -79.36546520396044, 43.663898646877286 ] ] ] } },
{ "type": "Feature", "properties": { "vor_id": 48, "theft_count": 83, "bike_trips": 2583.0, "theft_per_1000_trips": "32.13317847464189" }, "geometry": { "type": "Polygon", "coordinates": [ [ [ -79.33946625305822, 43.668070934866982 ], [ -79.338867188071887, 43.665370838549961 ], [ -79.340116365172847, 43.663682113075147 ], [ -79.340655319699209, 43.663729950576396 ], [ -79.341571878406612, 43.667360366543498 ], [ -79.339976765512333, 43.668570202986047 ], [ -79.33946625305822, 43.668070934866982 ] ] ] } },
{ "type": "Feature", "properties": { "vor_id": 49, "theft_count": 233, "bike_trips": 86914.0, "theft_per_1000_trips": "2.680810916538187" }, "geometry": { "type": "MultiPolygon", "coordinates": [ [ [ [ -79.577284323208175, 43.629586986668137 ], [ -79.580919998059315, 43.626291803059331 ], [ -79.584215181668128, 43.622656128208185 ], [ -79.585946990497092, 43.620321054314331 ], [ -79.588621863610157, 43.62324963889705 ], [ -79.589314648272179, 43.624096944796136 ], [ -79.589910686935326, 43.625014885854483 ], [ -79.590402839784318, 43.625992466259255 ], [ -79.591873139784326, 43.629360174259254 ], [ -79.592203386452141, 43.630223333121847 ], [ -79.592452536708578, 43.631113293926262 ], [ -79.592618462546142, 43.632022455463122 ], [ -79.594851953699489, 43.648553940572342 ], [ -79.580768389505153, 43.642624182518425 ], [ -79.573780074266409, 43.642037377790821 ], [ -79.5718287542865, 43.643306886672434 ], [ -79.5676237523612, 43.647335388745525 ], [ -79.560304403798838, 43.657986971181295 ], [ -79.56021488818584, 43.657969693857844 ], [ -79.553417733213806, 43.65713385463475 ], [ -79.54843783342659, 43.667664668045205 ], [ -79.545882859940676, 43.665348975059331 ], [ -79.542587676331863, 43.661713300208184 ], [ -79.53966471838487, 43.657772147650981 ], [ -79.537853515636627, 43.654750338424662 ], [ -79.537142135782574, 43.653563472841299 ], [ -79.536133885363284, 43.651431706437776 ], [ -79.535044222374438, 43.649127807618257 ], [ -79.533391182213393, 43.644507869862728 ], [ -79.533239278244139, 43.643901435223832 ], [ -79.532264737470925, 43.640010850370757 ], [ -79.532224160157398, 43.639848856654645 ], [ -79.532198934979832, 43.639748152100807 ], [ -79.532094638541849, 43.639045042628119 ], [ -79.532058590200407, 43.638802024450008 ], [ -79.531917427325936, 43.63785038165031 ], [ -79.5329364572343, 43.638001540458099 ], [ -79.532708499, 43.633361344 ], [ -79.532949262666392, 43.628460486983521 ], [ -79.53355987633833, 43.624344063976061 ], [ -79.53366923497984, 43.623606827899195 ], [ -79.534861482213401, 43.618847110137274 ], [ -79.535066250842505, 43.618274820157254 ], [ -79.534487446706521, 43.617074328451913 ], [ -79.536846533983478, 43.61352519281381 ], [ -79.538612435782582, 43.609791507158704 ], [ -79.541135018384878, 43.605582832349022 ], [ -79.541288894933587, 43.605375353841147 ], [ -79.544057976331871, 43.601641679791818 ], [ -79.547353159940684, 43.598006004940672 ], [ -79.548185338003776, 43.597251762709064 ], [ -79.550988834791823, 43.594710821331866 ], [ -79.551794549775991, 43.594113262373718 ], [ -79.558481023184413, 43.596266396924158 ], [ -79.55762468810623, 43.596868994391556 ], [ -79.551403463404483, 43.605465290529629 ], [ -79.551834094020037, 43.62442996260642 ], [ -79.555973369685148, 43.625741135525971 ], [ -79.566893955120605, 43.621743723428523 ], [ -79.567595675967908, 43.621486862894756 ], [ -79.568619535559222, 43.62062918631203 ], [ -79.573275947133695, 43.625697504472285 ], [ -79.576549065150047, 43.629260162802119 ], [ -79.577025609239413, 43.629778862024395 ], [ -79.577284323208175, 43.629586986668137 ] ], [ [ -79.549654397100809, 43.637587521020258 ], [ -79.554273446684476, 43.636430509331078 ], [ -79.554414114862723, 43.636395273786711 ], [ -79.559034052618244, 43.634742233625666 ], [ -79.560225609258438, 43.63417866930638 ], [ -79.559912157038482, 43.633215465130284 ], [ -79.55817407009549, 43.630087497807573 ], [ -79.555880054650885, 43.631788855615227 ], [ -79.554975660225864, 43.632330928772532 ], [ -79.55167137984121, 43.634311438217516 ], [ -79.547235714618154, 43.636409351625666 ], [ -79.543457681519598, 43.637761153483645 ], [ -79.543340719615443, 43.638379219438356 ], [ -79.544800738016477, 43.638307493333706 ], [ -79.549654397100809, 43.637587521020258 ] ] ], [ [ [ -79.598667810008763, 43.676797514163972 ], [ -79.595752432862724, 43.677840652786614 ], [ -79.590992715100811, 43.679032900020161 ], [ -79.586139056016478, 43.679752872333609 ], [ -79.581238199, 43.679993636 ], [ -79.576337341983518, 43.679752872333609 ], [ -79.571483682899185, 43.679032900020161 ], [ -79.566723965137271, 43.677840652786614 ], [ -79.566004871233332, 43.677583356873619 ], [ -79.56210402738175, 43.676187612625569 ], [ -79.560410576967655, 43.675386670229983 ], [ -79.560594755441059, 43.658231921543191 ], [ -79.598289506539643, 43.674231164376494 ], [ -79.598322465187223, 43.674241398028784 ], [ -79.598667810008763, 43.676797514163972 ] ] ], [ [ [ -79.551794549775991, 43.594113262373718 ], [ -79.547860030385891, 43.59284629410498 ], [ -79.549518534791815, 43.591343113331867 ], [ -79.553459687349019, 43.588420155384874 ], [ -79.555624581597044, 43.587122567708747 ], [ -79.558132493642901, 43.58986835498235 ], [ -79.554929987349027, 43.591787863384873 ], [ -79.551794549775991, 43.594113262373718 ] ] ] ] } },
{ "type": "Feature", "properties": { "vor_id": 50, "theft_count": 48, "bike_trips": 4242.0, "theft_per_1000_trips": "11.315417256011315" }, "geometry": { "type": "Polygon", "coordinates": [ [ [ -79.391430150313823, 43.659526057255917 ], [ -79.389803487413545, 43.661389799517337 ], [ -79.388746337506007, 43.65958515844072 ], [ -79.390892150172675, 43.659152526371621 ], [ -79.391430150313823, 43.659526057255917 ] ] ] } },
{ "type": "Feature", "properties": { "vor_id": 52, "theft_count": 6, "bike_trips": 6188.0, "theft_per_1000_trips": "0.9696186166774402" }, "geometry": { "type": "Polygon", "coordinates": [ [ [ -79.289278411745713, 43.732709163108026 ], [ -79.289928927804283, 43.735688704296876 ], [ -79.286821821847838, 43.742384007068082 ], [ -79.285361302613964, 43.742443649881565 ], [ -79.281631489176789, 43.72294816136187 ], [ -79.28275769052874, 43.722658463456355 ], [ -79.289278411745713, 43.732709163108026 ] ] ] } },
{ "type": "Feature", "properties": { "vor_id": 53, "theft_count": 22, "bike_trips": 2135.0, "theft_per_1000_trips": "10.304449648711945" }, "geometry": { "type": "Polygon", "coordinates": [ [ [ -79.388900335575855, 43.652165885973183 ], [ -79.387314344329127, 43.651469040272993 ], [ -79.387643436527355, 43.649479468170604 ], [ -79.387806140574398, 43.649296148664725 ], [ -79.389103503886972, 43.650058342005927 ], [ -79.38943664286289, 43.651617112544265 ], [ -79.388900335575855, 43.652165885973183 ] ] ] } },
{ "type": "Feature", "properties": { "vor_id": 54, "theft_count": 7, "bike_trips": 2570.0, "theft_per_1000_trips": "2.723735408560311" }, "geometry": { "type": "Polygon", "coordinates": [ [ [ -79.331182823400596, 43.668174712958418 ], [ -79.331315236135097, 43.668830465845446 ], [ -79.327474409033698, 43.670407158665391 ], [ -79.327359121366527, 43.669865047794637 ], [ -79.328082936608297, 43.667283301842659 ], [ -79.331182823400596, 43.668174712958418 ] ] ] } },
{ "type": "Feature", "properties": { "vor_id": 55, "theft_count": 127, "bike_trips": 4176.0, "theft_per_1000_trips": "30.411877394636015" }, "geometry": { "type": "Polygon", "coordinates": [ [ [ -79.381609850756519, 43.662200602485441 ], [ -79.383493133243533, 43.65983514508676 ], [ -79.383603185023944, 43.659786510952216 ], [ -79.384354517383073, 43.660519875045935 ], [ -79.384488057035611, 43.66117860963584 ], [ -79.38200142689432, 43.662202402994616 ], [ -79.381609850756519, 43.662200602485441 ] ] ] } },
{ "type": "Feature", "properties": { "vor_id": 56, "theft_count": 36, "bike_trips": 3177.0, "theft_per_1000_trips": "11.3314447592068" }, "geometry": { "type": "Polygon", "coordinates": [ [ [ -79.380063879788352, 43.642050848813788 ], [ -79.380336733049845, 43.642692239188015 ], [ -79.380073133267445, 43.644250491552569 ], [ -79.379255746989415, 43.644223902859501 ], [ -79.378308480421381, 43.642356494269556 ], [ -79.378665218710665, 43.640961273609783 ], [ -79.379106169343004, 43.641097579539171 ], [ -79.379346478389763, 43.641186423216837 ], [ -79.379856945567596, 43.641682480790301 ], [ -79.380063879788352, 43.642050848813788 ] ] ] } },
{ "type": "Feature", "properties": { "vor_id": 57, "theft_count": 20, "bike_trips": 3366.0, "theft_per_1000_trips": "5.941770647653001" }, "geometry": { "type": "Polygon", "coordinates": [ [ [ -79.442799486820746, 43.638349548798587 ], [ -79.445780793019324, 43.636011279944519 ], [ -79.445175576537721, 43.64278931553244 ], [ -79.445170239408171, 43.642794829406704 ], [ -79.445165363755223, 43.64279157679713 ], [ -79.442701480263452, 43.639422373959235 ], [ -79.442799486820746, 43.638349548798587 ] ] ] } },
{ "type": "Feature", "properties": { "vor_id": 58, "theft_count": 6, "bike_trips": 4582.0, "theft_per_1000_trips": "1.3094718463553032" }, "geometry": { "type": "Polygon", "coordinates": [ [ [ -79.504827645704793, 43.696396689564814 ], [ -79.502516920594033, 43.69626570070605 ], [ -79.501032778814434, 43.695813713177934 ], [ -79.503029205262123, 43.68484913220842 ], [ -79.507984987492435, 43.686874039499841 ], [ -79.512609512137942, 43.690899753977988 ], [ -79.504827645704793, 43.696396689564814 ] ] ] } },
{ "type": "Feature", "properties": { "vor_id": 59, "theft_count": 9, "bike_trips": 3821.0, "theft_per_1000_trips": "2.3554043444124577" }, "geometry": { "type": "Polygon", "coordinates": [ [ [ -79.312149112525418, 43.685109998315184 ], [ -79.312081894966354, 43.685138169344206 ], [ -79.30917777011291, 43.68297917203865 ], [ -79.313611024496424, 43.681135639259878 ], [ -79.312149112525418, 43.685109998315184 ] ] ] } },
{ "type": "Feature", "properties": { "vor_id": 60, "theft_count": 7, "bike_trips": 3656.0, "theft_per_1000_trips": "1.9146608315098468" }, "geometry": { "type": "Polygon", "coordinates": [ [ [ -79.514741115732875, 43.69704854965088 ], [ -79.511897353933733, 43.701580566593329 ], [ -79.509885088326612, 43.700821148090398 ], [ -79.508109293157787, 43.69842113035493 ], [ -79.513946731975679, 43.69515466605813 ], [ -79.514741115732875, 43.69704854965088 ] ] ] } },
{ "type": "Feature", "properties": { "vor_id": 61, "theft_count": 24, "bike_trips": 2101.0, "theft_per_1000_trips": "11.423131841980009" }, "geometry": { "type": "Polygon", "coordinates": [ [ [ -79.383246693685436, 43.658226814385095 ], [ -79.385176136794428, 43.657432789615953 ], [ -79.385360899126098, 43.657633530670289 ], [ -79.38544594544976, 43.658016746489025 ], [ -79.383479865497421, 43.65882805871189 ], [ -79.383246693685436, 43.658226814385095 ] ] ] } },
{ "type": "Feature", "properties": { "vor_id": 62, "theft_count": 53, "bike_trips": 3804.0, "theft_per_1000_trips": "13.932702418506835" }, "geometry": { "type": "Polygon", "coordinates": [ [ [ -79.300710853334337, 43.683795504841797 ], [ -79.302884792613241, 43.68279987401371 ], [ -79.303201439974387, 43.682853632368911 ], [ -79.304209584300651, 43.683979779134425 ], [ -79.303116323357997, 43.686455104465523 ], [ -79.2996054897378, 43.687511445809818 ], [ -79.298833600095264, 43.686757832841465 ], [ -79.300710853334337, 43.683795504841797 ] ] ] } },
{ "type": "Feature", "properties": { "vor_id": 63, "theft_count": 21, "bike_trips": 2075.0, "theft_per_1000_trips": "10.120481927710843" }, "geometry": { "type": "Polygon", "coordinates": [ [ [ -79.379896361891966, 43.655099021696273 ], [ -79.380076495773082, 43.655937044157213 ], [ -79.378930868333157, 43.656387702280618 ], [ -79.378723455710443, 43.655333059649692 ], [ -79.379247881305901, 43.655117105543951 ], [ -79.379845437366669, 43.655086165106965 ], [ -79.379896361891966, 43.655099021696273 ] ] ] } },
{ "type": "Feature", "properties": { "vor_id": 65, "theft_count": 20, "bike_trips": 2537.0, "theft_per_1000_trips": "7.883326763894364" }, "geometry": { "type": "Polygon", "coordinates": [ [ [ -79.294353782933356, 43.675463187210688 ], [ -79.29160506694933, 43.676628364985262 ], [ -79.290582909599607, 43.676124023263284 ], [ -79.28887050938981, 43.674375524421272 ], [ -79.287758797741205, 43.658737810397241 ], [ -79.290548729915912, 43.657060304252788 ], [ -79.294353782933356, 43.675463187210688 ] ] ] } },
{ "type": "Feature", "properties": { "vor_id": 66, "theft_count": 11, "bike_trips": 1087.0, "theft_per_1000_trips": "10.119595216191351" }, "geometry": { "type": "Polygon", "coordinates": [ [ [ -79.404442717203494, 43.636727140620181 ], [ -79.40460784230126, 43.639408992371251 ], [ -79.40345714285705, 43.639576889500738 ], [ -79.403146453587112, 43.638792527726693 ], [ -79.403295987058343, 43.636853780498775 ], [ -79.403748824989421, 43.635994170361691 ], [ -79.404442717203494, 43.636727140620181 ] ] ] } },
{ "type": "Feature", "properties": { "vor_id": 68, "theft_count": 25, "bike_trips": 3470.0, "theft_per_1000_trips": "7.204610951008645" }, "geometry": { "type": "Polygon", "coordinates": [ [ [ -79.410363588372832, 43.67304426661218 ], [ -79.41129572804617, 43.671921729946632 ], [ -79.412265647371328, 43.672034315138966 ], [ -79.414785122446432, 43.675505168856034 ], [ -79.414816422551411, 43.675651711656975 ], [ -79.413544744696708, 43.676839051117049 ], [ -79.411890138159308, 43.677473131571269 ], [ -79.411243149507655, 43.676829356445396 ], [ -79.410363588372832, 43.67304426661218 ] ] ] } },
{ "type": "Feature", "properties": { "vor_id": 69, "theft_count": 25, "bike_trips": 4206.0, "theft_per_1000_trips": "5.943889681407513" }, "geometry": { "type": "Polygon", "coordinates": [ [ [ -79.387504358326439, 43.764293401074184 ], [ -79.387226969974293, 43.763215701115485 ], [ -79.395603854542131, 43.758985139251941 ], [ -79.395218136019707, 43.7670009271624 ], [ -79.39364799240029, 43.767646691897525 ], [ -79.392859352757924, 43.767704639666682 ], [ -79.388040708806514, 43.765501725176328 ], [ -79.387504358326439, 43.764293401074184 ] ] ] } },
{ "type": "Feature", "properties": { "vor_id": 70, "theft_count": 10, "bike_trips": 3064.0, "theft_per_1000_trips": "3.2637075718015662" }, "geometry": { "type": "Polygon", "coordinates": [ [ [ -79.366652192614978, 43.664190255842058 ], [ -79.368479340672764, 43.663440783391813 ], [ -79.368629290366727, 43.664122634454834 ], [ -79.367236237184883, 43.664680003554466 ], [ -79.366652192614978, 43.664190255842058 ] ] ] } },
{ "type": "Feature", "properties": { "vor_id": 71, "theft_count": 35, "bike_trips": 2132.0, "theft_per_1000_trips": "16.416510318949346" }, "geometry": { "type": "Polygon", "coordinates": [ [ [ -79.387277447935332, 43.645276727877651 ], [ -79.387992627999751, 43.645400661939171 ], [ -79.388881079613299, 43.646555796253693 ], [ -79.389045999487138, 43.647272939593059 ], [ -79.388931349868258, 43.648072435904673 ], [ -79.388920532010999, 43.64809850379595 ], [ -79.388078972510925, 43.648444690309084 ], [ -79.387218975706418, 43.647655919640229 ], [ -79.386927874629095, 43.64627239530347 ], [ -79.387277447935332, 43.645276727877651 ] ] ] } },
{ "type": "Feature", "properties": { "vor_id": 73, "theft_count": 55, "bike_trips": 1024.0, "theft_per_1000_trips": "53.7109375" }, "geometry": { "type": "Polygon", "coordinates": [ [ [ -79.37155375027551, 43.656805046670335 ], [ -79.370007886909661, 43.657459775739277 ], [ -79.369451220002659, 43.657325644631406 ], [ -79.369256315107705, 43.655547834714206 ], [ -79.370900684026637, 43.65489620092773 ], [ -79.371285175751368, 43.655239391719455 ], [ -79.371603664938007, 43.656748290879698 ], [ -79.37155375027551, 43.656805046670335 ] ] ] } },
{ "type": "Feature", "properties": { "vor_id": 74, "theft_count": 18, "bike_trips": 22243.0, "theft_per_1000_trips": "0.8092433574607741" }, "geometry": { "type": "Polygon", "coordinates": [ [ [ -79.423908883136832, 43.807762727450353 ], [ -79.408654730415734, 43.811185048071572 ], [ -79.416966089677487, 43.796931881092718 ], [ -79.42299116671596, 43.795530757263826 ], [ -79.423908883136832, 43.807762727450353 ] ] ] } },
{ "type": "Feature", "properties": { "vor_id": 75, "theft_count": 91, "bike_trips": 4198.0, "theft_per_1000_trips": "21.676989042401143" }, "geometry": { "type": "Polygon", "coordinates": [ [ [ -79.384488057035611, 43.66117860963584 ], [ -79.384354517383073, 43.660519875045935 ], [ -79.385747827003854, 43.659922983379154 ], [ -79.386100197387051, 43.6599498024487 ], [ -79.386311341944293, 43.661078168007634 ], [ -79.384697811670947, 43.661601256934247 ], [ -79.384662809551742, 43.661536491841986 ], [ -79.384488057035611, 43.66117860963584 ] ] ] } },
{ "type": "Feature", "properties": { "vor_id": 76, "theft_count": 72, "bike_trips": 2069.0, "theft_per_1000_trips": "34.799420009666505" }, "geometry": { "type": "Polygon", "coordinates": [ [ [ -79.374467588790765, 43.647364495329654 ], [ -79.374984962006863, 43.64840373814701 ], [ -79.373143925577551, 43.649196017724762 ], [ -79.372654904256123, 43.648061001482297 ], [ -79.373212587313205, 43.646484144559487 ], [ -79.374467588790765, 43.647364495329654 ] ] ] } },
{ "type": "Feature", "properties": { "vor_id": 77, "theft_count": 9, "bike_trips": 2215.0, "theft_per_1000_trips": "4.063205417607223" }, "geometry": { "type": "Polygon", "coordinates": [ [ [ -79.427526440212574, 43.654650793669852 ], [ -79.427156018139328, 43.652901534688425 ], [ -79.428045251960185, 43.652618074509022 ], [ -79.428536739966418, 43.65490493929078 ], [ -79.427526440212574, 43.654650793669852 ] ] ] } },
{ "type": "Feature", "properties": { "vor_id": 79, "theft_count": 5, "bike_trips": 4799.0, "theft_per_1000_trips": "1.0418837257762035" }, "geometry": { "type": "Polygon", "coordinates": [ [ [ -79.420061629728991, 43.705105272291803 ], [ -79.419813288390429, 43.705709100526974 ], [ -79.416023598100239, 43.701953486503911 ], [ -79.41764091451536, 43.700639597582494 ], [ -79.419204124741995, 43.701006294340729 ], [ -79.420061629728991, 43.705105272291803 ] ] ] } },
{ "type": "Feature", "properties": { "vor_id": 80, "theft_count": 0, "bike_trips": 9240.0, "theft_per_1000_trips": "0.0" }, "geometry": { "type": "Polygon", "coordinates": [ [ [ -79.530173972031292, 43.775530330060391 ], [ -79.540255391933911, 43.780768337801852 ], [ -79.540458288720458, 43.781262365548024 ], [ -79.530985843088089, 43.783445857524555 ], [ -79.530806444333507, 43.77979411198352 ], [ -79.530173972031292, 43.775530330060391 ] ] ] } },
{ "type": "Feature", "properties": { "vor_id": 81, "theft_count": 24, "bike_trips": 7205.0, "theft_per_1000_trips": "3.331020124913255" }, "geometry": { "type": "Polygon", "coordinates": [ [ [ -79.4635809908726, 43.767926870211866 ], [ -79.460103622600087, 43.763094740933312 ], [ -79.460257782826986, 43.753494957788632 ], [ -79.463263544611181, 43.751130297547419 ], [ -79.472722703130813, 43.748660073918934 ], [ -79.469823967734044, 43.767240589233587 ], [ -79.464473565588591, 43.768293456138302 ], [ -79.4635809908726, 43.767926870211866 ] ] ] } },
{ "type": "Feature", "properties": { "vor_id": 82, "theft_count": 21, "bike_trips": 1100.0, "theft_per_1000_trips": "19.090909090909093" }, "geometry": { "type": "Polygon", "coordinates": [ [ [ -79.424564109010845, 43.669051269811995 ], [ -79.424841877254508, 43.666964411997704 ], [ -79.425207005553673, 43.666812252467466 ], [ -79.426045252244151, 43.666688491042308 ], [ -79.427370901494271, 43.669069562644289 ], [ -79.427348033805117, 43.669447857902021 ], [ -79.4252067441912, 43.670303140039891 ], [ -79.424564109010845, 43.669051269811995 ] ] ] } },
{ "type": "Feature", "properties": { "vor_id": 83, "theft_count": 5, "bike_trips": 2271.0, "theft_per_1000_trips": "2.2016732716864817" }, "geometry": { "type": "Polygon", "coordinates": [ [ [ -79.482244308880382, 43.657836555198102 ], [ -79.48239452252831, 43.654472359394681 ], [ -79.484535087970471, 43.654700863546523 ], [ -79.486167017632368, 43.662132044152607 ], [ -79.484317094939286, 43.662410235104367 ], [ -79.483115074803564, 43.661768196045941 ], [ -79.482244308880382, 43.657836555198102 ] ] ] } },
{ "type": "Feature", "properties": { "vor_id": 84, "theft_count": 14, "bike_trips": 5845.0, "theft_per_1000_trips": "2.395209580838323" }, "geometry": { "type": "Polygon", "coordinates": [ [ [ -79.425091993977674, 43.773267288527009 ], [ -79.428040362274956, 43.762250440245182 ], [ -79.433682444864289, 43.76021398351336 ], [ -79.436125822789705, 43.76287012890019 ], [ -79.436897766736109, 43.763709293128855 ], [ -79.437516672145165, 43.765729234638698 ], [ -79.435353263427842, 43.77544279372119 ], [ -79.43527863932394, 43.775506639713534 ], [ -79.432044224806091, 43.774795611721288 ], [ -79.425091993977674, 43.773267288527009 ] ] ] } },
{ "type": "Feature", "properties": { "vor_id": 85, "theft_count": 12, "bike_trips": 2199.0, "theft_per_1000_trips": "5.457025920873124" }, "geometry": { "type": "Polygon", "coordinates": [ [ [ -79.417598427788818, 43.659427751318951 ], [ -79.417969149314359, 43.661259652375001 ], [ -79.41737971900524, 43.66172437869561 ], [ -79.416237532934659, 43.662158943306203 ], [ -79.415775313907687, 43.662187292766824 ], [ -79.415562370928328, 43.66193484020355 ], [ -79.415105045251863, 43.659720914830515 ], [ -79.417219046367279, 43.658900542246656 ], [ -79.417598427788818, 43.659427751318951 ] ] ] } },
{ "type": "Feature", "properties": { "vor_id": 86, "theft_count": 21, "bike_trips": 2137.0, "theft_per_1000_trips": "9.826860084230228" }, "geometry": { "type": "Polygon", "coordinates": [ [ [ -79.393143520956329, 43.650239901686447 ], [ -79.391912715321041, 43.650751527531796 ], [ -79.391728996490428, 43.650040180617687 ], [ -79.392780633418596, 43.649612950568319 ], [ -79.39314957526571, 43.650223460059983 ], [ -79.393143520956329, 43.650239901686447 ] ] ] } },
{ "type": "Feature", "properties": { "vor_id": 88, "theft_count": 18, "bike_trips": 7397.0, "theft_per_1000_trips": "2.4334189536298503" }, "geometry": { "type": "Polygon", "coordinates": [ [ [ -79.403192684102891, 43.762605035801997 ], [ -79.406586057058519, 43.763428628882281 ], [ -79.408637275190685, 43.765642977326898 ], [ -79.404971088772811, 43.771184431102007 ], [ -79.401692741970564, 43.770052791234527 ], [ -79.403192684102891, 43.762605035801997 ] ] ] } },
{ "type": "Feature", "properties": { "vor_id": 89, "theft_count": 8, "bike_trips": 6230.0, "theft_per_1000_trips": "1.2841091492776886" }, "geometry": { "type": "Polygon", "coordinates": [ [ [ -79.289278411745713, 43.732709163108026 ], [ -79.28275769052874, 43.722658463456355 ], [ -79.283767715583082, 43.722122194006509 ], [ -79.284819055, 43.7221738430001 ], [ -79.28955155493081, 43.721941350186967 ], [ -79.289278411745713, 43.732709163108026 ] ] ] } },
{ "type": "Feature", "properties": { "vor_id": 91, "theft_count": 4, "bike_trips": 1207.0, "theft_per_1000_trips": "3.314001657000828" }, "geometry": { "type": "Polygon", "coordinates": [ [ [ -79.412559121195258, 43.726329440858414 ], [ -79.406798425491601, 43.728642856593225 ], [ -79.406574904063234, 43.727745722299048 ], [ -79.411703544202751, 43.725683521588145 ], [ -79.412559121195258, 43.726329440858414 ] ] ] } },
{ "type": "Feature", "properties": { "vor_id": 92, "theft_count": 11, "bike_trips": 3742.0, "theft_per_1000_trips": "2.939604489577766" }, "geometry": { "type": "Polygon", "coordinates": [ [ [ -79.381757242179546, 43.69457774272955 ], [ -79.377867576549022, 43.698805507578598 ], [ -79.374209973893485, 43.693009755967182 ], [ -79.381659443022272, 43.694338283596771 ], [ -79.381726158105252, 43.694401204370934 ], [ -79.381757242179546, 43.69457774272955 ] ] ] } },
{ "type": "Feature", "properties": { "vor_id": 93, "theft_count": 24, "bike_trips": 2195.0, "theft_per_1000_trips": "10.933940774487471" }, "geometry": { "type": "Polygon", "coordinates": [ [ [ -79.409128954446516, 43.654111582844941 ], [ -79.409904227356748, 43.657772950607622 ], [ -79.40931023577059, 43.658009323997774 ], [ -79.408984736553819, 43.658019220094545 ], [ -79.408347704122534, 43.654819666864377 ], [ -79.409128954446516, 43.654111582844941 ] ] ] } },
{ "type": "Feature", "properties": { "vor_id": 95, "theft_count": 45, "bike_trips": 2075.0, "theft_per_1000_trips": "21.686746987951807" }, "geometry": { "type": "Polygon", "coordinates": [ [ [ -79.380076495773082, 43.655937044157213 ], [ -79.380238471308004, 43.656285355433106 ], [ -79.38022309336381, 43.656837529559184 ], [ -79.379440154083369, 43.657170849758195 ], [ -79.378916956488467, 43.656995717037603 ], [ -79.378930868333157, 43.656387702280618 ], [ -79.380076495773082, 43.655937044157213 ] ] ] } },
{ "type": "Feature", "properties": { "vor_id": 96, "theft_count": 10, "bike_trips": 2031.0, "theft_per_1000_trips": "4.923682914820286" }, "geometry": { "type": "Polygon", "coordinates": [ [ [ -79.360549980281803, 43.653829511558904 ], [ -79.358908190897537, 43.65309059211188 ], [ -79.358778769923845, 43.652631841471212 ], [ -79.358871479089103, 43.652361572691795 ], [ -79.361106739389399, 43.65114241203699 ], [ -79.361386713957401, 43.651317838590245 ], [ -79.361854699068687, 43.652347545885043 ], [ -79.360549980281803, 43.653829511558904 ] ] ] } },
{ "type": "Feature", "properties": { "vor_id": 97, "theft_count": 70, "bike_trips": 4239.0, "theft_per_1000_trips": "16.513328615239445" }, "geometry": { "type": "Polygon", "coordinates": [ [ [ -79.395629139375444, 43.66681611698948 ], [ -79.395134533838998, 43.669267004818721 ], [ -79.392772339237268, 43.668933407483863 ], [ -79.392069519775518, 43.668092941815708 ], [ -79.391763745976576, 43.666624172350403 ], [ -79.39178625771811, 43.666601713064424 ], [ -79.395176049938257, 43.666436839231828 ], [ -79.395629139375444, 43.66681611698948 ] ] ] } },
{ "type": "Feature", "properties": { "vor_id": 98, "theft_count": 40, "bike_trips": 1021.0, "theft_per_1000_trips": "39.17727717923604" }, "geometry": { "type": "Polygon", "coordinates": [ [ [ -79.374993448103069, 43.669426825423493 ], [ -79.374852708914659, 43.668511528900254 ], [ -79.376813205406634, 43.66841521588362 ], [ -79.376772020534204, 43.668684524764217 ], [ -79.374993448103069, 43.669426825423493 ] ] ] } },
{ "type": "Feature", "properties": { "vor_id": 99, "theft_count": 24, "bike_trips": 2193.0, "theft_per_1000_trips": "10.94391244870041" }, "geometry": { "type": "Polygon", "coordinates": [ [ [ -79.406482592030841, 43.650143004560462 ], [ -79.408065594256513, 43.64989958953975 ], [ -79.408194510573836, 43.649951513631208 ], [ -79.407394726159822, 43.652773409199966 ], [ -79.405338969410508, 43.650640006299355 ], [ -79.405395091197875, 43.650586420588809 ], [ -79.406482592030841, 43.650143004560462 ] ] ] } },
{ "type": "Feature", "properties": { "vor_id": 100, "theft_count": 23, "bike_trips": 3366.0, "theft_per_1000_trips": "6.833036244800951" }, "geometry": { "type": "Polygon", "coordinates": [ [ [ -79.445175576537721, 43.64278931553244 ], [ -79.445780793019324, 43.636011279944519 ], [ -79.448285320962995, 43.632411327975738 ], [ -79.4504735634046, 43.640737405444071 ], [ -79.445175576537721, 43.64278931553244 ] ] ] } },
{ "type": "Feature", "properties": { "vor_id": 101, "theft_count": 2, "bike_trips": 2288.0, "theft_per_1000_trips": "0.8741258741258742" }, "geometry": { "type": "Polygon", "coordinates": [ [ [ -79.436103103789463, 43.669646037814211 ], [ -79.436659533870554, 43.672210913402587 ], [ -79.434984668880006, 43.673529839662237 ], [ -79.434406797019605, 43.670602189576627 ], [ -79.434693800049615, 43.669991363989681 ], [ -79.435899580003834, 43.669515478621967 ], [ -79.436103103789463, 43.669646037814211 ] ] ] } },
{ "type": "Feature", "properties": { "vor_id": 102, "theft_count": 23, "bike_trips": 2209.0, "theft_per_1000_trips": "10.41195110909914" }, "geometry": { "type": "Polygon", "coordinates": [ [ [ -79.424902536234029, 43.646548785936929 ], [ -79.422208617416587, 43.647589703052134 ], [ -79.421946875911061, 43.646282402005184 ], [ -79.425160983861488, 43.645040554072295 ], [ -79.425299179836742, 43.645099016511637 ], [ -79.424902536234029, 43.646548785936929 ] ] ] } },
{ "type": "Feature", "properties": { "vor_id": 103, "theft_count": 28, "bike_trips": 3020.0, "theft_per_1000_trips": "9.271523178807948" }, "geometry": { "type": "Polygon", "coordinates": [ [ [ -79.345572972272151, 43.777312255908342 ], [ -79.343338904746801, 43.778508720398015 ], [ -79.342712140088068, 43.778578158112083 ], [ -79.342258365843193, 43.773604684595547 ], [ -79.345267842749308, 43.77461743038824 ], [ -79.345733963022354, 43.77677586191075 ], [ -79.345572972272151, 43.777312255908342 ] ] ] } },
{ "type": "Feature", "properties": { "vor_id": 104, "theft_count": 1, "bike_trips": 3362.0, "theft_per_1000_trips": "0.29744199881023203" }, "geometry": { "type": "Polygon", "coordinates": [ [ [ -79.441060266056851, 43.641537260038177 ], [ -79.439881899826005, 43.641986080332167 ], [ -79.439804621760402, 43.641961998974253 ], [ -79.439589912383596, 43.640877226739931 ], [ -79.440751358056801, 43.638196830415126 ], [ -79.441338588615523, 43.641130180198836 ], [ -79.441060266056851, 43.641537260038177 ] ] ] } },
{ "type": "Feature", "properties": { "vor_id": 105, "theft_count": 51, "bike_trips": 1067.0, "theft_per_1000_trips": "47.79756326148079" }, "geometry": { "type": "Polygon", "coordinates": [ [ [ -79.389103503886972, 43.650058342005927 ], [ -79.387806140574398, 43.649296148664725 ], [ -79.388078972510925, 43.648444690309084 ], [ -79.388920532010999, 43.64809850379595 ], [ -79.389867222436294, 43.648752809985076 ], [ -79.389997052418579, 43.649393771497628 ], [ -79.389103503886972, 43.650058342005927 ] ] ] } },
{ "type": "Feature", "properties": { "vor_id": 106, "theft_count": 14, "bike_trips": 2374.0, "theft_per_1000_trips": "5.8972198820556025" }, "geometry": { "type": "Polygon", "coordinates": [ [ [ -79.448373031986932, 43.697909676335627 ], [ -79.442875612147176, 43.7002016761543 ], [ -79.441595437527397, 43.698878977664023 ], [ -79.44271262661016, 43.696258338977017 ], [ -79.443627216683808, 43.695756703843593 ], [ -79.444397888738351, 43.695656299984229 ], [ -79.448373031986932, 43.697909676335627 ] ] ] } },
{ "type": "Feature", "properties": { "vor_id": 107, "theft_count": 37, "bike_trips": 1082.0, "theft_per_1000_trips": "34.195933456561924" }, "geometry": { "type": "Polygon", "coordinates": [ [ [ -79.398607537131241, 43.63916768399973 ], [ -79.398515397609344, 43.638808404533627 ], [ -79.399783343912901, 43.638264455751276 ], [ -79.399851235362917, 43.63829576090162 ], [ -79.399930628049361, 43.638880546025881 ], [ -79.39864446978217, 43.639270394887404 ], [ -79.398607537131241, 43.63916768399973 ] ] ] } },
{ "type": "Feature", "properties": { "vor_id": 108, "theft_count": 41, "bike_trips": 1068.0, "theft_per_1000_trips": "38.38951310861423" }, "geometry": { "type": "Polygon", "coordinates": [ [ [ -79.388900335575855, 43.652165885973183 ], [ -79.38943664286289, 43.651617112544265 ], [ -79.390390834248677, 43.651207294408707 ], [ -79.391540107902699, 43.651534187196006 ], [ -79.392370459394044, 43.652685712922889 ], [ -79.392360894256697, 43.652863255647631 ], [ -79.391991918529271, 43.653701203316295 ], [ -79.389135079716695, 43.653231368484292 ], [ -79.388900335575855, 43.652165885973183 ] ] ] } },
{ "type": "Feature", "properties": { "vor_id": 109, "theft_count": 9, "bike_trips": 1293.0, "theft_per_1000_trips": "6.960556844547564" }, "geometry": { "type": "Polygon", "coordinates": [ [ [ -79.341684416968306, 43.661664012545899 ], [ -79.341810653718156, 43.661290297099569 ], [ -79.342367455768439, 43.660819180329838 ], [ -79.342805266768778, 43.662745175250976 ], [ -79.342129685373919, 43.663422192409854 ], [ -79.342065117926666, 43.663408856060151 ], [ -79.341684416968306, 43.661664012545899 ] ] ] } },
{ "type": "Feature", "properties": { "vor_id": 110, "theft_count": 11, "bike_trips": 2631.0, "theft_per_1000_trips": "4.180919802356519" }, "geometry": { "type": "Polygon", "coordinates": [ [ [ -79.532647382961372, 43.586727459477331 ], [ -79.533297756860236, 43.584406941793631 ], [ -79.537506243503429, 43.590599118025239 ], [ -79.536730251242318, 43.59395903031448 ], [ -79.53485018320201, 43.593376424066932 ], [ -79.533998580920056, 43.592595249984591 ], [ -79.532647382961372, 43.586727459477331 ] ] ] } },
{ "type": "Feature", "properties": { "vor_id": 112, "theft_count": 9, "bike_trips": 4511.0, "theft_per_1000_trips": "1.9951230325870095" }, "geometry": { "type": "Polygon", "coordinates": [ [ [ -79.345572972272151, 43.777312255908342 ], [ -79.345733963022354, 43.77677586191075 ], [ -79.353310641699821, 43.774063448997786 ], [ -79.354781167611563, 43.778582292258818 ], [ -79.348763917518298, 43.779901150248797 ], [ -79.348586269874957, 43.779883170646301 ], [ -79.345572972272151, 43.777312255908342 ] ] ] } },
{ "type": "Feature", "properties": { "vor_id": 113, "theft_count": 19, "bike_trips": 1098.0, "theft_per_1000_trips": "17.304189435336976" }, "geometry": { "type": "Polygon", "coordinates": [ [ [ -79.411770314080186, 43.657509519647554 ], [ -79.41294306201064, 43.657034439138513 ], [ -79.413836874846723, 43.65729657868733 ], [ -79.414040403078886, 43.659337975707793 ], [ -79.413095281493014, 43.660583034778966 ], [ -79.412611389499489, 43.660777930818639 ], [ -79.41240601277768, 43.660612613794221 ], [ -79.411770314080186, 43.657509519647554 ] ] ] } },
{ "type": "Feature", "properties": { "vor_id": 114, "theft_count": 15, "bike_trips": 6937.0, "theft_per_1000_trips": "2.162318004901254" }, "geometry": { "type": "Polygon", "coordinates": [ [ [ -79.468238414994715, 43.723755069294569 ], [ -79.476966359429071, 43.734895448234674 ], [ -79.476146350983413, 43.734935732666393 ], [ -79.47129269189908, 43.735655704979841 ], [ -79.466532974137166, 43.736847952213388 ], [ -79.461913036381645, 43.738500992374433 ], [ -79.461532367977355, 43.738681035120962 ], [ -79.466545912051089, 43.726453174506545 ], [ -79.468238414994715, 43.723755069294569 ] ] ] } },
{ "type": "Feature", "properties": { "vor_id": 115, "theft_count": 59, "bike_trips": 2131.0, "theft_per_1000_trips": "27.686532144533082" }, "geometry": { "type": "Polygon", "coordinates": [ [ [ -79.388881079613299, 43.646555796253693 ], [ -79.387992627999751, 43.645400661939171 ], [ -79.389402561580653, 43.644822173069315 ], [ -79.390318226386952, 43.645844108748371 ], [ -79.390282028055665, 43.645998759951418 ], [ -79.388881079613299, 43.646555796253693 ] ] ] } },
{ "type": "Feature", "properties": { "vor_id": 117, "theft_count": 0, "bike_trips": 1286.0, "theft_per_1000_trips": "0.0" }, "geometry": { "type": "Polygon", "coordinates": [ [ [ -79.333970249890925, 43.681173782462963 ], [ -79.334016369807614, 43.681248327403253 ], [ -79.333955358987765, 43.681274168777925 ], [ -79.333970249890925, 43.681173782462963 ] ] ] } },
{ "type": "Feature", "properties": { "vor_id": 118, "theft_count": 23, "bike_trips": 1082.0, "theft_per_1000_trips": "21.256931608133087" }, "geometry": { "type": "Polygon", "coordinates": [ [ [ -79.39864446978217, 43.639270394887404 ], [ -79.399930628049361, 43.638880546025881 ], [ -79.400298852595824, 43.640529234142278 ], [ -79.399687535857794, 43.640406655347526 ], [ -79.398745028658951, 43.639655620934789 ], [ -79.39864446978217, 43.639270394887404 ] ] ] } },
{ "type": "Feature", "properties": { "vor_id": 119, "theft_count": 25, "bike_trips": 4350.0, "theft_per_1000_trips": "5.747126436781609" }, "geometry": { "type": "Polygon", "coordinates": [ [ [ -79.408347704122534, 43.654819666864377 ], [ -79.408984736553819, 43.658019220094545 ], [ -79.408911503934263, 43.658034667367943 ], [ -79.406377423570845, 43.656605425064576 ], [ -79.408347704122534, 43.654819666864377 ] ] ] } },
{ "type": "Feature", "properties": { "vor_id": 120, "theft_count": 7, "bike_trips": 2039.0, "theft_per_1000_trips": "3.4330554193231975" }, "geometry": { "type": "Polygon", "coordinates": [ [ [ -79.364421825786096, 43.667385436604363 ], [ -79.365777796640756, 43.66534196031764 ], [ -79.366379267864346, 43.666111933147256 ], [ -79.366485676353435, 43.666581964760354 ], [ -79.364415415696413, 43.667430705379886 ], [ -79.364421825786096, 43.667385436604363 ] ] ] } },
{ "type": "Feature", "properties": { "vor_id": 121, "theft_count": 9, "bike_trips": 2237.0, "theft_per_1000_trips": "4.023245417970496" }, "geometry": { "type": "Polygon", "coordinates": [ [ [ -79.371303613326717, 43.675592720713972 ], [ -79.370580754822285, 43.67526433124798 ], [ -79.369613527126646, 43.67180696121693 ], [ -79.369681312464166, 43.6717787366156 ], [ -79.373363549949815, 43.6731103410633 ], [ -79.374008259102538, 43.675494727094559 ], [ -79.371303613326717, 43.675592720713972 ] ] ] } },
{ "type": "Feature", "properties": { "vor_id": 122, "theft_count": 72, "bike_trips": 4176.0, "theft_per_1000_trips": "17.241379310344826" }, "geometry": { "type": "Polygon", "coordinates": [ [ [ -79.385841498108405, 43.671223911990417 ], [ -79.385542640547982, 43.670818668220072 ], [ -79.385420583607612, 43.670269273447595 ], [ -79.386976999058348, 43.669643146564347 ], [ -79.387182437665842, 43.670672422832631 ], [ -79.385841498108405, 43.671223911990417 ] ] ] } },
{ "type": "Feature", "properties": { "vor_id": 123, "theft_count": 12, "bike_trips": 6345.0, "theft_per_1000_trips": "1.8912529550827422" }, "geometry": { "type": "Polygon", "coordinates": [ [ [ -79.507984987492435, 43.686874039499841 ], [ -79.503029205262123, 43.68484913220842 ], [ -79.5022471627897, 43.683167181800698 ], [ -79.504107309322521, 43.674744149769914 ], [ -79.510422675787225, 43.671869729154416 ], [ -79.51243615394533, 43.671841791594254 ], [ -79.516713112146633, 43.680607237467378 ], [ -79.507984987492435, 43.686874039499841 ] ] ] } },
{ "type": "Feature", "properties": { "vor_id": 124, "theft_count": 18, "bike_trips": 2073.0, "theft_per_1000_trips": "8.683068017366137" }, "geometry": { "type": "Polygon", "coordinates": [ [ [ -79.376706390603644, 43.652533875593626 ], [ -79.376993478293286, 43.653849813194213 ], [ -79.376854397145962, 43.653933398157321 ], [ -79.376384175490287, 43.653880452070034 ], [ -79.376142668007873, 43.652760293615124 ], [ -79.376706390603644, 43.652533875593626 ] ] ] } },
{ "type": "Feature", "properties": { "vor_id": 126, "theft_count": 26, "bike_trips": 2093.0, "theft_per_1000_trips": "12.422360248447204" }, "geometry": { "type": "Polygon", "coordinates": [ [ [ -79.38870024171905, 43.665896692436803 ], [ -79.387211239320237, 43.66656586441087 ], [ -79.386813874381531, 43.665859527160862 ], [ -79.386789470669484, 43.665651670958319 ], [ -79.388472795411573, 43.664934924807859 ], [ -79.38870024171905, 43.665896692436803 ] ] ] } },
{ "type": "Feature", "properties": { "vor_id": 128, "theft_count": 39, "bike_trips": 1082.0, "theft_per_1000_trips": "36.04436229205175" }, "geometry": { "type": "Polygon", "coordinates": [ [ [ -79.398607537131241, 43.63916768399973 ], [ -79.39864446978217, 43.639270394887404 ], [ -79.398745028658951, 43.639655620934789 ], [ -79.396979143109391, 43.640380086801279 ], [ -79.396858740572867, 43.639862343043738 ], [ -79.398607537131241, 43.63916768399973 ] ] ] } },
{ "type": "Feature", "properties": { "vor_id": 129, "theft_count": 11, "bike_trips": 1293.0, "theft_per_1000_trips": "8.507347254447023" }, "geometry": { "type": "Polygon", "coordinates": [ [ [ -79.340116365172847, 43.663682113075147 ], [ -79.338867188071887, 43.665370838549961 ], [ -79.337227274013372, 43.664327494217879 ], [ -79.33709270011903, 43.664109330980061 ], [ -79.339605317364899, 43.663073317709141 ], [ -79.340116365172847, 43.663682113075147 ] ] ] } },
{ "type": "Feature", "properties": { "vor_id": 130, "theft_count": 73, "bike_trips": 5858.0, "theft_per_1000_trips": "12.461590986684875" }, "geometry": { "type": "Polygon", "coordinates": [ [ [ -79.419780780848996, 43.782589969306962 ], [ -79.416813498235115, 43.780463748160003 ], [ -79.416487753170557, 43.778970886984723 ], [ -79.416974582869599, 43.776934914660352 ], [ -79.418525320204807, 43.776195748067202 ], [ -79.419931192053539, 43.782522331943369 ], [ -79.419780780848996, 43.782589969306962 ] ] ] } },
{ "type": "Feature", "properties": { "vor_id": 131, "theft_count": 0, "bike_trips": 1095.0, "theft_per_1000_trips": "0.0" }, "geometry": { "type": "Polygon", "coordinates": [ [ [ -79.418810781011288, 43.640606429415342 ], [ -79.419399166640844, 43.641819184625227 ], [ -79.41843001096143, 43.642675155843065 ], [ -79.417747531566931, 43.642700290335576 ], [ -79.418093311217419, 43.642123391841395 ], [ -79.418810781011288, 43.640606429415342 ] ] ] } },
{ "type": "Feature", "properties": { "vor_id": 132, "theft_count": 24, "bike_trips": 4398.0, "theft_per_1000_trips": "5.457025920873124" }, "geometry": { "type": "Polygon", "coordinates": [ [ [ -79.413735824645926, 43.648806148249783 ], [ -79.414399851627721, 43.649448202385706 ], [ -79.414655622614504, 43.650712925199862 ], [ -79.412589494372696, 43.653303341519894 ], [ -79.412207171041942, 43.653457442075165 ], [ -79.412000975842631, 43.653421847512611 ], [ -79.411596292664598, 43.651433346408403 ], [ -79.41264777066813, 43.65027321920828 ], [ -79.413735824645926, 43.648806148249783 ] ] ] } },
{ "type": "Feature", "properties": { "vor_id": 133, "theft_count": 46, "bike_trips": 2259.0, "theft_per_1000_trips": "20.36299247454626" }, "geometry": { "type": "Polygon", "coordinates": [ [ [ -79.460906131716882, 43.653969887565502 ], [ -79.461006655346424, 43.648527955079501 ], [ -79.463004947335037, 43.646872384004467 ], [ -79.464938496638155, 43.65581996814052 ], [ -79.462011117358259, 43.655974052712637 ], [ -79.460906131716882, 43.653969887565502 ] ] ] } },
{ "type": "Feature", "properties": { "vor_id": 134, "theft_count": 19, "bike_trips": 4420.0, "theft_per_1000_trips": "4.298642533936652" }, "geometry": { "type": "Polygon", "coordinates": [ [ [ -79.425978942954103, 43.660566562422282 ], [ -79.426468053647497, 43.662875758924493 ], [ -79.425691095376635, 43.663199463492525 ], [ -79.425373331405794, 43.663152941691557 ], [ -79.42490747751809, 43.661000295314288 ], [ -79.425978942954103, 43.660566562422282 ] ] ] } },
{ "type": "Feature", "properties": { "vor_id": 135, "theft_count": 23, "bike_trips": 2121.0, "theft_per_1000_trips": "10.843941537010844" }, "geometry": { "type": "Polygon", "coordinates": [ [ [ -79.390892150172675, 43.659152526371621 ], [ -79.388746337506007, 43.65958515844072 ], [ -79.388215363201283, 43.65917908188365 ], [ -79.390533889613238, 43.65756940577571 ], [ -79.390892150172675, 43.659152526371621 ] ] ] } },
{ "type": "Feature", "properties": { "vor_id": 136, "theft_count": 41, "bike_trips": 2211.0, "theft_per_1000_trips": "18.54364540931705" }, "geometry": { "type": "Polygon", "coordinates": [ [ [ -79.425299179836742, 43.645099016511637 ], [ -79.425160983861488, 43.645040554072295 ], [ -79.424478945602331, 43.644556654406486 ], [ -79.423952712015122, 43.641954966110966 ], [ -79.424165918369283, 43.641717461390712 ], [ -79.425180078958704, 43.641948484622105 ], [ -79.425760814703693, 43.644812087480027 ], [ -79.425714576419139, 43.644935157312617 ], [ -79.425299179836742, 43.645099016511637 ] ] ] } },
{ "type": "Feature", "properties": { "vor_id": 137, "theft_count": 8, "bike_trips": 1016.0, "theft_per_1000_trips": "7.874015748031496" }, "geometry": { "type": "Polygon", "coordinates": [ [ [ -79.360549980281803, 43.653829511558904 ], [ -79.361854699068687, 43.652347545885043 ], [ -79.362172097196691, 43.652486553482738 ], [ -79.362722953715803, 43.653437123523084 ], [ -79.362674730850173, 43.655068105828626 ], [ -79.361438478291419, 43.655337511507049 ], [ -79.360549980281803, 43.653829511558904 ] ] ] } },
{ "type": "Feature", "properties": { "vor_id": 138, "theft_count": 253, "bike_trips": 4206.0, "theft_per_1000_trips": "60.152163575844035" }, "geometry": { "type": "Polygon", "coordinates": [ [ [ -79.38219701032601, 43.655446384943339 ], [ -79.382196713039477, 43.655428010962304 ], [ -79.382940856061239, 43.654435895664875 ], [ -79.383122603095671, 43.65436306775127 ], [ -79.383846594918225, 43.654729411588832 ], [ -79.384392998396308, 43.655242063574377 ], [ -79.384512801440607, 43.655821072082787 ], [ -79.382574474667749, 43.656587344544846 ], [ -79.382346805741747, 43.656144297724097 ], [ -79.38219701032601, 43.655446384943339 ] ] ] } },
{ "type": "Feature", "properties": { "vor_id": 139, "theft_count": 20, "bike_trips": 2093.0, "theft_per_1000_trips": "9.555661729574775" }, "geometry": { "type": "Polygon", "coordinates": [ [ [ -79.376422587654005, 43.64263859643625 ], [ -79.37399147236215, 43.643694271966446 ], [ -79.374105930937091, 43.642977070912544 ], [ -79.375866848703453, 43.641847870339284 ], [ -79.376259658336892, 43.642199402577113 ], [ -79.376422587654005, 43.64263859643625 ] ] ] } },
{ "type": "Feature", "properties": { "vor_id": 140, "theft_count": 6, "bike_trips": 9924.0, "theft_per_1000_trips": "0.6045949214026601" }, "geometry": { "type": "Polygon", "coordinates": [ [ [ -79.205532156349108, 43.806429009323331 ], [ -79.208178384562544, 43.805671891209556 ], [ -79.221876381726375, 43.815725793919981 ], [ -79.225207791429639, 43.820126272603837 ], [ -79.200537714791722, 43.813074542333844 ], [ -79.200751283431444, 43.811840831339929 ], [ -79.205532156349108, 43.806429009323331 ] ] ] } },
{ "type": "Feature", "properties": { "vor_id": 142, "theft_count": 11, "bike_trips": 3036.0, "theft_per_1000_trips": "3.6231884057971016" }, "geometry": { "type": "Polygon", "coordinates": [ [ [ -79.34831421055749, 43.649282721494515 ], [ -79.347507388301153, 43.648068068317009 ], [ -79.350982575083506, 43.646069461420687 ], [ -79.354762084992188, 43.650704723826053 ], [ -79.355394716499035, 43.653476167719454 ], [ -79.35410589714796, 43.654091649102526 ], [ -79.34831421055749, 43.649282721494515 ] ] ] } },
{ "type": "Feature", "properties": { "vor_id": 143, "theft_count": 60, "bike_trips": 3128.0, "theft_per_1000_trips": "19.18158567774936" }, "geometry": { "type": "Polygon", "coordinates": [ [ [ -79.383493133243533, 43.65983514508676 ], [ -79.381609850756519, 43.662200602485441 ], [ -79.381456486956836, 43.662262415191634 ], [ -79.380979956438495, 43.661760774702913 ], [ -79.380614071572452, 43.660996024077647 ], [ -79.38058866068107, 43.660884605157186 ], [ -79.383148875145352, 43.659834864365671 ], [ -79.383493133243533, 43.65983514508676 ] ] ] } },
{ "type": "Feature", "properties": { "vor_id": 144, "theft_count": 34, "bike_trips": 5116.0, "theft_per_1000_trips": "6.645817044566067" }, "geometry": { "type": "Polygon", "coordinates": [ [ [ -79.322981993117068, 43.676303740232221 ], [ -79.323432039762665, 43.676918081395101 ], [ -79.31945520555692, 43.680235667468907 ], [ -79.318867422127326, 43.680189013343472 ], [ -79.316554814965301, 43.679722641196157 ], [ -79.315958911554887, 43.679140770003833 ], [ -79.315226248449818, 43.677402616726681 ], [ -79.315129830673811, 43.676742613681647 ], [ -79.319063602716142, 43.675119473501347 ], [ -79.322981993117068, 43.676303740232221 ] ] ] } },
{ "type": "Feature", "properties": { "vor_id": 145, "theft_count": 14, "bike_trips": 1053.0, "theft_per_1000_trips": "13.295346628679962" }, "geometry": { "type": "Polygon", "coordinates": [ [ [ -79.386316857775384, 43.654321583796786 ], [ -79.385566183681945, 43.654634042308004 ], [ -79.385036404011544, 43.654128810830521 ], [ -79.384719416657589, 43.652242707905906 ], [ -79.385115678068161, 43.652150403859181 ], [ -79.386316857775384, 43.654321583796786 ] ] ] } },
{ "type": "Feature", "properties": { "vor_id": 146, "theft_count": 5, "bike_trips": 2631.0, "theft_per_1000_trips": "1.9004180919802356" }, "geometry": { "type": "Polygon", "coordinates": [ [ [ -79.533998580920056, 43.592595249984591 ], [ -79.53485018320201, 43.593376424066932 ], [ -79.533097696323111, 43.594174714585961 ], [ -79.532183395123525, 43.593415232545773 ], [ -79.533998580920056, 43.592595249984591 ] ] ] } },
{ "type": "Feature", "properties": { "vor_id": 147, "theft_count": 5, "bike_trips": 2634.0, "theft_per_1000_trips": "1.8982536066818527" }, "geometry": { "type": "Polygon", "coordinates": [ [ [ -79.54395634260338, 43.591527428891403 ], [ -79.54469942647512, 43.591623911953334 ], [ -79.545745346944742, 43.592165337537551 ], [ -79.543422473192663, 43.593879010331484 ], [ -79.54395634260338, 43.591527428891403 ] ] ] } },
{ "type": "Feature", "properties": { "vor_id": 148, "theft_count": 6, "bike_trips": 2377.0, "theft_per_1000_trips": "2.5241901556583928" }, "geometry": { "type": "Polygon", "coordinates": [ [ [ -79.44692840981061, 43.711827288906115 ], [ -79.445906799685361, 43.712407340510786 ], [ -79.445583216009467, 43.712313452645624 ], [ -79.4432639113503, 43.711216494672236 ], [ -79.442028752983774, 43.71021442126677 ], [ -79.440675118616667, 43.708732718270049 ], [ -79.439998929520911, 43.705551269557105 ], [ -79.444420340263477, 43.703788121372575 ], [ -79.447574334537407, 43.710982476992335 ], [ -79.44692840981061, 43.711827288906115 ] ] ] } },
{ "type": "Feature", "properties": { "vor_id": 149, "theft_count": 7, "bike_trips": 3398.0, "theft_per_1000_trips": "2.0600353148911124" }, "geometry": { "type": "Polygon", "coordinates": [ [ [ -79.434693800049615, 43.669991363989681 ], [ -79.434406797019605, 43.670602189576627 ], [ -79.432002259785747, 43.669139686278697 ], [ -79.431953441764463, 43.668902399567919 ], [ -79.433199952280802, 43.666776236260667 ], [ -79.43407359966298, 43.666876483153068 ], [ -79.434693800049615, 43.669991363989681 ] ] ] } },
{ "type": "Feature", "properties": { "vor_id": 150, "theft_count": 25, "bike_trips": 2147.0, "theft_per_1000_trips": "11.644154634373546" }, "geometry": { "type": "Polygon", "coordinates": [ [ [ -79.395999360432626, 43.648342003619945 ], [ -79.394900403855374, 43.648790729807921 ], [ -79.394637831578564, 43.648389490187391 ], [ -79.394506840134383, 43.647770550447419 ], [ -79.395029142409427, 43.647561361660905 ], [ -79.396008496531493, 43.647617815540208 ], [ -79.395999360432626, 43.648342003619945 ] ] ] } },
{ "type": "Feature", "properties": { "vor_id": 151, "theft_count": 23, "bike_trips": 3594.0, "theft_per_1000_trips": "6.3995548135781855" }, "geometry": { "type": "Polygon", "coordinates": [ [ [ -79.411243149507655, 43.676829356445396 ], [ -79.411890138159308, 43.677473131571269 ], [ -79.410319528916958, 43.680857944497532 ], [ -79.407915505780636, 43.682299939384976 ], [ -79.407147516930152, 43.68200476584375 ], [ -79.406411948918802, 43.675921764825262 ], [ -79.409341407524948, 43.676086624656072 ], [ -79.411243149507655, 43.676829356445396 ] ] ] } },
{ "type": "Feature", "properties": { "vor_id": 152, "theft_count": 18, "bike_trips": 1112.0, "theft_per_1000_trips": "16.18705035971223" }, "geometry": { "type": "Polygon", "coordinates": [ [ [ -79.445128305362502, 43.666190492505457 ], [ -79.444751221358644, 43.665938723656758 ], [ -79.444252570818207, 43.663519384006463 ], [ -79.445346581212434, 43.661792162761174 ], [ -79.445611809639956, 43.661895973717982 ], [ -79.446501699499649, 43.665648345589901 ], [ -79.445128305362502, 43.666190492505457 ] ] ] } },
{ "type": "Feature", "properties": { "vor_id": 154, "theft_count": 8, "bike_trips": 2364.0, "theft_per_1000_trips": "3.3840947546531304" }, "geometry": { "type": "Polygon", "coordinates": [ [ [ -79.422560510154071, 43.68370409882904 ], [ -79.421090578734734, 43.68327872137948 ], [ -79.420809923871104, 43.680874791060013 ], [ -79.423743848671947, 43.681572370133573 ], [ -79.423850945968624, 43.682037444235988 ], [ -79.422560510154071, 43.68370409882904 ] ] ] } },
{ "type": "Feature", "properties": { "vor_id": 155, "theft_count": 22, "bike_trips": 4470.0, "theft_per_1000_trips": "4.921700223713647" }, "geometry": { "type": "Polygon", "coordinates": [ [ [ -79.372947317213104, 43.768027071487843 ], [ -79.371246727004149, 43.776990281201996 ], [ -79.368516340145732, 43.770528422117984 ], [ -79.368542290091511, 43.769738634545959 ], [ -79.372947317213104, 43.768027071487843 ] ] ] } },
{ "type": "Feature", "properties": { "vor_id": 157, "theft_count": 35, "bike_trips": 38667.0, "theft_per_1000_trips": "0.9051646106499082" }, "geometry": { "type": "MultiPolygon", "coordinates": [ [ [ [ -79.565562230868849, 43.598002802103338 ], [ -79.567575687921675, 43.600207235373119 ], [ -79.571700685126075, 43.604723488184362 ], [ -79.57215776636329, 43.605223923535043 ], [ -79.574485331811374, 43.607772258352583 ], [ -79.574754455082498, 43.6080669079413 ], [ -79.576926256256058, 43.610444704257169 ], [ -79.568619535559222, 43.62062918631203 ], [ -79.567595675967908, 43.621486862894756 ], [ -79.566893955120605, 43.621743723428523 ], [ -79.555973369685148, 43.625741135525971 ], [ -79.551834094020037, 43.62442996260642 ], [ -79.551403463404483, 43.605465290529629 ], [ -79.55762468810623, 43.596868994391556 ], [ -79.558481023184413, 43.596266396924158 ], [ -79.562050990759772, 43.594158521191666 ], [ -79.562147772253368, 43.594264482401059 ], [ -79.565562230868849, 43.598002802103338 ] ] ], [ [ [ -79.581800392031482, 43.615781151364232 ], [ -79.576926256256058, 43.610444704257169 ], [ -79.577564518515914, 43.611143505633876 ], [ -79.581800392031482, 43.615781151364232 ] ] ] ] } },
{ "type": "Feature", "properties": { "vor_id": 158, "theft_count": 9, "bike_trips": 3545.0, "theft_per_1000_trips": "2.538787023977433" }, "geometry": { "type": "Polygon", "coordinates": [ [ [ -79.423850945968624, 43.682037444235988 ], [ -79.423743848671947, 43.681572370133573 ], [ -79.424508295629721, 43.680123392499596 ], [ -79.424862982673716, 43.679972204565104 ], [ -79.427436981087155, 43.680489159095792 ], [ -79.425116427625795, 43.683032394288034 ], [ -79.423850945968624, 43.682037444235988 ] ] ] } },
{ "type": "Feature", "properties": { "vor_id": 159, "theft_count": 7, "bike_trips": 3435.0, "theft_per_1000_trips": "2.037845705967977" }, "geometry": { "type": "Polygon", "coordinates": [ [ [ -79.502516920594033, 43.69626570070605 ], [ -79.504827645704793, 43.696396689564814 ], [ -79.508109293157787, 43.69842113035493 ], [ -79.509885088326612, 43.700821148090398 ], [ -79.506717080365192, 43.704068794735043 ], [ -79.505693101457922, 43.703208057175658 ], [ -79.502516920594033, 43.69626570070605 ] ] ] } },
{ "type": "Feature", "properties": { "vor_id": 160, "theft_count": 163, "bike_trips": 2089.0, "theft_per_1000_trips": "78.02776448061273" }, "geometry": { "type": "Polygon", "coordinates": [ [ [ -79.380736682110353, 43.65474300877716 ], [ -79.379896361891966, 43.655099021696273 ], [ -79.379845437366669, 43.655086165106965 ], [ -79.379501685860106, 43.653299871760574 ], [ -79.380139408093711, 43.653029300668479 ], [ -79.380143888736072, 43.65303103618794 ], [ -79.380718680267364, 43.653917888914044 ], [ -79.380736682110353, 43.65474300877716 ] ] ] } },
{ "type": "Feature", "properties": { "vor_id": 161, "theft_count": 11, "bike_trips": 6553.0, "theft_per_1000_trips": "1.678620479169846" }, "geometry": { "type": "Polygon", "coordinates": [ [ [ -79.509266818147452, 43.604900868593226 ], [ -79.511089643200847, 43.607633777687347 ], [ -79.507625576885175, 43.6113715384448 ], [ -79.505330823169231, 43.609693279829756 ], [ -79.503054721767683, 43.605024287359136 ], [ -79.503556152823435, 43.603747844207568 ], [ -79.505526910510198, 43.601851283131197 ], [ -79.50678104403454, 43.601911614592531 ], [ -79.509266818147452, 43.604900868593226 ] ] ] } },
{ "type": "Feature", "properties": { "vor_id": 162, "theft_count": 12, "bike_trips": 2237.0, "theft_per_1000_trips": "5.364327223960662" }, "geometry": { "type": "Polygon", "coordinates": [ [ [ -79.368804809809262, 43.668269539352274 ], [ -79.369509834016398, 43.671796083850403 ], [ -79.367173861530361, 43.672040201106881 ], [ -79.366677100035616, 43.669791842615794 ], [ -79.367112671417203, 43.668263678360447 ], [ -79.367656022799238, 43.668099132896671 ], [ -79.368804809809262, 43.668269539352274 ] ] ] } },
{ "type": "Feature", "properties": { "vor_id": 163, "theft_count": 10, "bike_trips": 6006.0, "theft_per_1000_trips": "1.665001665001665" }, "geometry": { "type": "Polygon", "coordinates": [ [ [ -79.528191730142012, 43.704547689376241 ], [ -79.526482486639978, 43.720184895991117 ], [ -79.519735467765898, 43.716661534464762 ], [ -79.516454881316136, 43.705453467418408 ], [ -79.516563168637987, 43.705376517569817 ], [ -79.519097513046873, 43.704845804917483 ], [ -79.528191730142012, 43.704547689376241 ] ] ] } },
{ "type": "Feature", "properties": { "vor_id": 164, "theft_count": 23, "bike_trips": 2083.0, "theft_per_1000_trips": "11.041766682669227" }, "geometry": { "type": "Polygon", "coordinates": [ [ [ -79.381747084143285, 43.66789018520145 ], [ -79.380672352284549, 43.668330337098062 ], [ -79.38049532872904, 43.668075865576981 ], [ -79.380388877927246, 43.667922842453166 ], [ -79.380301865664634, 43.66752142236281 ], [ -79.38323579878363, 43.666314491056966 ], [ -79.383311001613862, 43.66640471094297 ], [ -79.38348275144827, 43.667179349982455 ], [ -79.381747084143285, 43.66789018520145 ] ] ] } },
{ "type": "Feature", "properties": { "vor_id": 166, "theft_count": 6, "bike_trips": 1592.0, "theft_per_1000_trips": "3.7688442211055273" }, "geometry": { "type": "Polygon", "coordinates": [ [ [ -79.185457655305356, 43.774869293995046 ], [ -79.183564323087637, 43.775639912860917 ], [ -79.181891704446599, 43.776320697494562 ], [ -79.182130317998968, 43.772788404066368 ], [ -79.182151477206801, 43.772475175710177 ], [ -79.191082451664272, 43.76897654429326 ], [ -79.191506696274615, 43.769712694657343 ], [ -79.185457655305356, 43.774869293995046 ] ] ] } },
{ "type": "Feature", "properties": { "vor_id": 167, "theft_count": 18, "bike_trips": 2589.0, "theft_per_1000_trips": "6.952491309385863" }, "geometry": { "type": "Polygon", "coordinates": [ [ [ -79.351259866427696, 43.659708501340312 ], [ -79.349556153393237, 43.658308100840237 ], [ -79.350934543991443, 43.657212012288809 ], [ -79.351455459664749, 43.659515766380501 ], [ -79.351259866427696, 43.659708501340312 ] ] ] } },
{ "type": "Feature", "properties": { "vor_id": 168, "theft_count": 0, "bike_trips": 2810.0, "theft_per_1000_trips": "0.0" }, "geometry": { "type": "Polygon", "coordinates": [ [ [ -79.5431973130313, 43.741894753765145 ], [ -79.54121293724468, 43.738711762555319 ], [ -79.548134852820169, 43.72775570239321 ], [ -79.548273523827206, 43.731915391693967 ], [ -79.545805436782473, 43.736033146158704 ], [ -79.543707523374337, 43.740468811381746 ], [ -79.5431973130313, 43.741894753765145 ] ] ] } },
{ "type": "Feature", "properties": { "vor_id": 169, "theft_count": 34, "bike_trips": 6206.0, "theft_per_1000_trips": "5.478569126651627" }, "geometry": { "type": "Polygon", "coordinates": [ [ [ -79.289928927804283, 43.735688704296876 ], [ -79.289278411745713, 43.732709163108026 ], [ -79.28955155493081, 43.721941350186967 ], [ -79.28971991201648, 43.721933079333709 ], [ -79.294522412020896, 43.721220695752905 ], [ -79.296592705607821, 43.729693515487575 ], [ -79.289928927804283, 43.735688704296876 ] ] ] } },
{ "type": "Feature", "properties": { "vor_id": 170, "theft_count": 58, "bike_trips": 4179.0, "theft_per_1000_trips": "13.878918401531466" }, "geometry": { "type": "Polygon", "coordinates": [ [ [ -79.37399147236215, 43.643694271966446 ], [ -79.373721143277265, 43.644531266873294 ], [ -79.373587913226885, 43.644749762004459 ], [ -79.373010849602139, 43.64508416504124 ], [ -79.367813983380543, 43.630305273020262 ], [ -79.3697943719325, 43.630385869959277 ], [ -79.374105930937091, 43.642977070912544 ], [ -79.37399147236215, 43.643694271966446 ] ] ] } },
{ "type": "Feature", "properties": { "vor_id": 171, "theft_count": 65, "bike_trips": 2149.0, "theft_per_1000_trips": "30.24662633783155" }, "geometry": { "type": "Polygon", "coordinates": [ [ [ -79.406065709066127, 43.671085123614134 ], [ -79.405266706854164, 43.671402447509188 ], [ -79.403984225462139, 43.671140582344584 ], [ -79.402588566352975, 43.670191908380517 ], [ -79.402802716388663, 43.669513797521645 ], [ -79.403697058922731, 43.66883028473346 ], [ -79.404413036727718, 43.668539403540855 ], [ -79.405684478459449, 43.669273892666077 ], [ -79.406065709066127, 43.671085123614134 ] ] ] } },
{ "type": "Feature", "properties": { "vor_id": 172, "theft_count": 11, "bike_trips": 4082.0, "theft_per_1000_trips": "2.6947574718275358" }, "geometry": { "type": "Polygon", "coordinates": [ [ [ -79.362800046035744, 43.655106262732005 ], [ -79.364199762787024, 43.654508887502239 ], [ -79.364996144494185, 43.655011035873045 ], [ -79.365223772725898, 43.656071280233718 ], [ -79.363801048295528, 43.656655479469087 ], [ -79.362800046035744, 43.655106262732005 ] ] ] } },
{ "type": "Feature", "properties": { "vor_id": 173, "theft_count": 28, "bike_trips": 2161.0, "theft_per_1000_trips": "12.956964368347988" }, "geometry": { "type": "Polygon", "coordinates": [ [ [ -79.400116481056244, 43.642657032734171 ], [ -79.400197808304668, 43.642600584107903 ], [ -79.401072086649762, 43.642987486386026 ], [ -79.401707832270247, 43.643890007010498 ], [ -79.401890586626223, 43.644791039266366 ], [ -79.4017904120156, 43.645183687883772 ], [ -79.400565117112976, 43.644990746349251 ], [ -79.400116481056244, 43.642657032734171 ] ] ] } },
{ "type": "Feature", "properties": { "vor_id": 174, "theft_count": 34, "bike_trips": 2035.0, "theft_per_1000_trips": "16.707616707616705" }, "geometry": { "type": "Polygon", "coordinates": [ [ [ -79.360743124753697, 43.66166707661236 ], [ -79.360057385173803, 43.661945515716326 ], [ -79.359462945735984, 43.659364873006922 ], [ -79.361200345165543, 43.658647793006843 ], [ -79.361259234298032, 43.658875205985083 ], [ -79.360743124753697, 43.66166707661236 ] ] ] } },
{ "type": "Feature", "properties": { "vor_id": 175, "theft_count": 1, "bike_trips": 2222.0, "theft_per_1000_trips": "0.45004500450045004" }, "geometry": { "type": "Polygon", "coordinates": [ [ [ -79.427525027815165, 43.641312722288582 ], [ -79.428502867584299, 43.640933242873423 ], [ -79.429209370890504, 43.641233940095489 ], [ -79.42916113314601, 43.641376230930582 ], [ -79.427674646215436, 43.641959338774321 ], [ -79.427455355879502, 43.641676396193994 ], [ -79.427525027815165, 43.641312722288582 ] ] ] } },
{ "type": "Feature", "properties": { "vor_id": 176, "theft_count": 10, "bike_trips": 3948.0, "theft_per_1000_trips": "2.5329280648429586" }, "geometry": { "type": "Polygon", "coordinates": [ [ [ -79.532183395123525, 43.593415232545773 ], [ -79.533097696323111, 43.594174714585961 ], [ -79.533291287012361, 43.595010268309089 ], [ -79.531846730294674, 43.60027092970769 ], [ -79.53019139710257, 43.600963235759295 ], [ -79.530539601469627, 43.59288607698543 ], [ -79.532183395123525, 43.593415232545773 ] ] ] } },
{ "type": "Feature", "properties": { "vor_id": 177, "theft_count": 134, "bike_trips": 2222.0, "theft_per_1000_trips": "60.30603060306031" }, "geometry": { "type": "Polygon", "coordinates": [ [ [ -79.436741526208891, 43.652061770036738 ], [ -79.437602427597241, 43.656526239043671 ], [ -79.436080247941064, 43.657494797026672 ], [ -79.435380814098565, 43.657234574875659 ], [ -79.434979557654273, 43.656470236743687 ], [ -79.435451593249297, 43.65326597991406 ], [ -79.435966359822118, 43.651951299241041 ], [ -79.436741526208891, 43.652061770036738 ] ] ] } },
{ "type": "Feature", "properties": { "vor_id": 178, "theft_count": 20, "bike_trips": 7668.0, "theft_per_1000_trips": "2.6082420448617634" }, "geometry": { "type": "Polygon", "coordinates": [ [ [ -79.285361302613964, 43.742443649881565 ], [ -79.286821821847838, 43.742384007068082 ], [ -79.287119558739576, 43.74256113561065 ], [ -79.292564568511651, 43.75639609074382 ], [ -79.2903041701788, 43.759555094512713 ], [ -79.280926209586454, 43.761619411513756 ], [ -79.282926304519933, 43.743285449381261 ], [ -79.283484205333338, 43.742807376466402 ], [ -79.285361302613964, 43.742443649881565 ] ] ] } },
{ "type": "Feature", "properties": { "vor_id": 179, "theft_count": 0, "bike_trips": 2195.0, "theft_per_1000_trips": "0.0" }, "geometry": { "type": "Polygon", "coordinates": [ [ [ -79.421723112077274, 43.635650790414026 ], [ -79.421475359041139, 43.636249946651901 ], [ -79.420617716471227, 43.636495761760699 ], [ -79.42117919464836, 43.634926535379769 ], [ -79.421723112077274, 43.635650790414026 ] ] ] } },
{ "type": "Feature", "properties": { "vor_id": 180, "theft_count": 8, "bike_trips": 2455.0, "theft_per_1000_trips": "3.258655804480652" }, "geometry": { "type": "Polygon", "coordinates": [ [ [ -79.398716625987689, 43.724200414155646 ], [ -79.399754631779402, 43.729150766463498 ], [ -79.393985766352088, 43.729998446106286 ], [ -79.397696564224347, 43.723330570314587 ], [ -79.398716625987689, 43.724200414155646 ] ] ] } },
{ "type": "Feature", "properties": { "vor_id": 181, "theft_count": 26, "bike_trips": 2229.0, "theft_per_1000_trips": "11.664423508299686" }, "geometry": { "type": "Polygon", "coordinates": [ [ [ -79.442482772126027, 43.651213185514081 ], [ -79.444219057480069, 43.652463152553736 ], [ -79.443415669066496, 43.655574646163046 ], [ -79.441760567911572, 43.656160053628412 ], [ -79.440694079201634, 43.656295397282101 ], [ -79.439806274166699, 43.655682216526863 ], [ -79.43872156058616, 43.652660431672103 ], [ -79.442482772126027, 43.651213185514081 ] ] ] } },
{ "type": "Feature", "properties": { "vor_id": 182, "theft_count": 21, "bike_trips": 4770.0, "theft_per_1000_trips": "4.40251572327044" }, "geometry": { "type": "Polygon", "coordinates": [ [ [ -79.196770627829878, 43.764266567216367 ], [ -79.190239123638264, 43.764422415945745 ], [ -79.186683417045629, 43.757222814685626 ], [ -79.199958007261685, 43.759755261220043 ], [ -79.196770627829878, 43.764266567216367 ] ] ] } },
{ "type": "Feature", "properties": { "vor_id": 183, "theft_count": 14, "bike_trips": 2120.0, "theft_per_1000_trips": "6.60377358490566" }, "geometry": { "type": "Polygon", "coordinates": [ [ [ -79.383368301175253, 43.646858954636301 ], [ -79.383245035644663, 43.645666297474619 ], [ -79.384788827744146, 43.644789744158665 ], [ -79.384599015331688, 43.646584435744053 ], [ -79.383999999183075, 43.646925581792289 ], [ -79.383368301175253, 43.646858954636301 ] ] ] } },
{ "type": "Feature", "properties": { "vor_id": 184, "theft_count": 33, "bike_trips": 2159.0, "theft_per_1000_trips": "15.284854099119963" }, "geometry": { "type": "Polygon", "coordinates": [ [ [ -79.400933085469788, 43.647472083917258 ], [ -79.401602585419965, 43.64720481846814 ], [ -79.401971650671314, 43.648972934421629 ], [ -79.401331660348362, 43.649417774252441 ], [ -79.400933085469788, 43.647472083917258 ] ] ] } },
{ "type": "Feature", "properties": { "vor_id": 185, "theft_count": 41, "bike_trips": 1078.0, "theft_per_1000_trips": "38.03339517625231" }, "geometry": { "type": "Polygon", "coordinates": [ [ [ -79.402897519862051, 43.656235430576608 ], [ -79.40139693064863, 43.65540137754568 ], [ -79.401463439659111, 43.65516678331241 ], [ -79.402969013982116, 43.654536708081586 ], [ -79.403628751260854, 43.654845665749541 ], [ -79.40380019326895, 43.655672232915428 ], [ -79.40335965887698, 43.65605509267801 ], [ -79.402897519862051, 43.656235430576608 ] ] ] } },
{ "type": "Feature", "properties": { "vor_id": 186, "theft_count": 65, "bike_trips": 2179.0, "theft_per_1000_trips": "29.830197338228544" }, "geometry": { "type": "Polygon", "coordinates": [ [ [ -79.405992040218564, 43.636889234965714 ], [ -79.407666793594842, 43.639425219328011 ], [ -79.407590827227395, 43.639661112071842 ], [ -79.407126179345298, 43.639874496602907 ], [ -79.405332694273113, 43.639529788590465 ], [ -79.405094575066386, 43.636825812709283 ], [ -79.405992040218564, 43.636889234965714 ] ] ] } },
{ "type": "Feature", "properties": { "vor_id": 187, "theft_count": 22, "bike_trips": 2045.0, "theft_per_1000_trips": "10.75794621026895" }, "geometry": { "type": "Polygon", "coordinates": [ [ [ -79.368629290366727, 43.664122634454834 ], [ -79.368479340672764, 43.663440783391813 ], [ -79.368618255814681, 43.663128741522435 ], [ -79.369333204134634, 43.662847003236095 ], [ -79.369717861149908, 43.662920000052821 ], [ -79.370032950302701, 43.664425074289007 ], [ -79.369715887475266, 43.665401757687015 ], [ -79.368775096893557, 43.66450574305599 ], [ -79.368629290366727, 43.664122634454834 ] ] ] } },
{ "type": "Feature", "properties": { "vor_id": 188, "theft_count": 24, "bike_trips": 3918.0, "theft_per_1000_trips": "6.1255742725880555" }, "geometry": { "type": "Polygon", "coordinates": [ [ [ -79.480612588354731, 43.612536533982961 ], [ -79.486568189289741, 43.621551970752982 ], [ -79.486181560178707, 43.622139491115689 ], [ -79.484814046395655, 43.622811367010627 ], [ -79.465914820022761, 43.600999694640201 ], [ -79.476451162535966, 43.608481670850168 ], [ -79.480612588354731, 43.612536533982961 ] ] ] } },
{ "type": "Feature", "properties": { "vor_id": 190, "theft_count": 0, "bike_trips": 2039.0, "theft_per_1000_trips": "0.0" }, "geometry": { "type": "Polygon", "coordinates": [ [ [ -79.362377060134563, 43.667125492571223 ], [ -79.361965109331891, 43.667883867803674 ], [ -79.359603330971396, 43.668543620625556 ], [ -79.360722466826502, 43.666711038523133 ], [ -79.362377060134563, 43.667125492571223 ] ] ] } },
{ "type": "Feature", "properties": { "vor_id": 191, "theft_count": 19, "bike_trips": 2529.0, "theft_per_1000_trips": "7.5128509292210355" }, "geometry": { "type": "Polygon", "coordinates": [ [ [ -79.296951827928325, 43.693513120323026 ], [ -79.29839659760178, 43.695970605649329 ], [ -79.295368497902103, 43.6999624996471 ], [ -79.2934147059635, 43.699579307034867 ], [ -79.293363371401483, 43.693746051190899 ], [ -79.296129824433464, 43.693260773975972 ], [ -79.296951827928325, 43.693513120323026 ] ] ] } },
{ "type": "Feature", "properties": { "vor_id": 192, "theft_count": 26, "bike_trips": 1025.0, "theft_per_1000_trips": "25.365853658536587" }, "geometry": { "type": "Polygon", "coordinates": [ [ [ -79.368007615976651, 43.651370785035837 ], [ -79.367888511255813, 43.651685679502123 ], [ -79.36684416700713, 43.652138871233916 ], [ -79.366643041992802, 43.652029611766203 ], [ -79.366468564191521, 43.651269003341035 ], [ -79.367349293080039, 43.650891376180198 ], [ -79.368007615976651, 43.651370785035837 ] ] ] } },
{ "type": "Feature", "properties": { "vor_id": 193, "theft_count": 34, "bike_trips": 6254.0, "theft_per_1000_trips": "5.436520626798848" }, "geometry": { "type": "Polygon", "coordinates": [ [ [ -79.48655464321358, 43.643023114772078 ], [ -79.494380980205321, 43.641259481924408 ], [ -79.497524235174907, 43.643696381392154 ], [ -79.498682306172569, 43.646315950952697 ], [ -79.491385098109845, 43.654167709568675 ], [ -79.491320926383523, 43.654164716615057 ], [ -79.489291122323863, 43.653427749152883 ], [ -79.487603074208494, 43.648484699375487 ], [ -79.48655464321358, 43.643023114772078 ] ] ] } },
{ "type": "Feature", "properties": { "vor_id": 194, "theft_count": 19, "bike_trips": 2187.0, "theft_per_1000_trips": "8.687700045724737" }, "geometry": { "type": "Polygon", "coordinates": [ [ [ -79.415691871227608, 43.640723667718667 ], [ -79.414333910762693, 43.64124251864871 ], [ -79.413319705451613, 43.640328310974148 ], [ -79.415080914402395, 43.639667428370018 ], [ -79.41581530468882, 43.640216509540771 ], [ -79.415691871227608, 43.640723667718667 ] ] ] } },
{ "type": "Feature", "properties": { "vor_id": 195, "theft_count": 21, "bike_trips": 2565.0, "theft_per_1000_trips": "8.187134502923977" }, "geometry": { "type": "Polygon", "coordinates": [ [ [ -79.330360704329166, 43.685018191931462 ], [ -79.32557410614271, 43.687019825467878 ], [ -79.326300528267296, 43.68343158186385 ], [ -79.327507136479838, 43.682934061486179 ], [ -79.327803107572876, 43.682894955369989 ], [ -79.328249806912268, 43.683136040136134 ], [ -79.330360704329166, 43.685018191931462 ] ] ] } },
{ "type": "Feature", "properties": { "vor_id": 196, "theft_count": 19, "bike_trips": 2141.0, "theft_per_1000_trips": "8.874357776739842" }, "geometry": { "type": "Polygon", "coordinates": [ [ [ -79.39551281945073, 43.65550019948072 ], [ -79.394972823311363, 43.656081719571205 ], [ -79.392930002679108, 43.654836180192213 ], [ -79.392899354591449, 43.654769221916169 ], [ -79.394281127393484, 43.654212740595504 ], [ -79.395552122182323, 43.654546034630037 ], [ -79.395656308079282, 43.654680746818634 ], [ -79.39551281945073, 43.65550019948072 ] ] ] } },
{ "type": "Feature", "properties": { "vor_id": 197, "theft_count": 20, "bike_trips": 5116.0, "theft_per_1000_trips": "3.9093041438623923" }, "geometry": { "type": "Polygon", "coordinates": [ [ [ -79.321829989009032, 43.681614320105943 ], [ -79.324417331288757, 43.681397449469564 ], [ -79.324434005703353, 43.681401987332002 ], [ -79.325731264975602, 43.682973331588137 ], [ -79.322547039970203, 43.684272428278355 ], [ -79.322285094212603, 43.683809361196246 ], [ -79.321829989009032, 43.681614320105943 ] ] ] } },
{ "type": "Feature", "properties": { "vor_id": 198, "theft_count": 36, "bike_trips": 2159.0, "theft_per_1000_trips": "16.67438628994905" }, "geometry": { "type": "Polygon", "coordinates": [ [ [ -79.396883326815299, 43.648904756938798 ], [ -79.396742263743377, 43.648230195822052 ], [ -79.397236851271586, 43.647303355431227 ], [ -79.398441617807023, 43.648024251160358 ], [ -79.398538720667261, 43.648184777222212 ], [ -79.397743119773722, 43.649557129112978 ], [ -79.397451506882661, 43.649443742000358 ], [ -79.396883326815299, 43.648904756938798 ] ] ] } },
{ "type": "Feature", "properties": { "vor_id": 199, "theft_count": 23, "bike_trips": 2175.0, "theft_per_1000_trips": "10.574712643678161" }, "geometry": { "type": "Polygon", "coordinates": [ [ [ -79.405395091197875, 43.650586420588809 ], [ -79.405338969410508, 43.650640006299355 ], [ -79.404914827670396, 43.650809622232835 ], [ -79.404587246493691, 43.650818860169551 ], [ -79.403275792644436, 43.648493200957994 ], [ -79.404754722578105, 43.647911891979582 ], [ -79.405290501986414, 43.648051695194951 ], [ -79.405395091197875, 43.650586420588809 ] ] ] } },
{ "type": "Feature", "properties": { "vor_id": 201, "theft_count": 27, "bike_trips": 2153.0, "theft_per_1000_trips": "12.540640966093822" }, "geometry": { "type": "Polygon", "coordinates": [ [ [ -79.406094380605481, 43.660997995082198 ], [ -79.406565618785066, 43.661581792356806 ], [ -79.406951716522016, 43.663572862645637 ], [ -79.406685201455034, 43.663780889958247 ], [ -79.404478346392963, 43.663359427642249 ], [ -79.404159579030448, 43.661773927822232 ], [ -79.406094380605481, 43.660997995082198 ] ] ] } },
{ "type": "Feature", "properties": { "vor_id": 202, "theft_count": 7, "bike_trips": 2198.0, "theft_per_1000_trips": "3.1847133757961785" }, "geometry": { "type": "Polygon", "coordinates": [ [ [ -79.422000192652661, 43.644708540677996 ], [ -79.421441399076699, 43.64536648765047 ], [ -79.420868334915184, 43.645246418477278 ], [ -79.420296543910496, 43.642382895380159 ], [ -79.421590067207092, 43.642642710822834 ], [ -79.422000192652661, 43.644708540677996 ] ] ] } },
{ "type": "Feature", "properties": { "vor_id": 203, "theft_count": 3, "bike_trips": 2413.0, "theft_per_1000_trips": "1.2432656444260257" }, "geometry": { "type": "Polygon", "coordinates": [ [ [ -79.411837885901946, 43.739786960610765 ], [ -79.411020016636328, 43.741314370705673 ], [ -79.406641140445942, 43.735529497061094 ], [ -79.407225066920873, 43.733559915881116 ], [ -79.40973502534483, 43.736081839080271 ], [ -79.411837885901946, 43.739786960610765 ] ] ] } },
{ "type": "Feature", "properties": { "vor_id": 204, "theft_count": 38, "bike_trips": 2088.0, "theft_per_1000_trips": "18.199233716475096" }, "geometry": { "type": "Polygon", "coordinates": [ [ [ -79.380850988098203, 43.657912043726078 ], [ -79.380734150672296, 43.657441112136382 ], [ -79.382588003858984, 43.656651801339862 ], [ -79.382751300455723, 43.657099300572597 ], [ -79.380850988098203, 43.657912043726078 ] ] ] } },
{ "type": "Feature", "properties": { "vor_id": 206, "theft_count": 49, "bike_trips": 8812.0, "theft_per_1000_trips": "5.560599182932365" }, "geometry": { "type": "Polygon", "coordinates": [ [ [ -79.41146714806608, 43.768675918009933 ], [ -79.418977066929685, 43.766775745258066 ], [ -79.41901703651088, 43.768272771931898 ], [ -79.412047807428351, 43.769939950887832 ], [ -79.411326693948737, 43.768989653764507 ], [ -79.41146714806608, 43.768675918009933 ] ] ] } },
{ "type": "Feature", "properties": { "vor_id": 208, "theft_count": 31, "bike_trips": 5600.0, "theft_per_1000_trips": "5.535714285714286" }, "geometry": { "type": "Polygon", "coordinates": [ [ [ -79.434896436966014, 43.632487721986024 ], [ -79.437667132515529, 43.637441943379521 ], [ -79.434855138634262, 43.638499013324889 ], [ -79.434007683454709, 43.634383467026282 ], [ -79.434896436966014, 43.632487721986024 ] ] ] } },
{ "type": "Feature", "properties": { "vor_id": 209, "theft_count": 7, "bike_trips": 3876.0, "theft_per_1000_trips": "1.805985552115583" }, "geometry": { "type": "Polygon", "coordinates": [ [ [ -79.334031628224338, 43.661090193084632 ], [ -79.334578360609115, 43.661242263062135 ], [ -79.335104645679323, 43.663623873554364 ], [ -79.334178679077041, 43.664579018975331 ], [ -79.33339432923195, 43.665388085048704 ], [ -79.333381560421884, 43.665388798942843 ], [ -79.33248356570212, 43.661329407231804 ], [ -79.332956175149477, 43.661130700728926 ], [ -79.333530119939226, 43.661109082722589 ], [ -79.334031628224338, 43.661090193084632 ] ] ] } },
{ "type": "Feature", "properties": { "vor_id": 210, "theft_count": 7, "bike_trips": 2942.0, "theft_per_1000_trips": "2.3793337865397692" }, "geometry": { "type": "Polygon", "coordinates": [ [ [ -79.417986848106381, 43.792378830715755 ], [ -79.411456120681663, 43.789531950873638 ], [ -79.419262984106012, 43.787600316004919 ], [ -79.419559238450461, 43.787941908538365 ], [ -79.418387188656396, 43.792279996390334 ], [ -79.417986848106381, 43.792378830715755 ] ] ] } },
{ "type": "Feature", "properties": { "vor_id": 211, "theft_count": 62, "bike_trips": 3874.0, "theft_per_1000_trips": "16.00413009808983" }, "geometry": { "type": "Polygon", "coordinates": [ [ [ -79.339976765512333, 43.668570202986047 ], [ -79.339971257720777, 43.668829855907425 ], [ -79.335874811389374, 43.672356967292053 ], [ -79.33475236702192, 43.670816378021208 ], [ -79.334556231939459, 43.67054717661361 ], [ -79.334711143302613, 43.669977249937695 ], [ -79.334730361133921, 43.6699065465723 ], [ -79.336625491029977, 43.667294082349144 ], [ -79.33946625305822, 43.668070934866982 ], [ -79.339976765512333, 43.668570202986047 ] ] ] } },
{ "type": "Feature", "properties": { "vor_id": 215, "theft_count": 17, "bike_trips": 1075.0, "theft_per_1000_trips": "15.813953488372091" }, "geometry": { "type": "Polygon", "coordinates": [ [ [ -79.407859009674922, 43.672748283191616 ], [ -79.407699878906953, 43.67155010993006 ], [ -79.407791467300811, 43.67141577640453 ], [ -79.410937223556203, 43.671216582092711 ], [ -79.41129572804617, 43.671921729946632 ], [ -79.410363588372832, 43.67304426661218 ], [ -79.408293074546819, 43.672931101452839 ], [ -79.407859009674922, 43.672748283191616 ] ] ] } },
{ "type": "Feature", "properties": { "vor_id": 216, "theft_count": 22, "bike_trips": 4462.0, "theft_per_1000_trips": "4.930524428507396" }, "geometry": { "type": "Polygon", "coordinates": [ [ [ -79.442482772126027, 43.651213185514081 ], [ -79.43872156058616, 43.652660431672103 ], [ -79.437389324008322, 43.652095647075704 ], [ -79.440202438408633, 43.647280043527324 ], [ -79.44064351522114, 43.64726229034499 ], [ -79.441805589656383, 43.648146504017227 ], [ -79.442482772126027, 43.651213185514081 ] ] ] } },
{ "type": "Feature", "properties": { "vor_id": 217, "theft_count": 37, "bike_trips": 1017.0, "theft_per_1000_trips": "36.38151425762045" }, "geometry": { "type": "Polygon", "coordinates": [ [ [ -79.361259234298032, 43.658875205985083 ], [ -79.361200345165543, 43.658647793006843 ], [ -79.36135624117567, 43.658197974817568 ], [ -79.363726142001042, 43.658061766620811 ], [ -79.364370871044628, 43.658647279079119 ], [ -79.364370800645958, 43.658707855231732 ], [ -79.364091627666269, 43.65926584445679 ], [ -79.362335910738281, 43.659975216961435 ], [ -79.361259234298032, 43.658875205985083 ] ] ] } },
{ "type": "Feature", "properties": { "vor_id": 218, "theft_count": 22, "bike_trips": 3631.0, "theft_per_1000_trips": "6.058936931974662" }, "geometry": { "type": "Polygon", "coordinates": [ [ [ -79.410563754516062, 43.711749732886254 ], [ -79.402404733996903, 43.704913636637087 ], [ -79.403588476635349, 43.701758969323983 ], [ -79.409327527096991, 43.705898733356605 ], [ -79.410563754516062, 43.711749732886254 ] ] ] } },
{ "type": "Feature", "properties": { "vor_id": 219, "theft_count": 36, "bike_trips": 5623.0, "theft_per_1000_trips": "6.402276364929754" }, "geometry": { "type": "Polygon", "coordinates": [ [ [ -79.463176259536397, 43.661866290782712 ], [ -79.463174615700567, 43.665055209000506 ], [ -79.462203427206703, 43.666412501647912 ], [ -79.462059744669276, 43.666523320082923 ], [ -79.458746184761736, 43.665599767346983 ], [ -79.457767251242331, 43.665118181102009 ], [ -79.457546129073819, 43.663964800870552 ], [ -79.461030670635395, 43.66012329161267 ], [ -79.461696615081536, 43.660436330877417 ], [ -79.463176259536397, 43.661866290782712 ] ] ] } },
{ "type": "Feature", "properties": { "vor_id": 220, "theft_count": 12, "bike_trips": 9483.0, "theft_per_1000_trips": "1.2654223347042075" }, "geometry": { "type": "Polygon", "coordinates": [ [ [ -79.219439305144675, 43.741637428140223 ], [ -79.211183483958763, 43.738944308813316 ], [ -79.201699450265153, 43.718434041878083 ], [ -79.208151225183443, 43.713894199372994 ], [ -79.22983996630542, 43.727884729115431 ], [ -79.227225648455871, 43.735156767822396 ], [ -79.219439305144675, 43.741637428140223 ] ] ] } },
{ "type": "Feature", "properties": { "vor_id": 221, "theft_count": 18, "bike_trips": 2563.0, "theft_per_1000_trips": "7.023019898556379" }, "geometry": { "type": "Polygon", "coordinates": [ [ [ -79.327803107572876, 43.682894955369989 ], [ -79.327507136479838, 43.682934061486179 ], [ -79.326821574126228, 43.679744966255164 ], [ -79.328004579487356, 43.678396357474902 ], [ -79.329791408705347, 43.679558663897247 ], [ -79.327803107572876, 43.682894955369989 ] ] ] } },
{ "type": "Feature", "properties": { "vor_id": 222, "theft_count": 11, "bike_trips": 3330.0, "theft_per_1000_trips": "3.303303303303303" }, "geometry": { "type": "Polygon", "coordinates": [ [ [ -79.4303383147396, 43.663533791524735 ], [ -79.429268002060169, 43.663381818982046 ], [ -79.428908696923131, 43.661725730275393 ], [ -79.429200689432037, 43.661106126911307 ], [ -79.430149326355291, 43.661657715057224 ], [ -79.430515164371371, 43.663332510788095 ], [ -79.4303383147396, 43.663533791524735 ] ] ] } },
{ "type": "Feature", "properties": { "vor_id": 223, "theft_count": 0, "bike_trips": 0.0, "theft_per_1000_trips": "<NA>" }, "geometry": { "type": "Polygon", "coordinates": [ [ [ -79.479111895824857, 43.600167972650027 ], [ -79.467585776471253, 43.591175924937794 ], [ -79.476977281497781, 43.589448924662342 ], [ -79.478113589125641, 43.590460579522407 ], [ -79.478342306666292, 43.595116232016579 ], [ -79.47906227897974, 43.599969891100905 ], [ -79.479111895824857, 43.600167972650027 ] ] ] } },
{ "type": "Feature", "properties": { "vor_id": 224, "theft_count": 19, "bike_trips": 2435.0, "theft_per_1000_trips": "7.8028747433264884" }, "geometry": { "type": "Polygon", "coordinates": [ [ [ -79.401386760816834, 43.72842848090572 ], [ -79.401705333775112, 43.727105387299488 ], [ -79.406070174487397, 43.726047627618769 ], [ -79.406104804668914, 43.726051219482649 ], [ -79.406336352054581, 43.727141691835165 ], [ -79.401386760816834, 43.72842848090572 ] ] ] } },
{ "type": "Feature", "properties": { "vor_id": 225, "theft_count": 11, "bike_trips": 2061.0, "theft_per_1000_trips": "5.337214944201844" }, "geometry": { "type": "Polygon", "coordinates": [ [ [ -79.373282493511866, 43.654264600883664 ], [ -79.374238859611154, 43.654473512951498 ], [ -79.374579020109522, 43.656070960922591 ], [ -79.373512159660407, 43.656488490500159 ], [ -79.373099912529256, 43.654496563816032 ], [ -79.373282493511866, 43.654264600883664 ] ] ] } },
{ "type": "Feature", "properties": { "vor_id": 226, "theft_count": 20, "bike_trips": 2173.0, "theft_per_1000_trips": "9.203865623561896" }, "geometry": { "type": "Polygon", "coordinates": [ [ [ -79.403748824989421, 43.635994170361691 ], [ -79.403295987058343, 43.636853780498775 ], [ -79.401828104776285, 43.637317804070875 ], [ -79.401746154614031, 43.636648660387635 ], [ -79.403713294330274, 43.635807091815742 ], [ -79.403748824989421, 43.635994170361691 ] ] ] } },
{ "type": "Feature", "properties": { "vor_id": 227, "theft_count": 29, "bike_trips": 3357.0, "theft_per_1000_trips": "8.6386654751266" }, "geometry": { "type": "Polygon", "coordinates": [ [ [ -79.439589912383596, 43.640877226739931 ], [ -79.439804621760402, 43.641961998974253 ], [ -79.438422033430086, 43.642496450123751 ], [ -79.435699140855476, 43.640784811945522 ], [ -79.438049497876534, 43.638890859728519 ], [ -79.439589912383596, 43.640877226739931 ] ] ] } },
{ "type": "Feature", "properties": { "vor_id": 228, "theft_count": 9, "bike_trips": 1295.0, "theft_per_1000_trips": "6.949806949806949" }, "geometry": { "type": "Polygon", "coordinates": [ [ [ -79.351259866427696, 43.659708501340312 ], [ -79.351455459664749, 43.659515766380501 ], [ -79.352085856477089, 43.659206194407929 ], [ -79.352746167643474, 43.659168531590197 ], [ -79.353271502436385, 43.659696198161214 ], [ -79.352492184160567, 43.661129705607628 ], [ -79.350816880018868, 43.661738753526798 ], [ -79.351259866427696, 43.659708501340312 ] ] ] } },
{ "type": "Feature", "properties": { "vor_id": 229, "theft_count": 82, "bike_trips": 4176.0, "theft_per_1000_trips": "19.6360153256705" }, "geometry": { "type": "Polygon", "coordinates": [ [ [ -79.383900597694605, 43.664597099354893 ], [ -79.384869878575287, 43.664193042885188 ], [ -79.385144309697864, 43.66552173175846 ], [ -79.385024270257759, 43.66569341692972 ], [ -79.383311001613862, 43.66640471094297 ], [ -79.38323579878363, 43.666314491056966 ], [ -79.38291900232683, 43.665742063611468 ], [ -79.383900597694605, 43.664597099354893 ] ] ] } },
{ "type": "Feature", "properties": { "vor_id": 230, "theft_count": 14, "bike_trips": 1045.0, "theft_per_1000_trips": "13.397129186602871" }, "geometry": { "type": "Polygon", "coordinates": [ [ [ -79.390605357155067, 43.670696973520641 ], [ -79.390730692996584, 43.670380861190914 ], [ -79.390970140271591, 43.670282817573145 ], [ -79.391980642920203, 43.670121383467013 ], [ -79.392456641835494, 43.672389107991485 ], [ -79.390982225564301, 43.672462302864425 ], [ -79.390605357155067, 43.670696973520641 ] ] ] } },
{ "type": "Feature", "properties": { "vor_id": 231, "theft_count": 98, "bike_trips": 2448.0, "theft_per_1000_trips": "40.03267973856209" }, "geometry": { "type": "Polygon", "coordinates": [ [ [ -79.391379015662224, 43.706311321578035 ], [ -79.393961686912888, 43.70674223034618 ], [ -79.394543994048178, 43.709623974415855 ], [ -79.393232918035466, 43.710129005342004 ], [ -79.390211034826763, 43.708619133828137 ], [ -79.391379015662224, 43.706311321578035 ] ] ] } },
{ "type": "Feature", "properties": { "vor_id": 233, "theft_count": 3, "bike_trips": 3950.0, "theft_per_1000_trips": "0.7594936708860759" }, "geometry": { "type": "Polygon", "coordinates": [ [ [ -79.499301119689676, 43.631030954274898 ], [ -79.494088493968817, 43.634198748583117 ], [ -79.491264991875411, 43.631937124796721 ], [ -79.493633872996369, 43.626375250395171 ], [ -79.496381878791723, 43.628865897668234 ], [ -79.499301119689676, 43.631030954274898 ] ] ] } },
{ "type": "Feature", "properties": { "vor_id": 234, "theft_count": 17, "bike_trips": 3673.0, "theft_per_1000_trips": "4.6283691805063985" }, "geometry": { "type": "Polygon", "coordinates": [ [ [ -79.39093501260902, 43.704138659745098 ], [ -79.385760610844244, 43.704146732725405 ], [ -79.385555551379952, 43.703131511816494 ], [ -79.387030325283163, 43.701584177201063 ], [ -79.388917584489064, 43.699932283066445 ], [ -79.39044607359159, 43.699783839254536 ], [ -79.391504284718124, 43.703404402258151 ], [ -79.39093501260902, 43.704138659745098 ] ] ] } },
{ "type": "Feature", "properties": { "vor_id": 235, "theft_count": 38, "bike_trips": 2223.0, "theft_per_1000_trips": "17.094017094017097" }, "geometry": { "type": "Polygon", "coordinates": [ [ [ -79.43407359966298, 43.666876483153068 ], [ -79.433199952280802, 43.666776236260667 ], [ -79.43288963348293, 43.6663753674516 ], [ -79.433309051766116, 43.662341950534405 ], [ -79.435208997785054, 43.662150900060574 ], [ -79.437210376360554, 43.662515049977074 ], [ -79.437329348334927, 43.663108123956029 ], [ -79.434257900326671, 43.666851077394696 ], [ -79.43407359966298, 43.666876483153068 ] ] ] } },
{ "type": "Feature", "properties": { "vor_id": 236, "theft_count": 8, "bike_trips": 5172.0, "theft_per_1000_trips": "1.5467904098994587" }, "geometry": { "type": "Polygon", "coordinates": [ [ [ -79.346364875852188, 43.683931850469527 ], [ -79.345657256418079, 43.683321146837301 ], [ -79.345715421008748, 43.681191825168504 ], [ -79.34789835915781, 43.682397614478724 ], [ -79.34767766617172, 43.682970510825882 ], [ -79.346364875852188, 43.683931850469527 ] ] ] } },
{ "type": "Feature", "properties": { "vor_id": 237, "theft_count": 1, "bike_trips": 1508.0, "theft_per_1000_trips": "0.6631299734748011" }, "geometry": { "type": "Polygon", "coordinates": [ [ [ -79.345603954810755, 43.782181227169332 ], [ -79.344672613766022, 43.779923397238029 ], [ -79.347960691075457, 43.780237024453513 ], [ -79.345603954810755, 43.782181227169332 ] ] ] } },
{ "type": "Feature", "properties": { "vor_id": 239, "theft_count": 52, "bike_trips": 2126.0, "theft_per_1000_trips": "24.459078080903105" }, "geometry": { "type": "Polygon", "coordinates": [ [ [ -79.390177615752535, 43.641443577380919 ], [ -79.38985318398619, 43.638456312889133 ], [ -79.390915451257683, 43.638718116576413 ], [ -79.392266386995459, 43.639602826891171 ], [ -79.391944855043221, 43.640724771743024 ], [ -79.390177615752535, 43.641443577380919 ] ] ] } },
{ "type": "Feature", "properties": { "vor_id": 240, "theft_count": 17, "bike_trips": 2233.0, "theft_per_1000_trips": "7.61307657859382" }, "geometry": { "type": "Polygon", "coordinates": [ [ [ -79.431429385843671, 43.64174353112184 ], [ -79.433875986467314, 43.643674920493808 ], [ -79.43392031049747, 43.644074818292495 ], [ -79.431302348427039, 43.646542568862095 ], [ -79.429626994846615, 43.644281487244115 ], [ -79.42956146143878, 43.643874031905852 ], [ -79.431429385843671, 43.64174353112184 ] ] ] } },
{ "type": "Feature", "properties": { "vor_id": 241, "theft_count": 25, "bike_trips": 2598.0, "theft_per_1000_trips": "9.62278675904542" }, "geometry": { "type": "Polygon", "coordinates": [ [ [ -79.355778083744525, 43.675760818726822 ], [ -79.356403020443736, 43.675845056325613 ], [ -79.356830964012005, 43.676555820027232 ], [ -79.357401251590247, 43.67919038704747 ], [ -79.354874499168758, 43.680169271042345 ], [ -79.354395455780931, 43.679901166783004 ], [ -79.354704301097613, 43.676010927256478 ], [ -79.355778083744525, 43.675760818726822 ] ] ] } },
{ "type": "Feature", "properties": { "vor_id": 242, "theft_count": 10, "bike_trips": 1297.0, "theft_per_1000_trips": "7.710100231303008" }, "geometry": { "type": "Polygon", "coordinates": [ [ [ -79.349129833252888, 43.671616737961493 ], [ -79.349160379036732, 43.673763297778535 ], [ -79.346151507752182, 43.675037442546305 ], [ -79.345186237859778, 43.674167908040616 ], [ -79.345588440830369, 43.673026793572802 ], [ -79.349105471105005, 43.671559852545997 ], [ -79.349129833252888, 43.671616737961493 ] ] ] } },
{ "type": "Feature", "properties": { "vor_id": 243, "theft_count": 14, "bike_trips": 4278.0, "theft_per_1000_trips": "3.2725572697522205" }, "geometry": { "type": "Polygon", "coordinates": [ [ [ -79.391991918529271, 43.653701203316295 ], [ -79.392360894256697, 43.652863255647631 ], [ -79.394076874390393, 43.653234337995244 ], [ -79.394281127393484, 43.654212740595504 ], [ -79.392899354591449, 43.654769221916169 ], [ -79.392052343868514, 43.654014968896142 ], [ -79.391991918529271, 43.653701203316295 ] ] ] } },
{ "type": "Feature", "properties": { "vor_id": 244, "theft_count": 40, "bike_trips": 2209.0, "theft_per_1000_trips": "18.10774105930285" }, "geometry": { "type": "Polygon", "coordinates": [ [ [ -79.425180078958704, 43.641948484622105 ], [ -79.424165918369283, 43.641717461390712 ], [ -79.424022621418658, 43.640873440623629 ], [ -79.42434242711002, 43.640375163063787 ], [ -79.425557086097214, 43.639982070975371 ], [ -79.42617915342008, 43.64027866957737 ], [ -79.425768626297682, 43.641738758973887 ], [ -79.425180078958704, 43.641948484622105 ] ] ] } },
{ "type": "Feature", "properties": { "vor_id": 245, "theft_count": 17, "bike_trips": 2603.0, "theft_per_1000_trips": "6.530925854782943" }, "geometry": { "type": "Polygon", "coordinates": [ [ [ -79.355199590501897, 43.682936845119954 ], [ -79.362894548507398, 43.684960558025665 ], [ -79.362861912663092, 43.68637042229247 ], [ -79.354576229379802, 43.683929832673151 ], [ -79.355199590501897, 43.682936845119954 ] ] ] } },
{ "type": "Feature", "properties": { "vor_id": 246, "theft_count": 76, "bike_trips": 4273.0, "theft_per_1000_trips": "17.78609875965364" }, "geometry": { "type": "Polygon", "coordinates": [ [ [ -79.382784610927871, 43.627153773685805 ], [ -79.386236022876432, 43.625013177971979 ], [ -79.389079531873065, 43.637589754359887 ], [ -79.386444775601291, 43.641461991136261 ], [ -79.385955519145796, 43.641104054598827 ], [ -79.385137753754478, 43.640233042206859 ], [ -79.384642995036245, 43.639035546166404 ], [ -79.384562908942399, 43.63863521124054 ], [ -79.382784610927871, 43.627153773685805 ] ] ] } },
{ "type": "Feature", "properties": { "vor_id": 247, "theft_count": 51, "bike_trips": 4242.0, "theft_per_1000_trips": "12.022630834512023" }, "geometry": { "type": "Polygon", "coordinates": [ [ [ -79.388302050878437, 43.656716526000331 ], [ -79.387963720478396, 43.655053917542595 ], [ -79.388180158442125, 43.654223810183971 ], [ -79.3888578773891, 43.653830259996305 ], [ -79.389696193241519, 43.65523809936721 ], [ -79.388611394200808, 43.656629186180346 ], [ -79.388302050878437, 43.656716526000331 ] ] ] } },
{ "type": "Feature", "properties": { "vor_id": 249, "theft_count": 34, "bike_trips": 6030.0, "theft_per_1000_trips": "5.638474295190713" }, "geometry": { "type": "Polygon", "coordinates": [ [ [ -79.324200321492171, 43.636826568052534 ], [ -79.326810264767417, 43.639226157122522 ], [ -79.331841886593949, 43.651258999345259 ], [ -79.331811564326145, 43.651649292075042 ], [ -79.331466409568932, 43.654106549908597 ], [ -79.33143812317914, 43.654227722685256 ], [ -79.330580538696395, 43.657901429147564 ], [ -79.326084280986834, 43.660335497926859 ], [ -79.322303399557001, 43.658938048611958 ], [ -79.321796295758986, 43.658553913502608 ], [ -79.319977674220056, 43.656778816132451 ], [ -79.31723469581145, 43.65371975179049 ], [ -79.314610018874276, 43.642592941771042 ], [ -79.315872818039978, 43.641833656875562 ], [ -79.321599207454994, 43.638390543270049 ], [ -79.324200321492171, 43.636826568052534 ] ] ] } },
{ "type": "Feature", "properties": { "vor_id": 250, "theft_count": 14, "bike_trips": 4886.0, "theft_per_1000_trips": "2.865329512893983" }, "geometry": { "type": "Polygon", "coordinates": [ [ [ -79.39992050731091, 43.709924616468435 ], [ -79.401989845161509, 43.711793459584591 ], [ -79.397098340440579, 43.71282748182378 ], [ -79.39665508655844, 43.71061646327783 ], [ -79.39992050731091, 43.709924616468435 ] ] ] } },
{ "type": "Feature", "properties": { "vor_id": 251, "theft_count": 36, "bike_trips": 3337.0, "theft_per_1000_trips": "10.788133053640994" }, "geometry": { "type": "Polygon", "coordinates": [ [ [ -79.434405384938458, 43.650618093458888 ], [ -79.433528898077469, 43.649749295216658 ], [ -79.432873841424509, 43.648112745887438 ], [ -79.437101642673341, 43.646494823582799 ], [ -79.435593609425226, 43.651536727871992 ], [ -79.43556971092508, 43.651527730333562 ], [ -79.434405384938458, 43.650618093458888 ] ] ] } },
{ "type": "Feature", "properties": { "vor_id": 252, "theft_count": 18, "bike_trips": 6286.0, "theft_per_1000_trips": "2.8635062042634427" }, "geometry": { "type": "Polygon", "coordinates": [ [ [ -79.279530593274302, 43.686610305480201 ], [ -79.279469415659008, 43.687593432295039 ], [ -79.276634062010473, 43.690369372252277 ], [ -79.267988488409486, 43.688224377106714 ], [ -79.259869665233339, 43.677502109535887 ], [ -79.267844873038257, 43.671890291417895 ], [ -79.273289627569397, 43.675371162577029 ], [ -79.278696935820946, 43.681161954477744 ], [ -79.279530593274302, 43.686610305480201 ] ] ] } },
{ "type": "Feature", "properties": { "vor_id": 253, "theft_count": 22, "bike_trips": 3828.0, "theft_per_1000_trips": "5.747126436781609" }, "geometry": { "type": "Polygon", "coordinates": [ [ [ -79.455099474008989, 43.72415470697284 ], [ -79.452125753501619, 43.729844708064185 ], [ -79.451882362439775, 43.730118580163868 ], [ -79.449183948731189, 43.729120426257545 ], [ -79.450376223199328, 43.720480802031133 ], [ -79.45220560680454, 43.719767716764018 ], [ -79.455099474008989, 43.72415470697284 ] ] ] } },
{ "type": "Feature", "properties": { "vor_id": 255, "theft_count": 53, "bike_trips": 3282.0, "theft_per_1000_trips": "16.148689823278488" }, "geometry": { "type": "Polygon", "coordinates": [ [ [ -79.409040199749086, 43.642174531364709 ], [ -79.408155990684278, 43.6401445274021 ], [ -79.411321906654251, 43.640571809994618 ], [ -79.411697585492476, 43.64071165006937 ], [ -79.411501702383802, 43.642768793475916 ], [ -79.411429901002535, 43.642969002663378 ], [ -79.411098090593697, 43.643098750205482 ], [ -79.409314622153161, 43.642517405475587 ], [ -79.409040199749086, 43.642174531364709 ] ] ] } },
{ "type": "Feature", "properties": { "vor_id": 258, "theft_count": 38, "bike_trips": 2090.0, "theft_per_1000_trips": "18.18181818181818" }, "geometry": { "type": "Polygon", "coordinates": [ [ [ -79.378473546645992, 43.649644315921563 ], [ -79.379564993228513, 43.649933260974009 ], [ -79.379641252696729, 43.650279636164775 ], [ -79.378049641349236, 43.650941477058879 ], [ -79.377259265697944, 43.650157503640735 ], [ -79.378473546645992, 43.649644315921563 ] ] ] } },
{ "type": "Feature", "properties": { "vor_id": 259, "theft_count": 49, "bike_trips": 3105.0, "theft_per_1000_trips": "15.780998389694043" }, "geometry": { "type": "Polygon", "coordinates": [ [ [ -79.372654904256123, 43.648061001482297 ], [ -79.373143925577551, 43.649196017724762 ], [ -79.373051832381051, 43.650652299920786 ], [ -79.372470413700299, 43.650747729779546 ], [ -79.372383236497512, 43.650709135990098 ], [ -79.371493983440033, 43.648538668856105 ], [ -79.372654904256123, 43.648061001482297 ] ] ] } },
{ "type": "Feature", "properties": { "vor_id": 260, "theft_count": 9, "bike_trips": 4398.0, "theft_per_1000_trips": "2.0463847203274215" }, "geometry": { "type": "Polygon", "coordinates": [ [ [ -79.414998031201307, 43.656843569979394 ], [ -79.414613760908495, 43.65432537152698 ], [ -79.416044505760979, 43.653742089460238 ], [ -79.416292777892707, 43.654119038956239 ], [ -79.4158730651002, 43.656917107641803 ], [ -79.414998031201307, 43.656843569979394 ] ] ] } },
{ "type": "Feature", "properties": { "vor_id": 262, "theft_count": 19, "bike_trips": 1217.0, "theft_per_1000_trips": "15.61216105176664" }, "geometry": { "type": "Polygon", "coordinates": [ [ [ -79.374008259102538, 43.675494727094559 ], [ -79.373363549949815, 43.6731103410633 ], [ -79.373531979967723, 43.672977265124473 ], [ -79.374594449748116, 43.6723541613515 ], [ -79.375608088166913, 43.672500785772641 ], [ -79.378171400030595, 43.676095978483808 ], [ -79.378707490073594, 43.678010116324451 ], [ -79.376312690486046, 43.677611672130212 ], [ -79.374008259102538, 43.675494727094559 ] ] ] } },
{ "type": "Feature", "properties": { "vor_id": 263, "theft_count": 10, "bike_trips": 2398.0, "theft_per_1000_trips": "4.170141784820684" }, "geometry": { "type": "Polygon", "coordinates": [ [ [ -79.423344732975622, 43.699363027796728 ], [ -79.424483718861609, 43.700472575926177 ], [ -79.424175520436251, 43.702900320519582 ], [ -79.420779563240472, 43.703862938549321 ], [ -79.421567099413338, 43.700875707137492 ], [ -79.423344732975622, 43.699363027796728 ] ] ] } },
{ "type": "Feature", "properties": { "vor_id": 264, "theft_count": 35, "bike_trips": 3228.0, "theft_per_1000_trips": "10.84262701363073" }, "geometry": { "type": "Polygon", "coordinates": [ [ [ -79.39511670883968, 43.645850454343588 ], [ -79.394910899865494, 43.644886068143812 ], [ -79.396161390633722, 43.644068311357032 ], [ -79.39648261255445, 43.645651061907287 ], [ -79.396337132930981, 43.645710370073466 ], [ -79.39511670883968, 43.645850454343588 ] ] ] } },
{ "type": "Feature", "properties": { "vor_id": 265, "theft_count": 41, "bike_trips": 2130.0, "theft_per_1000_trips": "19.248826291079812" }, "geometry": { "type": "Polygon", "coordinates": [ [ [ -79.389490006886348, 43.644664421159511 ], [ -79.388970327063518, 43.642186687376459 ], [ -79.390020673927367, 43.641823638827482 ], [ -79.390297227393305, 43.642080212068571 ], [ -79.390754077691511, 43.644145358666492 ], [ -79.389490006886348, 43.644664421159511 ] ] ] } },
{ "type": "Feature", "properties": { "vor_id": 268, "theft_count": 19, "bike_trips": 1071.0, "theft_per_1000_trips": "17.74042950513539" }, "geometry": { "type": "Polygon", "coordinates": [ [ [ -79.39551281945073, 43.65550019948072 ], [ -79.395656308079282, 43.654680746818634 ], [ -79.397221347339197, 43.654030447161531 ], [ -79.397466179054831, 43.654134168110332 ], [ -79.397750863330302, 43.654685495467376 ], [ -79.397934753482858, 43.655582975643938 ], [ -79.396765845241546, 43.656071006555287 ], [ -79.39551281945073, 43.65550019948072 ] ] ] } },
{ "type": "Feature", "properties": { "vor_id": 269, "theft_count": 5, "bike_trips": 1118.0, "theft_per_1000_trips": "4.472271914132379" }, "geometry": { "type": "Polygon", "coordinates": [ [ [ -79.430908987767879, 43.639764328169015 ], [ -79.431857514691075, 43.638280986662345 ], [ -79.434573637326949, 43.639446059927302 ], [ -79.434633366321279, 43.639709829070689 ], [ -79.431302809033738, 43.641116132197062 ], [ -79.431148279868793, 43.640934108313942 ], [ -79.430908987767879, 43.639764328169015 ] ] ] } },
{ "type": "Feature", "properties": { "vor_id": 270, "theft_count": 15, "bike_trips": 2359.0, "theft_per_1000_trips": "6.35862653666808" }, "geometry": { "type": "Polygon", "coordinates": [ [ [ -79.427187060191287, 43.673781645669187 ], [ -79.427682753310265, 43.673390698782292 ], [ -79.428744210065787, 43.673307652761288 ], [ -79.431194647307237, 43.67589098173805 ], [ -79.430595219338969, 43.677187480162267 ], [ -79.42938519642739, 43.677808110265396 ], [ -79.42819687895809, 43.677214274315425 ], [ -79.427393433306761, 43.67604118554835 ], [ -79.427187060191287, 43.673781645669187 ] ] ] } },
{ "type": "Feature", "properties": { "vor_id": 271, "theft_count": 11, "bike_trips": 3251.0, "theft_per_1000_trips": "3.383574284835435" }, "geometry": { "type": "Polygon", "coordinates": [ [ [ -79.409840552712367, 43.660491956136248 ], [ -79.410184279733684, 43.660584384119659 ], [ -79.410464880703302, 43.661900194133764 ], [ -79.40929885288125, 43.662372629176708 ], [ -79.408967718301525, 43.660843645915271 ], [ -79.409840552712367, 43.660491956136248 ] ] ] } },
{ "type": "Feature", "properties": { "vor_id": 272, "theft_count": 22, "bike_trips": 3838.0, "theft_per_1000_trips": "5.732152162584679" }, "geometry": { "type": "Polygon", "coordinates": [ [ [ -79.31945520555692, 43.680235667468907 ], [ -79.323432039762665, 43.676918081395101 ], [ -79.323520646865546, 43.676927595337887 ], [ -79.324417331288757, 43.681397449469564 ], [ -79.321829989009032, 43.681614320105943 ], [ -79.319793070964508, 43.680470908285869 ], [ -79.31945520555692, 43.680235667468907 ] ] ] } },
{ "type": "Feature", "properties": { "vor_id": 273, "theft_count": 14, "bike_trips": 1053.0, "theft_per_1000_trips": "13.295346628679962" }, "geometry": { "type": "Polygon", "coordinates": [ [ [ -79.38638859873015, 43.654337716049774 ], [ -79.386316857775384, 43.654321583796786 ], [ -79.385115678068161, 43.652150403859181 ], [ -79.385850566300221, 43.651701990723893 ], [ -79.386565859296184, 43.651704279581686 ], [ -79.387094348747837, 43.654047286864262 ], [ -79.38638859873015, 43.654337716049774 ] ] ] } },
{ "type": "Feature", "properties": { "vor_id": 274, "theft_count": 28, "bike_trips": 2351.0, "theft_per_1000_trips": "11.909825606125054" }, "geometry": { "type": "Polygon", "coordinates": [ [ [ -79.448818873143168, 43.683327147890751 ], [ -79.447672544598504, 43.683493957527503 ], [ -79.446238246506908, 43.677078719289085 ], [ -79.446967767274472, 43.675389893800109 ], [ -79.448178724201227, 43.673962472740818 ], [ -79.451292131121136, 43.673236159243686 ], [ -79.454684555374342, 43.677203638332188 ], [ -79.448818873143168, 43.683327147890751 ] ] ] } },
{ "type": "Feature", "properties": { "vor_id": 276, "theft_count": 21, "bike_trips": 16948.0, "theft_per_1000_trips": "1.2390842577295256" }, "geometry": { "type": "Polygon", "coordinates": [ [ [ -79.423234524592701, 43.794102832400966 ], [ -79.430098857349691, 43.790958574867503 ], [ -79.431317796019258, 43.792014353223983 ], [ -79.431775341580689, 43.792881407098285 ], [ -79.432007943979727, 43.794449485100806 ], [ -79.433200191213288, 43.799209202862727 ], [ -79.434853231374333, 43.803829140618255 ], [ -79.43548529223078, 43.805165521018367 ], [ -79.423908883136832, 43.807762727450353 ], [ -79.42299116671596, 43.795530757263826 ], [ -79.423234524592701, 43.794102832400966 ] ] ] } },
{ "type": "Feature", "properties": { "vor_id": 279, "theft_count": 9, "bike_trips": 4478.0, "theft_per_1000_trips": "2.009825815096025" }, "geometry": { "type": "Polygon", "coordinates": [ [ [ -79.450793912425127, 43.655664579336666 ], [ -79.452391688119533, 43.656964530110471 ], [ -79.452364438484352, 43.657081343424643 ], [ -79.449415405379597, 43.658291033278623 ], [ -79.447909927505833, 43.6571588243119 ], [ -79.447664700956295, 43.655996867961214 ], [ -79.448210365520254, 43.655219977826391 ], [ -79.450793912425127, 43.655664579336666 ] ] ] } },
{ "type": "Feature", "properties": { "vor_id": 281, "theft_count": 11, "bike_trips": 4392.0, "theft_per_1000_trips": "2.504553734061931" }, "geometry": { "type": "Polygon", "coordinates": [ [ [ -79.433682444864289, 43.76021398351336 ], [ -79.428040362274956, 43.762250440245182 ], [ -79.419393100598427, 43.764044529171919 ], [ -79.419086097362921, 43.76365080876981 ], [ -79.416369931173833, 43.754677344066785 ], [ -79.41658037845373, 43.751185556439438 ], [ -79.416993467903126, 43.74989422074205 ], [ -79.426281219104979, 43.747341694988116 ], [ -79.432628191542676, 43.752282872980665 ], [ -79.433682444864289, 43.76021398351336 ] ] ] } },
{ "type": "Feature", "properties": { "vor_id": 282, "theft_count": 22, "bike_trips": 2088.0, "theft_per_1000_trips": "10.536398467432951" }, "geometry": { "type": "Polygon", "coordinates": [ [ [ -79.386740012986991, 43.668445570238013 ], [ -79.386815593763885, 43.668817043590181 ], [ -79.384988335288341, 43.669600646979866 ], [ -79.384637917433679, 43.669271550329846 ], [ -79.386736436488903, 43.668443187543467 ], [ -79.386740012986991, 43.668445570238013 ] ] ] } },
{ "type": "Feature", "properties": { "vor_id": 283, "theft_count": 37, "bike_trips": 4123.0, "theft_per_1000_trips": "8.974048023284016" }, "geometry": { "type": "Polygon", "coordinates": [ [ [ -79.379684709222914, 43.666215206447845 ], [ -79.377454795913096, 43.667140212995911 ], [ -79.377372106899429, 43.666059916720549 ], [ -79.378584133755609, 43.665544153857169 ], [ -79.379673178858596, 43.666162115503283 ], [ -79.379684709222914, 43.666215206447845 ] ] ] } },
{ "type": "Feature", "properties": { "vor_id": 285, "theft_count": 9, "bike_trips": 1099.0, "theft_per_1000_trips": "8.18926296633303" }, "geometry": { "type": "Polygon", "coordinates": [ [ [ -79.417718071412764, 43.667975532886246 ], [ -79.419171348479253, 43.669519948179527 ], [ -79.41718504003768, 43.670291740387 ], [ -79.416069794124553, 43.668217290377783 ], [ -79.416064372285632, 43.667909118660035 ], [ -79.416418433749982, 43.6677716325528 ], [ -79.417718071412764, 43.667975532886246 ] ] ] } },
{ "type": "Feature", "properties": { "vor_id": 286, "theft_count": 36, "bike_trips": 1098.0, "theft_per_1000_trips": "32.786885245901644" }, "geometry": { "type": "Polygon", "coordinates": [ [ [ -79.415562370928328, 43.66193484020355 ], [ -79.415775313907687, 43.662187292766824 ], [ -79.415160384170719, 43.662814005008919 ], [ -79.414407086773892, 43.663116180606224 ], [ -79.412331664530882, 43.66200432406086 ], [ -79.412611389499489, 43.660777930818639 ], [ -79.413095281493014, 43.660583034778966 ], [ -79.415562370928328, 43.66193484020355 ] ] ] } },
{ "type": "Feature", "properties": { "vor_id": 288, "theft_count": 34, "bike_trips": 2187.0, "theft_per_1000_trips": "15.546410608139002" }, "geometry": { "type": "Polygon", "coordinates": [ [ [ -79.416751684412176, 43.639911481820562 ], [ -79.417300452721207, 43.642716755447914 ], [ -79.416860640130622, 43.642832038464668 ], [ -79.415851134631097, 43.641514121060119 ], [ -79.415691871227608, 43.640723667718667 ], [ -79.41581530468882, 43.640216509540771 ], [ -79.416751684412176, 43.639911481820562 ] ] ] } },
{ "type": "Feature", "properties": { "vor_id": 289, "theft_count": 19, "bike_trips": 2197.0, "theft_per_1000_trips": "8.64815657715066" }, "geometry": { "type": "Polygon", "coordinates": [ [ [ -79.416237532934659, 43.662158943306203 ], [ -79.41737971900524, 43.66172437869561 ], [ -79.418117996227068, 43.665134188023416 ], [ -79.416787468898349, 43.664673030468002 ], [ -79.416237532934659, 43.662158943306203 ] ] ] } },
{ "type": "Feature", "properties": { "vor_id": 290, "theft_count": 24, "bike_trips": 6266.0, "theft_per_1000_trips": "3.830194701563996" }, "geometry": { "type": "Polygon", "coordinates": [ [ [ -79.333386576126415, 43.713047944893695 ], [ -79.330846794399321, 43.702195950205954 ], [ -79.337345540207153, 43.699620417324603 ], [ -79.343459543461989, 43.701600086584648 ], [ -79.345914714112936, 43.703918179372415 ], [ -79.345167172476366, 43.707850262967533 ], [ -79.333386576126415, 43.713047944893695 ] ] ] } },
{ "type": "Feature", "properties": { "vor_id": 291, "theft_count": 15, "bike_trips": 7149.0, "theft_per_1000_trips": "2.0981955518254303" }, "geometry": { "type": "Polygon", "coordinates": [ [ [ -79.504947594833766, 43.739421783571871 ], [ -79.522240623135119, 43.735118577024288 ], [ -79.522553054112407, 43.735143280336573 ], [ -79.513994767832557, 43.747157346054969 ], [ -79.513182395228512, 43.748297749347614 ], [ -79.503215076655493, 43.747678437319792 ], [ -79.502274120857351, 43.741907888078998 ], [ -79.503997078333725, 43.740305683462317 ], [ -79.504947594833766, 43.739421783571871 ] ] ] } },
{ "type": "Feature", "properties": { "vor_id": 292, "theft_count": 18, "bike_trips": 1077.0, "theft_per_1000_trips": "16.71309192200557" }, "geometry": { "type": "Polygon", "coordinates": [ [ [ -79.406151077200775, 43.656810573456298 ], [ -79.406712826778318, 43.659557264694328 ], [ -79.406009992144504, 43.660569957525624 ], [ -79.404213779884671, 43.659108760566738 ], [ -79.404147274041989, 43.658898996645632 ], [ -79.40526242122526, 43.657541151153985 ], [ -79.405716912208177, 43.657204077668233 ], [ -79.406151077200775, 43.656810573456298 ] ] ] } },
{ "type": "Feature", "properties": { "vor_id": 293, "theft_count": 10, "bike_trips": 2839.0, "theft_per_1000_trips": "3.522367030644593" }, "geometry": { "type": "Polygon", "coordinates": [ [ [ -79.278696935820946, 43.681161954477744 ], [ -79.273289627569397, 43.675371162577029 ], [ -79.284124800279372, 43.676115955593232 ], [ -79.28478573329528, 43.679227563078491 ], [ -79.279924579123559, 43.681263125462777 ], [ -79.278696935820946, 43.681161954477744 ] ] ] } },
{ "type": "Feature", "properties": { "vor_id": 294, "theft_count": 10, "bike_trips": 6381.0, "theft_per_1000_trips": "1.567152483936687" }, "geometry": { "type": "Polygon", "coordinates": [ [ [ -79.185837627051697, 43.781266232055593 ], [ -79.195568886382517, 43.782211029987373 ], [ -79.190132388944207, 43.796220725684812 ], [ -79.188633630454689, 43.797395821718155 ], [ -79.188420430603742, 43.79740928183989 ], [ -79.188438898999891, 43.797033349000102 ], [ -79.188198135333508, 43.792132491983622 ], [ -79.18747816302006, 43.787278832899297 ], [ -79.186285915786499, 43.782519115137376 ], [ -79.185837627051697, 43.781266232055593 ] ] ] } },
{ "type": "Feature", "properties": { "vor_id": 295, "theft_count": 42, "bike_trips": 1023.0, "theft_per_1000_trips": "41.05571847507331" }, "geometry": { "type": "Polygon", "coordinates": [ [ [ -79.371581450120999, 43.660001682475396 ], [ -79.3718321821367, 43.659726771086355 ], [ -79.374050202955161, 43.658786699671893 ], [ -79.374605984168312, 43.658985232637242 ], [ -79.374591574454911, 43.661367636718992 ], [ -79.373431670129534, 43.661833768722659 ], [ -79.372321489648144, 43.661717744360047 ], [ -79.371581450120999, 43.660001682475396 ] ] ] } },
{ "type": "Feature", "properties": { "vor_id": 296, "theft_count": 16, "bike_trips": 10839.0, "theft_per_1000_trips": "1.4761509364332503" }, "geometry": { "type": "Polygon", "coordinates": [ [ [ -79.275556849090506, 43.765268265576211 ], [ -79.276298105335371, 43.77059588795818 ], [ -79.274338643792689, 43.782475433303873 ], [ -79.271820743102083, 43.783325855279124 ], [ -79.263371454480051, 43.772656380569337 ], [ -79.271685963848483, 43.763751982075668 ], [ -79.275556849090506, 43.765268265576211 ] ] ] } },
{ "type": "Feature", "properties": { "vor_id": 297, "theft_count": 62, "bike_trips": 2105.0, "theft_per_1000_trips": "29.453681710213775" }, "geometry": { "type": "Polygon", "coordinates": [ [ [ -79.383122603095671, 43.65436306775127 ], [ -79.382940856061239, 43.654435895664875 ], [ -79.381958461467789, 43.653398930539659 ], [ -79.381757418853383, 43.652493210169844 ], [ -79.384109898653449, 43.65208032514807 ], [ -79.384304624213271, 43.652235475306618 ], [ -79.383122603095671, 43.65436306775127 ] ] ] } },
{ "type": "Feature", "properties": { "vor_id": 298, "theft_count": 35, "bike_trips": 2187.0, "theft_per_1000_trips": "16.003657978966622" }, "geometry": { "type": "Polygon", "coordinates": [ [ [ -79.415080914402395, 43.639667428370018 ], [ -79.413319705451613, 43.640328310974148 ], [ -79.412923629896937, 43.640270245460144 ], [ -79.412790910804247, 43.640199762335477 ], [ -79.412788991519932, 43.639406167641027 ], [ -79.414994338481208, 43.638561897019997 ], [ -79.415080914402395, 43.639667428370018 ] ] ] } },
{ "type": "Feature", "properties": { "vor_id": 299, "theft_count": 27, "bike_trips": 2138.0, "theft_per_1000_trips": "12.628624883068289" }, "geometry": { "type": "Polygon", "coordinates": [ [ [ -79.389135079716695, 43.653231368484292 ], [ -79.391991918529271, 43.653701203316295 ], [ -79.392052343868514, 43.654014968896142 ], [ -79.391314457764125, 43.654986856435059 ], [ -79.390245038089077, 43.655424717327506 ], [ -79.389696193241519, 43.65523809936721 ], [ -79.3888578773891, 43.653830259996305 ], [ -79.389135079716695, 43.653231368484292 ] ] ] } },
{ "type": "Feature", "properties": { "vor_id": 300, "theft_count": 15, "bike_trips": 2225.0, "theft_per_1000_trips": "6.741573033707866" }, "geometry": { "type": "Polygon", "coordinates": [ [ [ -79.445611809639956, 43.661895973717982 ], [ -79.445346581212434, 43.661792162761174 ], [ -79.44475645676377, 43.660735942031764 ], [ -79.445141385061788, 43.659378838666271 ], [ -79.446934658015877, 43.658759291537201 ], [ -79.44878099460945, 43.659156454972248 ], [ -79.448968003992604, 43.660790789146084 ], [ -79.448251191525941, 43.662377105111737 ], [ -79.445611809639956, 43.661895973717982 ] ] ] } },
{ "type": "Feature", "properties": { "vor_id": 301, "theft_count": 39, "bike_trips": 2088.0, "theft_per_1000_trips": "18.678160919540232" }, "geometry": { "type": "Polygon", "coordinates": [ [ [ -79.383049278393571, 43.657975241124738 ], [ -79.381334077759917, 43.658712659390616 ], [ -79.380778510536288, 43.658410414912098 ], [ -79.380850988098203, 43.657912043726078 ], [ -79.382751300455723, 43.657099300572597 ], [ -79.382924864506961, 43.657387069526479 ], [ -79.383049278393571, 43.657975241124738 ] ] ] } },
{ "type": "Feature", "properties": { "vor_id": 302, "theft_count": 28, "bike_trips": 3177.0, "theft_per_1000_trips": "8.813345923827509" }, "geometry": { "type": "Polygon", "coordinates": [ [ [ -79.376697382267963, 43.643355868246537 ], [ -79.376680534633351, 43.643053314083026 ], [ -79.378308480421381, 43.642356494269556 ], [ -79.379255746989415, 43.644223902859501 ], [ -79.377843931383737, 43.644825915541759 ], [ -79.37728922651452, 43.644522849014095 ], [ -79.376697382267963, 43.643355868246537 ] ] ] } },
{ "type": "Feature", "properties": { "vor_id": 303, "theft_count": 44, "bike_trips": 1038.0, "theft_per_1000_trips": "42.38921001926782" }, "geometry": { "type": "Polygon", "coordinates": [ [ [ -79.378916956488467, 43.656995717037603 ], [ -79.379440154083369, 43.657170849758195 ], [ -79.379795116600178, 43.658777491552705 ], [ -79.379355070918379, 43.659333806338253 ], [ -79.378364409087254, 43.659279514444741 ], [ -79.377971371733693, 43.657388056840894 ], [ -79.378916956488467, 43.656995717037603 ] ] ] } },
{ "type": "Feature", "properties": { "vor_id": 304, "theft_count": 11, "bike_trips": 2409.0, "theft_per_1000_trips": "4.5662100456621" }, "geometry": { "type": "Polygon", "coordinates": [ [ [ -79.423127994251502, 43.725235579407084 ], [ -79.430306318859863, 43.731108413771331 ], [ -79.417696506081597, 43.730845042787131 ], [ -79.423127994251502, 43.725235579407084 ] ] ] } },
{ "type": "Feature", "properties": { "vor_id": 305, "theft_count": 24, "bike_trips": 2563.0, "theft_per_1000_trips": "9.364026531408506" }, "geometry": { "type": "Polygon", "coordinates": [ [ [ -79.327507136479838, 43.682934061486179 ], [ -79.326300528267296, 43.68343158186385 ], [ -79.325731264975602, 43.682973331588137 ], [ -79.324434005703353, 43.681401987332002 ], [ -79.325467575381325, 43.680310622457014 ], [ -79.326821574126228, 43.679744966255164 ], [ -79.327507136479838, 43.682934061486179 ] ] ] } },
{ "type": "Feature", "properties": { "vor_id": 306, "theft_count": 11, "bike_trips": 2210.0, "theft_per_1000_trips": "4.97737556561086" }, "geometry": { "type": "Polygon", "coordinates": [ [ [ -79.425691095376635, 43.663199463492525 ], [ -79.426468053647497, 43.662875758924493 ], [ -79.427228207559224, 43.662979717026737 ], [ -79.428000572933286, 43.663912322901943 ], [ -79.42764164829633, 43.665888884243984 ], [ -79.426402718353543, 43.666406354535155 ], [ -79.425691095376635, 43.663199463492525 ] ] ] } },
{ "type": "Feature", "properties": { "vor_id": 307, "theft_count": 34, "bike_trips": 2079.0, "theft_per_1000_trips": "16.354016354016352" }, "geometry": { "type": "Polygon", "coordinates": [ [ [ -79.381430664165578, 43.662623847761914 ], [ -79.381646924210216, 43.663614237530304 ], [ -79.380073023931487, 43.664262684425381 ], [ -79.379295449390398, 43.664080743869782 ], [ -79.37905442840578, 43.663886114779324 ], [ -79.37916256635306, 43.663563687349523 ], [ -79.381430664165578, 43.662623847761914 ] ] ] } },
{ "type": "Feature", "properties": { "vor_id": 308, "theft_count": 11, "bike_trips": 1301.0, "theft_per_1000_trips": "8.455034588777863" }, "geometry": { "type": "Polygon", "coordinates": [ [ [ -79.353353549570286, 43.68401566287308 ], [ -79.354471696527526, 43.684022451104013 ], [ -79.354799565594405, 43.684999498411315 ], [ -79.355034282557952, 43.687498306913831 ], [ -79.35499352043071, 43.687536198458915 ], [ -79.350688324138559, 43.687118858530759 ], [ -79.350663478915607, 43.687082062796271 ], [ -79.351936339790441, 43.684411952115582 ], [ -79.353353549570286, 43.68401566287308 ] ] ] } },
{ "type": "Feature", "properties": { "vor_id": 309, "theft_count": 7, "bike_trips": 2435.0, "theft_per_1000_trips": "2.8747433264887063" }, "geometry": { "type": "Polygon", "coordinates": [ [ [ -79.376312690486046, 43.677611672130212 ], [ -79.378707490073594, 43.678010116324451 ], [ -79.379299538259744, 43.678401392313482 ], [ -79.380006764214855, 43.67957448812421 ], [ -79.373367136277736, 43.68568239918568 ], [ -79.370103545716873, 43.680659327569302 ], [ -79.372145244529392, 43.679183994816256 ], [ -79.376312690486046, 43.677611672130212 ] ] ] } },
{ "type": "Feature", "properties": { "vor_id": 311, "theft_count": 10, "bike_trips": 1099.0, "theft_per_1000_trips": "9.099181073703367" }, "geometry": { "type": "Polygon", "coordinates": [ [ [ -79.416069794124553, 43.668217290377783 ], [ -79.41718504003768, 43.670291740387 ], [ -79.417164751262504, 43.671193101157883 ], [ -79.415447561943864, 43.671862678744894 ], [ -79.41447126681372, 43.670763215605689 ], [ -79.416069794124553, 43.668217290377783 ] ] ] } },
{ "type": "Feature", "properties": { "vor_id": 312, "theft_count": 20, "bike_trips": 2089.0, "theft_per_1000_trips": "9.573958831977022" }, "geometry": { "type": "Polygon", "coordinates": [ [ [ -79.391592068719618, 43.676023707729939 ], [ -79.39343636971482, 43.672925308385572 ], [ -79.393817849280822, 43.672869901609403 ], [ -79.394105142810687, 43.673250432512013 ], [ -79.393485339801842, 43.676332069916086 ], [ -79.391869911027896, 43.676653744109906 ], [ -79.391592068719618, 43.676023707729939 ] ] ] } },
{ "type": "Feature", "properties": { "vor_id": 313, "theft_count": 68, "bike_trips": 2165.0, "theft_per_1000_trips": "31.40877598152425" }, "geometry": { "type": "Polygon", "coordinates": [ [ [ -79.396858740572867, 43.639862343043738 ], [ -79.396979143109391, 43.640380086801279 ], [ -79.396967119463397, 43.640497679660058 ], [ -79.395715901303291, 43.641885856179307 ], [ -79.395328492465836, 43.641653576111707 ], [ -79.39462232677252, 43.637880849675113 ], [ -79.39463732042465, 43.637848483154855 ], [ -79.395310955773979, 43.638054794470321 ], [ -79.396560224806549, 43.638820689899035 ], [ -79.396858740572867, 43.639862343043738 ] ] ] } },
{ "type": "Feature", "properties": { "vor_id": 314, "theft_count": 7, "bike_trips": 6519.0, "theft_per_1000_trips": "1.073784322748888" }, "geometry": { "type": "Polygon", "coordinates": [ [ [ -79.405299382012146, 43.628558145506354 ], [ -79.406536962608953, 43.618455908673383 ], [ -79.411409899871856, 43.636629538793962 ], [ -79.41076575772918, 43.636871233900663 ], [ -79.40925761119874, 43.637224502504083 ], [ -79.406498469524038, 43.632451128040103 ], [ -79.40529210240463, 43.628892980053372 ], [ -79.405299382012146, 43.628558145506354 ] ] ] } },
{ "type": "Feature", "properties": { "vor_id": 317, "theft_count": 9, "bike_trips": 2223.0, "theft_per_1000_trips": "4.048582995951417" }, "geometry": { "type": "Polygon", "coordinates": [ [ [ -79.433528898077469, 43.649749295216658 ], [ -79.434405384938458, 43.650618093458888 ], [ -79.430138524463686, 43.652213810581522 ], [ -79.430121567495661, 43.652210231226974 ], [ -79.429943766191528, 43.651875306303467 ], [ -79.429876927944548, 43.651542471800774 ], [ -79.431123847066772, 43.650652831453108 ], [ -79.433528898077469, 43.649749295216658 ] ] ] } },
{ "type": "Feature", "properties": { "vor_id": 318, "theft_count": 44, "bike_trips": 1036.0, "theft_per_1000_trips": "42.471042471042466" }, "geometry": { "type": "Polygon", "coordinates": [ [ [ -79.37581781969304, 43.65192792798949 ], [ -79.374456285740436, 43.652504087432391 ], [ -79.374011237610745, 43.652264537419562 ], [ -79.373936049514384, 43.652073701886998 ], [ -79.373910655584751, 43.651962857428515 ], [ -79.376097095515817, 43.651067499638614 ], [ -79.37614618517037, 43.651066599128491 ], [ -79.37581781969304, 43.65192792798949 ] ] ] } },
{ "type": "Feature", "properties": { "vor_id": 319, "theft_count": 4, "bike_trips": 2595.0, "theft_per_1000_trips": "1.5414258188824663" }, "geometry": { "type": "Polygon", "coordinates": [ [ [ -79.353048794231711, 43.674195295462546 ], [ -79.350305517241139, 43.675314006074395 ], [ -79.349618623717632, 43.674061083658614 ], [ -79.35277596757652, 43.672777001975717 ], [ -79.353048794231711, 43.674195295462546 ] ] ] } },
{ "type": "Feature", "properties": { "vor_id": 322, "theft_count": 36, "bike_trips": 3258.0, "theft_per_1000_trips": "11.049723756906078" }, "geometry": { "type": "Polygon", "coordinates": [ [ [ -79.404433692995113, 43.631252949768509 ], [ -79.403781586131032, 43.633835704069881 ], [ -79.401255700039314, 43.636065024986237 ], [ -79.400583552544859, 43.635993475539337 ], [ -79.400416958852801, 43.635801539140459 ], [ -79.400486335121471, 43.635346340933168 ], [ -79.404433692995113, 43.631252949768509 ] ] ] } },
{ "type": "Feature", "properties": { "vor_id": 323, "theft_count": 21, "bike_trips": 3612.0, "theft_per_1000_trips": "5.813953488372093" }, "geometry": { "type": "Polygon", "coordinates": [ [ [ -79.400280282555428, 43.689766750422081 ], [ -79.402595966574367, 43.687919406076077 ], [ -79.407850955363799, 43.689996494451684 ], [ -79.408543839035787, 43.693164757847178 ], [ -79.404107231281714, 43.694940054250559 ], [ -79.402948043108935, 43.694268444544655 ], [ -79.402125344636389, 43.693633910970043 ], [ -79.399907183714774, 43.691627341205816 ], [ -79.400280282555428, 43.689766750422081 ] ] ] } },
{ "type": "Feature", "properties": { "vor_id": 324, "theft_count": 28, "bike_trips": 7397.0, "theft_per_1000_trips": "3.7853183723130996" }, "geometry": { "type": "Polygon", "coordinates": [ [ [ -79.397696564224347, 43.723330570314587 ], [ -79.393985766352088, 43.729998446106286 ], [ -79.38648914759591, 43.735701540226671 ], [ -79.382185433139668, 43.736147887415385 ], [ -79.379290868495843, 43.733970790140106 ], [ -79.384911308331709, 43.720959608510256 ], [ -79.384975857868824, 43.720912278523286 ], [ -79.389814388133587, 43.718989573361888 ], [ -79.392169804396175, 43.718534083114221 ], [ -79.395527432969104, 43.718641358994432 ], [ -79.396621133064173, 43.719187308333829 ], [ -79.397696564224347, 43.723330570314587 ] ] ] } },
{ "type": "Feature", "properties": { "vor_id": 325, "theft_count": 0, "bike_trips": 1006.0, "theft_per_1000_trips": "0.0" }, "geometry": { "type": "Polygon", "coordinates": [ [ [ -79.33143812317914, 43.654227722685256 ], [ -79.331466409568932, 43.654106549908597 ], [ -79.331570688208743, 43.654598217123208 ], [ -79.33143812317914, 43.654227722685256 ] ] ] } },
{ "type": "Feature", "properties": { "vor_id": 326, "theft_count": 17, "bike_trips": 5292.0, "theft_per_1000_trips": "3.212396069538927" }, "geometry": { "type": "Polygon", "coordinates": [ [ [ -79.31723469581145, 43.65371975179049 ], [ -79.319977674220056, 43.656778816132451 ], [ -79.322104168658768, 43.666437023167035 ], [ -79.321425304892713, 43.666717560093382 ], [ -79.321183343498532, 43.666700741041652 ], [ -79.316780433205309, 43.656466199482622 ], [ -79.31723469581145, 43.65371975179049 ] ] ] } },
{ "type": "Feature", "properties": { "vor_id": 328, "theft_count": 28, "bike_trips": 2199.0, "theft_per_1000_trips": "12.73306048203729" }, "geometry": { "type": "Polygon", "coordinates": [ [ [ -79.413562353549253, 43.648638417362129 ], [ -79.411410845371933, 43.650522109751549 ], [ -79.410106918082349, 43.650449146546386 ], [ -79.409122732868013, 43.649770883678556 ], [ -79.409138978116019, 43.649743674833012 ], [ -79.410007780931508, 43.648862500882338 ], [ -79.412558317543997, 43.647846953043008 ], [ -79.413198997397785, 43.647923627986401 ], [ -79.413562353549253, 43.648638417362129 ] ] ] } },
{ "type": "Feature", "properties": { "vor_id": 329, "theft_count": 45, "bike_trips": 2161.0, "theft_per_1000_trips": "20.82369273484498" }, "geometry": { "type": "Polygon", "coordinates": [ [ [ -79.400116481056244, 43.642657032734171 ], [ -79.400565117112976, 43.644990746349251 ], [ -79.399984565617146, 43.645227845574681 ], [ -79.398891074106743, 43.644892315866187 ], [ -79.398570180825629, 43.643339368784545 ], [ -79.398659103276401, 43.643256585805183 ], [ -79.400116481056244, 43.642657032734171 ] ] ] } },
{ "type": "Feature", "properties": { "vor_id": 330, "theft_count": 32, "bike_trips": 2584.0, "theft_per_1000_trips": "12.38390092879257" }, "geometry": { "type": "Polygon", "coordinates": [ [ [ -79.334178679077041, 43.664579018975331 ], [ -79.335104645679323, 43.663623873554364 ], [ -79.336624457598319, 43.663665848291423 ], [ -79.33709270011903, 43.664109330980061 ], [ -79.337227274013372, 43.664327494217879 ], [ -79.336385155878844, 43.667014607340896 ], [ -79.334397747993307, 43.666055861647877 ], [ -79.333800727836632, 43.665767853077497 ], [ -79.33339432923195, 43.665388085048704 ], [ -79.334178679077041, 43.664579018975331 ] ] ] } },
{ "type": "Feature", "properties": { "vor_id": 331, "theft_count": 15, "bike_trips": 2145.0, "theft_per_1000_trips": "6.993006993006993" }, "geometry": { "type": "Polygon", "coordinates": [ [ [ -79.400777535427736, 43.663138232933022 ], [ -79.401552727339165, 43.664185770538019 ], [ -79.401445488764864, 43.664812475309809 ], [ -79.400084437332879, 43.665361974628446 ], [ -79.399377806476551, 43.664495112093022 ], [ -79.399452221099978, 43.663682547947104 ], [ -79.400777535427736, 43.663138232933022 ] ] ] } },
{ "type": "Feature", "properties": { "vor_id": 333, "theft_count": 13, "bike_trips": 3476.0, "theft_per_1000_trips": "3.7399309551208284" }, "geometry": { "type": "Polygon", "coordinates": [ [ [ -79.381588523039895, 43.674043610501847 ], [ -79.381789339665289, 43.673817439892545 ], [ -79.384386345530473, 43.673297567444699 ], [ -79.385542645070601, 43.673488973830224 ], [ -79.382135885798306, 43.679855141872828 ], [ -79.380989184471431, 43.680116418446346 ], [ -79.380965508521243, 43.680110100064802 ], [ -79.380006764214855, 43.67957448812421 ], [ -79.379299538259744, 43.678401392313482 ], [ -79.381588523039895, 43.674043610501847 ] ] ] } },
{ "type": "Feature", "properties": { "vor_id": 334, "theft_count": 21, "bike_trips": 2209.0, "theft_per_1000_trips": "9.506564056133998" }, "geometry": { "type": "Polygon", "coordinates": [ [ [ -79.42649340128888, 43.652319051212416 ], [ -79.425565623230213, 43.652685295794996 ], [ -79.4238704543111, 43.65242610668696 ], [ -79.42429772067392, 43.651239841483203 ], [ -79.426436994690903, 43.650380916076728 ], [ -79.426554868188077, 43.652096797461375 ], [ -79.42649340128888, 43.652319051212416 ] ] ] } },
{ "type": "Feature", "properties": { "vor_id": 335, "theft_count": 24, "bike_trips": 8148.0, "theft_per_1000_trips": "2.945508100147275" }, "geometry": { "type": "Polygon", "coordinates": [ [ [ -79.299957780885777, 43.793264818243465 ], [ -79.296562065095685, 43.805038986420108 ], [ -79.295350873423018, 43.805411144112696 ], [ -79.284210463888783, 43.786781499601823 ], [ -79.291036162083316, 43.783473741145087 ], [ -79.299957780885777, 43.793264818243465 ] ] ] } },
{ "type": "Feature", "properties": { "vor_id": 336, "theft_count": 20, "bike_trips": 1063.0, "theft_per_1000_trips": "18.81467544684854" }, "geometry": { "type": "Polygon", "coordinates": [ [ [ -79.383323387457352, 43.64219785888374 ], [ -79.382332639487686, 43.641359046941226 ], [ -79.385137753754478, 43.640233042206859 ], [ -79.385955519145796, 43.641104054598827 ], [ -79.383323387457352, 43.64219785888374 ] ] ] } },
{ "type": "Feature", "properties": { "vor_id": 337, "theft_count": 33, "bike_trips": 2219.0, "theft_per_1000_trips": "14.871563767462822" }, "geometry": { "type": "Polygon", "coordinates": [ [ [ -79.435208997785054, 43.662150900060574 ], [ -79.433309051766116, 43.662341950534405 ], [ -79.433128389396671, 43.662231594802691 ], [ -79.432886987730129, 43.661802379291139 ], [ -79.432360980273941, 43.659342002901532 ], [ -79.434337713137197, 43.658356410918607 ], [ -79.435208997785054, 43.662150900060574 ] ] ] } },
{ "type": "Feature", "properties": { "vor_id": 338, "theft_count": 10, "bike_trips": 2249.0, "theft_per_1000_trips": "4.446420631391729" }, "geometry": { "type": "Polygon", "coordinates": [ [ [ -79.454703929629986, 43.650320420555175 ], [ -79.455321715293479, 43.65043801369648 ], [ -79.455216119707885, 43.650820077016213 ], [ -79.450297270184123, 43.65256564303975 ], [ -79.450123264921118, 43.652085616582468 ], [ -79.454703929629986, 43.650320420555175 ] ] ] } },
{ "type": "Feature", "properties": { "vor_id": 339, "theft_count": 105, "bike_trips": 3117.0, "theft_per_1000_trips": "33.68623676612127" }, "geometry": { "type": "Polygon", "coordinates": [ [ [ -79.380614071572452, 43.660996024077647 ], [ -79.380979956438495, 43.661760774702913 ], [ -79.378954005264376, 43.662579608465741 ], [ -79.378673198495989, 43.66234495084543 ], [ -79.378572513406752, 43.661832378780559 ], [ -79.380614071572452, 43.660996024077647 ] ] ] } },
{ "type": "Feature", "properties": { "vor_id": 340, "theft_count": 37, "bike_trips": 2075.0, "theft_per_1000_trips": "17.83132530120482" }, "geometry": { "type": "Polygon", "coordinates": [ [ [ -79.376296236314275, 43.657725836214901 ], [ -79.375906860474615, 43.655903575671367 ], [ -79.37632495089629, 43.655737927698553 ], [ -79.376642228031074, 43.655723566026907 ], [ -79.377023405811855, 43.657416073678377 ], [ -79.376296236314275, 43.657725836214901 ] ] ] } },
{ "type": "Feature", "properties": { "vor_id": 341, "theft_count": 18, "bike_trips": 3654.0, "theft_per_1000_trips": "4.926108374384237" }, "geometry": { "type": "Polygon", "coordinates": [ [ [ -79.381757242179546, 43.69457774272955 ], [ -79.381726158105252, 43.694401204370934 ], [ -79.386705356391147, 43.688278776861623 ], [ -79.387776415052016, 43.688146411285345 ], [ -79.391444620511976, 43.692413295287366 ], [ -79.391991448003822, 43.693794445078701 ], [ -79.391891604661865, 43.69407575161302 ], [ -79.387136789900808, 43.695622441480751 ], [ -79.382078375694803, 43.694816532892084 ], [ -79.381757242179546, 43.69457774272955 ] ] ] } },
{ "type": "Feature", "properties": { "vor_id": 342, "theft_count": 21, "bike_trips": 2148.0, "theft_per_1000_trips": "9.776536312849162" }, "geometry": { "type": "Polygon", "coordinates": [ [ [ -79.398612520985878, 43.65080342248217 ], [ -79.397614955830633, 43.651889792300253 ], [ -79.397394117180724, 43.651748990658916 ], [ -79.397134654446333, 43.650422227339853 ], [ -79.3978669189773, 43.649924007355111 ], [ -79.398612520985878, 43.65080342248217 ] ] ] } },
{ "type": "Feature", "properties": { "vor_id": 343, "theft_count": 23, "bike_trips": 2092.0, "theft_per_1000_trips": "10.994263862332696" }, "geometry": { "type": "Polygon", "coordinates": [ [ [ -79.390970140271591, 43.670282817573145 ], [ -79.390730692996584, 43.670380861190914 ], [ -79.390372184378876, 43.670130612272729 ], [ -79.390080667505345, 43.669803247629325 ], [ -79.389861044558529, 43.668770453365866 ], [ -79.390625003437222, 43.668674994816286 ], [ -79.390970140271591, 43.670282817573145 ] ] ] } },
{ "type": "Feature", "properties": { "vor_id": 344, "theft_count": 14, "bike_trips": 1045.0, "theft_per_1000_trips": "13.397129186602871" }, "geometry": { "type": "Polygon", "coordinates": [ [ [ -79.390605357155067, 43.670696973520641 ], [ -79.390982225564301, 43.672462302864425 ], [ -79.390736211618162, 43.672586949091631 ], [ -79.388844107352597, 43.671689487358094 ], [ -79.388789828245947, 43.671511154462905 ], [ -79.388785926242463, 43.671492462603304 ], [ -79.390605357155067, 43.670696973520641 ] ] ] } },
{ "type": "Feature", "properties": { "vor_id": 345, "theft_count": 42, "bike_trips": 5586.0, "theft_per_1000_trips": "7.518796992481203" }, "geometry": { "type": "Polygon", "coordinates": [ [ [ -79.444219057480069, 43.652463152553736 ], [ -79.442482772126027, 43.651213185514081 ], [ -79.441805589656383, 43.648146504017227 ], [ -79.445979104294835, 43.646525876199966 ], [ -79.446293957632633, 43.646884050662891 ], [ -79.446791851568989, 43.647690427934471 ], [ -79.447306502397794, 43.648994137854451 ], [ -79.447340067788375, 43.650224527675448 ], [ -79.44601291204755, 43.651961693836171 ], [ -79.444219057480069, 43.652463152553736 ] ] ] } },
{ "type": "Feature", "properties": { "vor_id": 346, "theft_count": 102, "bike_trips": 4298.0, "theft_per_1000_trips": "23.731968357375525" }, "geometry": { "type": "Polygon", "coordinates": [ [ [ -79.401552727339165, 43.664185770538019 ], [ -79.400777535427736, 43.663138232933022 ], [ -79.400912986857819, 43.662490946769566 ], [ -79.40238873269935, 43.66190943636817 ], [ -79.402750782622363, 43.662102439979826 ], [ -79.40305958483745, 43.663577543978306 ], [ -79.401552727339165, 43.664185770538019 ] ] ] } },
{ "type": "Feature", "properties": { "vor_id": 348, "theft_count": 37, "bike_trips": 2449.0, "theft_per_1000_trips": "15.108207431604736" }, "geometry": { "type": "Polygon", "coordinates": [ [ [ -79.396761288655227, 43.709009495317751 ], [ -79.397032770673803, 43.707700410705364 ], [ -79.399409923520835, 43.707152737211068 ], [ -79.399652146894397, 43.707396398140354 ], [ -79.39974661784521, 43.708323786517482 ], [ -79.396761288655227, 43.709009495317751 ] ] ] } },
{ "type": "Feature", "properties": { "vor_id": 349, "theft_count": 14, "bike_trips": 5446.0, "theft_per_1000_trips": "2.5706940874035986" }, "geometry": { "type": "Polygon", "coordinates": [ [ [ -79.402845370569466, 43.761611025584308 ], [ -79.395745408262925, 43.758622581688499 ], [ -79.394821533152978, 43.75318347045679 ], [ -79.397601110135824, 43.751849692659704 ], [ -79.404730069876933, 43.758253772961623 ], [ -79.404671471958949, 43.759470974949302 ], [ -79.402845370569466, 43.761611025584308 ] ] ] } },
{ "type": "Feature", "properties": { "vor_id": 351, "theft_count": 84, "bike_trips": 1025.0, "theft_per_1000_trips": "81.95121951219512" }, "geometry": { "type": "Polygon", "coordinates": [ [ [ -79.369344924641084, 43.652563802003243 ], [ -79.370350539201056, 43.653044626340133 ], [ -79.370481568402226, 43.653620573254358 ], [ -79.367490500551128, 43.654444157662503 ], [ -79.367442710725157, 43.654361504224624 ], [ -79.368183078939438, 43.653047007937538 ], [ -79.369344924641084, 43.652563802003243 ] ] ] } },
{ "type": "Feature", "properties": { "vor_id": 352, "theft_count": 49, "bike_trips": 3180.0, "theft_per_1000_trips": "15.40880503144654" }, "geometry": { "type": "Polygon", "coordinates": [ [ [ -79.380336733049845, 43.642692239188015 ], [ -79.381970411412141, 43.642036018207726 ], [ -79.382365435600263, 43.643934419922267 ], [ -79.380607647422579, 43.644673094537332 ], [ -79.380073133267445, 43.644250491552569 ], [ -79.380336733049845, 43.642692239188015 ] ] ] } },
{ "type": "Feature", "properties": { "vor_id": 353, "theft_count": 5, "bike_trips": 4407.0, "theft_per_1000_trips": "1.1345586566825505" }, "geometry": { "type": "Polygon", "coordinates": [ [ [ -79.409904751434922, 43.763141965414015 ], [ -79.413271253177058, 43.762321058903517 ], [ -79.41536559026504, 43.76311437963458 ], [ -79.40972941987404, 43.764482981232931 ], [ -79.409904751434922, 43.763141965414015 ] ] ] } },
{ "type": "Feature", "properties": { "vor_id": 355, "theft_count": 16, "bike_trips": 2121.0, "theft_per_1000_trips": "7.5436115040075435" }, "geometry": { "type": "Polygon", "coordinates": [ [ [ -79.387314344329127, 43.651469040272993 ], [ -79.388900335575855, 43.652165885973183 ], [ -79.389135079716695, 43.653231368484292 ], [ -79.3888578773891, 43.653830259996305 ], [ -79.388180158442125, 43.654223810183971 ], [ -79.387094348747837, 43.654047286864262 ], [ -79.386565859296184, 43.651704279581686 ], [ -79.387314344329127, 43.651469040272993 ] ] ] } },
{ "type": "Feature", "properties": { "vor_id": 356, "theft_count": 13, "bike_trips": 3556.0, "theft_per_1000_trips": "3.655793025871766" }, "geometry": { "type": "Polygon", "coordinates": [ [ [ -79.443627216683808, 43.695756703843593 ], [ -79.44271262661016, 43.696258338977017 ], [ -79.440606619785939, 43.694497289901172 ], [ -79.439593708821391, 43.690617709704298 ], [ -79.442708293911821, 43.6915765123996 ], [ -79.443152040220298, 43.693019364662042 ], [ -79.443627216683808, 43.695756703843593 ] ] ] } },
{ "type": "Feature", "properties": { "vor_id": 357, "theft_count": 23, "bike_trips": 7802.0, "theft_per_1000_trips": "2.9479620610099975" }, "geometry": { "type": "Polygon", "coordinates": [ [ [ -79.227225648455871, 43.735156767822396 ], [ -79.22983996630542, 43.727884729115431 ], [ -79.236860118397018, 43.728258121235008 ], [ -79.239749620600762, 43.741535107839262 ], [ -79.230944831002276, 43.741622969526539 ], [ -79.227836674340338, 43.737786449063478 ], [ -79.227225648455871, 43.735156767822396 ] ] ] } },
{ "type": "Feature", "properties": { "vor_id": 358, "theft_count": 61, "bike_trips": 2133.0, "theft_per_1000_trips": "28.598218471636194" }, "geometry": { "type": "Polygon", "coordinates": [ [ [ -79.39433373675287, 43.645914223169179 ], [ -79.393016736161542, 43.64642903240118 ], [ -79.392669741132778, 43.646253828908911 ], [ -79.393097959359693, 43.644528376507836 ], [ -79.393120703365682, 43.64448741178888 ], [ -79.394183716258624, 43.645182399317576 ], [ -79.39433373675287, 43.645914223169179 ] ] ] } },
{ "type": "Feature", "properties": { "vor_id": 360, "theft_count": 19, "bike_trips": 2175.0, "theft_per_1000_trips": "8.735632183908045" }, "geometry": { "type": "Polygon", "coordinates": [ [ [ -79.409046133257092, 43.653976700933192 ], [ -79.408335441398748, 43.654758076220674 ], [ -79.406279394364418, 43.65626242747269 ], [ -79.4057051650734, 43.653595167095759 ], [ -79.405714666873621, 43.653583205170165 ], [ -79.407418721739603, 43.652889619891994 ], [ -79.409046133257092, 43.653976700933192 ] ] ] } },
{ "type": "Feature", "properties": { "vor_id": 361, "theft_count": 13, "bike_trips": 3937.0, "theft_per_1000_trips": "3.302006604013208" }, "geometry": { "type": "Polygon", "coordinates": [ [ [ -79.493532216755511, 43.618219412487512 ], [ -79.4990860365684, 43.622726574405156 ], [ -79.493952743833106, 43.625626576462778 ], [ -79.492182041454768, 43.624948256677641 ], [ -79.491076605223512, 43.624524786716769 ], [ -79.490690113282966, 43.623708953030565 ], [ -79.490576585223977, 43.623176908693488 ], [ -79.489997689100377, 43.620463937054048 ], [ -79.491648861456667, 43.618694047282737 ], [ -79.492785578156429, 43.61816364382684 ], [ -79.493532216755511, 43.618219412487512 ] ] ] } },
{ "type": "Feature", "properties": { "vor_id": 362, "theft_count": 11, "bike_trips": 1036.0, "theft_per_1000_trips": "10.617760617760617" }, "geometry": { "type": "Polygon", "coordinates": [ [ [ -79.373910655584751, 43.651962857428515 ], [ -79.373263229848064, 43.650749916190655 ], [ -79.373950108324649, 43.65046240224418 ], [ -79.376097095515817, 43.651067499638614 ], [ -79.373910655584751, 43.651962857428515 ] ] ] } },
{ "type": "Feature", "properties": { "vor_id": 363, "theft_count": 58, "bike_trips": 8172.0, "theft_per_1000_trips": "7.0974057758198725" }, "geometry": { "type": "Polygon", "coordinates": [ [ [ -79.449183948731189, 43.729120426257545 ], [ -79.451882362439775, 43.730118580163868 ], [ -79.45637182260262, 43.740706684168785 ], [ -79.448403227499014, 43.745157169283651 ], [ -79.444704571967833, 43.744451140383781 ], [ -79.443247453373715, 43.741851173876263 ], [ -79.440557080526176, 43.728916757660031 ], [ -79.442092536580731, 43.728258752420309 ], [ -79.449183948731189, 43.729120426257545 ] ] ] } },
{ "type": "Feature", "properties": { "vor_id": 364, "theft_count": 26, "bike_trips": 5889.0, "theft_per_1000_trips": "4.415011037527594" }, "geometry": { "type": "Polygon", "coordinates": [ [ [ -79.411676315197823, 43.760906712269396 ], [ -79.412197201021726, 43.761609023540501 ], [ -79.409740658973604, 43.762300008705949 ], [ -79.409471835229581, 43.761813981671899 ], [ -79.409802684286404, 43.761372100831537 ], [ -79.411676315197823, 43.760906712269396 ] ] ] } },
{ "type": "Feature", "properties": { "vor_id": 365, "theft_count": 25, "bike_trips": 2399.0, "theft_per_1000_trips": "10.421008753647353" }, "geometry": { "type": "Polygon", "coordinates": [ [ [ -79.402595966574367, 43.687919406076077 ], [ -79.402425407582641, 43.687024945442218 ], [ -79.403412809039636, 43.683062688482416 ], [ -79.403962739921241, 43.682064562728399 ], [ -79.405140463615197, 43.681919590265458 ], [ -79.407147516930152, 43.68200476584375 ], [ -79.407915505780636, 43.682299939384976 ], [ -79.408889152591684, 43.686861016641465 ], [ -79.407850955363799, 43.689996494451684 ], [ -79.402595966574367, 43.687919406076077 ] ] ] } },
{ "type": "Feature", "properties": { "vor_id": 367, "theft_count": 22, "bike_trips": 4554.0, "theft_per_1000_trips": "4.830917874396135" }, "geometry": { "type": "Polygon", "coordinates": [ [ [ -79.496204808348708, 43.659759458644167 ], [ -79.497965190880493, 43.66015428985348 ], [ -79.499493652688187, 43.671557018516957 ], [ -79.491842057634003, 43.666360691763053 ], [ -79.496204808348708, 43.659759458644167 ] ] ] } },
{ "type": "Feature", "properties": { "vor_id": 369, "theft_count": 61, "bike_trips": 13818.0, "theft_per_1000_trips": "4.414531770154871" }, "geometry": { "type": "Polygon", "coordinates": [ [ [ -79.234306542821471, 43.776053168245404 ], [ -79.225071206942573, 43.778125023680815 ], [ -79.223313064708194, 43.77470980865867 ], [ -79.222044717561673, 43.754662275326474 ], [ -79.225431376579451, 43.75174881129886 ], [ -79.22590342696904, 43.75165133768057 ], [ -79.228102895136985, 43.75167569681993 ], [ -79.239743894140076, 43.766288404343719 ], [ -79.234306542821471, 43.776053168245404 ] ] ] } },
{ "type": "Feature", "properties": { "vor_id": 370, "theft_count": 12, "bike_trips": 2174.0, "theft_per_1000_trips": "5.519779208831647" }, "geometry": { "type": "Polygon", "coordinates": [ [ [ -79.413136983930357, 43.668682700947656 ], [ -79.411853355236147, 43.669192219959335 ], [ -79.411208258524809, 43.669142541395615 ], [ -79.41099881294933, 43.667801410958518 ], [ -79.412783894914426, 43.667096843289876 ], [ -79.413136983930357, 43.668682700947656 ] ] ] } },
{ "type": "Feature", "properties": { "vor_id": 372, "theft_count": 12, "bike_trips": 3729.0, "theft_per_1000_trips": "3.218020917135961" }, "geometry": { "type": "Polygon", "coordinates": [ [ [ -79.395603854542131, 43.758985139251941 ], [ -79.387226969974293, 43.763215701115485 ], [ -79.380801691723988, 43.757140778638465 ], [ -79.385937068522011, 43.749262162711709 ], [ -79.394821533152978, 43.75318347045679 ], [ -79.395745408262925, 43.758622581688499 ], [ -79.395603854542131, 43.758985139251941 ] ] ] } },
{ "type": "Feature", "properties": { "vor_id": 373, "theft_count": 15, "bike_trips": 1126.0, "theft_per_1000_trips": "13.321492007104794" }, "geometry": { "type": "Polygon", "coordinates": [ [ [ -79.4561199782882, 43.65979952527654 ], [ -79.455841730778118, 43.660891405179598 ], [ -79.453698590002702, 43.659847626229933 ], [ -79.452631954607838, 43.6575411440799 ], [ -79.4561199782882, 43.65979952527654 ] ] ] } },
{ "type": "Feature", "properties": { "vor_id": 374, "theft_count": 34, "bike_trips": 1070.0, "theft_per_1000_trips": "31.77570093457944" }, "geometry": { "type": "Polygon", "coordinates": [ [ [ -79.390245038089077, 43.655424717327506 ], [ -79.391314457764125, 43.654986856435059 ], [ -79.391585223328576, 43.65629105574827 ], [ -79.391428799606587, 43.657164467992224 ], [ -79.390634949520347, 43.657312531095414 ], [ -79.390503236498006, 43.657175092879484 ], [ -79.390245038089077, 43.655424717327506 ] ] ] } },
{ "type": "Feature", "properties": { "vor_id": 376, "theft_count": 9, "bike_trips": 3446.0, "theft_per_1000_trips": "2.61172373766686" }, "geometry": { "type": "Polygon", "coordinates": [ [ [ -79.491328850923438, 43.675153333650194 ], [ -79.48927885305433, 43.677132770392284 ], [ -79.485400168995625, 43.678807780154777 ], [ -79.480580318508586, 43.678889346698526 ], [ -79.481046695143974, 43.67244424289369 ], [ -79.488846621424628, 43.669016646750535 ], [ -79.491328850923438, 43.675153333650194 ] ] ] } },
{ "type": "Feature", "properties": { "vor_id": 378, "theft_count": 7, "bike_trips": 2595.0, "theft_per_1000_trips": "2.697495183044316" }, "geometry": { "type": "Polygon", "coordinates": [ [ [ -79.349160379036732, 43.673763297778535 ], [ -79.349129833252888, 43.671616737961493 ], [ -79.3529597966414, 43.672147437105458 ], [ -79.35277596757652, 43.672777001975717 ], [ -79.349618623717632, 43.674061083658614 ], [ -79.349160379036732, 43.673763297778535 ] ] ] } },
{ "type": "Feature", "properties": { "vor_id": 379, "theft_count": 18, "bike_trips": 2159.0, "theft_per_1000_trips": "8.337193144974526" }, "geometry": { "type": "Polygon", "coordinates": [ [ [ -79.400933085469788, 43.647472083917258 ], [ -79.401331660348362, 43.649417774252441 ], [ -79.400899778277051, 43.649915381148077 ], [ -79.400008021477618, 43.648997828489478 ], [ -79.39958879471051, 43.648485163703313 ], [ -79.400227102261894, 43.647072786816722 ], [ -79.400933085469788, 43.647472083917258 ] ] ] } },
{ "type": "Feature", "properties": { "vor_id": 380, "theft_count": 25, "bike_trips": 1025.0, "theft_per_1000_trips": "24.390243902439025" }, "geometry": { "type": "Polygon", "coordinates": [ [ [ -79.37188906027751, 43.651965617966184 ], [ -79.372213574819284, 43.652778900162083 ], [ -79.372225260148198, 43.652952644389714 ], [ -79.370523328831055, 43.653672966924809 ], [ -79.370481568402226, 43.653620573254358 ], [ -79.370350539201056, 43.653044626340133 ], [ -79.370634339351213, 43.652508434183474 ], [ -79.37188906027751, 43.651965617966184 ] ] ] } },
{ "type": "Feature", "properties": { "vor_id": 382, "theft_count": 25, "bike_trips": 2174.0, "theft_per_1000_trips": "11.499540018399264" }, "geometry": { "type": "Polygon", "coordinates": [ [ [ -79.40929885288125, 43.662372629176708 ], [ -79.410464880703302, 43.661900194133764 ], [ -79.411765300137219, 43.662593854305591 ], [ -79.411541654649497, 43.663569171233057 ], [ -79.410343999509109, 43.664051759703128 ], [ -79.408980891136977, 43.663936154847669 ], [ -79.408581008389007, 43.663726831585812 ], [ -79.40929885288125, 43.662372629176708 ] ] ] } },
{ "type": "Feature", "properties": { "vor_id": 383, "theft_count": 2, "bike_trips": 4967.0, "theft_per_1000_trips": "0.40265753976243207" }, "geometry": { "type": "Polygon", "coordinates": [ [ [ -79.347553743788751, 43.719369891525631 ], [ -79.335417353478377, 43.722770858252815 ], [ -79.337901655053699, 43.717266902988918 ], [ -79.345364101911358, 43.714153773350255 ], [ -79.347553743788751, 43.719369891525631 ] ] ] } },
{ "type": "Feature", "properties": { "vor_id": 385, "theft_count": 31, "bike_trips": 3198.0, "theft_per_1000_trips": "9.693558474046279" }, "geometry": { "type": "Polygon", "coordinates": [ [ [ -79.389045999487138, 43.647272939593059 ], [ -79.388881079613299, 43.646555796253693 ], [ -79.390282028055665, 43.645998759951418 ], [ -79.390427325881845, 43.646666994829118 ], [ -79.389045999487138, 43.647272939593059 ] ] ] } },
{ "type": "Feature", "properties": { "vor_id": 387, "theft_count": 32, "bike_trips": 3039.0, "theft_per_1000_trips": "10.529779532741033" }, "geometry": { "type": "Polygon", "coordinates": [ [ [ -79.361106739389399, 43.65114241203699 ], [ -79.358871479089103, 43.652361572691795 ], [ -79.35669649486934, 43.64332853765741 ], [ -79.360469071171238, 43.648515693745992 ], [ -79.361106739389399, 43.65114241203699 ] ] ] } },
{ "type": "Feature", "properties": { "vor_id": 388, "theft_count": 6, "bike_trips": 1279.0, "theft_per_1000_trips": "4.691164972634871" }, "geometry": { "type": "Polygon", "coordinates": [ [ [ -79.321183343498532, 43.666700741041652 ], [ -79.321425304892713, 43.666717560093382 ], [ -79.322132740019157, 43.670024304942189 ], [ -79.321605015045535, 43.670269628959772 ], [ -79.319806203996961, 43.67033403281556 ], [ -79.319113384972496, 43.667560022851319 ], [ -79.321183343498532, 43.666700741041652 ] ] ] } },
{ "type": "Feature", "properties": { "vor_id": 389, "theft_count": 13, "bike_trips": 3561.0, "theft_per_1000_trips": "3.6506599269868016" }, "geometry": { "type": "Polygon", "coordinates": [ [ [ -79.448373031986932, 43.697909676335627 ], [ -79.444397888738351, 43.695656299984229 ], [ -79.44706957236896, 43.691638374861064 ], [ -79.447980272475334, 43.690395183310677 ], [ -79.448750169538613, 43.69785355538022 ], [ -79.448603385260554, 43.697977105642536 ], [ -79.448373031986932, 43.697909676335627 ] ] ] } },
{ "type": "Feature", "properties": { "vor_id": 390, "theft_count": 24, "bike_trips": 2585.0, "theft_per_1000_trips": "9.284332688588007" }, "geometry": { "type": "Polygon", "coordinates": [ [ [ -79.335104645679323, 43.663623873554364 ], [ -79.334578360609115, 43.661242263062135 ], [ -79.335576226074139, 43.660373937660978 ], [ -79.33759480428003, 43.661805808372961 ], [ -79.337641546009351, 43.66201827972619 ], [ -79.336624457598319, 43.663665848291423 ], [ -79.335104645679323, 43.663623873554364 ] ] ] } },
{ "type": "Feature", "properties": { "vor_id": 391, "theft_count": 5, "bike_trips": 4783.0, "theft_per_1000_trips": "1.0453690152623878" }, "geometry": { "type": "Polygon", "coordinates": [ [ [ -79.182130317998968, 43.772788404066368 ], [ -79.181891704446599, 43.776320697494562 ], [ -79.180048691866943, 43.779850284269273 ], [ -79.179866285333517, 43.776137313983519 ], [ -79.17914631302007, 43.771283654899193 ], [ -79.1781649906072, 43.767365996223035 ], [ -79.178366911527746, 43.767036180468807 ], [ -79.179821248085744, 43.764660680656846 ], [ -79.181727274687262, 43.768810170645345 ], [ -79.182121985670307, 43.770561189020356 ], [ -79.182151477206801, 43.772475175710177 ], [ -79.182130317998968, 43.772788404066368 ] ] ] } },
{ "type": "Feature", "properties": { "vor_id": 393, "theft_count": 10, "bike_trips": 2380.0, "theft_per_1000_trips": "4.201680672268908" }, "geometry": { "type": "Polygon", "coordinates": [ [ [ -79.434842157065233, 43.700074013150925 ], [ -79.431401596138869, 43.701506192018478 ], [ -79.431587518621399, 43.699129098879453 ], [ -79.433672180687935, 43.6983427811737 ], [ -79.434049743066225, 43.698610285817203 ], [ -79.434842157065233, 43.700074013150925 ] ] ] } },
{ "type": "Feature", "properties": { "vor_id": 394, "theft_count": 34, "bike_trips": 2061.0, "theft_per_1000_trips": "16.496846191169336" }, "geometry": { "type": "Polygon", "coordinates": [ [ [ -79.372383236497512, 43.650709135990098 ], [ -79.372470413700299, 43.650747729779546 ], [ -79.37188906027751, 43.651965617966184 ], [ -79.370634339351213, 43.652508434183474 ], [ -79.370370125268096, 43.651389163108199 ], [ -79.372037641470769, 43.650649813458877 ], [ -79.372383236497512, 43.650709135990098 ] ] ] } },
{ "type": "Feature", "properties": { "vor_id": 395, "theft_count": 18, "bike_trips": 5840.0, "theft_per_1000_trips": "3.0821917808219177" }, "geometry": { "type": "Polygon", "coordinates": [ [ [ -79.448818873143168, 43.683327147890751 ], [ -79.454684555374342, 43.677203638332188 ], [ -79.456389984781666, 43.676894439878502 ], [ -79.45646229726357, 43.676901096007718 ], [ -79.462824766534581, 43.680521628289682 ], [ -79.459789876391696, 43.686828323985985 ], [ -79.458488829715648, 43.687231734324627 ], [ -79.448818873143168, 43.683327147890751 ] ] ] } },
{ "type": "Feature", "properties": { "vor_id": 396, "theft_count": 27, "bike_trips": 2143.0, "theft_per_1000_trips": "12.599160055996267" }, "geometry": { "type": "Polygon", "coordinates": [ [ [ -79.398509158791157, 43.657093045003926 ], [ -79.398942328533053, 43.657508118503877 ], [ -79.399196649451198, 43.658881956311525 ], [ -79.398357301821832, 43.659821912240247 ], [ -79.397808109313502, 43.659425593342654 ], [ -79.397431054763615, 43.657536915760026 ], [ -79.398509158791157, 43.657093045003926 ] ] ] } },
{ "type": "Feature", "properties": { "vor_id": 398, "theft_count": 28, "bike_trips": 2449.0, "theft_per_1000_trips": "11.43323805634953" }, "geometry": { "type": "Polygon", "coordinates": [ [ [ -79.39992050731091, 43.709924616468435 ], [ -79.39665508655844, 43.71061646327783 ], [ -79.396245761809581, 43.710003071750172 ], [ -79.396761288655227, 43.709009495317751 ], [ -79.39974661784521, 43.708323786517482 ], [ -79.399954602324968, 43.708627142297601 ], [ -79.39992050731091, 43.709924616468435 ] ] ] } },
{ "type": "Feature", "properties": { "vor_id": 399, "theft_count": 21, "bike_trips": 2587.0, "theft_per_1000_trips": "8.117510630073445" }, "geometry": { "type": "Polygon", "coordinates": [ [ [ -79.340284361067589, 43.659281335837882 ], [ -79.343149568051885, 43.659408272056297 ], [ -79.342367455768439, 43.660819180329838 ], [ -79.341810653718156, 43.661290297099569 ], [ -79.340699789065155, 43.661079246744769 ], [ -79.340284361067589, 43.659281335837882 ] ] ] } },
{ "type": "Feature", "properties": { "vor_id": 402, "theft_count": 16, "bike_trips": 4510.0, "theft_per_1000_trips": "3.5476718403547673" }, "geometry": { "type": "Polygon", "coordinates": [ [ [ -79.460906131716882, 43.653969887565502 ], [ -79.462011117358259, 43.655974052712637 ], [ -79.460791402797454, 43.659502000558106 ], [ -79.457770805506641, 43.658049134525811 ], [ -79.457476178592046, 43.657547844187057 ], [ -79.458315952882714, 43.655245713777489 ], [ -79.460906131716882, 43.653969887565502 ] ] ] } },
{ "type": "Feature", "properties": { "vor_id": 403, "theft_count": 12, "bike_trips": 2396.0, "theft_per_1000_trips": "5.0083472454090145" }, "geometry": { "type": "Polygon", "coordinates": [ [ [ -79.413747507139846, 43.687638258317854 ], [ -79.417639494602099, 43.687950624546019 ], [ -79.418044290216628, 43.688896802313444 ], [ -79.418120121471986, 43.692159185508231 ], [ -79.417329474573009, 43.693505124142881 ], [ -79.411801651897989, 43.694684592966311 ], [ -79.413747507139846, 43.687638258317854 ] ] ] } },
{ "type": "Feature", "properties": { "vor_id": 405, "theft_count": 8, "bike_trips": 2570.0, "theft_per_1000_trips": "3.11284046692607" }, "geometry": { "type": "Polygon", "coordinates": [ [ [ -79.329165980821784, 43.665271482805501 ], [ -79.327988294052687, 43.666547969256868 ], [ -79.327720933172657, 43.666414727057692 ], [ -79.326038018738558, 43.663815758273302 ], [ -79.328583013782108, 43.662717520017814 ], [ -79.329165980821784, 43.665271482805501 ] ] ] } },
{ "type": "Feature", "properties": { "vor_id": 406, "theft_count": 36, "bike_trips": 2137.0, "theft_per_1000_trips": "16.846045858680395" }, "geometry": { "type": "Polygon", "coordinates": [ [ [ -79.392360894256697, 43.652863255647631 ], [ -79.392370459394044, 43.652685712922889 ], [ -79.393503866333717, 43.651680713151748 ], [ -79.394322991848895, 43.651608538175701 ], [ -79.394817465161367, 43.65206448479988 ], [ -79.394989788724402, 43.652857291165809 ], [ -79.394076874390393, 43.653234337995244 ], [ -79.392360894256697, 43.652863255647631 ] ] ] } },
{ "type": "Feature", "properties": { "vor_id": 407, "theft_count": 2, "bike_trips": 4802.0, "theft_per_1000_trips": "0.41649312786339027" }, "geometry": { "type": "Polygon", "coordinates": [ [ [ -79.504827645704793, 43.696396689564814 ], [ -79.512609512137942, 43.690899753977988 ], [ -79.513759545206725, 43.691145034828573 ], [ -79.513946731975679, 43.69515466605813 ], [ -79.508109293157787, 43.69842113035493 ], [ -79.504827645704793, 43.696396689564814 ] ] ] } },
{ "type": "Feature", "properties": { "vor_id": 408, "theft_count": 54, "bike_trips": 1025.0, "theft_per_1000_trips": "52.68292682926829" }, "geometry": { "type": "Polygon", "coordinates": [ [ [ -79.36684416700713, 43.652138871233916 ], [ -79.367888511255813, 43.651685679502123 ], [ -79.368183078939438, 43.653047007937538 ], [ -79.367442710725157, 43.654361504224624 ], [ -79.367340709179075, 43.654303468431173 ], [ -79.36684416700713, 43.652138871233916 ] ] ] } },
{ "type": "Feature", "properties": { "vor_id": 409, "theft_count": 24, "bike_trips": 3341.0, "theft_per_1000_trips": "7.1834780005986225" }, "geometry": { "type": "Polygon", "coordinates": [ [ [ -79.424906111403914, 43.638367776697145 ], [ -79.424380519299774, 43.635895835337017 ], [ -79.426605427601643, 43.636320924796266 ], [ -79.427371540548222, 43.637216266454146 ], [ -79.427188367536786, 43.637712675450302 ], [ -79.425258623215313, 43.638450214986669 ], [ -79.424906111403914, 43.638367776697145 ] ] ] } },
{ "type": "Feature", "properties": { "vor_id": 410, "theft_count": 29, "bike_trips": 2944.0, "theft_per_1000_trips": "9.85054347826087" }, "geometry": { "type": "Polygon", "coordinates": [ [ [ -79.413271253177058, 43.762321058903517 ], [ -79.409904751434922, 43.763141965414015 ], [ -79.409740658973604, 43.762300008705949 ], [ -79.412197201021726, 43.761609023540501 ], [ -79.413271253177058, 43.762321058903517 ] ] ] } },
{ "type": "Feature", "properties": { "vor_id": 411, "theft_count": 76, "bike_trips": 2112.0, "theft_per_1000_trips": "35.984848484848484" }, "geometry": { "type": "Polygon", "coordinates": [ [ [ -79.38167079469406, 43.650173069428604 ], [ -79.381511211914443, 43.649997253722255 ], [ -79.381287206001147, 43.648948293823373 ], [ -79.381834193183295, 43.647899042121153 ], [ -79.38269370851836, 43.64863458460534 ], [ -79.383252357036696, 43.649542427049937 ], [ -79.38167079469406, 43.650173069428604 ] ] ] } },
{ "type": "Feature", "properties": { "vor_id": 412, "theft_count": 11, "bike_trips": 2249.0, "theft_per_1000_trips": "4.891062694530902" }, "geometry": { "type": "Polygon", "coordinates": [ [ [ -79.447340067788375, 43.650224527675448 ], [ -79.447306502397794, 43.648994137854451 ], [ -79.450654056924805, 43.647709342481214 ], [ -79.451428506135898, 43.64882369378445 ], [ -79.447647617993724, 43.650299882418999 ], [ -79.447340067788375, 43.650224527675448 ] ] ] } },
{ "type": "Feature", "properties": { "vor_id": 413, "theft_count": 28, "bike_trips": 3364.0, "theft_per_1000_trips": "8.323424494649228" }, "geometry": { "type": "Polygon", "coordinates": [ [ [ -79.441805589656383, 43.648146504017227 ], [ -79.44064351522114, 43.64726229034499 ], [ -79.441417446729503, 43.644761398117382 ], [ -79.445099945188758, 43.643343378846431 ], [ -79.445951527836726, 43.645524070014268 ], [ -79.445979104294835, 43.646525876199966 ], [ -79.441805589656383, 43.648146504017227 ] ] ] } },
{ "type": "Feature", "properties": { "vor_id": 414, "theft_count": 35, "bike_trips": 2061.0, "theft_per_1000_trips": "16.98204754973314" }, "geometry": { "type": "Polygon", "coordinates": [ [ [ -79.378584133755609, 43.665544153857169 ], [ -79.377372106899429, 43.666059916720549 ], [ -79.376640558307741, 43.66520109770331 ], [ -79.376490825353301, 43.664475656789214 ], [ -79.376601757340964, 43.664106908187868 ], [ -79.377030701481019, 43.663926375444177 ], [ -79.378292724676271, 43.664197709277119 ], [ -79.378584133755609, 43.665544153857169 ] ] ] } },
{ "type": "Feature", "properties": { "vor_id": 415, "theft_count": 1, "bike_trips": 1135.0, "theft_per_1000_trips": "0.881057268722467" }, "geometry": { "type": "Polygon", "coordinates": [ [ [ -79.469841594919274, 43.657049281158578 ], [ -79.470951459765743, 43.6556053128174 ], [ -79.472288758441763, 43.659123317875199 ], [ -79.47026660527527, 43.659589208036031 ], [ -79.469841594919274, 43.657049281158578 ] ] ] } },
{ "type": "Feature", "properties": { "vor_id": 416, "theft_count": 73, "bike_trips": 2113.0, "theft_per_1000_trips": "34.548035967818265" }, "geometry": { "type": "Polygon", "coordinates": [ [ [ -79.381538191227179, 43.647327804530029 ], [ -79.37944176251699, 43.648221438825871 ], [ -79.378459200687786, 43.647117175291811 ], [ -79.380892217786055, 43.646042475010169 ], [ -79.381077267973396, 43.646293290087627 ], [ -79.381538191227179, 43.647327804530029 ] ] ] } },
{ "type": "Feature", "properties": { "vor_id": 417, "theft_count": 4, "bike_trips": 1074.0, "theft_per_1000_trips": "3.7243947858473" }, "geometry": { "type": "Polygon", "coordinates": [ [ [ -79.405266706854164, 43.671402447509188 ], [ -79.405898755699667, 43.67453444405654 ], [ -79.405764518405363, 43.674741774716374 ], [ -79.404562911935955, 43.673921985484967 ], [ -79.403984225462139, 43.671140582344584 ], [ -79.405266706854164, 43.671402447509188 ] ] ] } },
{ "type": "Feature", "properties": { "vor_id": 418, "theft_count": 24, "bike_trips": 4241.0, "theft_per_1000_trips": "5.659042678613535" }, "geometry": { "type": "Polygon", "coordinates": [ [ [ -79.39488688751247, 43.662804686310075 ], [ -79.394773861090528, 43.66397071466281 ], [ -79.394639910459958, 43.665352605997782 ], [ -79.392624645447341, 43.664928858323428 ], [ -79.392467016625787, 43.66489571387536 ], [ -79.3921685380718, 43.662765891190389 ], [ -79.392931269627468, 43.662265388395632 ], [ -79.39488688751247, 43.662804686310075 ] ] ] } },
{ "type": "Feature", "properties": { "vor_id": 419, "theft_count": 11, "bike_trips": 1021.0, "theft_per_1000_trips": "10.773751224289912" }, "geometry": { "type": "Polygon", "coordinates": [ [ [ -79.378860732080625, 43.66947521202583 ], [ -79.379368721285985, 43.669802059418402 ], [ -79.379305668702543, 43.670332452213273 ], [ -79.377525365501256, 43.671081734311699 ], [ -79.377306643404793, 43.670122925996807 ], [ -79.378860732080625, 43.66947521202583 ] ] ] } },
{ "type": "Feature", "properties": { "vor_id": 421, "theft_count": 0, "bike_trips": 3771.0, "theft_per_1000_trips": "0.0" }, "geometry": { "type": "Polygon", "coordinates": [ [ [ -79.316367107337939, 43.710951641705549 ], [ -79.320351714713354, 43.711883796479682 ], [ -79.319765176946049, 43.719345658208255 ], [ -79.317107159568323, 43.722850197240582 ], [ -79.30650188230635, 43.717162395259322 ], [ -79.308388891841304, 43.716269906217519 ], [ -79.312597566650979, 43.71374732361523 ], [ -79.316367107337939, 43.710951641705549 ] ] ] } },
{ "type": "Feature", "properties": { "vor_id": 422, "theft_count": 24, "bike_trips": 2174.0, "theft_per_1000_trips": "11.039558417663294" }, "geometry": { "type": "Polygon", "coordinates": [ [ [ -79.412783894914426, 43.667096843289876 ], [ -79.41099881294933, 43.667801410958518 ], [ -79.410222958356741, 43.666981230478491 ], [ -79.410780954238973, 43.666162547931357 ], [ -79.412548422119272, 43.665467383685538 ], [ -79.413381957810245, 43.666226772052937 ], [ -79.412783894914426, 43.667096843289876 ] ] ] } },
{ "type": "Feature", "properties": { "vor_id": 423, "theft_count": 65, "bike_trips": 2088.0, "theft_per_1000_trips": "31.130268199233715" }, "geometry": { "type": "Polygon", "coordinates": [ [ [ -79.388785926242463, 43.671492462603304 ], [ -79.388789828245947, 43.671511154462905 ], [ -79.386005911295214, 43.672665914062883 ], [ -79.386028385631235, 43.672133562752819 ], [ -79.388416663177097, 43.671159660531195 ], [ -79.388628881631618, 43.67122038373023 ], [ -79.388785926242463, 43.671492462603304 ] ] ] } },
{ "type": "Feature", "properties": { "vor_id": 425, "theft_count": 24, "bike_trips": 2062.0, "theft_per_1000_trips": "11.639185257032008" }, "geometry": { "type": "Polygon", "coordinates": [ [ [ -79.38049532872904, 43.668075865576981 ], [ -79.380672352284549, 43.668330337098062 ], [ -79.380857620403475, 43.669213816120489 ], [ -79.379368721285985, 43.669802059418402 ], [ -79.378860732080625, 43.66947521202583 ], [ -79.378701708611572, 43.668636163738142 ], [ -79.379773793001547, 43.668182895291665 ], [ -79.38049532872904, 43.668075865576981 ] ] ] } },
{ "type": "Feature", "properties": { "vor_id": 426, "theft_count": 18, "bike_trips": 1075.0, "theft_per_1000_trips": "16.74418604651163" }, "geometry": { "type": "Polygon", "coordinates": [ [ [ -79.410937223556203, 43.671216582092711 ], [ -79.407791467300811, 43.67141577640453 ], [ -79.408450618604547, 43.669625462882358 ], [ -79.408611268727213, 43.669562144035709 ], [ -79.41066594366086, 43.669873930219779 ], [ -79.410937223556203, 43.671216582092711 ] ] ] } },
{ "type": "Feature", "properties": { "vor_id": 427, "theft_count": 47, "bike_trips": 3399.0, "theft_per_1000_trips": "13.827596351868197" }, "geometry": { "type": "Polygon", "coordinates": [ [ [ -79.480985782644808, 43.649713884246722 ], [ -79.481154870686822, 43.643309527204174 ], [ -79.482691254151916, 43.64187474006718 ], [ -79.48655464321358, 43.643023114772078 ], [ -79.487603074208494, 43.648484699375487 ], [ -79.481300798221852, 43.651138724462569 ], [ -79.480985782644808, 43.649713884246722 ] ] ] } },
{ "type": "Feature", "properties": { "vor_id": 428, "theft_count": 17, "bike_trips": 4294.0, "theft_per_1000_trips": "3.9590125756870056" }, "geometry": { "type": "Polygon", "coordinates": [ [ [ -79.394910899865494, 43.644886068143812 ], [ -79.39511670883968, 43.645850454343588 ], [ -79.394525832064431, 43.646105460106305 ], [ -79.39433373675287, 43.645914223169179 ], [ -79.394183716258624, 43.645182399317576 ], [ -79.394910899865494, 43.644886068143812 ] ] ] } },
{ "type": "Feature", "properties": { "vor_id": 429, "theft_count": 109, "bike_trips": 2180.0, "theft_per_1000_trips": "50.0" }, "geometry": { "type": "Polygon", "coordinates": [ [ [ -79.416840394894876, 43.639846030777463 ], [ -79.416751684412176, 43.639911481820562 ], [ -79.41581530468882, 43.640216509540771 ], [ -79.415080914402395, 43.639667428370018 ], [ -79.414994338481208, 43.638561897019997 ], [ -79.415491967904686, 43.63586426681379 ], [ -79.415543199732227, 43.635902195755129 ], [ -79.416840394894876, 43.639846030777463 ] ] ] } },
{ "type": "Feature", "properties": { "vor_id": 430, "theft_count": 23, "bike_trips": 1067.0, "theft_per_1000_trips": "21.555763823805062" }, "geometry": { "type": "Polygon", "coordinates": [ [ [ -79.392669741132778, 43.646253828908911 ], [ -79.393016736161542, 43.64642903240118 ], [ -79.393857586036333, 43.647541170862162 ], [ -79.392638254214319, 43.648029464336389 ], [ -79.392312861939558, 43.64639885331961 ], [ -79.392669741132778, 43.646253828908911 ] ] ] } },
{ "type": "Feature", "properties": { "vor_id": 431, "theft_count": 19, "bike_trips": 3549.0, "theft_per_1000_trips": "5.353620738236123" }, "geometry": { "type": "Polygon", "coordinates": [ [ [ -79.455099474008989, 43.72415470697284 ], [ -79.45220560680454, 43.719767716764018 ], [ -79.452503997713862, 43.719039192148493 ], [ -79.465282197939771, 43.716109174501021 ], [ -79.468283621845515, 43.721039967030734 ], [ -79.455099474008989, 43.72415470697284 ] ] ] } },
{ "type": "Feature", "properties": { "vor_id": 433, "theft_count": 66, "bike_trips": 2170.0, "theft_per_1000_trips": "30.414746543778804" }, "geometry": { "type": "Polygon", "coordinates": [ [ [ -79.400416958852801, 43.635801539140459 ], [ -79.400583552544859, 43.635993475539337 ], [ -79.400426433718337, 43.636756087005928 ], [ -79.399141849976175, 43.637292202872132 ], [ -79.398406487336047, 43.636883300244612 ], [ -79.398235497094234, 43.636376575894047 ], [ -79.399829359452838, 43.63579399533122 ], [ -79.400416958852801, 43.635801539140459 ] ] ] } },
{ "type": "Feature", "properties": { "vor_id": 436, "theft_count": 21, "bike_trips": 1070.0, "theft_per_1000_trips": "19.626168224299064" }, "geometry": { "type": "Polygon", "coordinates": [ [ [ -79.392802720192478, 43.655754336465833 ], [ -79.393191295368709, 43.657596765886325 ], [ -79.392840720137784, 43.657741358664218 ], [ -79.391428799606587, 43.657164467992224 ], [ -79.391585223328576, 43.65629105574827 ], [ -79.392802720192478, 43.655754336465833 ] ] ] } },
{ "type": "Feature", "properties": { "vor_id": 437, "theft_count": 45, "bike_trips": 2225.0, "theft_per_1000_trips": "20.224719101123593" }, "geometry": { "type": "Polygon", "coordinates": [ [ [ -79.446501699499649, 43.665648345589901 ], [ -79.445611809639956, 43.661895973717982 ], [ -79.448251191525941, 43.662377105111737 ], [ -79.449250331610742, 43.663406084242197 ], [ -79.448159168178549, 43.665962835307582 ], [ -79.446501699499649, 43.665648345589901 ] ] ] } },
{ "type": "Feature", "properties": { "vor_id": 438, "theft_count": 10, "bike_trips": 2187.0, "theft_per_1000_trips": "4.572473708276178" }, "geometry": { "type": "Polygon", "coordinates": [ [ [ -79.403983171742837, 43.643660402410319 ], [ -79.406625579287422, 43.644754377066057 ], [ -79.40564056432909, 43.645694391959232 ], [ -79.404727419274806, 43.645903135361117 ], [ -79.403928255540222, 43.64544763491218 ], [ -79.403822497543032, 43.644010383729196 ], [ -79.403968149053441, 43.643656769389331 ], [ -79.403983171742837, 43.643660402410319 ] ] ] } },
{ "type": "Feature", "properties": { "vor_id": 439, "theft_count": 5, "bike_trips": 3081.0, "theft_per_1000_trips": "1.6228497241155468" }, "geometry": { "type": "Polygon", "coordinates": [ [ [ -79.364605501854371, 43.649578026362043 ], [ -79.366580542993532, 43.646948789816292 ], [ -79.367088894026026, 43.64690036070121 ], [ -79.367199373653165, 43.648743012837784 ], [ -79.364605501854371, 43.649578026362043 ] ] ] } },
{ "type": "Feature", "properties": { "vor_id": 440, "theft_count": 24, "bike_trips": 4426.0, "theft_per_1000_trips": "5.422503389064619" }, "geometry": { "type": "Polygon", "coordinates": [ [ [ -79.427156018139328, 43.652901534688425 ], [ -79.427526440212574, 43.654650793669852 ], [ -79.426089148256551, 43.65521017043082 ], [ -79.425565623230213, 43.652685295794996 ], [ -79.42649340128888, 43.652319051212416 ], [ -79.427156018139328, 43.652901534688425 ] ] ] } },
{ "type": "Feature", "properties": { "vor_id": 441, "theft_count": 7, "bike_trips": 1096.0, "theft_per_1000_trips": "6.386861313868613" }, "geometry": { "type": "Polygon", "coordinates": [ [ [ -79.406482592030841, 43.650143004560462 ], [ -79.405395091197875, 43.650586420588809 ], [ -79.405290501986414, 43.648051695194951 ], [ -79.406061443558912, 43.64774581305538 ], [ -79.40611011608776, 43.647758145514828 ], [ -79.406482592030841, 43.650143004560462 ] ] ] } },
{ "type": "Feature", "properties": { "vor_id": 442, "theft_count": 31, "bike_trips": 3382.0, "theft_per_1000_trips": "9.166173861620342" }, "geometry": { "type": "Polygon", "coordinates": [ [ [ -79.448159168178549, 43.665962835307582 ], [ -79.449250331610742, 43.663406084242197 ], [ -79.451689464210631, 43.663661740432197 ], [ -79.452235627628966, 43.6662563566085 ], [ -79.449516352296655, 43.667434511666528 ], [ -79.448318761747259, 43.666734557663666 ], [ -79.448159168178549, 43.665962835307582 ] ] ] } },
{ "type": "Feature", "properties": { "vor_id": 443, "theft_count": 19, "bike_trips": 2165.0, "theft_per_1000_trips": "8.775981524249422" }, "geometry": { "type": "Polygon", "coordinates": [ [ [ -79.396560224806549, 43.638820689899035 ], [ -79.395310955773979, 43.638054794470321 ], [ -79.398142877342067, 43.636293373439777 ], [ -79.398235497094234, 43.636376575894047 ], [ -79.398406487336047, 43.636883300244612 ], [ -79.397830535920846, 43.638310526678524 ], [ -79.396560224806549, 43.638820689899035 ] ] ] } },
{ "type": "Feature", "properties": { "vor_id": 445, "theft_count": 5, "bike_trips": 2147.0, "theft_per_1000_trips": "2.328830926874709" }, "geometry": { "type": "Polygon", "coordinates": [ [ [ -79.39511670883968, 43.645850454343588 ], [ -79.396337132930981, 43.645710370073466 ], [ -79.395515324557067, 43.646429492616157 ], [ -79.394661301519861, 43.646769735006671 ], [ -79.394525832064431, 43.646105460106305 ], [ -79.39511670883968, 43.645850454343588 ] ] ] } },
{ "type": "Feature", "properties": { "vor_id": 446, "theft_count": 0, "bike_trips": 1077.0, "theft_per_1000_trips": "0.0" }, "geometry": { "type": "Polygon", "coordinates": [ [ [ -79.403875477225384, 43.658704962109461 ], [ -79.403752476090801, 43.658661002787795 ], [ -79.403852482449651, 43.658586833017132 ], [ -79.403875477225384, 43.658704962109461 ] ] ] } },
{ "type": "Feature", "properties": { "vor_id": 447, "theft_count": 10, "bike_trips": 2529.0, "theft_per_1000_trips": "3.9541320680110714" }, "geometry": { "type": "Polygon", "coordinates": [ [ [ -79.29839659760178, 43.695970605649329 ], [ -79.296951827928325, 43.693513120323026 ], [ -79.299121242236765, 43.691040827583684 ], [ -79.299139599465434, 43.691031105991279 ], [ -79.301602824096747, 43.692127965695946 ], [ -79.303631014535952, 43.69676035249806 ], [ -79.29839659760178, 43.695970605649329 ] ] ] } },
{ "type": "Feature", "properties": { "vor_id": 448, "theft_count": 139, "bike_trips": 3915.0, "theft_per_1000_trips": "35.50446998722861" }, "geometry": { "type": "Polygon", "coordinates": [ [ [ -79.480588564441931, 43.624862962995685 ], [ -79.478844099223295, 43.619543934465298 ], [ -79.483881688718796, 43.623417109456689 ], [ -79.482522699125411, 43.625868162779355 ], [ -79.480588564441931, 43.624862962995685 ] ] ] } },
{ "type": "Feature", "properties": { "vor_id": 449, "theft_count": 10, "bike_trips": 2334.0, "theft_per_1000_trips": "4.284490145672665" }, "geometry": { "type": "Polygon", "coordinates": [ [ [ -79.447321204987475, 43.670784415858265 ], [ -79.448020945888885, 43.669464016602504 ], [ -79.449798073151342, 43.668704415157087 ], [ -79.450812255978462, 43.66988377329109 ], [ -79.447321204987475, 43.670784415858265 ] ] ] } },
{ "type": "Feature", "properties": { "vor_id": 450, "theft_count": 13, "bike_trips": 2570.0, "theft_per_1000_trips": "5.0583657587548645" }, "geometry": { "type": "Polygon", "coordinates": [ [ [ -79.326038018738558, 43.663815758273302 ], [ -79.327720933172657, 43.666414727057692 ], [ -79.325308183655011, 43.666335922379304 ], [ -79.32458738529462, 43.665687020687379 ], [ -79.325129659830523, 43.663293317051469 ], [ -79.326038018738558, 43.663815758273302 ] ] ] } },
{ "type": "Feature", "properties": { "vor_id": 452, "theft_count": 42, "bike_trips": 2088.0, "theft_per_1000_trips": "20.114942528735632" }, "geometry": { "type": "Polygon", "coordinates": [ [ [ -79.38200142689432, 43.662202402994616 ], [ -79.384488057035611, 43.66117860963584 ], [ -79.384662809551742, 43.661536491841986 ], [ -79.382664855459694, 43.662383018364217 ], [ -79.38200142689432, 43.662202402994616 ] ] ] } },
{ "type": "Feature", "properties": { "vor_id": 454, "theft_count": 6, "bike_trips": 2586.0, "theft_per_1000_trips": "2.320185614849188" }, "geometry": { "type": "Polygon", "coordinates": [ [ [ -79.346364875852188, 43.683931850469527 ], [ -79.34767766617172, 43.682970510825882 ], [ -79.348618505200349, 43.684230424446483 ], [ -79.349041557048793, 43.686856503039422 ], [ -79.347323052349438, 43.687222930746252 ], [ -79.345971646476102, 43.685696640695518 ], [ -79.346364875852188, 43.683931850469527 ] ] ] } },
{ "type": "Feature", "properties": { "vor_id": 456, "theft_count": 32, "bike_trips": 2201.0, "theft_per_1000_trips": "14.538845979100408" }, "geometry": { "type": "Polygon", "coordinates": [ [ [ -79.422345397607373, 43.661263366751776 ], [ -79.422961693481525, 43.660779644448709 ], [ -79.424251425525199, 43.660966316890899 ], [ -79.424754571608943, 43.663346072384527 ], [ -79.424498718149181, 43.663456116595484 ], [ -79.422780167317839, 43.663252705200883 ], [ -79.422345397607373, 43.661263366751776 ] ] ] } },
{ "type": "Feature", "properties": { "vor_id": 460, "theft_count": 3, "bike_trips": 2396.0, "theft_per_1000_trips": "1.2520868113522536" }, "geometry": { "type": "Polygon", "coordinates": [ [ [ -79.419204124741995, 43.701006294340729 ], [ -79.41764091451536, 43.700639597582494 ], [ -79.418892841450727, 43.695653819551829 ], [ -79.41965874487056, 43.696069193494203 ], [ -79.423258306283543, 43.698925470829813 ], [ -79.423344732975622, 43.699363027796728 ], [ -79.421567099413338, 43.700875707137492 ], [ -79.419204124741995, 43.701006294340729 ] ] ] } },
{ "type": "Feature", "properties": { "vor_id": 461, "theft_count": 27, "bike_trips": 2596.0, "theft_per_1000_trips": "10.400616332819723" }, "geometry": { "type": "Polygon", "coordinates": [ [ [ -79.346358925153098, 43.676241362029046 ], [ -79.348326577166404, 43.67802966604448 ], [ -79.347594369596877, 43.67941393910619 ], [ -79.346337305099809, 43.679881571819259 ], [ -79.344546402311792, 43.678125896358218 ], [ -79.346358925153098, 43.676241362029046 ] ] ] } },
{ "type": "Feature", "properties": { "vor_id": 463, "theft_count": 14, "bike_trips": 6463.0, "theft_per_1000_trips": "2.1661766981278046" }, "geometry": { "type": "Polygon", "coordinates": [ [ [ -79.339976765512333, 43.668570202986047 ], [ -79.341571878406612, 43.667360366543498 ], [ -79.344017457683179, 43.666368453302148 ], [ -79.344890264422503, 43.667272026081406 ], [ -79.34475861361129, 43.66901667712095 ], [ -79.34123249650618, 43.670528573713881 ], [ -79.339971257720777, 43.668829855907425 ], [ -79.339976765512333, 43.668570202986047 ] ] ] } },
{ "type": "Feature", "properties": { "vor_id": 464, "theft_count": 10, "bike_trips": 1592.0, "theft_per_1000_trips": "6.28140703517588" }, "geometry": { "type": "Polygon", "coordinates": [ [ [ -79.191082451664272, 43.76897654429326 ], [ -79.182151477206801, 43.772475175710177 ], [ -79.182121985670307, 43.770561189020356 ], [ -79.190685216490138, 43.768108635471776 ], [ -79.191082451664272, 43.76897654429326 ] ] ] } },
{ "type": "Feature", "properties": { "vor_id": 466, "theft_count": 31, "bike_trips": 2222.0, "theft_per_1000_trips": "13.95139513951395" }, "geometry": { "type": "Polygon", "coordinates": [ [ [ -79.425714576419139, 43.644935157312617 ], [ -79.425760814703693, 43.644812087480027 ], [ -79.426723720358694, 43.643558286392661 ], [ -79.428225790606334, 43.642994450362998 ], [ -79.428862000001985, 43.643204920253794 ], [ -79.42956146143878, 43.643874031905852 ], [ -79.429626994846615, 43.644281487244115 ], [ -79.426769672135762, 43.645423139745496 ], [ -79.425714576419139, 43.644935157312617 ] ] ] } },
{ "type": "Feature", "properties": { "vor_id": 467, "theft_count": 9, "bike_trips": 3378.0, "theft_per_1000_trips": "2.664298401420959" }, "geometry": { "type": "Polygon", "coordinates": [ [ [ -79.463004947335037, 43.646872384004467 ], [ -79.461006655346424, 43.648527955079501 ], [ -79.456240643227986, 43.649534698965383 ], [ -79.454508453755437, 43.64682952952753 ], [ -79.454845857428836, 43.644006833718414 ], [ -79.456051046239764, 43.641147360919888 ], [ -79.456570731883687, 43.640929991940183 ], [ -79.463923776987954, 43.643701259227107 ], [ -79.464400623926565, 43.644229638363242 ], [ -79.464832151378985, 43.644967993391255 ], [ -79.463004947335037, 43.646872384004467 ] ] ] } },
{ "type": "Feature", "properties": { "vor_id": 471, "theft_count": 20, "bike_trips": 3806.0, "theft_per_1000_trips": "5.254860746190226" }, "geometry": { "type": "Polygon", "coordinates": [ [ [ -79.297041651693547, 43.674695680750972 ], [ -79.298671624878907, 43.67469227162286 ], [ -79.299760822009333, 43.679275754845946 ], [ -79.297430724010923, 43.680214093540322 ], [ -79.296193612808196, 43.675086943188532 ], [ -79.297041651693547, 43.674695680750972 ] ] ] } },
{ "type": "Feature", "properties": { "vor_id": 472, "theft_count": 12, "bike_trips": 1101.0, "theft_per_1000_trips": "10.899182561307901" }, "geometry": { "type": "Polygon", "coordinates": [ [ [ -79.420501207459708, 43.65829351568469 ], [ -79.417598427788818, 43.659427751318951 ], [ -79.417219046367279, 43.658900542246656 ], [ -79.416889210838505, 43.657345664252148 ], [ -79.41875121753047, 43.656110463979346 ], [ -79.419232312768386, 43.656309287763264 ], [ -79.420547368260728, 43.658159508648978 ], [ -79.420501207459708, 43.65829351568469 ] ] ] } },
{ "type": "Feature", "properties": { "vor_id": 473, "theft_count": 9, "bike_trips": 2097.0, "theft_per_1000_trips": "4.291845493562231" }, "geometry": { "type": "Polygon", "coordinates": [ [ [ -79.385401516728564, 43.663403395769144 ], [ -79.387626472244378, 43.662471069251744 ], [ -79.388166948371023, 43.662708331403323 ], [ -79.388768668718242, 43.663110926081494 ], [ -79.386214563401623, 43.664171278049452 ], [ -79.385401516728564, 43.663403395769144 ] ] ] } },
{ "type": "Feature", "properties": { "vor_id": 474, "theft_count": 15, "bike_trips": 1067.0, "theft_per_1000_trips": "14.058106841611997" }, "geometry": { "type": "Polygon", "coordinates": [ [ [ -79.392312861939558, 43.64639885331961 ], [ -79.392638254214319, 43.648029464336389 ], [ -79.392510229940513, 43.648177640413643 ], [ -79.391996855193142, 43.648139089514444 ], [ -79.391714115730394, 43.646774949039298 ], [ -79.392076101079724, 43.646412932500873 ], [ -79.392312861939558, 43.64639885331961 ] ] ] } },
{ "type": "Feature", "properties": { "vor_id": 475, "theft_count": 1, "bike_trips": 2383.0, "theft_per_1000_trips": "0.419639110365086" }, "geometry": { "type": "Polygon", "coordinates": [ [ [ -79.442028752983774, 43.71021442126677 ], [ -79.4432639113503, 43.711216494672236 ], [ -79.434357274072212, 43.714951183698133 ], [ -79.433045408468018, 43.713907061143082 ], [ -79.442028752983774, 43.71021442126677 ] ] ] } },
{ "type": "Feature", "properties": { "vor_id": 476, "theft_count": 29, "bike_trips": 2589.0, "theft_per_1000_trips": "11.201235998455001" }, "geometry": { "type": "Polygon", "coordinates": [ [ [ -79.349556153393237, 43.658308100840237 ], [ -79.351259866427696, 43.659708501340312 ], [ -79.350816880018868, 43.661738753526798 ], [ -79.350510247169424, 43.662101130310383 ], [ -79.350314480027933, 43.661995719896645 ], [ -79.349617102591765, 43.661495002171705 ], [ -79.348812430093503, 43.659026841096491 ], [ -79.348847132093525, 43.658464505741577 ], [ -79.349556153393237, 43.658308100840237 ] ] ] } },
{ "type": "Feature", "properties": { "vor_id": 477, "theft_count": 142, "bike_trips": 73708.0, "theft_per_1000_trips": "1.9265208661203668" }, "geometry": { "type": "Polygon", "coordinates": [ [ [ -79.241374732094457, 43.783252857143012 ], [ -79.249257914599852, 43.789673097679007 ], [ -79.253147067259434, 43.784408443245127 ], [ -79.256251777618246, 43.785519326374533 ], [ -79.260687442841302, 43.787617239782683 ], [ -79.264896117650977, 43.790139822384972 ], [ -79.265367109457983, 43.79048913371593 ], [ -79.262860383331869, 43.793254879791817 ], [ -79.259937425384877, 43.797196032349021 ], [ -79.25922423658119, 43.798385915982522 ], [ -79.264538997762827, 43.794172293189341 ], [ -79.27423085105039, 43.798297514315244 ], [ -79.275768128668133, 43.799993638791918 ], [ -79.278691086615126, 43.803934791349121 ], [ -79.281074289036383, 43.807910924375477 ], [ -79.281213669217422, 43.808143466158803 ], [ -79.283311582625558, 43.812579131381845 ], [ -79.284964622786603, 43.817199069137374 ], [ -79.285540026748933, 43.819496210521052 ], [ -79.277262478409497, 43.837566751013583 ], [ -79.274428165343707, 43.837863361882746 ], [ -79.264776250770382, 43.838873434766093 ], [ -79.253852739910783, 43.840016580203859 ], [ -79.238158422229915, 43.841658990586964 ], [ -79.237275843343113, 43.84171205096888 ], [ -79.23639202741866, 43.841686945049133 ], [ -79.23551388378381, 43.841583869095984 ], [ -79.23464827742211, 43.841403628916936 ], [ -79.233801975305624, 43.84114763355921 ], [ -79.219301455667079, 43.836051525499741 ], [ -79.203995814673377, 43.83067246306836 ], [ -79.192552981532032, 43.826650957932799 ], [ -79.187638523055284, 43.824923805246165 ], [ -79.188078341979832, 43.821958786899295 ], [ -79.189270589213393, 43.817199069137374 ], [ -79.190923629374439, 43.812579131381845 ], [ -79.193021542782574, 43.808143466158803 ], [ -79.194950243145669, 43.804925624005215 ], [ -79.19554412538487, 43.803934791349121 ], [ -79.198467083331863, 43.799993638791918 ], [ -79.199929565959266, 43.798380037870118 ], [ -79.203786863864494, 43.799408913124708 ], [ -79.205008574532485, 43.793415682245175 ], [ -79.205397941791816, 43.793062780331965 ], [ -79.209339094349019, 43.790139822384972 ], [ -79.213547769158694, 43.787617239782683 ], [ -79.216902582791931, 43.78603053110448 ], [ -79.21798343438175, 43.785519326374533 ], [ -79.222603372137272, 43.783866286213488 ], [ -79.226245011930985, 43.782954102931456 ], [ -79.227363089899185, 43.782674038979941 ], [ -79.232216748983518, 43.781954066666493 ], [ -79.237117606, 43.781713303000103 ], [ -79.240344724868194, 43.781871841183928 ], [ -79.240960398147521, 43.782775401998201 ], [ -79.241374732094457, 43.783252857143012 ] ], [ [ -79.200751283431444, 43.811840831339929 ], [ -79.200537714791722, 43.813074542333844 ], [ -79.225207791429639, 43.820126272603837 ], [ -79.221876381726375, 43.815725793919981 ], [ -79.208178384562544, 43.805671891209556 ], [ -79.205532156349108, 43.806429009323331 ], [ -79.200751283431444, 43.811840831339929 ] ] ] } },
{ "type": "Feature", "properties": { "vor_id": 478, "theft_count": 0, "bike_trips": 1047.0, "theft_per_1000_trips": "0.0" }, "geometry": { "type": "Polygon", "coordinates": [ [ [ -79.390463798213787, 43.665702021826483 ], [ -79.390610369072789, 43.666343868446376 ], [ -79.389655630949903, 43.666665007921054 ], [ -79.389075750496716, 43.666198673241105 ], [ -79.390463798213787, 43.665702021826483 ] ] ] } },
{ "type": "Feature", "properties": { "vor_id": 479, "theft_count": 13, "bike_trips": 8725.0, "theft_per_1000_trips": "1.489971346704871" }, "geometry": { "type": "Polygon", "coordinates": [ [ [ -79.436125822789705, 43.76287012890019 ], [ -79.433682444864289, 43.76021398351336 ], [ -79.432628191542676, 43.752282872980665 ], [ -79.444704571967833, 43.744451140383781 ], [ -79.448403227499014, 43.745157169283651 ], [ -79.448711971665247, 43.746602368386014 ], [ -79.445691868940571, 43.749339629940671 ], [ -79.442396685331758, 43.752975304791818 ], [ -79.439473727384765, 43.756916457349021 ], [ -79.436951144782469, 43.761125132158703 ], [ -79.436125822789705, 43.76287012890019 ] ] ] } },
{ "type": "Feature", "properties": { "vor_id": 480, "theft_count": 25, "bike_trips": 1052.0, "theft_per_1000_trips": "23.76425855513308" }, "geometry": { "type": "Polygon", "coordinates": [ [ [ -79.380718680267364, 43.653917888914044 ], [ -79.380143888736072, 43.65303103618794 ], [ -79.381663921902984, 43.652417342322458 ], [ -79.381757418853383, 43.652493210169844 ], [ -79.381958461467789, 43.653398930539659 ], [ -79.380718680267364, 43.653917888914044 ] ] ] } },
{ "type": "Feature", "properties": { "vor_id": 481, "theft_count": 31, "bike_trips": 2264.0, "theft_per_1000_trips": "13.692579505300353" }, "geometry": { "type": "Polygon", "coordinates": [ [ [ -79.470951459765743, 43.6556053128174 ], [ -79.469841594919274, 43.657049281158578 ], [ -79.468177775337693, 43.657759130121775 ], [ -79.466705366096349, 43.655559055829094 ], [ -79.469697438678438, 43.654301075896356 ], [ -79.471047222326945, 43.65529589508867 ], [ -79.470951459765743, 43.6556053128174 ] ] ] } },
{ "type": "Feature", "properties": { "vor_id": 483, "theft_count": 64, "bike_trips": 1038.0, "theft_per_1000_trips": "61.65703275529865" }, "geometry": { "type": "Polygon", "coordinates": [ [ [ -79.38022309336381, 43.656837529559184 ], [ -79.380406908786838, 43.656938258144208 ], [ -79.380734150672296, 43.657441112136382 ], [ -79.380850988098203, 43.657912043726078 ], [ -79.380778510536288, 43.658410414912098 ], [ -79.379795116600178, 43.658777491552705 ], [ -79.379440154083369, 43.657170849758195 ], [ -79.38022309336381, 43.656837529559184 ] ] ] } },
{ "type": "Feature", "properties": { "vor_id": 484, "theft_count": 24, "bike_trips": 2210.0, "theft_per_1000_trips": "10.859728506787329" }, "geometry": { "type": "Polygon", "coordinates": [ [ [ -79.425978942954103, 43.660566562422282 ], [ -79.42490747751809, 43.661000295314288 ], [ -79.424251425525199, 43.660966316890899 ], [ -79.422961693481525, 43.660779644448709 ], [ -79.423258499656029, 43.659629478784886 ], [ -79.426432229992727, 43.658457594729583 ], [ -79.426715822079501, 43.659777764508789 ], [ -79.425978942954103, 43.660566562422282 ] ] ] } },
{ "type": "Feature", "properties": { "vor_id": 485, "theft_count": 59, "bike_trips": 2112.0, "theft_per_1000_trips": "27.93560606060606" }, "geometry": { "type": "Polygon", "coordinates": [ [ [ -79.383368301175253, 43.646858954636301 ], [ -79.383999999183075, 43.646925581792289 ], [ -79.384232491318258, 43.648022808694478 ], [ -79.38269370851836, 43.64863458460534 ], [ -79.381834193183295, 43.647899042121153 ], [ -79.381751970285123, 43.647526966448311 ], [ -79.383368301175253, 43.646858954636301 ] ] ] } },
{ "type": "Feature", "properties": { "vor_id": 486, "theft_count": 16, "bike_trips": 5120.0, "theft_per_1000_trips": "3.125" }, "geometry": { "type": "Polygon", "coordinates": [ [ [ -79.364948356398926, 43.678830166924705 ], [ -79.365242462248503, 43.679812087352246 ], [ -79.365111815486898, 43.680003945758145 ], [ -79.359036608771561, 43.678222535096388 ], [ -79.359402363505097, 43.677414151009557 ], [ -79.364948356398926, 43.678830166924705 ] ] ] } },
{ "type": "Feature", "properties": { "vor_id": 487, "theft_count": 52, "bike_trips": 2083.0, "theft_per_1000_trips": "24.963994239078254" }, "geometry": { "type": "Polygon", "coordinates": [ [ [ -79.380672352284549, 43.668330337098062 ], [ -79.381747084143285, 43.66789018520145 ], [ -79.383704025772033, 43.667599900332398 ], [ -79.383813528119958, 43.667816582108223 ], [ -79.383894230481161, 43.668190245453474 ], [ -79.381036074024465, 43.669384486426765 ], [ -79.380857620403475, 43.669213816120489 ], [ -79.380672352284549, 43.668330337098062 ] ] ] } },
{ "type": "Feature", "properties": { "vor_id": 489, "theft_count": 34, "bike_trips": 4298.0, "theft_per_1000_trips": "7.910656119125175" }, "geometry": { "type": "Polygon", "coordinates": [ [ [ -79.398942328533053, 43.657508118503877 ], [ -79.400132062051938, 43.65725831859524 ], [ -79.39993808281767, 43.658880573972915 ], [ -79.399196649451198, 43.658881956311525 ], [ -79.398942328533053, 43.657508118503877 ] ] ] } },
{ "type": "Feature", "properties": { "vor_id": 490, "theft_count": 8, "bike_trips": 4831.0, "theft_per_1000_trips": "1.655971848478576" }, "geometry": { "type": "Polygon", "coordinates": [ [ [ -79.359603330971396, 43.668543620625556 ], [ -79.361965109331891, 43.667883867803674 ], [ -79.363861112253588, 43.667851425312485 ], [ -79.365147142792097, 43.673338690843543 ], [ -79.364058802059091, 43.674308927548083 ], [ -79.361873851866633, 43.673300004950534 ], [ -79.360297089203087, 43.672195156018979 ], [ -79.359023753687836, 43.669784083595211 ], [ -79.358746863197155, 43.669031547589981 ], [ -79.359603330971396, 43.668543620625556 ] ] ] } },
{ "type": "Feature", "properties": { "vor_id": 491, "theft_count": 3, "bike_trips": 1110.0, "theft_per_1000_trips": "2.7027027027027026" }, "geometry": { "type": "Polygon", "coordinates": [ [ [ -79.428908696923131, 43.661725730275393 ], [ -79.429268002060169, 43.663381818982046 ], [ -79.428000572933286, 43.663912322901943 ], [ -79.427228207559224, 43.662979717026737 ], [ -79.427582614784498, 43.662246115757839 ], [ -79.428908696923131, 43.661725730275393 ] ] ] } },
{ "type": "Feature", "properties": { "vor_id": 492, "theft_count": 54, "bike_trips": 2083.0, "theft_per_1000_trips": "25.924147863658185" }, "geometry": { "type": "Polygon", "coordinates": [ [ [ -79.381036074024465, 43.669384486426765 ], [ -79.383894230481161, 43.668190245453474 ], [ -79.384235338994159, 43.668779537476915 ], [ -79.38427053304359, 43.668946333695033 ], [ -79.384118796223731, 43.669133581170058 ], [ -79.381524415301129, 43.670264072118236 ], [ -79.3813996747581, 43.670257105024042 ], [ -79.381036074024465, 43.669384486426765 ] ] ] } },
{ "type": "Feature", "properties": { "vor_id": 493, "theft_count": 36, "bike_trips": 4396.0, "theft_per_1000_trips": "8.18926296633303" }, "geometry": { "type": "Polygon", "coordinates": [ [ [ -79.419446263836946, 43.641819251704206 ], [ -79.421769654971584, 43.639722453093064 ], [ -79.421933419953206, 43.639899240437131 ], [ -79.422426150169088, 43.642330205251739 ], [ -79.421590067207092, 43.642642710822834 ], [ -79.420296543910496, 43.642382895380159 ], [ -79.419446263836946, 43.641819251704206 ] ] ] } },
{ "type": "Feature", "properties": { "vor_id": 494, "theft_count": 3, "bike_trips": 5965.0, "theft_per_1000_trips": "0.5029337803855826" }, "geometry": { "type": "Polygon", "coordinates": [ [ [ -79.368516340145732, 43.770528422117984 ], [ -79.371246727004149, 43.776990281201996 ], [ -79.371678675073937, 43.77954308760394 ], [ -79.365643047227465, 43.772841112254497 ], [ -79.365952153422739, 43.77040429246577 ], [ -79.368516340145732, 43.770528422117984 ] ] ] } },
{ "type": "Feature", "properties": { "vor_id": 495, "theft_count": 14, "bike_trips": 2353.0, "theft_per_1000_trips": "5.949851253718657" }, "geometry": { "type": "Polygon", "coordinates": [ [ [ -79.446967767274472, 43.675389893800109 ], [ -79.446238246506908, 43.677078719289085 ], [ -79.441706327895048, 43.675222811553837 ], [ -79.441735695278737, 43.671683924189146 ], [ -79.44342811576216, 43.67105299591411 ], [ -79.446967767274472, 43.675389893800109 ] ] ] } },
{ "type": "Feature", "properties": { "vor_id": 496, "theft_count": 13, "bike_trips": 3900.0, "theft_per_1000_trips": "3.3333333333333335" }, "geometry": { "type": "Polygon", "coordinates": [ [ [ -79.354395455780931, 43.679901166783004 ], [ -79.354874499168758, 43.680169271042345 ], [ -79.355331684892931, 43.682510269128684 ], [ -79.355199590501897, 43.682936845119954 ], [ -79.354576229379802, 43.683929832673151 ], [ -79.354471696527526, 43.684022451104013 ], [ -79.353353549570286, 43.68401566287308 ], [ -79.352547328029218, 43.679914789105538 ], [ -79.354395455780931, 43.679901166783004 ] ] ] } },
{ "type": "Feature", "properties": { "vor_id": 497, "theft_count": 11, "bike_trips": 4754.0, "theft_per_1000_trips": "2.3138409760201935" }, "geometry": { "type": "Polygon", "coordinates": [ [ [ -79.413544744696708, 43.676839051117049 ], [ -79.414816422551411, 43.675651711656975 ], [ -79.420224522320467, 43.675794834342106 ], [ -79.42024477958438, 43.676074057867098 ], [ -79.41991361935743, 43.677729449732283 ], [ -79.415426011623907, 43.679483307510814 ], [ -79.413544744696708, 43.676839051117049 ] ] ] } },
{ "type": "Feature", "properties": { "vor_id": 498, "theft_count": 38, "bike_trips": 3303.0, "theft_per_1000_trips": "11.504692703602785" }, "geometry": { "type": "Polygon", "coordinates": [ [ [ -79.391592068719618, 43.676023707729939 ], [ -79.391869911027896, 43.676653744109906 ], [ -79.391863478506963, 43.676722426082101 ], [ -79.386348652926344, 43.678983760774592 ], [ -79.387697493289863, 43.675312983317617 ], [ -79.388556401274585, 43.674960334379485 ], [ -79.389743030039114, 43.674935292203799 ], [ -79.391592068719618, 43.676023707729939 ] ] ] } },
{ "type": "Feature", "properties": { "vor_id": 499, "theft_count": 10, "bike_trips": 2621.0, "theft_per_1000_trips": "3.8153376573826785" }, "geometry": { "type": "Polygon", "coordinates": [ [ [ -79.50678104403454, 43.601911614592531 ], [ -79.505526910510198, 43.601851283131197 ], [ -79.50450378614012, 43.597222355106943 ], [ -79.506467597205273, 43.597882578039986 ], [ -79.507208708825587, 43.601260544758212 ], [ -79.50678104403454, 43.601911614592531 ] ] ] } },
{ "type": "Feature", "properties": { "vor_id": 501, "theft_count": 15, "bike_trips": 5092.0, "theft_per_1000_trips": "2.9457973291437547" }, "geometry": { "type": "Polygon", "coordinates": [ [ [ -79.313611024496424, 43.681135639259878 ], [ -79.30917777011291, 43.68297917203865 ], [ -79.308669473029752, 43.682937509778426 ], [ -79.308510361599943, 43.680626393268625 ], [ -79.308901495119343, 43.680021869274292 ], [ -79.315226248449818, 43.677402616726681 ], [ -79.315958911554887, 43.679140770003833 ], [ -79.313611024496424, 43.681135639259878 ] ] ] } },
{ "type": "Feature", "properties": { "vor_id": 504, "theft_count": 22, "bike_trips": 1051.0, "theft_per_1000_trips": "20.93244529019981" }, "geometry": { "type": "Polygon", "coordinates": [ [ [ -79.386482676911726, 43.656117386279298 ], [ -79.386653123022612, 43.6556116935324 ], [ -79.387963720478396, 43.655053917542595 ], [ -79.388302050878437, 43.656716526000331 ], [ -79.38773246271586, 43.657308034801055 ], [ -79.38714067426443, 43.656951776081307 ], [ -79.386499089796075, 43.656194567787615 ], [ -79.386482676911726, 43.656117386279298 ] ] ] } },
{ "type": "Feature", "properties": { "vor_id": 505, "theft_count": 8, "bike_trips": 3476.0, "theft_per_1000_trips": "2.3014959723820483" }, "geometry": { "type": "Polygon", "coordinates": [ [ [ -79.414816422551411, 43.675651711656975 ], [ -79.414785122446432, 43.675505168856034 ], [ -79.415447561943864, 43.671862678744894 ], [ -79.417164751262504, 43.671193101157883 ], [ -79.419576456882936, 43.67314611479069 ], [ -79.42050956703946, 43.675411189824608 ], [ -79.420224522320467, 43.675794834342106 ], [ -79.414816422551411, 43.675651711656975 ] ] ] } },
{ "type": "Feature", "properties": { "vor_id": 506, "theft_count": 14, "bike_trips": 2222.0, "theft_per_1000_trips": "6.300630063006301" }, "geometry": { "type": "Polygon", "coordinates": [ [ [ -79.437602427597241, 43.656526239043671 ], [ -79.436741526208891, 43.652061770036738 ], [ -79.437389324008322, 43.652095647075704 ], [ -79.43872156058616, 43.652660431672103 ], [ -79.439806274166699, 43.655682216526863 ], [ -79.437602427597241, 43.656526239043671 ] ] ] } },
{ "type": "Feature", "properties": { "vor_id": 507, "theft_count": 11, "bike_trips": 2039.0, "theft_per_1000_trips": "5.394801373222168" }, "geometry": { "type": "Polygon", "coordinates": [ [ [ -79.366485676353435, 43.666581964760354 ], [ -79.366379267864346, 43.666111933147256 ], [ -79.367724859091425, 43.665566227667128 ], [ -79.368343126351121, 43.666142188718155 ], [ -79.366655286587857, 43.666795367669991 ], [ -79.366485676353435, 43.666581964760354 ] ] ] } },
{ "type": "Feature", "properties": { "vor_id": 508, "theft_count": 34, "bike_trips": 2174.0, "theft_per_1000_trips": "15.639374425023" }, "geometry": { "type": "Polygon", "coordinates": [ [ [ -79.401707832270247, 43.643890007010498 ], [ -79.401072086649762, 43.642987486386026 ], [ -79.403247553751342, 43.642103393145774 ], [ -79.403527410453648, 43.642424837156163 ], [ -79.403711044048805, 43.643080507018254 ], [ -79.401707832270247, 43.643890007010498 ] ] ] } },
{ "type": "Feature", "properties": { "vor_id": 509, "theft_count": 21, "bike_trips": 1064.0, "theft_per_1000_trips": "19.736842105263158" }, "geometry": { "type": "Polygon", "coordinates": [ [ [ -79.390177615752535, 43.641443577380919 ], [ -79.391944855043221, 43.640724771743024 ], [ -79.392466322199311, 43.641185935375916 ], [ -79.392722435179849, 43.642375635089302 ], [ -79.392447596939277, 43.642828864361874 ], [ -79.390297227393305, 43.642080212068571 ], [ -79.390020673927367, 43.641823638827482 ], [ -79.390177615752535, 43.641443577380919 ] ] ] } },
{ "type": "Feature", "properties": { "vor_id": 510, "theft_count": 22, "bike_trips": 1045.0, "theft_per_1000_trips": "21.052631578947366" }, "geometry": { "type": "Polygon", "coordinates": [ [ [ -79.390730692996584, 43.670380861190914 ], [ -79.390605357155067, 43.670696973520641 ], [ -79.388785926242463, 43.671492462603304 ], [ -79.388628881631618, 43.67122038373023 ], [ -79.388729917890146, 43.670892183216921 ], [ -79.390372184378876, 43.670130612272729 ], [ -79.390730692996584, 43.670380861190914 ] ] ] } },
{ "type": "Feature", "properties": { "vor_id": 511, "theft_count": 18, "bike_trips": 2090.0, "theft_per_1000_trips": "8.61244019138756" }, "geometry": { "type": "Polygon", "coordinates": [ [ [ -79.379872935441057, 43.651750732498726 ], [ -79.378483758790722, 43.65231937873363 ], [ -79.378319466437787, 43.651576818657496 ], [ -79.379902997191337, 43.650927094068244 ], [ -79.380024315645429, 43.651153874011882 ], [ -79.379872935441057, 43.651750732498726 ] ] ] } },
{ "type": "Feature", "properties": { "vor_id": 512, "theft_count": 12, "bike_trips": 3189.0, "theft_per_1000_trips": "3.7629350893697087" }, "geometry": { "type": "Polygon", "coordinates": [ [ [ -79.38985318398619, 43.638456312889133 ], [ -79.390177615752535, 43.641443577380919 ], [ -79.390020673927367, 43.641823638827482 ], [ -79.388970327063518, 43.642186687376459 ], [ -79.386702925815513, 43.642081435232839 ], [ -79.386444775601291, 43.641461991136261 ], [ -79.389079531873065, 43.637589754359887 ], [ -79.38985318398619, 43.638456312889133 ] ] ] } },
{ "type": "Feature", "properties": { "vor_id": 513, "theft_count": 268, "bike_trips": 44070.0, "theft_per_1000_trips": "6.08123439981847" }, "geometry": { "type": "MultiPolygon", "coordinates": [ [ [ [ -79.533998580920056, 43.592595249984591 ], [ -79.532183395123525, 43.593415232545773 ], [ -79.530539601469627, 43.59288607698543 ], [ -79.53019139710257, 43.600963235759295 ], [ -79.531846730294674, 43.60027092970769 ], [ -79.533291287012361, 43.595010268309089 ], [ -79.533097696323111, 43.594174714585961 ], [ -79.53485018320201, 43.593376424066932 ], [ -79.536730251242318, 43.59395903031448 ], [ -79.537506243503429, 43.590599118025239 ], [ -79.540673013431828, 43.590966463538237 ], [ -79.542368800104867, 43.589650303938654 ], [ -79.54395634260338, 43.591527428891403 ], [ -79.543422473192663, 43.593879010331484 ], [ -79.545745346944742, 43.592165337537551 ], [ -79.547860030385891, 43.59284629410498 ], [ -79.551794549775991, 43.594113262373718 ], [ -79.550988834791823, 43.594710821331866 ], [ -79.548185338003776, 43.597251762709064 ], [ -79.547353159940684, 43.598006004940672 ], [ -79.544057976331871, 43.601641679791818 ], [ -79.541288894933587, 43.605375353841147 ], [ -79.541135018384878, 43.605582832349022 ], [ -79.538612435782582, 43.609791507158704 ], [ -79.536846533983478, 43.61352519281381 ], [ -79.534487446706521, 43.617074328451913 ], [ -79.535066250842505, 43.618274820157254 ], [ -79.534861482213401, 43.618847110137274 ], [ -79.53366923497984, 43.623606827899195 ], [ -79.53355987633833, 43.624344063976061 ], [ -79.532949262666392, 43.628460486983521 ], [ -79.532708499, 43.633361344 ], [ -79.5329364572343, 43.638001540458099 ], [ -79.531917427325936, 43.63785038165031 ], [ -79.532058590200407, 43.638802024450008 ], [ -79.530407228137179, 43.638388379786612 ], [ -79.529049201359669, 43.637902470035918 ], [ -79.526227125963047, 43.636892715313024 ], [ -79.525787290381658, 43.636735339625567 ], [ -79.524082208755118, 43.635928896076194 ], [ -79.521351625158601, 43.634637426217417 ], [ -79.517718787322366, 43.632459987014563 ], [ -79.517394049550219, 43.632265346684449 ], [ -79.517142950348926, 43.632114843615128 ], [ -79.513201797791723, 43.629191885668135 ], [ -79.509566122940583, 43.625896702059329 ], [ -79.506718249797714, 43.622754558253718 ], [ -79.50627093933177, 43.622261027208182 ], [ -79.503347981384778, 43.618319874650979 ], [ -79.501448088697302, 43.615150095200512 ], [ -79.501944482742019, 43.615300270266388 ], [ -79.501468595782569, 43.614506300841299 ], [ -79.499370682374433, 43.610070635618257 ], [ -79.499172511084922, 43.609516783967194 ], [ -79.498665484107633, 43.609502252686141 ], [ -79.497141427413695, 43.605242799571919 ], [ -79.497599307184828, 43.604978277947261 ], [ -79.496525394979827, 43.600690980100808 ], [ -79.495805422666379, 43.595837321016482 ], [ -79.495564659, 43.590936464 ], [ -79.49571297573786, 43.587917407444117 ], [ -79.496571702182848, 43.589295573205511 ], [ -79.497452635787681, 43.590637693962734 ], [ -79.501665798299555, 43.595131295150189 ], [ -79.50450378614012, 43.597222355106943 ], [ -79.505526910510198, 43.601851283131197 ], [ -79.503556152823435, 43.603747844207568 ], [ -79.503054721767683, 43.605024287359136 ], [ -79.505330823169231, 43.609693279829756 ], [ -79.507625576885175, 43.6113715384448 ], [ -79.511089643200847, 43.607633777687347 ], [ -79.509266818147452, 43.604900868593226 ], [ -79.508363400600089, 43.600781831815887 ], [ -79.507208708825587, 43.601260544758212 ], [ -79.506467597205273, 43.597882578039986 ], [ -79.510813817111185, 43.598292091900142 ], [ -79.512311998449249, 43.598068732844844 ], [ -79.514763845777978, 43.594390410884195 ], [ -79.514952473434221, 43.589574692007339 ], [ -79.523862335339189, 43.595403941634743 ], [ -79.525371036934104, 43.59565256810842 ], [ -79.526514264787991, 43.592589168006334 ], [ -79.530220721030773, 43.592209338703398 ], [ -79.532647382961372, 43.586727459477331 ], [ -79.533998580920056, 43.592595249984591 ] ], [ [ -79.523590293619421, 43.602920139582842 ], [ -79.518353649334216, 43.604211346342389 ], [ -79.515251239912146, 43.606586573611054 ], [ -79.523056457593881, 43.614460200424375 ], [ -79.530301068947466, 43.613833835077166 ], [ -79.528094867297597, 43.603925767340783 ], [ -79.523590293619421, 43.602920139582842 ] ] ], [ [ [ -79.576549065150047, 43.629260162802119 ], [ -79.573275947133695, 43.625697504472285 ], [ -79.575255220059319, 43.623903596059428 ], [ -79.578550403668132, 43.620267921208281 ], [ -79.581473361615124, 43.616326768651078 ], [ -79.581800392031482, 43.615781151364232 ], [ -79.58543030952444, 43.619755366198774 ], [ -79.58357198466804, 43.622261027208182 ], [ -79.580276801059227, 43.625896702059329 ], [ -79.576641126208088, 43.629191885668135 ], [ -79.576549065150047, 43.629260162802119 ] ] ], [ [ [ -79.495139203360594, 43.58610913578174 ], [ -79.4958128922122, 43.585985251395904 ], [ -79.495805422666379, 43.586035606983522 ], [ -79.49571297573786, 43.587917407444117 ], [ -79.495098792950714, 43.586931708571782 ], [ -79.495139203360594, 43.58610913578174 ] ] ] ] } },
{ "type": "Feature", "properties": { "vor_id": 514, "theft_count": 25, "bike_trips": 2534.0, "theft_per_1000_trips": "9.865824782951854" }, "geometry": { "type": "Polygon", "coordinates": [ [ [ -79.361625059716189, 43.702122309846594 ], [ -79.366700774204318, 43.70513165071538 ], [ -79.363856984376696, 43.70757413769887 ], [ -79.36281353905099, 43.707975654699631 ], [ -79.361625059716189, 43.702122309846594 ] ] ] } },
{ "type": "Feature", "properties": { "vor_id": 515, "theft_count": 9, "bike_trips": 2364.0, "theft_per_1000_trips": "3.8071065989847717" }, "geometry": { "type": "Polygon", "coordinates": [ [ [ -79.42938519642739, 43.677808110265396 ], [ -79.430595219338969, 43.677187480162267 ], [ -79.433396391678116, 43.679614165516853 ], [ -79.434264622777164, 43.681698410193654 ], [ -79.428527647115757, 43.680309703388467 ], [ -79.42938519642739, 43.677808110265396 ] ] ] } },
{ "type": "Feature", "properties": { "vor_id": 516, "theft_count": 39, "bike_trips": 2253.0, "theft_per_1000_trips": "17.310252996005325" }, "geometry": { "type": "Polygon", "coordinates": [ [ [ -79.461030670635395, 43.66012329161267 ], [ -79.457546129073819, 43.663964800870552 ], [ -79.456084907046787, 43.66296709016148 ], [ -79.455841730778118, 43.660891405179598 ], [ -79.4561199782882, 43.65979952527654 ], [ -79.457770805506641, 43.658049134525811 ], [ -79.460791402797454, 43.659502000558106 ], [ -79.461030670635395, 43.66012329161267 ] ] ] } },
{ "type": "Feature", "properties": { "vor_id": 517, "theft_count": 15, "bike_trips": 2209.0, "theft_per_1000_trips": "6.790402897238569" }, "geometry": { "type": "Polygon", "coordinates": [ [ [ -79.427525027815165, 43.641312722288582 ], [ -79.427455355879502, 43.641676396193994 ], [ -79.426405524257575, 43.642032966729275 ], [ -79.425768626297682, 43.641738758973887 ], [ -79.42617915342008, 43.64027866957737 ], [ -79.426906311845769, 43.640049742623951 ], [ -79.427525027815165, 43.641312722288582 ] ] ] } },
{ "type": "Feature", "properties": { "vor_id": 518, "theft_count": 19, "bike_trips": 4349.0, "theft_per_1000_trips": "4.368820418487009" }, "geometry": { "type": "Polygon", "coordinates": [ [ [ -79.358047328703677, 43.662074828972663 ], [ -79.356478582506384, 43.664492096452101 ], [ -79.35462923634438, 43.662340808257689 ], [ -79.354554252929475, 43.661766287179979 ], [ -79.355016912377764, 43.660526640264244 ], [ -79.357644147194662, 43.661152967225668 ], [ -79.358047328703677, 43.662074828972663 ] ] ] } },
{ "type": "Feature", "properties": { "vor_id": 519, "theft_count": 29, "bike_trips": 2226.0, "theft_per_1000_trips": "13.02785265049416" }, "geometry": { "type": "Polygon", "coordinates": [ [ [ -79.441760567911572, 43.656160053628412 ], [ -79.443415669066496, 43.655574646163046 ], [ -79.444620563974198, 43.656908808311044 ], [ -79.445141385061788, 43.659378838666271 ], [ -79.44475645676377, 43.660735942031764 ], [ -79.442656573009131, 43.660570134055938 ], [ -79.441760567911572, 43.656160053628412 ] ] ] } },
{ "type": "Feature", "properties": { "vor_id": 522, "theft_count": 34, "bike_trips": 2165.0, "theft_per_1000_trips": "15.704387990762125" }, "geometry": { "type": "Polygon", "coordinates": [ [ [ -79.399783343912901, 43.638264455751276 ], [ -79.398515397609344, 43.638808404533627 ], [ -79.397830535920846, 43.638310526678524 ], [ -79.398406487336047, 43.636883300244612 ], [ -79.399141849976175, 43.637292202872132 ], [ -79.399783343912901, 43.638264455751276 ] ] ] } },
{ "type": "Feature", "properties": { "vor_id": 524, "theft_count": 22, "bike_trips": 6040.0, "theft_per_1000_trips": "3.6423841059602653" }, "geometry": { "type": "Polygon", "coordinates": [ [ [ -79.33769373629417, 43.781778014236778 ], [ -79.334144810944707, 43.785752389368916 ], [ -79.332096923556776, 43.784966513995577 ], [ -79.333636660553239, 43.770754695208261 ], [ -79.33612479230618, 43.769089271298945 ], [ -79.339789726135152, 43.769546511980707 ], [ -79.340567072664285, 43.771819371808114 ], [ -79.33769373629417, 43.781778014236778 ] ] ] } },
{ "type": "Feature", "properties": { "vor_id": 525, "theft_count": 9, "bike_trips": 7550.0, "theft_per_1000_trips": "1.1920529801324504" }, "geometry": { "type": "Polygon", "coordinates": [ [ [ -79.342258365843193, 43.773604684595547 ], [ -79.342712140088068, 43.778578158112083 ], [ -79.33769373629417, 43.781778014236778 ], [ -79.340567072664285, 43.771819371808114 ], [ -79.342258365843193, 43.773604684595547 ] ] ] } },
{ "type": "Feature", "properties": { "vor_id": 527, "theft_count": 21, "bike_trips": 2549.0, "theft_per_1000_trips": "8.238524911730089" }, "geometry": { "type": "Polygon", "coordinates": [ [ [ -79.308634587946315, 43.676231107714671 ], [ -79.309110801703071, 43.675924037370017 ], [ -79.310303417783246, 43.67543725588051 ], [ -79.312666913848787, 43.675188470159142 ], [ -79.315010434126648, 43.676525718108444 ], [ -79.315129830673811, 43.676742613681647 ], [ -79.315226248449818, 43.677402616726681 ], [ -79.308901495119343, 43.680021869274292 ], [ -79.308390914111754, 43.677674174651656 ], [ -79.308634587946315, 43.676231107714671 ] ] ] } },
{ "type": "Feature", "properties": { "vor_id": 528, "theft_count": 33, "bike_trips": 1022.0, "theft_per_1000_trips": "32.28962818003914" }, "geometry": { "type": "Polygon", "coordinates": [ [ [ -79.376601757340964, 43.664106908187868 ], [ -79.376490825353301, 43.664475656789214 ], [ -79.373823475870466, 43.665601877985281 ], [ -79.373318021492281, 43.665404202512619 ], [ -79.373147746642445, 43.665155341042919 ], [ -79.373876024133907, 43.66394066566869 ], [ -79.375633324282845, 43.663202913376438 ], [ -79.376601757340964, 43.664106908187868 ] ] ] } },
{ "type": "Feature", "properties": { "vor_id": 529, "theft_count": 20, "bike_trips": 10328.0, "theft_per_1000_trips": "1.9364833462432223" }, "geometry": { "type": "Polygon", "coordinates": [ [ [ -79.51243615394533, 43.671841791594254 ], [ -79.510422675787225, 43.671869729154416 ], [ -79.509797368833745, 43.670456796170349 ], [ -79.508438187671004, 43.666341573255018 ], [ -79.509291837872482, 43.660185032073066 ], [ -79.517449377525196, 43.657141399522359 ], [ -79.521790066157038, 43.661776921689352 ], [ -79.520490892711052, 43.666072556872876 ], [ -79.51243615394533, 43.671841791594254 ] ] ] } },
{ "type": "Feature", "properties": { "vor_id": 530, "theft_count": 9, "bike_trips": 9422.0, "theft_per_1000_trips": "0.9552112078115049" }, "geometry": { "type": "Polygon", "coordinates": [ [ [ -79.259869665233339, 43.677502109535887 ], [ -79.267988488409486, 43.688224377106714 ], [ -79.268794531224458, 43.700831239922572 ], [ -79.262420560746591, 43.702649049331981 ], [ -79.253545241320154, 43.68195234049788 ], [ -79.257950950427457, 43.678852228401034 ], [ -79.259869665233339, 43.677502109535887 ] ] ] } },
{ "type": "Feature", "properties": { "vor_id": 531, "theft_count": 6, "bike_trips": 4405.0, "theft_per_1000_trips": "1.362088535754824" }, "geometry": { "type": "Polygon", "coordinates": [ [ [ -79.414472739564815, 43.772926340099318 ], [ -79.41194356032257, 43.772302473777955 ], [ -79.412235022042069, 43.770804675481529 ], [ -79.419105733321771, 43.76915509411802 ], [ -79.41927943847891, 43.770163253375792 ], [ -79.414472739564815, 43.772926340099318 ] ] ] } },
{ "type": "Feature", "properties": { "vor_id": 532, "theft_count": 23, "bike_trips": 3605.0, "theft_per_1000_trips": "6.380027739251041" }, "geometry": { "type": "Polygon", "coordinates": [ [ [ -79.352746167643474, 43.659168531590197 ], [ -79.352085856477089, 43.659206194407929 ], [ -79.351451326480401, 43.65655604951268 ], [ -79.351656793747566, 43.656168259863001 ], [ -79.353447973089743, 43.656865754763196 ], [ -79.352746167643474, 43.659168531590197 ] ] ] } },
{ "type": "Feature", "properties": { "vor_id": 533, "theft_count": 38, "bike_trips": 3054.0, "theft_per_1000_trips": "12.442698100851343" }, "geometry": { "type": "Polygon", "coordinates": [ [ [ -79.361386713957401, 43.651317838590245 ], [ -79.361106739389399, 43.65114241203699 ], [ -79.360469071171238, 43.648515693745992 ], [ -79.36417673320905, 43.650065976202278 ], [ -79.364189341391253, 43.650123514588287 ], [ -79.361386713957401, 43.651317838590245 ] ] ] } },
{ "type": "Feature", "properties": { "vor_id": 536, "theft_count": 29, "bike_trips": 5786.0, "theft_per_1000_trips": "5.012098167991704" }, "geometry": { "type": "Polygon", "coordinates": [ [ [ -79.463761917072603, 43.680226274419255 ], [ -79.468020038533751, 43.676696643269693 ], [ -79.476661205504897, 43.678227639656583 ], [ -79.479752849160775, 43.679558330138043 ], [ -79.478746159919723, 43.684297311282414 ], [ -79.473059093140279, 43.688444621246198 ], [ -79.463761917072603, 43.680226274419255 ] ] ] } },
{ "type": "Feature", "properties": { "vor_id": 538, "theft_count": 63, "bike_trips": 3127.0, "theft_per_1000_trips": "20.14710585225456" }, "geometry": { "type": "Polygon", "coordinates": [ [ [ -79.375176793676729, 43.648575380173767 ], [ -79.377278383498776, 43.64748468001914 ], [ -79.377381972375389, 43.648074054476353 ], [ -79.376855762665841, 43.650088828612823 ], [ -79.376605616876589, 43.650196777459712 ], [ -79.375311800351952, 43.649190218609554 ], [ -79.375176793676729, 43.648575380173767 ] ] ] } },
{ "type": "Feature", "properties": { "vor_id": 539, "theft_count": 35, "bike_trips": 2448.0, "theft_per_1000_trips": "14.297385620915032" }, "geometry": { "type": "Polygon", "coordinates": [ [ [ -79.394543994048178, 43.709623974415855 ], [ -79.393961686912888, 43.70674223034618 ], [ -79.394184948470127, 43.706502290037392 ], [ -79.396466248163193, 43.705633455777004 ], [ -79.396610121409921, 43.705738669078691 ], [ -79.397032770673803, 43.707700410705364 ], [ -79.396761288655227, 43.709009495317751 ], [ -79.396245761809581, 43.710003071750172 ], [ -79.394543994048178, 43.709623974415855 ] ] ] } },
{ "type": "Feature", "properties": { "vor_id": 540, "theft_count": 24, "bike_trips": 3804.0, "theft_per_1000_trips": "6.309148264984227" }, "geometry": { "type": "Polygon", "coordinates": [ [ [ -79.300710853334337, 43.683795504841797 ], [ -79.298833600095264, 43.686757832841465 ], [ -79.296902879061122, 43.686407983487307 ], [ -79.296229338313154, 43.685438120925397 ], [ -79.29566347979943, 43.682828812786433 ], [ -79.296179928659868, 43.682522076708501 ], [ -79.297038368615432, 43.682520929421308 ], [ -79.300710853334337, 43.683795504841797 ] ] ] } },
{ "type": "Feature", "properties": { "vor_id": 541, "theft_count": 11, "bike_trips": 2148.0, "theft_per_1000_trips": "5.121042830540037" }, "geometry": { "type": "Polygon", "coordinates": [ [ [ -79.395080827282271, 43.649654761989026 ], [ -79.396883326815299, 43.648904756938798 ], [ -79.397451506882661, 43.649443742000358 ], [ -79.395631155522238, 43.650177114027791 ], [ -79.395133972354472, 43.649845044608675 ], [ -79.395077876454906, 43.649725556787182 ], [ -79.395080827282271, 43.649654761989026 ] ] ] } },
{ "type": "Feature", "properties": { "vor_id": 542, "theft_count": 82, "bike_trips": 4267.0, "theft_per_1000_trips": "19.21724865244903" }, "geometry": { "type": "Polygon", "coordinates": [ [ [ -79.379106169343004, 43.641097579539171 ], [ -79.378665218710665, 43.640961273609783 ], [ -79.378468030050229, 43.640723265726045 ], [ -79.374463487216019, 43.629970052560196 ], [ -79.379209562590191, 43.628642902566021 ], [ -79.381158482845024, 43.638749781132979 ], [ -79.379106169343004, 43.641097579539171 ] ] ] } },
{ "type": "Feature", "properties": { "vor_id": 544, "theft_count": 22, "bike_trips": 6993.0, "theft_per_1000_trips": "3.146003146003146" }, "geometry": { "type": "Polygon", "coordinates": [ [ [ -79.578355685023624, 43.749768679764884 ], [ -79.57457228302161, 43.749099937303541 ], [ -79.579839229495008, 43.740082082311893 ], [ -79.588008966088893, 43.738784453841646 ], [ -79.589021999174136, 43.74000295252344 ], [ -79.588640765431592, 43.74485611063082 ], [ -79.578355685023624, 43.749768679764884 ] ] ] } },
{ "type": "Feature", "properties": { "vor_id": 547, "theft_count": 21, "bike_trips": 2051.0, "theft_per_1000_trips": "10.238907849829351" }, "geometry": { "type": "Polygon", "coordinates": [ [ [ -79.369449417937446, 43.650723785357442 ], [ -79.369215565155642, 43.650672198176864 ], [ -79.369035785282279, 43.649898359542014 ], [ -79.369149321642368, 43.649700389456584 ], [ -79.370675156710902, 43.649083878967076 ], [ -79.371017889475908, 43.650055891563071 ], [ -79.369449417937446, 43.650723785357442 ] ] ] } },
{ "type": "Feature", "properties": { "vor_id": 548, "theft_count": 42, "bike_trips": 2079.0, "theft_per_1000_trips": "20.202020202020204" }, "geometry": { "type": "Polygon", "coordinates": [ [ [ -79.382052930638991, 43.664621482856703 ], [ -79.380308743579775, 43.665350736308135 ], [ -79.380073023931487, 43.664262684425381 ], [ -79.381646924210216, 43.663614237530304 ], [ -79.381934875733066, 43.664080731016583 ], [ -79.382052930638991, 43.664621482856703 ] ] ] } },
{ "type": "Feature", "properties": { "vor_id": 549, "theft_count": 9, "bike_trips": 1046.0, "theft_per_1000_trips": "8.604206500956023" }, "geometry": { "type": "Polygon", "coordinates": [ [ [ -79.387211239320237, 43.66656586441087 ], [ -79.387186157786019, 43.666732548185948 ], [ -79.38717305921854, 43.666819597034568 ], [ -79.386304414096486, 43.667222017489095 ], [ -79.385941801516239, 43.66704424320536 ], [ -79.385822640661601, 43.666985823457296 ], [ -79.385706262338402, 43.666441319850207 ], [ -79.385698806476697, 43.666328024874119 ], [ -79.386813874381531, 43.665859527160862 ], [ -79.387211239320237, 43.66656586441087 ] ] ] } },
{ "type": "Feature", "properties": { "vor_id": 551, "theft_count": 47, "bike_trips": 7285.0, "theft_per_1000_trips": "6.451612903225806" }, "geometry": { "type": "Polygon", "coordinates": [ [ [ -79.435353263427842, 43.77544279372119 ], [ -79.437516672145165, 43.765729234638698 ], [ -79.454181232544641, 43.77032400717524 ], [ -79.448295712798981, 43.777200608194462 ], [ -79.436493155671428, 43.775996000702648 ], [ -79.435353263427842, 43.77544279372119 ] ] ] } },
{ "type": "Feature", "properties": { "vor_id": 552, "theft_count": 16, "bike_trips": 4824.0, "theft_per_1000_trips": "3.316749585406302" }, "geometry": { "type": "Polygon", "coordinates": [ [ [ -79.415936433253691, 43.72218081003399 ], [ -79.413345022858948, 43.719574758756522 ], [ -79.410077588355222, 43.713362785362101 ], [ -79.410816729844939, 43.712438482356752 ], [ -79.411459002440338, 43.712253292732051 ], [ -79.411745090413319, 43.712231243201188 ], [ -79.422891319595152, 43.717916988158883 ], [ -79.422292012886416, 43.719921672502238 ], [ -79.415936433253691, 43.72218081003399 ] ] ] } },
{ "type": "Feature", "properties": { "vor_id": 553, "theft_count": 1, "bike_trips": 2649.0, "theft_per_1000_trips": "0.3775009437523594" }, "geometry": { "type": "Polygon", "coordinates": [ [ [ -79.506303140719396, 43.626775716405952 ], [ -79.50604493632062, 43.625263474258098 ], [ -79.508180216791814, 43.627198779668234 ], [ -79.512121369349018, 43.630121737615227 ], [ -79.516216324320922, 43.632576159169851 ], [ -79.512234552670648, 43.633626985213269 ], [ -79.510034485542803, 43.632128295379715 ], [ -79.506303140719396, 43.626775716405952 ] ] ] } },
{ "type": "Feature", "properties": { "vor_id": 554, "theft_count": 10, "bike_trips": 2199.0, "theft_per_1000_trips": "4.547521600727603" }, "geometry": { "type": "Polygon", "coordinates": [ [ [ -79.417219046367279, 43.658900542246656 ], [ -79.415105045251863, 43.659720914830515 ], [ -79.414040403078886, 43.659337975707793 ], [ -79.413836874846723, 43.65729657868733 ], [ -79.414998031201307, 43.656843569979394 ], [ -79.4158730651002, 43.656917107641803 ], [ -79.416588071872994, 43.657197225323749 ], [ -79.416889210838505, 43.657345664252148 ], [ -79.417219046367279, 43.658900542246656 ] ] ] } },
{ "type": "Feature", "properties": { "vor_id": 555, "theft_count": 3, "bike_trips": 5962.0, "theft_per_1000_trips": "0.5031868500503186" }, "geometry": { "type": "Polygon", "coordinates": [ [ [ -79.376660726185534, 43.781918632719929 ], [ -79.377196234451461, 43.77399778554274 ], [ -79.378952801816496, 43.768885605983009 ], [ -79.382021154233726, 43.769686537822778 ], [ -79.38341422569458, 43.776479580857021 ], [ -79.382629830601473, 43.784131875951665 ], [ -79.379019176742077, 43.783219868707263 ], [ -79.376660726185534, 43.781918632719929 ] ] ] } },
{ "type": "Feature", "properties": { "vor_id": 556, "theft_count": 0, "bike_trips": 1077.0, "theft_per_1000_trips": "0.0" }, "geometry": { "type": "Polygon", "coordinates": [ [ [ -79.403752476090801, 43.658661002787795 ], [ -79.403875477225384, 43.658704962109461 ], [ -79.404103863410114, 43.658874738895967 ], [ -79.40271748568513, 43.65942860398755 ], [ -79.403752476090801, 43.658661002787795 ] ] ] } },
{ "type": "Feature", "properties": { "vor_id": 558, "theft_count": 18, "bike_trips": 9273.0, "theft_per_1000_trips": "1.9411193788417986" }, "geometry": { "type": "Polygon", "coordinates": [ [ [ -79.283484205333338, 43.742807376466402 ], [ -79.282926304519933, 43.743285449381261 ], [ -79.263550699496889, 43.750838825861408 ], [ -79.26078419870872, 43.749828248587455 ], [ -79.258850578241947, 43.748933999345326 ], [ -79.260003251839706, 43.743565920928248 ], [ -79.266945292575897, 43.736154905501358 ], [ -79.274831668589897, 43.732923565203947 ], [ -79.283484205333338, 43.742807376466402 ] ] ] } },
{ "type": "Feature", "properties": { "vor_id": 559, "theft_count": 27, "bike_trips": 1021.0, "theft_per_1000_trips": "26.444662095984327" }, "geometry": { "type": "Polygon", "coordinates": [ [ [ -79.374993448103069, 43.669426825423493 ], [ -79.376772020534204, 43.668684524764217 ], [ -79.37701562204137, 43.669787895993281 ], [ -79.375461412815014, 43.670442242113403 ], [ -79.374534462169308, 43.670244268447242 ], [ -79.374514675135188, 43.670220035476014 ], [ -79.374993448103069, 43.669426825423493 ] ] ] } },
{ "type": "Feature", "properties": { "vor_id": 562, "theft_count": 30, "bike_trips": 2271.0, "theft_per_1000_trips": "13.21003963011889" }, "geometry": { "type": "Polygon", "coordinates": [ [ [ -79.307901740637249, 43.670288163510698 ], [ -79.307020215172457, 43.666325182213043 ], [ -79.307191359661971, 43.666045989132719 ], [ -79.308846962590607, 43.66647838663593 ], [ -79.309490325076936, 43.669322779816376 ], [ -79.308686116286623, 43.670451082671129 ], [ -79.307901740637249, 43.670288163510698 ] ] ] } },
{ "type": "Feature", "properties": { "vor_id": 563, "theft_count": 13, "bike_trips": 6196.0, "theft_per_1000_trips": "2.0981278244028405" }, "geometry": { "type": "Polygon", "coordinates": [ [ [ -79.47592922100273, 43.634909866300568 ], [ -79.475168108108221, 43.635023465009475 ], [ -79.470207333990359, 43.632749903238391 ], [ -79.469002661956239, 43.631977233383125 ], [ -79.457530410493945, 43.615248643932553 ], [ -79.456317515022192, 43.612687140569008 ], [ -79.469654552483163, 43.622234493670419 ], [ -79.475196482818532, 43.627452256780124 ], [ -79.47592922100273, 43.634909866300568 ] ] ] } },
{ "type": "Feature", "properties": { "vor_id": 566, "theft_count": 34, "bike_trips": 2041.0, "theft_per_1000_trips": "16.658500734933856" }, "geometry": { "type": "Polygon", "coordinates": [ [ [ -79.373503233794651, 43.668529285638442 ], [ -79.373852578925636, 43.6700283328532 ], [ -79.373462361952278, 43.67019738752392 ], [ -79.3704933810711, 43.670825065463042 ], [ -79.371093378831603, 43.668986995111773 ], [ -79.372409642761937, 43.668475560956068 ], [ -79.373503233794651, 43.668529285638442 ] ] ] } },
{ "type": "Feature", "properties": { "vor_id": 567, "theft_count": 38, "bike_trips": 2147.0, "theft_per_1000_trips": "17.699115044247787" }, "geometry": { "type": "Polygon", "coordinates": [ [ [ -79.397992844249558, 43.668497916091106 ], [ -79.397520175986187, 43.666331087450004 ], [ -79.398875782663595, 43.666683032168095 ], [ -79.399250754041432, 43.668448731122119 ], [ -79.399067432877288, 43.668843743033406 ], [ -79.397992844249558, 43.668497916091106 ] ] ] } },
{ "type": "Feature", "properties": { "vor_id": 568, "theft_count": 9, "bike_trips": 9269.0, "theft_per_1000_trips": "0.9709785305858237" }, "geometry": { "type": "Polygon", "coordinates": [ [ [ -79.526482486639978, 43.720184895991117 ], [ -79.528191730142012, 43.704547689376241 ], [ -79.531912945907052, 43.69836518845716 ], [ -79.53372670077583, 43.698278492872987 ], [ -79.543841877354438, 43.707029071009785 ], [ -79.538476711198825, 43.722306431064311 ], [ -79.528705027690478, 43.723861710147681 ], [ -79.526482486639978, 43.720184895991117 ] ] ] } },
{ "type": "Feature", "properties": { "vor_id": 569, "theft_count": 53, "bike_trips": 1060.0, "theft_per_1000_trips": "50.0" }, "geometry": { "type": "Polygon", "coordinates": [ [ [ -79.376680534633351, 43.643053314083026 ], [ -79.376422587654005, 43.64263859643625 ], [ -79.376259658336892, 43.642199402577113 ], [ -79.378468030050229, 43.640723265726045 ], [ -79.378665218710665, 43.640961273609783 ], [ -79.378308480421381, 43.642356494269556 ], [ -79.376680534633351, 43.643053314083026 ] ] ] } },
{ "type": "Feature", "properties": { "vor_id": 570, "theft_count": 19, "bike_trips": 4911.0, "theft_per_1000_trips": "3.868865811443698" }, "geometry": { "type": "Polygon", "coordinates": [ [ [ -79.481154870686822, 43.643309527204174 ], [ -79.471758777082172, 43.64542611137005 ], [ -79.47004499495317, 43.644856398724045 ], [ -79.47091187451035, 43.642286064634163 ], [ -79.475168108108221, 43.635023465009475 ], [ -79.47592922100273, 43.634909866300568 ], [ -79.481278025125349, 43.635802337462785 ], [ -79.482691254151916, 43.64187474006718 ], [ -79.481154870686822, 43.643309527204174 ] ] ] } },
{ "type": "Feature", "properties": { "vor_id": 571, "theft_count": 31, "bike_trips": 2240.0, "theft_per_1000_trips": "13.839285714285714" }, "geometry": { "type": "Polygon", "coordinates": [ [ [ -79.445165363755223, 43.64279157679713 ], [ -79.445170239408171, 43.642794829406704 ], [ -79.445099945188758, 43.643343378846431 ], [ -79.441417446729503, 43.644761398117382 ], [ -79.439881899826005, 43.641986080332167 ], [ -79.441060266056851, 43.641537260038177 ], [ -79.445165363755223, 43.64279157679713 ] ] ] } },
{ "type": "Feature", "properties": { "vor_id": 576, "theft_count": 13, "bike_trips": 2210.0, "theft_per_1000_trips": "5.88235294117647" }, "geometry": { "type": "Polygon", "coordinates": [ [ [ -79.423460580581349, 43.654890759346905 ], [ -79.424520096864669, 43.656162437679896 ], [ -79.422890478465419, 43.657798707801916 ], [ -79.421775076199353, 43.657685792122237 ], [ -79.421380778652491, 43.655682157835251 ], [ -79.423460580581349, 43.654890759346905 ] ] ] } },
{ "type": "Feature", "properties": { "vor_id": 579, "theft_count": 29, "bike_trips": 1298.0, "theft_per_1000_trips": "22.34206471494607" }, "geometry": { "type": "Polygon", "coordinates": [ [ [ -79.355778083744525, 43.675760818726822 ], [ -79.354704301097613, 43.676010927256478 ], [ -79.35461924593389, 43.675991332422896 ], [ -79.353915589207077, 43.67566148212039 ], [ -79.353048794231711, 43.674195295462546 ], [ -79.35277596757652, 43.672777001975717 ], [ -79.3529597966414, 43.672147437105458 ], [ -79.353192333643378, 43.67183040454411 ], [ -79.355334958925795, 43.67337550976405 ], [ -79.355778083744525, 43.675760818726822 ] ] ] } },
{ "type": "Feature", "properties": { "vor_id": 580, "theft_count": 12, "bike_trips": 8949.0, "theft_per_1000_trips": "1.340931947703654" }, "geometry": { "type": "Polygon", "coordinates": [ [ [ -79.379019176742077, 43.783219868707263 ], [ -79.382629830601473, 43.784131875951665 ], [ -79.383074403464221, 43.784374507316521 ], [ -79.383441381755162, 43.794264715431531 ], [ -79.372306689876524, 43.801515120543392 ], [ -79.367809880480849, 43.79861176001468 ], [ -79.379019176742077, 43.783219868707263 ] ] ] } },
{ "type": "Feature", "properties": { "vor_id": 581, "theft_count": 16, "bike_trips": 4508.0, "theft_per_1000_trips": "3.5492457852706303" }, "geometry": { "type": "Polygon", "coordinates": [ [ [ -79.348763917518298, 43.779901150248797 ], [ -79.354781167611563, 43.778582292258818 ], [ -79.357002595970172, 43.781021201189979 ], [ -79.357167792113898, 43.781318899964688 ], [ -79.352376607511061, 43.787896201321857 ], [ -79.347090386403877, 43.788531452031002 ], [ -79.348763917518298, 43.779901150248797 ] ] ] } },
{ "type": "Feature", "properties": { "vor_id": 583, "theft_count": 7, "bike_trips": 5478.0, "theft_per_1000_trips": "1.2778386272362174" }, "geometry": { "type": "Polygon", "coordinates": [ [ [ -79.354781167611563, 43.778582292258818 ], [ -79.353310641699821, 43.774063448997786 ], [ -79.352393336273366, 43.767771026303429 ], [ -79.35258150708232, 43.763551691269754 ], [ -79.356444459482887, 43.764963433327928 ], [ -79.361805984371358, 43.771338911509382 ], [ -79.361875327797449, 43.77301071761898 ], [ -79.357002595970172, 43.781021201189979 ], [ -79.354781167611563, 43.778582292258818 ] ] ] } },
{ "type": "Feature", "properties": { "vor_id": 585, "theft_count": 1, "bike_trips": 14209.0, "theft_per_1000_trips": "0.07037792948131466" }, "geometry": { "type": "MultiPolygon", "coordinates": [ [ [ [ -79.505885162126006, 43.584133065525116 ], [ -79.513640042127747, 43.582707023600925 ], [ -79.503919252592624, 43.584494575879006 ], [ -79.502796584725488, 43.584701022844676 ], [ -79.4958128922122, 43.585985251395904 ], [ -79.505885162126006, 43.584133065525116 ] ] ], [ [ [ -79.580919998059315, 43.626291803059331 ], [ -79.577284323208175, 43.629586986668137 ], [ -79.577025609239413, 43.629778862024395 ], [ -79.576549065150047, 43.629260162802119 ], [ -79.576641126208088, 43.629191885668135 ], [ -79.580276801059227, 43.625896702059329 ], [ -79.58357198466804, 43.622261027208182 ], [ -79.58543030952444, 43.619755366198774 ], [ -79.585946990497092, 43.620321054314331 ], [ -79.584215181668128, 43.622656128208185 ], [ -79.580919998059315, 43.626291803059331 ] ] ], [ [ [ -79.521994822158689, 43.635032527217419 ], [ -79.517786147349014, 43.63250994461513 ], [ -79.517718787322366, 43.632459987014563 ], [ -79.521351625158601, 43.634637426217417 ], [ -79.524082208755118, 43.635928896076194 ], [ -79.525787290381658, 43.636735339625567 ], [ -79.526227125963047, 43.636892715313024 ], [ -79.529049201359669, 43.637902470035918 ], [ -79.530407228137179, 43.638388379786612 ], [ -79.532058590200407, 43.638802024450008 ], [ -79.532094638541849, 43.639045042628119 ], [ -79.531050425137266, 43.638783480786614 ], [ -79.529312681707893, 43.638161706245405 ], [ -79.526430487381745, 43.637130440625569 ], [ -79.526170747122961, 43.637007592632287 ], [ -79.52329293972771, 43.635646491102534 ], [ -79.521994822158689, 43.635032527217419 ] ] ] ] } },
{ "type": "Feature", "properties": { "vor_id": 586, "theft_count": 20, "bike_trips": 1071.0, "theft_per_1000_trips": "18.674136321195146" }, "geometry": { "type": "Polygon", "coordinates": [ [ [ -79.398529847850995, 43.656890335373781 ], [ -79.398509158791157, 43.657093045003926 ], [ -79.397431054763615, 43.657536915760026 ], [ -79.397044321390112, 43.657452533287646 ], [ -79.396765845241546, 43.656071006555287 ], [ -79.397934753482858, 43.655582975643938 ], [ -79.398072076715152, 43.655694178950263 ], [ -79.398529847850995, 43.656890335373781 ] ] ] } },
{ "type": "Feature", "properties": { "vor_id": 588, "theft_count": 29, "bike_trips": 1021.0, "theft_per_1000_trips": "28.403525954946133" }, "geometry": { "type": "Polygon", "coordinates": [ [ [ -79.376772020534204, 43.668684524764217 ], [ -79.376813205406634, 43.66841521588362 ], [ -79.378315958221151, 43.668341390371864 ], [ -79.378701708611572, 43.668636163738142 ], [ -79.378860732080625, 43.66947521202583 ], [ -79.377306643404793, 43.670122925996807 ], [ -79.37701562204137, 43.669787895993281 ], [ -79.376772020534204, 43.668684524764217 ] ] ] } },
{ "type": "Feature", "properties": { "vor_id": 589, "theft_count": 19, "bike_trips": 6085.0, "theft_per_1000_trips": "3.1224322103533275" }, "geometry": { "type": "Polygon", "coordinates": [ [ [ -79.380989184471431, 43.680116418446346 ], [ -79.382135885798306, 43.679855141872828 ], [ -79.385512787945117, 43.679491126288795 ], [ -79.38877357264991, 43.686804588099996 ], [ -79.387776415052016, 43.688146411285345 ], [ -79.386705356391147, 43.688278776861623 ], [ -79.384371215011555, 43.686373307830173 ], [ -79.380989184471431, 43.680116418446346 ] ] ] } },
{ "type": "Feature", "properties": { "vor_id": 590, "theft_count": 57, "bike_trips": 3281.0, "theft_per_1000_trips": "17.37275220969217" }, "geometry": { "type": "Polygon", "coordinates": [ [ [ -79.378171400030595, 43.676095978483808 ], [ -79.375608088166913, 43.672500785772641 ], [ -79.376219239819918, 43.671691129672318 ], [ -79.377520045626781, 43.671179831080991 ], [ -79.377846683008102, 43.671637418652026 ], [ -79.378185340038812, 43.67331407019384 ], [ -79.378171400030595, 43.676095978483808 ] ] ] } },
{ "type": "Feature", "properties": { "vor_id": 592, "theft_count": 6, "bike_trips": 1271.0, "theft_per_1000_trips": "4.720692368214005" }, "geometry": { "type": "Polygon", "coordinates": [ [ [ -79.308901495119343, 43.680021869274292 ], [ -79.308510361599943, 43.680626393268625 ], [ -79.305540394993145, 43.679255334199965 ], [ -79.305704611277719, 43.678896170920353 ], [ -79.308390914111754, 43.677674174651656 ], [ -79.308901495119343, 43.680021869274292 ] ] ] } },
{ "type": "Feature", "properties": { "vor_id": 594, "theft_count": 12, "bike_trips": 4799.0, "theft_per_1000_trips": "2.500520941862888" }, "geometry": { "type": "Polygon", "coordinates": [ [ [ -79.519097513046873, 43.704845804917483 ], [ -79.516563168637987, 43.705376517569817 ], [ -79.517720889710574, 43.698466580951674 ], [ -79.520982343917808, 43.697467477416538 ], [ -79.519097513046873, 43.704845804917483 ] ] ] } },
{ "type": "Feature", "properties": { "vor_id": 595, "theft_count": 13, "bike_trips": 2434.0, "theft_per_1000_trips": "5.341002465078061" }, "geometry": { "type": "Polygon", "coordinates": [ [ [ -79.394962377271952, 43.701214820627321 ], [ -79.400804240435235, 43.699837746873534 ], [ -79.398880849915471, 43.7021773571281 ], [ -79.394964683360712, 43.701505177230629 ], [ -79.394962377271952, 43.701214820627321 ] ] ] } },
{ "type": "Feature", "properties": { "vor_id": 596, "theft_count": 62, "bike_trips": 2061.0, "theft_per_1000_trips": "30.08248423095585" }, "geometry": { "type": "Polygon", "coordinates": [ [ [ -79.374591574454911, 43.661367636718992 ], [ -79.374605984168312, 43.658985232637242 ], [ -79.375446289727932, 43.658653156085933 ], [ -79.377408058580201, 43.659933677013989 ], [ -79.377344505390184, 43.660746061465282 ], [ -79.377326601891596, 43.660766722584597 ], [ -79.375134614784145, 43.661700735706589 ], [ -79.374591574454911, 43.661367636718992 ] ] ] } },
{ "type": "Feature", "properties": { "vor_id": 597, "theft_count": 9, "bike_trips": 5965.0, "theft_per_1000_trips": "1.5088013411567478" }, "geometry": { "type": "Polygon", "coordinates": [ [ [ -79.371246727004149, 43.776990281201996 ], [ -79.372947317213104, 43.768027071487843 ], [ -79.373970842280428, 43.765819627080845 ], [ -79.377196234451461, 43.77399778554274 ], [ -79.376660726185534, 43.781918632719929 ], [ -79.37208046024459, 43.780796428002489 ], [ -79.372006152396864, 43.780628692618556 ], [ -79.371678675073937, 43.77954308760394 ], [ -79.371246727004149, 43.776990281201996 ] ] ] } },
{ "type": "Feature", "properties": { "vor_id": 598, "theft_count": 31, "bike_trips": 4623.0, "theft_per_1000_trips": "6.705602422669262" }, "geometry": { "type": "Polygon", "coordinates": [ [ [ -79.476661205504897, 43.678227639656583 ], [ -79.468020038533751, 43.676696643269693 ], [ -79.467389871010681, 43.671792187405408 ], [ -79.468762249072498, 43.669293096784934 ], [ -79.472343603149312, 43.668768389834405 ], [ -79.476661205504897, 43.678227639656583 ] ] ] } },
{ "type": "Feature", "properties": { "vor_id": 599, "theft_count": 1, "bike_trips": 8747.0, "theft_per_1000_trips": "0.11432491139819366" }, "geometry": { "type": "Polygon", "coordinates": [ [ [ -79.532379395660868, 43.755187415415371 ], [ -79.541763151838296, 43.746251809181459 ], [ -79.540862235979731, 43.749848466899195 ], [ -79.540142263666283, 43.75470212598352 ], [ -79.5399014999999, 43.759602983 ], [ -79.540142263666283, 43.764503840016481 ], [ -79.540862235979731, 43.769357499100806 ], [ -79.541030443112561, 43.770029019617112 ], [ -79.539513527568218, 43.772663367163958 ], [ -79.532379395660868, 43.755187415415371 ] ] ] } },
{ "type": "Feature", "properties": { "vor_id": 600, "theft_count": 22, "bike_trips": 4258.0, "theft_per_1000_trips": "5.166744950681071" }, "geometry": { "type": "Polygon", "coordinates": [ [ [ -79.387992627999751, 43.645400661939171 ], [ -79.387277447935332, 43.645276727877651 ], [ -79.386175546434032, 43.643624940866964 ], [ -79.386702925815513, 43.642081435232839 ], [ -79.388970327063518, 43.642186687376459 ], [ -79.389490006886348, 43.644664421159511 ], [ -79.389402561580653, 43.644822173069315 ], [ -79.387992627999751, 43.645400661939171 ] ] ] } },
{ "type": "Feature", "properties": { "vor_id": 601, "theft_count": 26, "bike_trips": 3253.0, "theft_per_1000_trips": "7.992622194897018" }, "geometry": { "type": "Polygon", "coordinates": [ [ [ -79.406377423570845, 43.656605425064576 ], [ -79.408911503934263, 43.658034667367943 ], [ -79.408245493349597, 43.658932313517433 ], [ -79.406712826778318, 43.659557264694328 ], [ -79.406151077200775, 43.656810573456298 ], [ -79.406377423570845, 43.656605425064576 ] ] ] } },
{ "type": "Feature", "properties": { "vor_id": 602, "theft_count": 17, "bike_trips": 2147.0, "theft_per_1000_trips": "7.918025151374011" }, "geometry": { "type": "Polygon", "coordinates": [ [ [ -79.396337132930981, 43.645710370073466 ], [ -79.39648261255445, 43.645651061907287 ], [ -79.397060387514003, 43.646285734886021 ], [ -79.39704571405953, 43.646578773769058 ], [ -79.395614657300115, 43.647117085622668 ], [ -79.395515324557067, 43.646429492616157 ], [ -79.396337132930981, 43.645710370073466 ] ] ] } },
{ "type": "Feature", "properties": { "vor_id": 604, "theft_count": 29, "bike_trips": 1067.0, "theft_per_1000_trips": "27.17900656044986" }, "geometry": { "type": "Polygon", "coordinates": [ [ [ -79.393016736161542, 43.64642903240118 ], [ -79.39433373675287, 43.645914223169179 ], [ -79.394525832064431, 43.646105460106305 ], [ -79.394661301519861, 43.646769735006671 ], [ -79.394496471138382, 43.647756846509466 ], [ -79.393857586036333, 43.647541170862162 ], [ -79.393016736161542, 43.64642903240118 ] ] ] } },
{ "type": "Feature", "properties": { "vor_id": 605, "theft_count": 24, "bike_trips": 4822.0, "theft_per_1000_trips": "4.9771878888428045" }, "geometry": { "type": "Polygon", "coordinates": [ [ [ -79.412559121195258, 43.726329440858414 ], [ -79.411703544202751, 43.725683521588145 ], [ -79.410581183732063, 43.724334387421848 ], [ -79.413345022858948, 43.719574758756522 ], [ -79.415936433253691, 43.72218081003399 ], [ -79.415780889172638, 43.727976106851493 ], [ -79.412559121195258, 43.726329440858414 ] ] ] } },
{ "type": "Feature", "properties": { "vor_id": 606, "theft_count": 19, "bike_trips": 4700.0, "theft_per_1000_trips": "4.042553191489362" }, "geometry": { "type": "Polygon", "coordinates": [ [ [ -79.277670730598572, 43.71416309214203 ], [ -79.271073159682373, 43.710025788054303 ], [ -79.272343323863353, 43.702462667033295 ], [ -79.278890874674332, 43.701775244957993 ], [ -79.282959359449123, 43.708862027360603 ], [ -79.277670730598572, 43.71416309214203 ] ] ] } },
{ "type": "Feature", "properties": { "vor_id": 610, "theft_count": 20, "bike_trips": 3821.0, "theft_per_1000_trips": "5.234231876472127" }, "geometry": { "type": "Polygon", "coordinates": [ [ [ -79.362861912663092, 43.68637042229247 ], [ -79.362894548507398, 43.684960558025665 ], [ -79.363049764057763, 43.683544040273361 ], [ -79.365111815486898, 43.680003945758145 ], [ -79.365242462248503, 43.679812087352246 ], [ -79.367120856398842, 43.67979459469953 ], [ -79.370103545716873, 43.680659327569302 ], [ -79.373367136277736, 43.68568239918568 ], [ -79.37307014644486, 43.687650444581429 ], [ -79.370691935847105, 43.690067933968713 ], [ -79.364040749004573, 43.690576940732427 ], [ -79.362980830742785, 43.68782726342684 ], [ -79.362861912663092, 43.68637042229247 ] ] ] } },
{ "type": "Feature", "properties": { "vor_id": 612, "theft_count": 5, "bike_trips": 3301.0, "theft_per_1000_trips": "1.514692517418964" }, "geometry": { "type": "Polygon", "coordinates": [ [ [ -79.4158730651002, 43.656917107641803 ], [ -79.416292777892707, 43.654119038956239 ], [ -79.416995159085019, 43.654446230921671 ], [ -79.416588071872994, 43.657197225323749 ], [ -79.4158730651002, 43.656917107641803 ] ] ] } },
{ "type": "Feature", "properties": { "vor_id": 613, "theft_count": 31, "bike_trips": 5885.0, "theft_per_1000_trips": "5.267629566694987" }, "geometry": { "type": "Polygon", "coordinates": [ [ [ -79.414018730785287, 43.781098046063491 ], [ -79.413877199361295, 43.779669160269606 ], [ -79.416487753170557, 43.778970886984723 ], [ -79.416813498235115, 43.780463748160003 ], [ -79.414018730785287, 43.781098046063491 ] ] ] } },
{ "type": "Feature", "properties": { "vor_id": 615, "theft_count": 11, "bike_trips": 2051.0, "theft_per_1000_trips": "5.363237445148708" }, "geometry": { "type": "Polygon", "coordinates": [ [ [ -79.368007615976651, 43.651370785035837 ], [ -79.367349293080039, 43.650891376180198 ], [ -79.367078332527811, 43.649689941484567 ], [ -79.367322840032784, 43.649281822432478 ], [ -79.369035785282279, 43.649898359542014 ], [ -79.369215565155642, 43.650672198176864 ], [ -79.369009785193327, 43.650943012197324 ], [ -79.368007615976651, 43.651370785035837 ] ] ] } },
{ "type": "Feature", "properties": { "vor_id": 616, "theft_count": 53, "bike_trips": 2146.0, "theft_per_1000_trips": "24.697110904007456" }, "geometry": { "type": "Polygon", "coordinates": [ [ [ -79.381589112026589, 43.640093246922142 ], [ -79.381432965482531, 43.639889616404169 ], [ -79.381158482845024, 43.638749781132979 ], [ -79.379209562590191, 43.628642902566021 ], [ -79.382784610927871, 43.627153773685805 ], [ -79.384562908942399, 43.63863521124054 ], [ -79.381589112026589, 43.640093246922142 ] ] ] } },
{ "type": "Feature", "properties": { "vor_id": 617, "theft_count": 61, "bike_trips": 2091.0, "theft_per_1000_trips": "29.172644667623146" }, "geometry": { "type": "Polygon", "coordinates": [ [ [ -79.387572175137535, 43.669288472485867 ], [ -79.38826266096639, 43.669015191343966 ], [ -79.388613423409922, 43.669181390738686 ], [ -79.388828857684217, 43.670273515913877 ], [ -79.388729917890146, 43.670892183216921 ], [ -79.388628881631618, 43.67122038373023 ], [ -79.388416663177097, 43.671159660531195 ], [ -79.387834765324214, 43.670789375011147 ], [ -79.387572175137535, 43.669288472485867 ] ] ] } },
{ "type": "Feature", "properties": { "vor_id": 618, "theft_count": 4, "bike_trips": 1082.0, "theft_per_1000_trips": "3.6968576709796674" }, "geometry": { "type": "Polygon", "coordinates": [ [ [ -79.398515397609344, 43.638808404533627 ], [ -79.398607537131241, 43.63916768399973 ], [ -79.396858740572867, 43.639862343043738 ], [ -79.396560224806549, 43.638820689899035 ], [ -79.397830535920846, 43.638310526678524 ], [ -79.398515397609344, 43.638808404533627 ] ] ] } },
{ "type": "Feature", "properties": { "vor_id": 619, "theft_count": 21, "bike_trips": 6351.0, "theft_per_1000_trips": "3.3065658951346246" }, "geometry": { "type": "Polygon", "coordinates": [ [ [ -79.34831421055749, 43.649282721494515 ], [ -79.35410589714796, 43.654091649102526 ], [ -79.354923481974922, 43.655382131922359 ], [ -79.353907647230528, 43.656853384783084 ], [ -79.353447973089743, 43.656865754763196 ], [ -79.351656793747566, 43.656168259863001 ], [ -79.34831421055749, 43.649282721494515 ] ] ] } },
{ "type": "Feature", "properties": { "vor_id": 620, "theft_count": 12, "bike_trips": 4799.0, "theft_per_1000_trips": "2.500520941862888" }, "geometry": { "type": "Polygon", "coordinates": [ [ [ -79.528191730142012, 43.704547689376241 ], [ -79.519097513046873, 43.704845804917483 ], [ -79.520982343917808, 43.697467477416538 ], [ -79.527277337640086, 43.694295130405763 ], [ -79.531912945907052, 43.69836518845716 ], [ -79.528191730142012, 43.704547689376241 ] ] ] } },
{ "type": "Feature", "properties": { "vor_id": 622, "theft_count": 15, "bike_trips": 4434.0, "theft_per_1000_trips": "3.3829499323410013" }, "geometry": { "type": "Polygon", "coordinates": [ [ [ -79.404971088772811, 43.771184431102007 ], [ -79.408637275190685, 43.765642977326898 ], [ -79.409147017998734, 43.765481329533451 ], [ -79.409756378496283, 43.765801072316236 ], [ -79.411057362121454, 43.766853925127364 ], [ -79.41146714806608, 43.768675918009933 ], [ -79.411326693948737, 43.768989653764507 ], [ -79.405353577737444, 43.77154937148881 ], [ -79.404971088772811, 43.771184431102007 ] ] ] } },
{ "type": "Feature", "properties": { "vor_id": 623, "theft_count": 21, "bike_trips": 2203.0, "theft_per_1000_trips": "9.532455742169768" }, "geometry": { "type": "Polygon", "coordinates": [ [ [ -79.419279789907961, 43.653057062718318 ], [ -79.420338126260333, 43.652214991994569 ], [ -79.421037275162064, 43.655588962546723 ], [ -79.419232312768386, 43.656309287763264 ], [ -79.41875121753047, 43.656110463979346 ], [ -79.418639834010122, 43.65476254217895 ], [ -79.419279789907961, 43.653057062718318 ] ] ] } },
{ "type": "Feature", "properties": { "vor_id": 624, "theft_count": 21, "bike_trips": 1087.0, "theft_per_1000_trips": "19.319227230910766" }, "geometry": { "type": "Polygon", "coordinates": [ [ [ -79.40460784230126, 43.639408992371251 ], [ -79.404442717203494, 43.636727140620181 ], [ -79.405094575066386, 43.636825812709283 ], [ -79.405332694273113, 43.639529788590465 ], [ -79.40460784230126, 43.639408992371251 ] ] ] } },
{ "type": "Feature", "properties": { "vor_id": 625, "theft_count": 17, "bike_trips": 3882.0, "theft_per_1000_trips": "4.379185986604843" }, "geometry": { "type": "Polygon", "coordinates": [ [ [ -79.345588440830369, 43.673026793572802 ], [ -79.345186237859778, 43.674167908040616 ], [ -79.34207220409202, 43.673892544480445 ], [ -79.341857595435599, 43.672112629993414 ], [ -79.34544252438387, 43.670619197099064 ], [ -79.345458394878591, 43.670631840377908 ], [ -79.345717874197732, 43.672111378672817 ], [ -79.345588440830369, 43.673026793572802 ] ] ] } },
{ "type": "Feature", "properties": { "vor_id": 626, "theft_count": 28, "bike_trips": 4551.0, "theft_per_1000_trips": "6.152493957372006" }, "geometry": { "type": "Polygon", "coordinates": [ [ [ -79.414785122446432, 43.675505168856034 ], [ -79.412265647371328, 43.672034315138966 ], [ -79.413450862582266, 43.670873908976553 ], [ -79.413844633930324, 43.670718411290174 ], [ -79.41447126681372, 43.670763215605689 ], [ -79.415447561943864, 43.671862678744894 ], [ -79.414785122446432, 43.675505168856034 ] ] ] } },
{ "type": "Feature", "properties": { "vor_id": 627, "theft_count": 0, "bike_trips": 4158.0, "theft_per_1000_trips": "0.0" }, "geometry": { "type": "MultiPolygon", "coordinates": [ [ [ [ -79.601287871742116, 43.696190253403302 ], [ -79.60194614101168, 43.701062521919503 ], [ -79.598588263999901, 43.70089756 ], [ -79.59368740698342, 43.701138323666392 ], [ -79.590965052519451, 43.701542146804236 ], [ -79.601287871742116, 43.696190253403302 ] ] ], [ [ [ -79.607142519743405, 43.73952421785981 ], [ -79.607187070307177, 43.739853964848329 ], [ -79.606782606472649, 43.736860271388778 ], [ -79.607142519743405, 43.73952421785981 ] ] ] ] } },
{ "type": "Feature", "properties": { "vor_id": 629, "theft_count": 36, "bike_trips": 1104.0, "theft_per_1000_trips": "32.608695652173914" }, "geometry": { "type": "Polygon", "coordinates": [ [ [ -79.421769654971584, 43.639722453093064 ], [ -79.421786075855792, 43.638327696635614 ], [ -79.421846811611019, 43.638127213770105 ], [ -79.424008269091019, 43.638714178377725 ], [ -79.42434242711002, 43.640375163063787 ], [ -79.424022621418658, 43.640873440623629 ], [ -79.421933419953206, 43.639899240437131 ], [ -79.421769654971584, 43.639722453093064 ] ] ] } },
{ "type": "Feature", "properties": { "vor_id": 631, "theft_count": 24, "bike_trips": 3399.0, "theft_per_1000_trips": "7.06090026478376" }, "geometry": { "type": "Polygon", "coordinates": [ [ [ -79.471600517132273, 43.662653813740455 ], [ -79.469389699829662, 43.660817028833307 ], [ -79.47026660527527, 43.659589208036031 ], [ -79.472288758441763, 43.659123317875199 ], [ -79.473409853126938, 43.659752223436719 ], [ -79.471600517132273, 43.662653813740455 ] ] ] } },
{ "type": "Feature", "properties": { "vor_id": 632, "theft_count": 12, "bike_trips": 1023.0, "theft_per_1000_trips": "11.730205278592376" }, "geometry": { "type": "Polygon", "coordinates": [ [ [ -79.370591966064069, 43.65990532444583 ], [ -79.371581450120999, 43.660001682475396 ], [ -79.372321489648144, 43.661717744360047 ], [ -79.372015115199488, 43.662160345258314 ], [ -79.370812550439254, 43.662659875422484 ], [ -79.370406403463491, 43.662631703808337 ], [ -79.369884390586307, 43.660194054468903 ], [ -79.370591966064069, 43.65990532444583 ] ] ] } },
{ "type": "Feature", "properties": { "vor_id": 634, "theft_count": 6, "bike_trips": 3353.0, "theft_per_1000_trips": "1.789442290486132" }, "geometry": { "type": "Polygon", "coordinates": [ [ [ -79.443415669066496, 43.655574646163046 ], [ -79.444219057480069, 43.652463152553736 ], [ -79.44601291204755, 43.651961693836171 ], [ -79.447540070202095, 43.653703758339759 ], [ -79.448210365520254, 43.655219977826391 ], [ -79.447664700956295, 43.655996867961214 ], [ -79.444620563974198, 43.656908808311044 ], [ -79.443415669066496, 43.655574646163046 ] ] ] } },
{ "type": "Feature", "properties": { "vor_id": 636, "theft_count": 10, "bike_trips": 3989.0, "theft_per_1000_trips": "2.50689395838556" }, "geometry": { "type": "Polygon", "coordinates": [ [ [ -79.509044571117968, 43.644456652037633 ], [ -79.49887882313044, 43.646437888715184 ], [ -79.498682306172569, 43.646315950952697 ], [ -79.497524235174907, 43.643696381392154 ], [ -79.506610343543542, 43.635294560482443 ], [ -79.508967371381658, 43.636409351625666 ], [ -79.512845568424595, 43.637796992716019 ], [ -79.513218024486264, 43.640338898651457 ], [ -79.509044571117968, 43.644456652037633 ] ] ] } },
{ "type": "Feature", "properties": { "vor_id": 639, "theft_count": 14, "bike_trips": 2149.0, "theft_per_1000_trips": "6.514657980456026" }, "geometry": { "type": "Polygon", "coordinates": [ [ [ -79.400464225822262, 43.655891881651684 ], [ -79.399276815827648, 43.656358636662922 ], [ -79.399100997432399, 43.655324676617077 ], [ -79.399714445984074, 43.6549240828355 ], [ -79.400464225822262, 43.655891881651684 ] ] ] } },
{ "type": "Feature", "properties": { "vor_id": 640, "theft_count": 66, "bike_trips": 2157.0, "theft_per_1000_trips": "30.5980528511822" }, "geometry": { "type": "Polygon", "coordinates": [ [ [ -79.404587246493691, 43.650818860169551 ], [ -79.404914827670396, 43.650809622232835 ], [ -79.405714666873621, 43.653583205170165 ], [ -79.4057051650734, 43.653595167095759 ], [ -79.404751984483752, 43.653685675893612 ], [ -79.404059614194949, 43.651172354349001 ], [ -79.404587246493691, 43.650818860169551 ] ] ] } },
{ "type": "Feature", "properties": { "vor_id": 641, "theft_count": 18, "bike_trips": 3798.0, "theft_per_1000_trips": "4.739336492890995" }, "geometry": { "type": "Polygon", "coordinates": [ [ [ -79.298833600095264, 43.686757832841465 ], [ -79.2996054897378, 43.687511445809818 ], [ -79.299638043620206, 43.687651100542688 ], [ -79.299263972391955, 43.690683994556245 ], [ -79.299139599465434, 43.691031105991279 ], [ -79.299121242236765, 43.691040827583684 ], [ -79.295916377858347, 43.688582976836045 ], [ -79.296902879061122, 43.686407983487307 ], [ -79.298833600095264, 43.686757832841465 ] ] ] } },
{ "type": "Feature", "properties": { "vor_id": 644, "theft_count": 64, "bike_trips": 1038.0, "theft_per_1000_trips": "61.65703275529865" }, "geometry": { "type": "Polygon", "coordinates": [ [ [ -79.3754566943323, 43.65863052796017 ], [ -79.376296236314275, 43.657725836214901 ], [ -79.377023405811855, 43.657416073678377 ], [ -79.377918554665072, 43.657360901383193 ], [ -79.377971371733693, 43.657388056840894 ], [ -79.378364409087254, 43.659279514444741 ], [ -79.377408058580201, 43.659933677013989 ], [ -79.375446289727932, 43.658653156085933 ], [ -79.3754566943323, 43.65863052796017 ] ] ] } },
{ "type": "Feature", "properties": { "vor_id": 646, "theft_count": 16, "bike_trips": 2211.0, "theft_per_1000_trips": "7.236544549977386" }, "geometry": { "type": "Polygon", "coordinates": [ [ [ -79.4238704543111, 43.65242610668696 ], [ -79.425565623230213, 43.652685295794996 ], [ -79.426089148256551, 43.65521017043082 ], [ -79.425003876415261, 43.656252016031544 ], [ -79.424520096864669, 43.656162437679896 ], [ -79.423460580581349, 43.654890759346905 ], [ -79.423041662184062, 43.652924693016033 ], [ -79.4238704543111, 43.65242610668696 ] ] ] } },
{ "type": "Feature", "properties": { "vor_id": 647, "theft_count": 10, "bike_trips": 2196.0, "theft_per_1000_trips": "4.553734061930784" }, "geometry": { "type": "Polygon", "coordinates": [ [ [ -79.421786075855792, 43.638327696635614 ], [ -79.419470140813914, 43.639212330242991 ], [ -79.420191224625555, 43.637687726618353 ], [ -79.420617716471227, 43.636495761760699 ], [ -79.421475359041139, 43.636249946651901 ], [ -79.421846811611019, 43.638127213770105 ], [ -79.421786075855792, 43.638327696635614 ] ] ] } },
{ "type": "Feature", "properties": { "vor_id": 648, "theft_count": 13, "bike_trips": 5459.0, "theft_per_1000_trips": "2.3813885326982964" }, "geometry": { "type": "Polygon", "coordinates": [ [ [ -79.387226969974293, 43.763215701115485 ], [ -79.387504358326439, 43.764293401074184 ], [ -79.383228945753814, 43.766473273951512 ], [ -79.38174433211725, 43.765944769139701 ], [ -79.377402658148085, 43.761584791569341 ], [ -79.376486029521672, 43.759807403452832 ], [ -79.380801691723988, 43.757140778638465 ], [ -79.387226969974293, 43.763215701115485 ] ] ] } },
{ "type": "Feature", "properties": { "vor_id": 651, "theft_count": 13, "bike_trips": 2088.0, "theft_per_1000_trips": "6.226053639846743" }, "geometry": { "type": "Polygon", "coordinates": [ [ [ -79.386736436488903, 43.668443187543467 ], [ -79.384637917433679, 43.669271550329846 ], [ -79.38427053304359, 43.668946333695033 ], [ -79.384235338994159, 43.668779537476915 ], [ -79.386152400398117, 43.667991162459749 ], [ -79.386736436488903, 43.668443187543467 ] ] ] } },
{ "type": "Feature", "properties": { "vor_id": 652, "theft_count": 13, "bike_trips": 3933.0, "theft_per_1000_trips": "3.3053648614289344" }, "geometry": { "type": "Polygon", "coordinates": [ [ [ -79.47592922100273, 43.634909866300568 ], [ -79.475196482818532, 43.627452256780124 ], [ -79.478181681950034, 43.628388369665984 ], [ -79.483458488853799, 43.631748465130592 ], [ -79.483499753015579, 43.631822936839271 ], [ -79.481278025125349, 43.635802337462785 ], [ -79.47592922100273, 43.634909866300568 ] ] ] } },
{ "type": "Feature", "properties": { "vor_id": 653, "theft_count": 18, "bike_trips": 2119.0, "theft_per_1000_trips": "8.494572911750826" }, "geometry": { "type": "Polygon", "coordinates": [ [ [ -79.398495702140721, 43.67284314510259 ], [ -79.398513965469405, 43.673610497676151 ], [ -79.395407784462392, 43.674877858806404 ], [ -79.394105142810687, 43.673250432512013 ], [ -79.393817849280822, 43.672869901609403 ], [ -79.395677855179073, 43.670732351535641 ], [ -79.398495702140721, 43.67284314510259 ] ] ] } },
{ "type": "Feature", "properties": { "vor_id": 655, "theft_count": 15, "bike_trips": 3388.0, "theft_per_1000_trips": "4.427390791027155" }, "geometry": { "type": "Polygon", "coordinates": [ [ [ -79.431953441764463, 43.668902399567919 ], [ -79.432002259785747, 43.669139686278697 ], [ -79.431559690109978, 43.67151309120603 ], [ -79.429106549822933, 43.670930258728937 ], [ -79.428978150861411, 43.67076549711787 ], [ -79.43004580174518, 43.668792349536041 ], [ -79.431953441764463, 43.668902399567919 ] ] ] } },
{ "type": "Feature", "properties": { "vor_id": 657, "theft_count": 20, "bike_trips": 1018.0, "theft_per_1000_trips": "19.646365422396855" }, "geometry": { "type": "Polygon", "coordinates": [ [ [ -79.364298100000042, 43.661841816154819 ], [ -79.362224175996772, 43.661720819555711 ], [ -79.362499317384234, 43.660704827934993 ], [ -79.363921658550083, 43.660100981103945 ], [ -79.364298100000042, 43.661841816154819 ] ] ] } },
{ "type": "Feature", "properties": { "vor_id": 658, "theft_count": 5, "bike_trips": 7401.0, "theft_per_1000_trips": "0.6755843804891231" }, "geometry": { "type": "Polygon", "coordinates": [ [ [ -79.322658156759218, 43.762749325881487 ], [ -79.327741121911856, 43.769103206435148 ], [ -79.324703104336379, 43.775638990591148 ], [ -79.315404275790172, 43.769452272886703 ], [ -79.316238226182492, 43.76650590649016 ], [ -79.322658156759218, 43.762749325881487 ] ] ] } },
{ "type": "Feature", "properties": { "vor_id": 660, "theft_count": 6, "bike_trips": 5823.0, "theft_per_1000_trips": "1.0303967027305514" }, "geometry": { "type": "Polygon", "coordinates": [ [ [ -79.436493155671428, 43.775996000702648 ], [ -79.448295712798981, 43.777200608194462 ], [ -79.448318851678494, 43.777494191360077 ], [ -79.443500324107021, 43.783641076944022 ], [ -79.436493155671428, 43.775996000702648 ] ] ] } },
{ "type": "Feature", "properties": { "vor_id": 662, "theft_count": 6, "bike_trips": 4685.0, "theft_per_1000_trips": "1.2806830309498398" }, "geometry": { "type": "Polygon", "coordinates": [ [ [ -79.289869342800301, 43.706861745764229 ], [ -79.294804751685817, 43.71078385469589 ], [ -79.289388802990615, 43.718727478177456 ], [ -79.284085198662282, 43.709368960482671 ], [ -79.289869342800301, 43.706861745764229 ] ] ] } },
{ "type": "Feature", "properties": { "vor_id": 663, "theft_count": 25, "bike_trips": 2157.0, "theft_per_1000_trips": "11.590171534538712" }, "geometry": { "type": "Polygon", "coordinates": [ [ [ -79.400224014640202, 43.652450671483983 ], [ -79.400834060386444, 43.651062026895225 ], [ -79.402593042020015, 43.651785345531316 ], [ -79.402280339612744, 43.65372447720636 ], [ -79.401264218699907, 43.654146354373317 ], [ -79.401248231130879, 43.654136676312284 ], [ -79.400224014640202, 43.652450671483983 ] ] ] } },
{ "type": "Feature", "properties": { "vor_id": 664, "theft_count": 14, "bike_trips": 1108.0, "theft_per_1000_trips": "12.63537906137184" }, "geometry": { "type": "Polygon", "coordinates": [ [ [ -79.434979557654273, 43.656470236743687 ], [ -79.435380814098565, 43.657234574875659 ], [ -79.434337713137197, 43.658356410918607 ], [ -79.432360980273941, 43.659342002901532 ], [ -79.432013049508825, 43.659167575715969 ], [ -79.430674087173244, 43.656215238899755 ], [ -79.431787402320708, 43.655807070001622 ], [ -79.434979557654273, 43.656470236743687 ] ] ] } },
{ "type": "Feature", "properties": { "vor_id": 665, "theft_count": 25, "bike_trips": 2079.0, "theft_per_1000_trips": "12.025012025012025" }, "geometry": { "type": "Polygon", "coordinates": [ [ [ -79.380979956438495, 43.661760774702913 ], [ -79.381456486956836, 43.662262415191634 ], [ -79.381430664165578, 43.662623847761914 ], [ -79.37916256635306, 43.663563687349523 ], [ -79.378954005264376, 43.662579608465741 ], [ -79.380979956438495, 43.661760774702913 ] ] ] } },
{ "type": "Feature", "properties": { "vor_id": 666, "theft_count": 18, "bike_trips": 2190.0, "theft_per_1000_trips": "8.21917808219178" }, "geometry": { "type": "Polygon", "coordinates": [ [ [ -79.408760526721835, 43.646849124655098 ], [ -79.408534790828412, 43.647079620559502 ], [ -79.407307947576612, 43.647530810985394 ], [ -79.406784909680013, 43.644753283052154 ], [ -79.408384397066229, 43.645043625308745 ], [ -79.408760526721835, 43.646849124655098 ] ] ] } },
{ "type": "Feature", "properties": { "vor_id": 669, "theft_count": 65, "bike_trips": 3672.0, "theft_per_1000_trips": "17.70152505446623" }, "geometry": { "type": "Polygon", "coordinates": [ [ [ -79.399409923520835, 43.707152737211068 ], [ -79.397032770673803, 43.707700410705364 ], [ -79.396610121409921, 43.705738669078691 ], [ -79.399032647596627, 43.705259391280606 ], [ -79.399409923520835, 43.707152737211068 ] ] ] } },
{ "type": "Feature", "properties": { "vor_id": 670, "theft_count": 4, "bike_trips": 1024.0, "theft_per_1000_trips": "3.90625" }, "geometry": { "type": "Polygon", "coordinates": [ [ [ -79.367840314655709, 43.657337195539554 ], [ -79.369147201495451, 43.657447474170191 ], [ -79.368958852118993, 43.658468366397564 ], [ -79.368152602767495, 43.658782542315329 ], [ -79.367840314655709, 43.657337195539554 ] ] ] } },
{ "type": "Feature", "properties": { "vor_id": 671, "theft_count": 12, "bike_trips": 2159.0, "theft_per_1000_trips": "5.5581287633163505" }, "geometry": { "type": "Polygon", "coordinates": [ [ [ -79.397743119773722, 43.649557129112978 ], [ -79.398538720667261, 43.648184777222212 ], [ -79.39958879471051, 43.648485163703313 ], [ -79.400008021477618, 43.648997828489478 ], [ -79.397843534808786, 43.649832312206343 ], [ -79.397743119773722, 43.649557129112978 ] ] ] } },
{ "type": "Feature", "properties": { "vor_id": 673, "theft_count": 9, "bike_trips": 2041.0, "theft_per_1000_trips": "4.409603135717786" }, "geometry": { "type": "Polygon", "coordinates": [ [ [ -79.369681312464166, 43.6717787366156 ], [ -79.369613527126646, 43.67180696121693 ], [ -79.369509834016398, 43.671796083850403 ], [ -79.368804809809262, 43.668269539352274 ], [ -79.369096390983515, 43.668312791333705 ], [ -79.37097486401467, 43.668405074796105 ], [ -79.371093378831603, 43.668986995111773 ], [ -79.3704933810711, 43.670825065463042 ], [ -79.369681312464166, 43.6717787366156 ] ] ] } },
{ "type": "Feature", "properties": { "vor_id": 674, "theft_count": 127, "bike_trips": 33007.0, "theft_per_1000_trips": "3.847668676341382" }, "geometry": { "type": "Polygon", "coordinates": [ [ [ -79.1781649906072, 43.767365996223035 ], [ -79.17914631302007, 43.771283654899193 ], [ -79.179866285333517, 43.776137313983519 ], [ -79.180048691866943, 43.779850284269273 ], [ -79.1800908426261, 43.780708282682838 ], [ -79.185837627051697, 43.781266232055593 ], [ -79.186285915786499, 43.782519115137376 ], [ -79.18747816302006, 43.787278832899297 ], [ -79.188198135333508, 43.792132491983622 ], [ -79.188438898999891, 43.797033349000102 ], [ -79.188420430603742, 43.79740928183989 ], [ -79.188198135333508, 43.801934206016583 ], [ -79.18747816302006, 43.806787865100908 ], [ -79.186285915786499, 43.811547582862829 ], [ -79.184632875625454, 43.816167520618357 ], [ -79.182534962217318, 43.820603185841399 ], [ -79.181283870514349, 43.82269050624474 ], [ -79.169538071580192, 43.818562525861601 ], [ -79.164876722218963, 43.81692432663565 ], [ -79.165462388059225, 43.816393510059328 ], [ -79.168757571668039, 43.812757835208181 ], [ -79.171680529615031, 43.808816682650978 ], [ -79.174203112217327, 43.804608007841296 ], [ -79.176301025625463, 43.800172342618254 ], [ -79.177954065786508, 43.795552404862725 ], [ -79.17914631302007, 43.790792687100804 ], [ -79.179308702020236, 43.789697949385058 ], [ -79.177514524291411, 43.786651819172214 ], [ -79.177431288333608, 43.788346126016478 ], [ -79.17671131602016, 43.793199785100803 ], [ -79.175519068786599, 43.797959502862724 ], [ -79.173866028625554, 43.802579440618253 ], [ -79.171768115217418, 43.807015105841295 ], [ -79.169245532615122, 43.811223780650977 ], [ -79.166322574668129, 43.81516493320818 ], [ -79.164763892885802, 43.816884673541253 ], [ -79.155825705718726, 43.813743409035247 ], [ -79.13512326830552, 43.806467679559212 ], [ -79.134254257362031, 43.806115682090379 ], [ -79.133422032859912, 43.805683843444555 ], [ -79.132633910736928, 43.805175959838579 ], [ -79.131896819234683, 43.804596495987006 ], [ -79.131217237993638, 43.803950545853652 ], [ -79.130601141091788, 43.803243787871388 ], [ -79.119834294091888, 43.789655707871283 ], [ -79.119267416956916, 43.788863950554827 ], [ -79.118780235036866, 43.788020811710332 ], [ -79.118377367933604, 43.787134286227662 ], [ -79.118062635751201, 43.786212780401485 ], [ -79.117839022872516, 43.785265032220373 ], [ -79.117708649660472, 43.784300028510586 ], [ -79.117672752352121, 43.78332691972038 ], [ -79.117731671336244, 43.782354933152767 ], [ -79.117884847925765, 43.781393285469491 ], [ -79.118130829655328, 43.780451095295994 ], [ -79.11846728405402, 43.779537296755876 ], [ -79.118891020762533, 43.778660554754957 ], [ -79.119398021785088, 43.777829182818067 ], [ -79.11998347958928, 43.777051064257797 ], [ -79.12064184269245, 43.776333577422591 ], [ -79.123076839692359, 43.773926479422592 ], [ -79.123692397533532, 43.773366649210615 ], [ -79.124352365374534, 43.772859930579713 ], [ -79.130787275524114, 43.76833195510266 ], [ -79.134201600830266, 43.783906970902457 ], [ -79.132737306224953, 43.786134072387298 ], [ -79.131126673316999, 43.791767642509761 ], [ -79.14515084093847, 43.791793623367035 ], [ -79.155615147347504, 43.80643087378801 ], [ -79.158501553107897, 43.799979818223676 ], [ -79.176458796271689, 43.784859418694971 ], [ -79.176422126135662, 43.783261149776834 ], [ -79.165547625501119, 43.776966298708537 ], [ -79.173964234995694, 43.769341345625939 ], [ -79.174122468526633, 43.765027798892667 ], [ -79.175519068786599, 43.768931035137271 ], [ -79.1760091103978, 43.770887390912513 ], [ -79.1781649906072, 43.767365996223035 ] ] ] } },
{ "type": "Feature", "properties": { "vor_id": 675, "theft_count": 16, "bike_trips": 3614.0, "theft_per_1000_trips": "4.427227448810182" }, "geometry": { "type": "Polygon", "coordinates": [ [ [ -79.356403020443736, 43.675845056325613 ], [ -79.355778083744525, 43.675760818726822 ], [ -79.355334958925795, 43.67337550976405 ], [ -79.359023753687836, 43.669784083595211 ], [ -79.360297089203087, 43.672195156018979 ], [ -79.356403020443736, 43.675845056325613 ] ] ] } },
{ "type": "Feature", "properties": { "vor_id": 676, "theft_count": 32, "bike_trips": 1113.0, "theft_per_1000_trips": "28.751123090745732" }, "geometry": { "type": "Polygon", "coordinates": [ [ [ -79.448251191525941, 43.662377105111737 ], [ -79.448968003992604, 43.660790789146084 ], [ -79.451517571683468, 43.659775253196322 ], [ -79.451963972417545, 43.661895262667372 ], [ -79.451786315370228, 43.663576059417132 ], [ -79.451689464210631, 43.663661740432197 ], [ -79.449250331610742, 43.663406084242197 ], [ -79.448251191525941, 43.662377105111737 ] ] ] } },
{ "type": "Feature", "properties": { "vor_id": 677, "theft_count": 9, "bike_trips": 3678.0, "theft_per_1000_trips": "2.446982055464926" }, "geometry": { "type": "Polygon", "coordinates": [ [ [ -79.392169804396175, 43.718534083114221 ], [ -79.389814388133587, 43.718989573361888 ], [ -79.390024402679728, 43.711909868905273 ], [ -79.393042045102305, 43.710784834527438 ], [ -79.392169804396175, 43.718534083114221 ] ] ] } },
{ "type": "Feature", "properties": { "vor_id": 679, "theft_count": 34, "bike_trips": 2235.0, "theft_per_1000_trips": "15.212527964205815" }, "geometry": { "type": "Polygon", "coordinates": [ [ [ -79.433875986467314, 43.643674920493808 ], [ -79.431429385843671, 43.64174353112184 ], [ -79.431302809033738, 43.641116132197062 ], [ -79.434633366321279, 43.639709829070689 ], [ -79.435413603972407, 43.640761274519193 ], [ -79.433875986467314, 43.643674920493808 ] ] ] } },
{ "type": "Feature", "properties": { "vor_id": 680, "theft_count": 30, "bike_trips": 1056.0, "theft_per_1000_trips": "28.409090909090907" }, "geometry": { "type": "Polygon", "coordinates": [ [ [ -79.377278383498776, 43.64748468001914 ], [ -79.377377881934706, 43.647185744857396 ], [ -79.377717844179628, 43.646920526881566 ], [ -79.378459200687786, 43.647117175291811 ], [ -79.37944176251699, 43.648221438825871 ], [ -79.379432218493889, 43.648286178518568 ], [ -79.378312103101436, 43.648851148010323 ], [ -79.377381972375389, 43.648074054476353 ], [ -79.377278383498776, 43.64748468001914 ] ] ] } },
{ "type": "Feature", "properties": { "vor_id": 681, "theft_count": 33, "bike_trips": 4523.0, "theft_per_1000_trips": "7.296042449701525" }, "geometry": { "type": "Polygon", "coordinates": [ [ [ -79.457546129073819, 43.663964800870552 ], [ -79.457767251242331, 43.665118181102009 ], [ -79.455442461503665, 43.668196790413276 ], [ -79.453754925662224, 43.667925357576038 ], [ -79.452235627628966, 43.6662563566085 ], [ -79.451689464210631, 43.663661740432197 ], [ -79.451786315370228, 43.663576059417132 ], [ -79.455547657230213, 43.662957692216978 ], [ -79.456084907046787, 43.66296709016148 ], [ -79.457546129073819, 43.663964800870552 ] ] ] } },
{ "type": "Feature", "properties": { "vor_id": 682, "theft_count": 93, "bike_trips": 2209.0, "theft_per_1000_trips": "42.10049796287913" }, "geometry": { "type": "Polygon", "coordinates": [ [ [ -79.424165918369283, 43.641717461390712 ], [ -79.423952712015122, 43.641954966110966 ], [ -79.422789404250366, 43.642403254808983 ], [ -79.422426150169088, 43.642330205251739 ], [ -79.421933419953206, 43.639899240437131 ], [ -79.424022621418658, 43.640873440623629 ], [ -79.424165918369283, 43.641717461390712 ] ] ] } },
{ "type": "Feature", "properties": { "vor_id": 685, "theft_count": 61, "bike_trips": 2441.0, "theft_per_1000_trips": "24.98975829578042" }, "geometry": { "type": "Polygon", "coordinates": [ [ [ -79.39044607359159, 43.699783839254536 ], [ -79.388917584489064, 43.699932283066445 ], [ -79.387765937374255, 43.698472506166617 ], [ -79.387136789900808, 43.695622441480751 ], [ -79.391891604661865, 43.69407575161302 ], [ -79.392581103716324, 43.697393416003095 ], [ -79.39044607359159, 43.699783839254536 ] ] ] } },
{ "type": "Feature", "properties": { "vor_id": 688, "theft_count": 19, "bike_trips": 2161.0, "theft_per_1000_trips": "8.792225821378992" }, "geometry": { "type": "Polygon", "coordinates": [ [ [ -79.39648261255445, 43.645651061907287 ], [ -79.396161390633722, 43.644068311357032 ], [ -79.396272222672422, 43.643376883777975 ], [ -79.398570180825629, 43.643339368784545 ], [ -79.398891074106743, 43.644892315866187 ], [ -79.398482341558065, 43.645717353868498 ], [ -79.397060387514003, 43.646285734886021 ], [ -79.39648261255445, 43.645651061907287 ] ] ] } },
{ "type": "Feature", "properties": { "vor_id": 689, "theft_count": 26, "bike_trips": 2223.0, "theft_per_1000_trips": "11.695906432748536" }, "geometry": { "type": "Polygon", "coordinates": [ [ [ -79.434257900326671, 43.666851077394696 ], [ -79.437329348334927, 43.663108123956029 ], [ -79.439403517250327, 43.665731786162297 ], [ -79.438150638237801, 43.666979509361894 ], [ -79.436843138545242, 43.667548721259685 ], [ -79.435463827614981, 43.66742850019304 ], [ -79.434257900326671, 43.666851077394696 ] ] ] } },
{ "type": "Feature", "properties": { "vor_id": 690, "theft_count": 21, "bike_trips": 7358.0, "theft_per_1000_trips": "2.8540364229410167" }, "geometry": { "type": "Polygon", "coordinates": [ [ [ -79.412015387013639, 43.785608684354578 ], [ -79.412233166908322, 43.785449352539679 ], [ -79.418510417128331, 43.783890257717069 ], [ -79.419262984106012, 43.787600316004919 ], [ -79.411456120681663, 43.789531950873638 ], [ -79.410338239618554, 43.789238769228447 ], [ -79.412015387013639, 43.785608684354578 ] ] ] } },
{ "type": "Feature", "properties": { "vor_id": 691, "theft_count": 11, "bike_trips": 6767.0, "theft_per_1000_trips": "1.6255356878971479" }, "geometry": { "type": "Polygon", "coordinates": [ [ [ -79.520490892711052, 43.666072556872876 ], [ -79.521790066157038, 43.661776921689352 ], [ -79.531214154176752, 43.655916103729382 ], [ -79.534184632563111, 43.655769223968008 ], [ -79.536500375907949, 43.676699267403428 ], [ -79.534105455792329, 43.676885747010246 ], [ -79.528342869637598, 43.673407338179388 ], [ -79.520490892711052, 43.666072556872876 ] ] ] } },
{ "type": "Feature", "properties": { "vor_id": 692, "theft_count": 35, "bike_trips": 2094.0, "theft_per_1000_trips": "16.714422158548235" }, "geometry": { "type": "Polygon", "coordinates": [ [ [ -79.384869878575287, 43.664193042885188 ], [ -79.385383649911091, 43.663396086630911 ], [ -79.385401516728564, 43.663403395769144 ], [ -79.386214563401623, 43.664171278049452 ], [ -79.386393185546154, 43.665000171045214 ], [ -79.385144309697864, 43.66552173175846 ], [ -79.384869878575287, 43.664193042885188 ] ] ] } },
{ "type": "Feature", "properties": { "vor_id": 693, "theft_count": 4, "bike_trips": 2603.0, "theft_per_1000_trips": "1.536688436419516" }, "geometry": { "type": "Polygon", "coordinates": [ [ [ -79.354576229379802, 43.683929832673151 ], [ -79.362861912663092, 43.68637042229247 ], [ -79.362980830742785, 43.68782726342684 ], [ -79.362366699668613, 43.687765181098086 ], [ -79.354799565594405, 43.684999498411315 ], [ -79.354471696527526, 43.684022451104013 ], [ -79.354576229379802, 43.683929832673151 ] ] ] } },
{ "type": "Feature", "properties": { "vor_id": 694, "theft_count": 21, "bike_trips": 2260.0, "theft_per_1000_trips": "9.29203539823009" }, "geometry": { "type": "Polygon", "coordinates": [ [ [ -79.386348652926344, 43.678983760774592 ], [ -79.391863478506963, 43.676722426082101 ], [ -79.392353534538827, 43.679153148038495 ], [ -79.389109962383216, 43.680451760628969 ], [ -79.38621209190768, 43.679215043612665 ], [ -79.386348652926344, 43.678983760774592 ] ] ] } },
{ "type": "Feature", "properties": { "vor_id": 695, "theft_count": 40, "bike_trips": 1046.0, "theft_per_1000_trips": "38.24091778202677" }, "geometry": { "type": "Polygon", "coordinates": [ [ [ -79.386789470669484, 43.665651670958319 ], [ -79.386813874381531, 43.665859527160862 ], [ -79.385698806476697, 43.666328024874119 ], [ -79.385024270257759, 43.66569341692972 ], [ -79.385144309697864, 43.66552173175846 ], [ -79.386393185546154, 43.665000171045214 ], [ -79.386438437645495, 43.665037954358823 ], [ -79.386789470669484, 43.665651670958319 ] ] ] } },
{ "type": "Feature", "properties": { "vor_id": 698, "theft_count": 13, "bike_trips": 3393.0, "theft_per_1000_trips": "3.8314176245210727" }, "geometry": { "type": "Polygon", "coordinates": [ [ [ -79.469002661956239, 43.631977233383125 ], [ -79.470207333990359, 43.632749903238391 ], [ -79.47066701369161, 43.64089893904891 ], [ -79.468407128435828, 43.634420198518477 ], [ -79.469002661956239, 43.631977233383125 ] ] ] } },
{ "type": "Feature", "properties": { "vor_id": 699, "theft_count": 29, "bike_trips": 4944.0, "theft_per_1000_trips": "5.865695792880259" }, "geometry": { "type": "Polygon", "coordinates": [ [ [ -79.356912415489248, 43.708835720186997 ], [ -79.358374316455595, 43.709953970947943 ], [ -79.359851620272394, 43.712969499572544 ], [ -79.354576024380108, 43.722906393689001 ], [ -79.352090426021917, 43.722156991573684 ], [ -79.356912415489248, 43.708835720186997 ] ] ] } },
{ "type": "Feature", "properties": { "vor_id": 700, "theft_count": 35, "bike_trips": 2736.0, "theft_per_1000_trips": "12.792397660818713" }, "geometry": { "type": "Polygon", "coordinates": [ [ [ -79.372947317213104, 43.768027071487843 ], [ -79.368542290091511, 43.769738634545959 ], [ -79.367323047996621, 43.76443329615882 ], [ -79.373318592424923, 43.759607569812601 ], [ -79.374782713839778, 43.759970278193926 ], [ -79.373970842280428, 43.765819627080845 ], [ -79.372947317213104, 43.768027071487843 ] ] ] } },
{ "type": "Feature", "properties": { "vor_id": 702, "theft_count": 4, "bike_trips": 1096.0, "theft_per_1000_trips": "3.6496350364963503" }, "geometry": { "type": "Polygon", "coordinates": [ [ [ -79.408194510573836, 43.649951513631208 ], [ -79.408065594256513, 43.64989958953975 ], [ -79.407146015031898, 43.647735126639006 ], [ -79.407307947576612, 43.647530810985394 ], [ -79.408534790828412, 43.647079620559502 ], [ -79.409138978116019, 43.649743674833012 ], [ -79.409122732868013, 43.649770883678556 ], [ -79.408735672126468, 43.649927137010934 ], [ -79.408194510573836, 43.649951513631208 ] ] ] } },
{ "type": "Feature", "properties": { "vor_id": 703, "theft_count": 26, "bike_trips": 3815.0, "theft_per_1000_trips": "6.815203145478375" }, "geometry": { "type": "Polygon", "coordinates": [ [ [ -79.364948356398926, 43.678830166924705 ], [ -79.359402363505097, 43.677414151009557 ], [ -79.359248531764393, 43.676930414681053 ], [ -79.361873851866633, 43.673300004950534 ], [ -79.364058802059091, 43.674308927548083 ], [ -79.364948356398926, 43.678830166924705 ] ] ] } },
{ "type": "Feature", "properties": { "vor_id": 704, "theft_count": 36, "bike_trips": 2588.0, "theft_per_1000_trips": "13.910355486862443" }, "geometry": { "type": "Polygon", "coordinates": [ [ [ -79.341571878406612, 43.667360366543498 ], [ -79.340655319699209, 43.663729950576396 ], [ -79.341224447347329, 43.66350201922981 ], [ -79.342065117926666, 43.663408856060151 ], [ -79.342129685373919, 43.663422192409854 ], [ -79.34407790693686, 43.666048460662395 ], [ -79.344017457683179, 43.666368453302148 ], [ -79.341571878406612, 43.667360366543498 ] ] ] } },
{ "type": "Feature", "properties": { "vor_id": 705, "theft_count": 23, "bike_trips": 2531.0, "theft_per_1000_trips": "9.087317265902806" }, "geometry": { "type": "Polygon", "coordinates": [ [ [ -79.291366930959086, 43.692738399761829 ], [ -79.291209336716747, 43.689327476132483 ], [ -79.291383292986211, 43.689160616259556 ], [ -79.295236479722647, 43.689185052639885 ], [ -79.296129824433464, 43.693260773975972 ], [ -79.293363371401483, 43.693746051190899 ], [ -79.291366930959086, 43.692738399761829 ] ] ] } },
{ "type": "Feature", "properties": { "vor_id": 706, "theft_count": 24, "bike_trips": 2945.0, "theft_per_1000_trips": "8.149405772495754" }, "geometry": { "type": "Polygon", "coordinates": [ [ [ -79.409802684286404, 43.761372100831537 ], [ -79.409471835229581, 43.761813981671899 ], [ -79.408296786632562, 43.761397438802462 ], [ -79.40755192782288, 43.759763517005943 ], [ -79.408178646305601, 43.759200995722139 ], [ -79.410568105706133, 43.758499079010896 ], [ -79.410601585902796, 43.75850225219822 ], [ -79.409802684286404, 43.761372100831537 ] ] ] } },
{ "type": "Feature", "properties": { "vor_id": 707, "theft_count": 16, "bike_trips": 1098.0, "theft_per_1000_trips": "14.571948998178506" }, "geometry": { "type": "Polygon", "coordinates": [ [ [ -79.40931023577059, 43.658009323997774 ], [ -79.409904227356748, 43.657772950607622 ], [ -79.410562220818576, 43.657749331579325 ], [ -79.411041505032841, 43.660238471322032 ], [ -79.410184279733684, 43.660584384119659 ], [ -79.409840552712367, 43.660491956136248 ], [ -79.40931023577059, 43.658009323997774 ] ] ] } },
{ "type": "Feature", "properties": { "vor_id": 708, "theft_count": 130, "bike_trips": 2085.0, "theft_per_1000_trips": "62.35011990407674" }, "geometry": { "type": "Polygon", "coordinates": [ [ [ -79.385420583607612, 43.670269273447595 ], [ -79.385542640547982, 43.670818668220072 ], [ -79.384009944271085, 43.671477105106483 ], [ -79.383764580445629, 43.671354132232473 ], [ -79.383542324175437, 43.670372195976356 ], [ -79.384118796223731, 43.669133581170058 ], [ -79.38427053304359, 43.668946333695033 ], [ -79.384637917433679, 43.669271550329846 ], [ -79.384988335288341, 43.669600646979866 ], [ -79.385420583607612, 43.670269273447595 ] ] ] } },
{ "type": "Feature", "properties": { "vor_id": 709, "theft_count": 4, "bike_trips": 5116.0, "theft_per_1000_trips": "0.7818608287724785" }, "geometry": { "type": "Polygon", "coordinates": [ [ [ -79.337345540207153, 43.699620417324603 ], [ -79.330846794399321, 43.702195950205954 ], [ -79.323704126765293, 43.703577254360731 ], [ -79.326392535615128, 43.699952354651082 ], [ -79.328915118217424, 43.695743679841399 ], [ -79.330529174856011, 43.692331043804074 ], [ -79.336371983485449, 43.696946019896615 ], [ -79.337345540207153, 43.699620417324603 ] ] ] } },
{ "type": "Feature", "properties": { "vor_id": 710, "theft_count": 19, "bike_trips": 6794.0, "theft_per_1000_trips": "2.796585222254931" }, "geometry": { "type": "Polygon", "coordinates": [ [ [ -79.322658156759218, 43.762749325881487 ], [ -79.316238226182492, 43.76650590649016 ], [ -79.309764454489169, 43.761168197380883 ], [ -79.321706506583865, 43.74237633582046 ], [ -79.32251907019365, 43.7426969155837 ], [ -79.3262319151805, 43.745348375282909 ], [ -79.329079969873064, 43.74898774133429 ], [ -79.322658156759218, 43.762749325881487 ] ] ] } },
{ "type": "Feature", "properties": { "vor_id": 714, "theft_count": 28, "bike_trips": 2289.0, "theft_per_1000_trips": "12.232415902140673" }, "geometry": { "type": "Polygon", "coordinates": [ [ [ -79.44342811576216, 43.67105299591411 ], [ -79.441735695278737, 43.671683924189146 ], [ -79.440335267957394, 43.670782645326945 ], [ -79.440998634071491, 43.666586832064482 ], [ -79.44214496127826, 43.666947027855102 ], [ -79.444695289948157, 43.669680026417453 ], [ -79.44342811576216, 43.67105299591411 ] ] ] } },
{ "type": "Feature", "properties": { "vor_id": 715, "theft_count": 47, "bike_trips": 1080.0, "theft_per_1000_trips": "43.51851851851852" }, "geometry": { "type": "Polygon", "coordinates": [ [ [ -79.398441617807023, 43.648024251160358 ], [ -79.397236851271586, 43.647303355431227 ], [ -79.397155834443197, 43.647117255290254 ], [ -79.39704571405953, 43.646578773769058 ], [ -79.397060387514003, 43.646285734886021 ], [ -79.398482341558065, 43.645717353868498 ], [ -79.399142341895242, 43.646573015863538 ], [ -79.398441617807023, 43.648024251160358 ] ] ] } },
{ "type": "Feature", "properties": { "vor_id": 716, "theft_count": 26, "bike_trips": 2221.0, "theft_per_1000_trips": "11.70643854119766" }, "geometry": { "type": "Polygon", "coordinates": [ [ [ -79.433199952280802, 43.666776236260667 ], [ -79.431953441764463, 43.668902399567919 ], [ -79.43004580174518, 43.668792349536041 ], [ -79.429434572826793, 43.668200770377624 ], [ -79.429044053880588, 43.666379295413471 ], [ -79.430815903142999, 43.665639649075707 ], [ -79.43288963348293, 43.6663753674516 ], [ -79.433199952280802, 43.666776236260667 ] ] ] } },
{ "type": "Feature", "properties": { "vor_id": 717, "theft_count": 4, "bike_trips": 4666.0, "theft_per_1000_trips": "0.8572653236176596" }, "geometry": { "type": "Polygon", "coordinates": [ [ [ -79.454684555374342, 43.677203638332188 ], [ -79.451292131121136, 43.673236159243686 ], [ -79.45138044041235, 43.67301667524967 ], [ -79.455184303358521, 43.671146153313252 ], [ -79.456389984781666, 43.676894439878502 ], [ -79.454684555374342, 43.677203638332188 ] ] ] } },
{ "type": "Feature", "properties": { "vor_id": 718, "theft_count": 11, "bike_trips": 3807.0, "theft_per_1000_trips": "2.8894142369319673" }, "geometry": { "type": "Polygon", "coordinates": [ [ [ -79.300952339954961, 43.673957153960004 ], [ -79.299334599571068, 43.674418446913187 ], [ -79.297734572821483, 43.667103100395977 ], [ -79.302244088302317, 43.670854882535622 ], [ -79.300952339954961, 43.673957153960004 ] ] ] } },
{ "type": "Feature", "properties": { "vor_id": 719, "theft_count": 49, "bike_trips": 3255.0, "theft_per_1000_trips": "15.053763440860216" }, "geometry": { "type": "Polygon", "coordinates": [ [ [ -79.396857926409353, 43.633929033345751 ], [ -79.399031690027925, 43.634292232663725 ], [ -79.399829359452838, 43.63579399533122 ], [ -79.398235497094234, 43.636376575894047 ], [ -79.398142877342067, 43.636293373439777 ], [ -79.396857926409353, 43.633929033345751 ] ] ] } },
{ "type": "Feature", "properties": { "vor_id": 720, "theft_count": 2, "bike_trips": 6471.0, "theft_per_1000_trips": "0.30907124092103233" }, "geometry": { "type": "Polygon", "coordinates": [ [ [ -79.188633630454689, 43.797395821718155 ], [ -79.190132388944207, 43.796220725684812 ], [ -79.191343070841583, 43.796089721548363 ], [ -79.199929565959266, 43.798380037870118 ], [ -79.198467083331863, 43.799993638791918 ], [ -79.19554412538487, 43.803934791349121 ], [ -79.194950243145669, 43.804925624005215 ], [ -79.188633630454689, 43.797395821718155 ] ] ] } },
{ "type": "Feature", "properties": { "vor_id": 721, "theft_count": 15, "bike_trips": 2381.0, "theft_per_1000_trips": "6.29987400251995" }, "geometry": { "type": "Polygon", "coordinates": [ [ [ -79.417329474573009, 43.693505124142881 ], [ -79.418120121471986, 43.692159185508231 ], [ -79.423698691449829, 43.691287835232046 ], [ -79.424495652632515, 43.69409345960625 ], [ -79.41965874487056, 43.696069193494203 ], [ -79.418892841450727, 43.695653819551829 ], [ -79.417329474573009, 43.693505124142881 ] ] ] } },
{ "type": "Feature", "properties": { "vor_id": 727, "theft_count": 5, "bike_trips": 10932.0, "theft_per_1000_trips": "0.4573728503476034" }, "geometry": { "type": "Polygon", "coordinates": [ [ [ -79.560382031229139, 43.678045476991166 ], [ -79.560380723022959, 43.678167325911978 ], [ -79.554411425003607, 43.687650754809596 ], [ -79.546515729938278, 43.684138894341785 ], [ -79.543303916572583, 43.678521175759073 ], [ -79.547764182840083, 43.669089212500602 ], [ -79.550988834791823, 43.672011866668136 ], [ -79.554929987349027, 43.674934824615129 ], [ -79.559138662158702, 43.677457407217418 ], [ -79.560382031229139, 43.678045476991166 ] ] ] } },
{ "type": "Feature", "properties": { "vor_id": 729, "theft_count": 16, "bike_trips": 1101.0, "theft_per_1000_trips": "14.532243415077202" }, "geometry": { "type": "Polygon", "coordinates": [ [ [ -79.421070218593925, 43.660948633014947 ], [ -79.420501207459708, 43.65829351568469 ], [ -79.420547368260728, 43.658159508648978 ], [ -79.421775076199353, 43.657685792122237 ], [ -79.422890478465419, 43.657798707801916 ], [ -79.423258499656029, 43.659629478784886 ], [ -79.422961693481525, 43.660779644448709 ], [ -79.422345397607373, 43.661263366751776 ], [ -79.421070218593925, 43.660948633014947 ] ] ] } },
{ "type": "Feature", "properties": { "vor_id": 730, "theft_count": 46, "bike_trips": 1052.0, "theft_per_1000_trips": "43.72623574144487" }, "geometry": { "type": "Polygon", "coordinates": [ [ [ -79.382196713039477, 43.655428010962304 ], [ -79.380736682110353, 43.65474300877716 ], [ -79.380718680267364, 43.653917888914044 ], [ -79.381958461467789, 43.653398930539659 ], [ -79.382940856061239, 43.654435895664875 ], [ -79.382196713039477, 43.655428010962304 ] ] ] } },
{ "type": "Feature", "properties": { "vor_id": 731, "theft_count": 15, "bike_trips": 2278.0, "theft_per_1000_trips": "6.584723441615452" }, "geometry": { "type": "Polygon", "coordinates": [ [ [ -79.41718504003768, 43.670291740387 ], [ -79.419171348479253, 43.669519948179527 ], [ -79.419889947637742, 43.669694625968958 ], [ -79.419950417193306, 43.669738367437589 ], [ -79.419576456882936, 43.67314611479069 ], [ -79.417164751262504, 43.671193101157883 ], [ -79.41718504003768, 43.670291740387 ] ] ] } },
{ "type": "Feature", "properties": { "vor_id": 733, "theft_count": 2, "bike_trips": 6720.0, "theft_per_1000_trips": "0.29761904761904767" }, "geometry": { "type": "Polygon", "coordinates": [ [ [ -79.361805984371358, 43.771338911509382 ], [ -79.356444459482887, 43.764963433327928 ], [ -79.364987573231431, 43.764968145628792 ], [ -79.365224376332534, 43.770180013976727 ], [ -79.363565291704305, 43.77129475843077 ], [ -79.361805984371358, 43.771338911509382 ] ] ] } },
{ "type": "Feature", "properties": { "vor_id": 734, "theft_count": 9, "bike_trips": 3871.0, "theft_per_1000_trips": "2.324980625161457" }, "geometry": { "type": "Polygon", "coordinates": [ [ [ -79.345715421008748, 43.681191825168504 ], [ -79.345657256418079, 43.683321146837301 ], [ -79.343333619135123, 43.682682527487167 ], [ -79.344066925763755, 43.681036921497522 ], [ -79.345553631935189, 43.680994765493381 ], [ -79.345715421008748, 43.681191825168504 ] ] ] } },
{ "type": "Feature", "properties": { "vor_id": 735, "theft_count": 22, "bike_trips": 2088.0, "theft_per_1000_trips": "10.536398467432951" }, "geometry": { "type": "Polygon", "coordinates": [ [ [ -79.383583895613995, 43.667362188388637 ], [ -79.385706262338402, 43.666441319850207 ], [ -79.385822640661601, 43.666985823457296 ], [ -79.385281147061661, 43.667209728531425 ], [ -79.383813528119958, 43.667816582108223 ], [ -79.383704025772033, 43.667599900332398 ], [ -79.383583895613995, 43.667362188388637 ] ] ] } },
{ "type": "Feature", "properties": { "vor_id": 736, "theft_count": 26, "bike_trips": 3837.0, "theft_per_1000_trips": "6.776127182694814" }, "geometry": { "type": "Polygon", "coordinates": [ [ [ -79.319063602716142, 43.675119473501347 ], [ -79.315129830673811, 43.676742613681647 ], [ -79.315010434126648, 43.676525718108444 ], [ -79.316580989461514, 43.671707976067182 ], [ -79.319739354615379, 43.670402590106029 ], [ -79.320473923866061, 43.673687315828822 ], [ -79.319063602716142, 43.675119473501347 ] ] ] } },
{ "type": "Feature", "properties": { "vor_id": 738, "theft_count": 10, "bike_trips": 1270.0, "theft_per_1000_trips": "7.874015748031496" }, "geometry": { "type": "Polygon", "coordinates": [ [ [ -79.306854705406977, 43.673363842079993 ], [ -79.306342826372301, 43.673377298841295 ], [ -79.305558407000788, 43.6704849122805 ], [ -79.307901740637249, 43.670288163510698 ], [ -79.308686116286623, 43.670451082671129 ], [ -79.308820059348236, 43.670719697020409 ], [ -79.308043134740259, 43.672878323825557 ], [ -79.306854705406977, 43.673363842079993 ] ] ] } },
{ "type": "Feature", "properties": { "vor_id": 739, "theft_count": 9, "bike_trips": 6254.0, "theft_per_1000_trips": "1.439078989446754" }, "geometry": { "type": "Polygon", "coordinates": [ [ [ -79.227836674340338, 43.737786449063478 ], [ -79.230944831002276, 43.741622969526539 ], [ -79.228569712508985, 43.751387476646826 ], [ -79.228102895136985, 43.75167569681993 ], [ -79.22590342696904, 43.75165133768057 ], [ -79.227836674340338, 43.737786449063478 ] ] ] } },
{ "type": "Feature", "properties": { "vor_id": 742, "theft_count": 12, "bike_trips": 1047.0, "theft_per_1000_trips": "11.461318051575931" }, "geometry": { "type": "Polygon", "coordinates": [ [ [ -79.391763745976576, 43.666624172350403 ], [ -79.392069519775518, 43.668092941815708 ], [ -79.390625003437222, 43.668674994816286 ], [ -79.389861044558529, 43.668770453365866 ], [ -79.389750529406939, 43.668714577837406 ], [ -79.389446146671744, 43.667079556490783 ], [ -79.389655630949903, 43.666665007921054 ], [ -79.390610369072789, 43.666343868446376 ], [ -79.391763745976576, 43.666624172350403 ] ] ] } },
{ "type": "Feature", "properties": { "vor_id": 743, "theft_count": 14, "bike_trips": 3357.0, "theft_per_1000_trips": "4.1703902293714625" }, "geometry": { "type": "Polygon", "coordinates": [ [ [ -79.434855138634262, 43.638499013324889 ], [ -79.437667132515529, 43.637441943379521 ], [ -79.438195373799374, 43.637759163366745 ], [ -79.438049497876534, 43.638890859728519 ], [ -79.435699140855476, 43.640784811945522 ], [ -79.435413603972407, 43.640761274519193 ], [ -79.434633366321279, 43.639709829070689 ], [ -79.434573637326949, 43.639446059927302 ], [ -79.434855138634262, 43.638499013324889 ] ] ] } },
{ "type": "Feature", "properties": { "vor_id": 745, "theft_count": 4, "bike_trips": 4613.0, "theft_per_1000_trips": "0.8671146759158899" }, "geometry": { "type": "Polygon", "coordinates": [ [ [ -79.208287789162711, 43.753655912731745 ], [ -79.208689896083257, 43.75377712091116 ], [ -79.217912777638844, 43.770760397823317 ], [ -79.208938256409382, 43.767342365300557 ], [ -79.207933246809446, 43.7538064816546 ], [ -79.208287789162711, 43.753655912731745 ] ] ] } },
{ "type": "Feature", "properties": { "vor_id": 747, "theft_count": 25, "bike_trips": 7482.0, "theft_per_1000_trips": "3.3413525795241914" }, "geometry": { "type": "Polygon", "coordinates": [ [ [ -79.350218210556591, 43.757100019615393 ], [ -79.347448527375661, 43.751829436671208 ], [ -79.358740515893601, 43.73937265441333 ], [ -79.366885552335305, 43.735003074270168 ], [ -79.367727084391234, 43.73516921159711 ], [ -79.368284499775967, 43.754208590351844 ], [ -79.351288419340634, 43.758981835834753 ], [ -79.350218210556591, 43.757100019615393 ] ] ] } },
{ "type": "Feature", "properties": { "vor_id": 751, "theft_count": 19, "bike_trips": 1021.0, "theft_per_1000_trips": "18.609206660137122" }, "geometry": { "type": "Polygon", "coordinates": [ [ [ -79.374852708914659, 43.668511528900254 ], [ -79.374993448103069, 43.669426825423493 ], [ -79.374514675135188, 43.670220035476014 ], [ -79.373852578925636, 43.6700283328532 ], [ -79.373503233794651, 43.668529285638442 ], [ -79.373997248, 43.668553555000095 ], [ -79.374852708914659, 43.668511528900254 ] ] ] } },
{ "type": "Feature", "properties": { "vor_id": 752, "theft_count": 31, "bike_trips": 2259.0, "theft_per_1000_trips": "13.722886232846392" }, "geometry": { "type": "Polygon", "coordinates": [ [ [ -79.464938496638155, 43.65581996814052 ], [ -79.463004947335037, 43.646872384004467 ], [ -79.464832151378985, 43.644967993391255 ], [ -79.466580200025888, 43.645370103366034 ], [ -79.467315118539432, 43.648741270495208 ], [ -79.465870990047861, 43.655465595784946 ], [ -79.464998004486745, 43.655838759395031 ], [ -79.464938496638155, 43.65581996814052 ] ] ] } },
{ "type": "Feature", "properties": { "vor_id": 753, "theft_count": 19, "bike_trips": 1095.0, "theft_per_1000_trips": "17.35159817351598" }, "geometry": { "type": "Polygon", "coordinates": [ [ [ -79.415851134631097, 43.641514121060119 ], [ -79.416860640130622, 43.642832038464668 ], [ -79.416035305861641, 43.643613869688863 ], [ -79.414341905453412, 43.643491341927529 ], [ -79.414224052222423, 43.642893473597411 ], [ -79.414490099274175, 43.642023777163914 ], [ -79.415851134631097, 43.641514121060119 ] ] ] } },
{ "type": "Feature", "properties": { "vor_id": 755, "theft_count": 17, "bike_trips": 3592.0, "theft_per_1000_trips": "4.732739420935412" }, "geometry": { "type": "Polygon", "coordinates": [ [ [ -79.432930844879394, 43.703842680270647 ], [ -79.43541146584549, 43.707851856947052 ], [ -79.434093592032667, 43.71137754064199 ], [ -79.432455704494245, 43.713503069828647 ], [ -79.428512640906575, 43.713273253762054 ], [ -79.427113524769766, 43.710517647200177 ], [ -79.42992451429177, 43.704165608769529 ], [ -79.430720330317399, 43.703756719148572 ], [ -79.432930844879394, 43.703842680270647 ] ] ] } },
{ "type": "Feature", "properties": { "vor_id": 756, "theft_count": 5, "bike_trips": 2270.0, "theft_per_1000_trips": "2.2026431718061676" }, "geometry": { "type": "Polygon", "coordinates": [ [ [ -79.449516352296655, 43.667434511666528 ], [ -79.452235627628966, 43.6662563566085 ], [ -79.453754925662224, 43.667925357576038 ], [ -79.451236614860662, 43.670125613116475 ], [ -79.450812255978462, 43.66988377329109 ], [ -79.449798073151342, 43.668704415157087 ], [ -79.449516352296655, 43.667434511666528 ] ] ] } },
{ "type": "Feature", "properties": { "vor_id": 757, "theft_count": 22, "bike_trips": 2088.0, "theft_per_1000_trips": "10.536398467432951" }, "geometry": { "type": "Polygon", "coordinates": [ [ [ -79.384662809551742, 43.661536491841986 ], [ -79.384697811670947, 43.661601256934247 ], [ -79.384800356500349, 43.662088771206321 ], [ -79.383427986170801, 43.662652093048038 ], [ -79.382664855459694, 43.662383018364217 ], [ -79.384662809551742, 43.661536491841986 ] ] ] } },
{ "type": "Feature", "properties": { "vor_id": 758, "theft_count": 26, "bike_trips": 2222.0, "theft_per_1000_trips": "11.701170117011701" }, "geometry": { "type": "Polygon", "coordinates": [ [ [ -79.429626994846615, 43.644281487244115 ], [ -79.431302348427039, 43.646542568862095 ], [ -79.431295305012284, 43.646590815240891 ], [ -79.429657236569412, 43.647666592363535 ], [ -79.427360110758229, 43.646375732596766 ], [ -79.426769672135762, 43.645423139745496 ], [ -79.429626994846615, 43.644281487244115 ] ] ] } },
{ "type": "Feature", "properties": { "vor_id": 759, "theft_count": 9, "bike_trips": 2405.0, "theft_per_1000_trips": "3.7422037422037424" }, "geometry": { "type": "Polygon", "coordinates": [ [ [ -79.419813288390429, 43.705709100526974 ], [ -79.420061629728991, 43.705105272291803 ], [ -79.420779563240472, 43.703862938549321 ], [ -79.424175520436251, 43.702900320519582 ], [ -79.425213376192872, 43.709437326166757 ], [ -79.420284692931332, 43.708191159406553 ], [ -79.419813288390429, 43.705709100526974 ] ] ] } },
{ "type": "Feature", "properties": { "vor_id": 761, "theft_count": 7, "bike_trips": 4405.0, "theft_per_1000_trips": "1.5891032917139616" }, "geometry": { "type": "Polygon", "coordinates": [ [ [ -79.412047807428351, 43.769939950887832 ], [ -79.41901703651088, 43.768272771931898 ], [ -79.419105733321771, 43.76915509411802 ], [ -79.412235022042069, 43.770804675481529 ], [ -79.412047807428351, 43.769939950887832 ] ] ] } },
{ "type": "Feature", "properties": { "vor_id": 762, "theft_count": 0, "bike_trips": 2613.0, "theft_per_1000_trips": "0.0" }, "geometry": { "type": "Polygon", "coordinates": [ [ [ -79.476451162535966, 43.608481670850168 ], [ -79.465914820022761, 43.600999694640201 ], [ -79.464706651763038, 43.600118470543578 ], [ -79.456713170516451, 43.593175284297736 ], [ -79.467585776471253, 43.591175924937794 ], [ -79.479111895824857, 43.600167972650027 ], [ -79.480254526213301, 43.604729608862826 ], [ -79.481907566374346, 43.609349546618354 ], [ -79.482170667142086, 43.609905826453875 ], [ -79.479392757809265, 43.609502648530338 ], [ -79.476451162535966, 43.608481670850168 ] ] ] } },
{ "type": "Feature", "properties": { "vor_id": 764, "theft_count": 7, "bike_trips": 2572.0, "theft_per_1000_trips": "2.7216174183514776" }, "geometry": { "type": "Polygon", "coordinates": [ [ [ -79.345657256418079, 43.683321146837301 ], [ -79.346364875852188, 43.683931850469527 ], [ -79.345971646476102, 43.685696640695518 ], [ -79.341257913944503, 43.685553607738939 ], [ -79.340538046470328, 43.685052360745473 ], [ -79.343333619135123, 43.682682527487167 ], [ -79.345657256418079, 43.683321146837301 ] ] ] } },
{ "type": "Feature", "properties": { "vor_id": 767, "theft_count": 27, "bike_trips": 2093.0, "theft_per_1000_trips": "12.900143334925945" }, "geometry": { "type": "Polygon", "coordinates": [ [ [ -79.38826266096639, 43.669015191343966 ], [ -79.388021811532695, 43.667745116350794 ], [ -79.389446146671744, 43.667079556490783 ], [ -79.389750529406939, 43.668714577837406 ], [ -79.388613423409922, 43.669181390738686 ], [ -79.38826266096639, 43.669015191343966 ] ] ] } },
{ "type": "Feature", "properties": { "vor_id": 768, "theft_count": 12, "bike_trips": 3445.0, "theft_per_1000_trips": "3.4833091436865025" }, "geometry": { "type": "Polygon", "coordinates": [ [ [ -79.504107309322521, 43.674744149769914 ], [ -79.5022471627897, 43.683167181800698 ], [ -79.496567348559012, 43.684359631521524 ], [ -79.48927885305433, 43.677132770392284 ], [ -79.491328850923438, 43.675153333650194 ], [ -79.500148465697379, 43.672785893434437 ], [ -79.504107309322521, 43.674744149769914 ] ] ] } },
{ "type": "Feature", "properties": { "vor_id": 771, "theft_count": 16, "bike_trips": 5730.0, "theft_per_1000_trips": "2.7923211169284468" }, "geometry": { "type": "Polygon", "coordinates": [ [ [ -79.494315448111792, 43.706375134647459 ], [ -79.494069009894105, 43.705800718835548 ], [ -79.498036073834626, 43.697402561199866 ], [ -79.501032778814434, 43.695813713177934 ], [ -79.502516920594033, 43.69626570070605 ], [ -79.505693101457922, 43.703208057175658 ], [ -79.494315448111792, 43.706375134647459 ] ] ] } },
{ "type": "Feature", "properties": { "vor_id": 772, "theft_count": 4, "bike_trips": 1271.0, "theft_per_1000_trips": "3.147128245476003" }, "geometry": { "type": "Polygon", "coordinates": [ [ [ -79.306096641261192, 43.676032715906352 ], [ -79.308634587946315, 43.676231107714671 ], [ -79.308390914111754, 43.677674174651656 ], [ -79.305704611277719, 43.678896170920353 ], [ -79.306096641261192, 43.676032715906352 ] ] ] } },
{ "type": "Feature", "properties": { "vor_id": 775, "theft_count": 15, "bike_trips": 9563.0, "theft_per_1000_trips": "1.5685454355327826" }, "geometry": { "type": "Polygon", "coordinates": [ [ [ -79.53372670077583, 43.698278492872987 ], [ -79.531912945907052, 43.69836518845716 ], [ -79.527277337640086, 43.694295130405763 ], [ -79.524295535022318, 43.688811471655072 ], [ -79.534105455792329, 43.676885747010246 ], [ -79.536500375907949, 43.676699267403428 ], [ -79.543303916572583, 43.678521175759073 ], [ -79.546515729938278, 43.684138894341785 ], [ -79.53372670077583, 43.698278492872987 ] ] ] } },
{ "type": "Feature", "properties": { "vor_id": 776, "theft_count": 23, "bike_trips": 2109.0, "theft_per_1000_trips": "10.905642484589853" }, "geometry": { "type": "Polygon", "coordinates": [ [ [ -79.379641252696729, 43.650279636164775 ], [ -79.379564993228513, 43.649933260974009 ], [ -79.379716070959461, 43.649611609666579 ], [ -79.381287206001147, 43.648948293823373 ], [ -79.381511211914443, 43.649997253722255 ], [ -79.379846984256019, 43.650652939722093 ], [ -79.379641252696729, 43.650279636164775 ] ] ] } },
{ "type": "Feature", "properties": { "vor_id": 777, "theft_count": 23, "bike_trips": 3212.0, "theft_per_1000_trips": "7.160647571606476" }, "geometry": { "type": "Polygon", "coordinates": [ [ [ -79.392447596939277, 43.642828864361874 ], [ -79.392722435179849, 43.642375635089302 ], [ -79.393698652720843, 43.641971953335641 ], [ -79.39412549536344, 43.643607098105107 ], [ -79.3930761540784, 43.644067150798534 ], [ -79.392658126304028, 43.643642334109728 ], [ -79.392447596939277, 43.642828864361874 ] ] ] } },
{ "type": "Feature", "properties": { "vor_id": 779, "theft_count": 3, "bike_trips": 2736.0, "theft_per_1000_trips": "1.0964912280701753" }, "geometry": { "type": "Polygon", "coordinates": [ [ [ -79.368542290091511, 43.769738634545959 ], [ -79.368516340145732, 43.770528422117984 ], [ -79.365952153422739, 43.77040429246577 ], [ -79.365224376332534, 43.770180013976727 ], [ -79.364987573231431, 43.764968145628792 ], [ -79.367323047996621, 43.76443329615882 ], [ -79.368542290091511, 43.769738634545959 ] ] ] } },
{ "type": "Feature", "properties": { "vor_id": 781, "theft_count": 27, "bike_trips": 2122.0, "theft_per_1000_trips": "12.723845428840715" }, "geometry": { "type": "Polygon", "coordinates": [ [ [ -79.387806140574398, 43.649296148664725 ], [ -79.387643436527355, 43.649479468170604 ], [ -79.385700514556333, 43.649239731783851 ], [ -79.385963975813652, 43.648174182783819 ], [ -79.387218975706418, 43.647655919640229 ], [ -79.388078972510925, 43.648444690309084 ], [ -79.387806140574398, 43.649296148664725 ] ] ] } },
{ "type": "Feature", "properties": { "vor_id": 782, "theft_count": 36, "bike_trips": 3510.0, "theft_per_1000_trips": "10.256410256410257" }, "geometry": { "type": "Polygon", "coordinates": [ [ [ -79.451292131121136, 43.673236159243686 ], [ -79.448178724201227, 43.673962472740818 ], [ -79.447256864901291, 43.670846388131288 ], [ -79.447321204987475, 43.670784415858265 ], [ -79.450812255978462, 43.66988377329109 ], [ -79.451236614860662, 43.670125613116475 ], [ -79.45138044041235, 43.67301667524967 ], [ -79.451292131121136, 43.673236159243686 ] ] ] } },
{ "type": "Feature", "properties": { "vor_id": 783, "theft_count": 21, "bike_trips": 1077.0, "theft_per_1000_trips": "19.498607242339833" }, "geometry": { "type": "Polygon", "coordinates": [ [ [ -79.406094380605481, 43.660997995082198 ], [ -79.404159579030448, 43.661773927822232 ], [ -79.40374769558575, 43.661712711525887 ], [ -79.403528298836363, 43.660041881496632 ], [ -79.404213779884671, 43.659108760566738 ], [ -79.406009992144504, 43.660569957525624 ], [ -79.406094380605481, 43.660997995082198 ] ] ] } },
{ "type": "Feature", "properties": { "vor_id": 784, "theft_count": 16, "bike_trips": 2187.0, "theft_per_1000_trips": "7.315957933241884" }, "geometry": { "type": "Polygon", "coordinates": [ [ [ -79.406625579287422, 43.644754377066057 ], [ -79.403983171742837, 43.643660402410319 ], [ -79.406399648085923, 43.642749008942545 ], [ -79.406728148770142, 43.644394003700313 ], [ -79.406718853783033, 43.644717930126092 ], [ -79.406625579287422, 43.644754377066057 ] ] ] } },
{ "type": "Feature", "properties": { "vor_id": 785, "theft_count": 40, "bike_trips": 3331.0, "theft_per_1000_trips": "12.008405884118885" }, "geometry": { "type": "Polygon", "coordinates": [ [ [ -79.435380814098565, 43.657234574875659 ], [ -79.436080247941064, 43.657494797026672 ], [ -79.438374997672796, 43.660727624477268 ], [ -79.437210376360554, 43.662515049977074 ], [ -79.435208997785054, 43.662150900060574 ], [ -79.434337713137197, 43.658356410918607 ], [ -79.435380814098565, 43.657234574875659 ] ] ] } },
{ "type": "Feature", "properties": { "vor_id": 786, "theft_count": 12, "bike_trips": 2435.0, "theft_per_1000_trips": "4.9281314168377826" }, "geometry": { "type": "Polygon", "coordinates": [ [ [ -79.403588476635349, 43.701758969323983 ], [ -79.402404733996903, 43.704913636637087 ], [ -79.402330456783119, 43.704976603148857 ], [ -79.39925506062545, 43.705009211648544 ], [ -79.39874391786509, 43.702608999379713 ], [ -79.398880849915471, 43.7021773571281 ], [ -79.400804240435235, 43.699837746873534 ], [ -79.400872573343804, 43.699771288746952 ], [ -79.401938339322911, 43.699725772069087 ], [ -79.403571958488186, 43.701693362892385 ], [ -79.403588476635349, 43.701758969323983 ] ] ] } },
{ "type": "Feature", "properties": { "vor_id": 787, "theft_count": 12, "bike_trips": 3864.0, "theft_per_1000_trips": "3.105590062111801" }, "geometry": { "type": "Polygon", "coordinates": [ [ [ -79.341966608064908, 43.677425415530863 ], [ -79.342052727191117, 43.677487810938651 ], [ -79.342562521617879, 43.680109469836694 ], [ -79.340016679870601, 43.681028286677133 ], [ -79.339592226363806, 43.678891280384796 ], [ -79.341966608064908, 43.677425415530863 ] ] ] } },
{ "type": "Feature", "properties": { "vor_id": 791, "theft_count": 2, "bike_trips": 3611.0, "theft_per_1000_trips": "0.5538631957906397" }, "geometry": { "type": "Polygon", "coordinates": [ [ [ -79.396463711134899, 43.68424450014588 ], [ -79.39603901382317, 43.683070503148954 ], [ -79.396028661896565, 43.683016512426548 ], [ -79.402091956705974, 43.680545842624724 ], [ -79.403293434211392, 43.681621265197492 ], [ -79.39656375559511, 43.684418556314519 ], [ -79.396463711134899, 43.68424450014588 ] ] ] } },
{ "type": "Feature", "properties": { "vor_id": 792, "theft_count": 7, "bike_trips": 5252.0, "theft_per_1000_trips": "1.3328255902513328" }, "geometry": { "type": "Polygon", "coordinates": [ [ [ -79.468238414994715, 43.723755069294569 ], [ -79.466545912051089, 43.726453174506545 ], [ -79.452125753501619, 43.729844708064185 ], [ -79.455099474008989, 43.72415470697284 ], [ -79.468283621845515, 43.721039967030734 ], [ -79.4683684870745, 43.72111827973356 ], [ -79.468238414994715, 43.723755069294569 ] ] ] } },
{ "type": "Feature", "properties": { "vor_id": 793, "theft_count": 8, "bike_trips": 6786.0, "theft_per_1000_trips": "1.1788977306218684" }, "geometry": { "type": "Polygon", "coordinates": [ [ [ -79.536500375907949, 43.676699267403428 ], [ -79.534184632563111, 43.655769223968008 ], [ -79.53455016788493, 43.655632797896338 ], [ -79.537611546515578, 43.654814978286637 ], [ -79.538612435782582, 43.656931180841298 ], [ -79.541135018384878, 43.66113985565098 ], [ -79.544057976331871, 43.665081008208183 ], [ -79.547353159940684, 43.66871668305933 ], [ -79.547764182840083, 43.669089212500602 ], [ -79.543303916572583, 43.678521175759073 ], [ -79.536500375907949, 43.676699267403428 ] ] ] } },
{ "type": "Feature", "properties": { "vor_id": 794, "theft_count": 26, "bike_trips": 2272.0, "theft_per_1000_trips": "11.443661971830986" }, "geometry": { "type": "Polygon", "coordinates": [ [ [ -79.401515991154113, 43.674913861684864 ], [ -79.402458515244291, 43.67349920970819 ], [ -79.404562911935955, 43.673921985484967 ], [ -79.405764518405363, 43.674741774716374 ], [ -79.405779128376821, 43.675298656650646 ], [ -79.404193175162348, 43.676271713949724 ], [ -79.402483484344387, 43.676546423012262 ], [ -79.401515991154113, 43.674913861684864 ] ] ] } },
{ "type": "Feature", "properties": { "vor_id": 796, "theft_count": 68, "bike_trips": 2180.0, "theft_per_1000_trips": "31.19266055045872" }, "geometry": { "type": "Polygon", "coordinates": [ [ [ -79.415150505535266, 43.635382626229323 ], [ -79.415491967904686, 43.63586426681379 ], [ -79.414994338481208, 43.638561897019997 ], [ -79.412788991519932, 43.639406167641027 ], [ -79.412250405523039, 43.636706648688012 ], [ -79.415150505535266, 43.635382626229323 ] ] ] } },
{ "type": "Feature", "properties": { "vor_id": 797, "theft_count": 7, "bike_trips": 2198.0, "theft_per_1000_trips": "3.1847133757961785" }, "geometry": { "type": "Polygon", "coordinates": [ [ [ -79.417747531566931, 43.642700290335576 ], [ -79.41843001096143, 43.642675155843065 ], [ -79.418775937114489, 43.644422134267167 ], [ -79.416406546310043, 43.645364217461889 ], [ -79.416339710828453, 43.645049097337257 ], [ -79.417747531566931, 43.642700290335576 ] ] ] } },
{ "type": "Feature", "properties": { "vor_id": 799, "theft_count": 32, "bike_trips": 7844.0, "theft_per_1000_trips": "4.07955124936257" }, "geometry": { "type": "Polygon", "coordinates": [ [ [ -79.248993002888398, 43.722639474847895 ], [ -79.249277358937505, 43.718976506149637 ], [ -79.254520548074794, 43.711878367743495 ], [ -79.257040543349021, 43.71374732361523 ], [ -79.261249218158696, 43.716269906217519 ], [ -79.265684883381752, 43.718367819625669 ], [ -79.267024899953583, 43.718847285221727 ], [ -79.266565551786442, 43.720073997754781 ], [ -79.256561723049273, 43.725767571210213 ], [ -79.248993002888398, 43.722639474847895 ] ] ] } },
{ "type": "Feature", "properties": { "vor_id": 800, "theft_count": 5, "bike_trips": 4882.0, "theft_per_1000_trips": "1.024170421958214" }, "geometry": { "type": "Polygon", "coordinates": [ [ [ -79.404156735390586, 43.733390730514849 ], [ -79.405745020163579, 43.735380113913436 ], [ -79.401497317425793, 43.741101642332126 ], [ -79.398475525912943, 43.738124494515425 ], [ -79.401313157767774, 43.734058967738932 ], [ -79.404156735390586, 43.733390730514849 ] ] ] } },
{ "type": "Feature", "properties": { "vor_id": 801, "theft_count": 27, "bike_trips": 2613.0, "theft_per_1000_trips": "10.332950631458095" }, "geometry": { "type": "Polygon", "coordinates": [ [ [ -79.486568189289741, 43.621551970752982 ], [ -79.480612588354731, 43.612536533982961 ], [ -79.484585715969303, 43.614753277434524 ], [ -79.486528062384778, 43.617993886651078 ], [ -79.488671921742807, 43.62088454636784 ], [ -79.486568189289741, 43.621551970752982 ] ] ] } },
{ "type": "Feature", "properties": { "vor_id": 803, "theft_count": 13, "bike_trips": 2587.0, "theft_per_1000_trips": "5.025125628140704" }, "geometry": { "type": "Polygon", "coordinates": [ [ [ -79.343149568051885, 43.659408272056297 ], [ -79.343151117381581, 43.659407631840736 ], [ -79.345020807926517, 43.661850047467489 ], [ -79.342805266768778, 43.662745175250976 ], [ -79.342367455768439, 43.660819180329838 ], [ -79.343149568051885, 43.659408272056297 ] ] ] } },
{ "type": "Feature", "properties": { "vor_id": 804, "theft_count": 10, "bike_trips": 4340.0, "theft_per_1000_trips": "2.304147465437788" }, "geometry": { "type": "Polygon", "coordinates": [ [ [ -79.463263544611181, 43.751130297547419 ], [ -79.460257782826986, 43.753494957788632 ], [ -79.457664264442798, 43.740803494128066 ], [ -79.460952003052469, 43.74009652510221 ], [ -79.461081627666957, 43.740155401595182 ], [ -79.463263544611181, 43.751130297547419 ] ] ] } },
{ "type": "Feature", "properties": { "vor_id": 805, "theft_count": 37, "bike_trips": 2061.0, "theft_per_1000_trips": "17.952450266860748" }, "geometry": { "type": "Polygon", "coordinates": [ [ [ -79.372037641470769, 43.650649813458877 ], [ -79.370370125268096, 43.651389163108199 ], [ -79.369449417937446, 43.650723785357442 ], [ -79.371017889475908, 43.650055891563071 ], [ -79.372037641470769, 43.650649813458877 ] ] ] } },
{ "type": "Feature", "properties": { "vor_id": 806, "theft_count": 22, "bike_trips": 2135.0, "theft_per_1000_trips": "10.304449648711945" }, "geometry": { "type": "Polygon", "coordinates": [ [ [ -79.38943664286289, 43.651617112544265 ], [ -79.389103503886972, 43.650058342005927 ], [ -79.389997052418579, 43.649393771497628 ], [ -79.390324274450379, 43.649732988431204 ], [ -79.390468772330053, 43.650382850397904 ], [ -79.390390834248677, 43.651207294408707 ], [ -79.38943664286289, 43.651617112544265 ] ] ] } },
{ "type": "Feature", "properties": { "vor_id": 807, "theft_count": 18, "bike_trips": 3643.0, "theft_per_1000_trips": "4.940982706560527" }, "geometry": { "type": "Polygon", "coordinates": [ [ [ -79.401989845161509, 43.711793459584591 ], [ -79.39992050731091, 43.709924616468435 ], [ -79.399954602324968, 43.708627142297601 ], [ -79.402205789405528, 43.708266129699894 ], [ -79.406143428939799, 43.712966976826571 ], [ -79.401989845161509, 43.711793459584591 ] ] ] } },
{ "type": "Feature", "properties": { "vor_id": 808, "theft_count": 12, "bike_trips": 3411.0, "theft_per_1000_trips": "3.518029903254178" }, "geometry": { "type": "Polygon", "coordinates": [ [ [ -79.467355635601493, 43.6638799497089 ], [ -79.468466341410547, 43.665360012095171 ], [ -79.468429198967172, 43.668129649436906 ], [ -79.464235924312078, 43.665122883828481 ], [ -79.467355635601493, 43.6638799497089 ] ] ] } },
{ "type": "Feature", "properties": { "vor_id": 811, "theft_count": 13, "bike_trips": 6310.0, "theft_per_1000_trips": "2.0602218700475436" }, "geometry": { "type": "Polygon", "coordinates": [ [ [ -79.22983996630542, 43.727884729115431 ], [ -79.208151225183443, 43.713894199372994 ], [ -79.232764820353026, 43.696574648246518 ], [ -79.234447683104491, 43.699832878901816 ], [ -79.237574306189302, 43.727823196075654 ], [ -79.236860118397018, 43.728258121235008 ], [ -79.22983996630542, 43.727884729115431 ] ] ] } },
{ "type": "Feature", "properties": { "vor_id": 812, "theft_count": 16, "bike_trips": 2239.0, "theft_per_1000_trips": "7.146047342563644" }, "geometry": { "type": "Polygon", "coordinates": [ [ [ -79.452631954607838, 43.6575411440799 ], [ -79.453698590002702, 43.659847626229933 ], [ -79.453564042904418, 43.660698054735612 ], [ -79.451963972417545, 43.661895262667372 ], [ -79.451517571683468, 43.659775253196322 ], [ -79.452389653801319, 43.657228052030973 ], [ -79.452631954607838, 43.6575411440799 ] ] ] } },
{ "type": "Feature", "properties": { "vor_id": 815, "theft_count": 10, "bike_trips": 4413.0, "theft_per_1000_trips": "2.266032177656923" }, "geometry": { "type": "Polygon", "coordinates": [ [ [ -79.421587617183803, 43.792909451140162 ], [ -79.423234524592701, 43.794102832400966 ], [ -79.42299116671596, 43.795530757263826 ], [ -79.416966089677487, 43.796931881092718 ], [ -79.417986848106381, 43.792378830715755 ], [ -79.418387188656396, 43.792279996390334 ], [ -79.421587617183803, 43.792909451140162 ] ] ] } },
{ "type": "Feature", "properties": { "vor_id": 818, "theft_count": 13, "bike_trips": 2603.0, "theft_per_1000_trips": "4.994237418363427" }, "geometry": { "type": "Polygon", "coordinates": [ [ [ -79.35499352043071, 43.687536198458915 ], [ -79.355034282557952, 43.687498306913831 ], [ -79.362366699668613, 43.687765181098086 ], [ -79.362980830742785, 43.68782726342684 ], [ -79.364040749004573, 43.690576940732427 ], [ -79.362028940203658, 43.694473709320953 ], [ -79.357921476788789, 43.697576495753296 ], [ -79.354228283943385, 43.691338409026258 ], [ -79.35499352043071, 43.687536198458915 ] ] ] } },
{ "type": "Feature", "properties": { "vor_id": 822, "theft_count": 40, "bike_trips": 5943.0, "theft_per_1000_trips": "6.7306074373212175" }, "geometry": { "type": "Polygon", "coordinates": [ [ [ -79.388040708806514, 43.765501725176328 ], [ -79.392859352757924, 43.767704639666682 ], [ -79.389659227116681, 43.771041306259718 ], [ -79.386065001376963, 43.769122278576233 ], [ -79.385984519301658, 43.768661063650576 ], [ -79.388040708806514, 43.765501725176328 ] ] ] } },
{ "type": "Feature", "properties": { "vor_id": 823, "theft_count": 10, "bike_trips": 2213.0, "theft_per_1000_trips": "4.518752824220515" }, "geometry": { "type": "Polygon", "coordinates": [ [ [ -79.426554868188077, 43.652096797461375 ], [ -79.426436994690903, 43.650380916076728 ], [ -79.426531060230616, 43.650170152837298 ], [ -79.428702065298168, 43.649485167674229 ], [ -79.429436309776094, 43.650974801208406 ], [ -79.426554868188077, 43.652096797461375 ] ] ] } },
{ "type": "Feature", "properties": { "vor_id": 825, "theft_count": 15, "bike_trips": 1100.0, "theft_per_1000_trips": "13.636363636363635" }, "geometry": { "type": "Polygon", "coordinates": [ [ [ -79.425207005553673, 43.666812252467466 ], [ -79.424841877254508, 43.666964411997704 ], [ -79.422258660985264, 43.666355097186511 ], [ -79.421685067232573, 43.665488172509818 ], [ -79.422780167317839, 43.663252705200883 ], [ -79.424498718149181, 43.663456116595484 ], [ -79.425207005553673, 43.666812252467466 ] ] ] } },
{ "type": "Feature", "properties": { "vor_id": 826, "theft_count": 2, "bike_trips": 2288.0, "theft_per_1000_trips": "0.8741258741258742" }, "geometry": { "type": "Polygon", "coordinates": [ [ [ -79.436103103789463, 43.669646037814211 ], [ -79.435899580003834, 43.669515478621967 ], [ -79.435463827614981, 43.66742850019304 ], [ -79.436843138545242, 43.667548721259685 ], [ -79.437195116940771, 43.669239336923539 ], [ -79.436103103789463, 43.669646037814211 ] ] ] } },
{ "type": "Feature", "properties": { "vor_id": 827, "theft_count": 41, "bike_trips": 2155.0, "theft_per_1000_trips": "19.02552204176334" }, "geometry": { "type": "Polygon", "coordinates": [ [ [ -79.402461019830071, 43.658338259057828 ], [ -79.401208057836868, 43.658831497813587 ], [ -79.400832957727616, 43.657010460931652 ], [ -79.402172566874725, 43.656937703612556 ], [ -79.402461019830071, 43.658338259057828 ] ] ] } },
{ "type": "Feature", "properties": { "vor_id": 829, "theft_count": 15, "bike_trips": 4122.0, "theft_per_1000_trips": "3.6390101892285296" }, "geometry": { "type": "Polygon", "coordinates": [ [ [ -79.372213574819284, 43.652778900162083 ], [ -79.373936049514384, 43.652073701886998 ], [ -79.374011237610745, 43.652264537419562 ], [ -79.373187703107646, 43.653804571672133 ], [ -79.372635305243151, 43.653458748344455 ], [ -79.372225260148198, 43.652952644389714 ], [ -79.372213574819284, 43.652778900162083 ] ] ] } },
{ "type": "Feature", "properties": { "vor_id": 832, "theft_count": 13, "bike_trips": 2427.0, "theft_per_1000_trips": "5.356407086938607" }, "geometry": { "type": "Polygon", "coordinates": [ [ [ -79.396602726520541, 43.686508856183863 ], [ -79.400280282555428, 43.689766750422081 ], [ -79.399907183714774, 43.691627341205816 ], [ -79.398366206797675, 43.692215484215183 ], [ -79.396428775131795, 43.692132819807171 ], [ -79.396068406976468, 43.689026858316083 ], [ -79.396536966850221, 43.686587390153825 ], [ -79.396602726520541, 43.686508856183863 ] ] ] } },
{ "type": "Feature", "properties": { "vor_id": 833, "theft_count": 11, "bike_trips": 1184.0, "theft_per_1000_trips": "9.29054054054054" }, "geometry": { "type": "Polygon", "coordinates": [ [ [ -79.421910113109163, 43.687327533195315 ], [ -79.422804329144284, 43.686380626128383 ], [ -79.423860630004825, 43.687142859002854 ], [ -79.425313409632807, 43.690306582338472 ], [ -79.423780582999981, 43.691211245937374 ], [ -79.421910113109163, 43.687327533195315 ] ] ] } },
{ "type": "Feature", "properties": { "vor_id": 834, "theft_count": 41, "bike_trips": 2091.0, "theft_per_1000_trips": "19.607843137254903" }, "geometry": { "type": "Polygon", "coordinates": [ [ [ -79.387241129599701, 43.669288249626064 ], [ -79.387572175137535, 43.669288472485867 ], [ -79.387834765324214, 43.670789375011147 ], [ -79.387182437665842, 43.670672422832631 ], [ -79.386976999058348, 43.669643146564347 ], [ -79.387241129599701, 43.669288249626064 ] ] ] } },
{ "type": "Feature", "properties": { "vor_id": 835, "theft_count": 26, "bike_trips": 3918.0, "theft_per_1000_trips": "6.636038795303726" }, "geometry": { "type": "Polygon", "coordinates": [ [ [ -79.465914820022761, 43.600999694640201 ], [ -79.484814046395655, 43.622811367010627 ], [ -79.483881688718796, 43.623417109456689 ], [ -79.478844099223295, 43.619543934465298 ], [ -79.464706651763038, 43.600118470543578 ], [ -79.465914820022761, 43.600999694640201 ] ] ] } },
{ "type": "Feature", "properties": { "vor_id": 836, "theft_count": 24, "bike_trips": 2073.0, "theft_per_1000_trips": "11.577424023154848" }, "geometry": { "type": "Polygon", "coordinates": [ [ [ -79.37820536926408, 43.653161005891484 ], [ -79.378189155376404, 43.65316762368748 ], [ -79.377099657274954, 43.652195564781053 ], [ -79.377036722654893, 43.651902145488926 ], [ -79.37816203576115, 43.651418969109805 ], [ -79.378319466437787, 43.651576818657496 ], [ -79.378483758790722, 43.65231937873363 ], [ -79.37820536926408, 43.653161005891484 ] ] ] } },
{ "type": "Feature", "properties": { "vor_id": 837, "theft_count": 54, "bike_trips": 5242.0, "theft_per_1000_trips": "10.301411674933231" }, "geometry": { "type": "Polygon", "coordinates": [ [ [ -79.377377881934706, 43.647185744857396 ], [ -79.376119076534295, 43.646621260226134 ], [ -79.375512241185561, 43.645284493981507 ], [ -79.37728922651452, 43.644522849014095 ], [ -79.377843931383737, 43.644825915541759 ], [ -79.377751487480595, 43.646586010833744 ], [ -79.377717844179628, 43.646920526881566 ], [ -79.377377881934706, 43.647185744857396 ] ] ] } },
{ "type": "Feature", "properties": { "vor_id": 838, "theft_count": 15, "bike_trips": 1099.0, "theft_per_1000_trips": "13.64877161055505" }, "geometry": { "type": "Polygon", "coordinates": [ [ [ -79.413136983930357, 43.668682700947656 ], [ -79.412783894914426, 43.667096843289876 ], [ -79.413381957810245, 43.666226772052937 ], [ -79.414632036248761, 43.666244902286941 ], [ -79.414755073931957, 43.666289295873717 ], [ -79.415902701010083, 43.667805316775492 ], [ -79.41341429928778, 43.668778814606412 ], [ -79.413136983930357, 43.668682700947656 ] ] ] } },
{ "type": "Feature", "properties": { "vor_id": 840, "theft_count": 12, "bike_trips": 2278.0, "theft_per_1000_trips": "5.267778753292362" }, "geometry": { "type": "Polygon", "coordinates": [ [ [ -79.424564109010845, 43.669051269811995 ], [ -79.4252067441912, 43.670303140039891 ], [ -79.425075421267664, 43.671466580374712 ], [ -79.42349580963868, 43.673420873530198 ], [ -79.423115302139863, 43.673623458096856 ], [ -79.422396333490042, 43.669969517963608 ], [ -79.424564109010845, 43.669051269811995 ] ] ] } },
{ "type": "Feature", "properties": { "vor_id": 841, "theft_count": 0, "bike_trips": 1103.0, "theft_per_1000_trips": "0.0" }, "geometry": { "type": "Polygon", "coordinates": [ [ [ -79.416339710828453, 43.645049097337257 ], [ -79.416406546310043, 43.645364217461889 ], [ -79.416363555362736, 43.645737217032391 ], [ -79.415794587433382, 43.645958580776529 ], [ -79.416339710828453, 43.645049097337257 ] ] ] } },
{ "type": "Feature", "properties": { "vor_id": 842, "theft_count": 20, "bike_trips": 2577.0, "theft_per_1000_trips": "7.760962359332558" }, "geometry": { "type": "Polygon", "coordinates": [ [ [ -79.341966608064908, 43.677425415530863 ], [ -79.339592226363806, 43.678891280384796 ], [ -79.337857981381831, 43.677864920559387 ], [ -79.336426196579467, 43.674911484539287 ], [ -79.341921245716762, 43.674050375749388 ], [ -79.341966608064908, 43.677425415530863 ] ] ] } },
{ "type": "Feature", "properties": { "vor_id": 843, "theft_count": 26, "bike_trips": 3572.0, "theft_per_1000_trips": "7.278835386338186" }, "geometry": { "type": "Polygon", "coordinates": [ [ [ -79.441595437527397, 43.698878977664023 ], [ -79.442875612147176, 43.7002016761543 ], [ -79.444554170150781, 43.703471927584204 ], [ -79.444420340263477, 43.703788121372575 ], [ -79.439998929520911, 43.705551269557105 ], [ -79.439813910807004, 43.705453682282425 ], [ -79.43845785102566, 43.703222954521635 ], [ -79.438464943593061, 43.703209271272961 ], [ -79.440964748412398, 43.699037585619784 ], [ -79.441595437527397, 43.698878977664023 ] ] ] } },
{ "type": "Feature", "properties": { "vor_id": 845, "theft_count": 15, "bike_trips": 2589.0, "theft_per_1000_trips": "5.793742757821553" }, "geometry": { "type": "Polygon", "coordinates": [ [ [ -79.349617102591765, 43.661495002171705 ], [ -79.34841898762933, 43.661445815480953 ], [ -79.347822071990279, 43.661421310065471 ], [ -79.347735427912028, 43.661036105553606 ], [ -79.347507389432621, 43.660022286110632 ], [ -79.348812430093503, 43.659026841096491 ], [ -79.349617102591765, 43.661495002171705 ] ] ] } },
{ "type": "Feature", "properties": { "vor_id": 850, "theft_count": 13, "bike_trips": 5609.0, "theft_per_1000_trips": "2.3177036904974146" }, "geometry": { "type": "Polygon", "coordinates": [ [ [ -79.578355685023624, 43.749768679764884 ], [ -79.588640765431592, 43.74485611063082 ], [ -79.590386452192632, 43.747370376689965 ], [ -79.590538131244628, 43.753986922884849 ], [ -79.585217108795149, 43.756521495321927 ], [ -79.578355685023624, 43.749768679764884 ] ] ] } },
{ "type": "Feature", "properties": { "vor_id": 852, "theft_count": 26, "bike_trips": 7175.0, "theft_per_1000_trips": "3.6236933797909407" }, "geometry": { "type": "Polygon", "coordinates": [ [ [ -79.424175520436251, 43.702900320519582 ], [ -79.424483718861609, 43.700472575926177 ], [ -79.427336677844835, 43.701010196396567 ], [ -79.42992451429177, 43.704165608769529 ], [ -79.427113524769766, 43.710517647200177 ], [ -79.425213376192872, 43.709437326166757 ], [ -79.424175520436251, 43.702900320519582 ] ] ] } },
{ "type": "Feature", "properties": { "vor_id": 854, "theft_count": 5, "bike_trips": 4553.0, "theft_per_1000_trips": "1.098177026136613" }, "geometry": { "type": "Polygon", "coordinates": [ [ [ -79.458746184761736, 43.665599767346983 ], [ -79.462059744669276, 43.666523320082923 ], [ -79.462225883382501, 43.669366096275823 ], [ -79.459727885293276, 43.670719563977194 ], [ -79.458746184761736, 43.665599767346983 ] ] ] } },
{ "type": "Feature", "properties": { "vor_id": 855, "theft_count": 35, "bike_trips": 2041.0, "theft_per_1000_trips": "17.1484566389025" }, "geometry": { "type": "Polygon", "coordinates": [ [ [ -79.362674730850173, 43.655068105828626 ], [ -79.362722953715803, 43.653437123523084 ], [ -79.364756160202035, 43.652569824637681 ], [ -79.364895669406323, 43.652763465829231 ], [ -79.364199762787024, 43.654508887502239 ], [ -79.362800046035744, 43.655106262732005 ], [ -79.362674730850173, 43.655068105828626 ] ] ] } },
{ "type": "Feature", "properties": { "vor_id": 857, "theft_count": 9, "bike_trips": 4944.0, "theft_per_1000_trips": "1.8203883495145632" }, "geometry": { "type": "Polygon", "coordinates": [ [ [ -79.367727084391234, 43.73516921159711 ], [ -79.366885552335305, 43.735003074270168 ], [ -79.36288638290273, 43.729442794265616 ], [ -79.36493445275697, 43.715231793782991 ], [ -79.366835267259034, 43.714832575590606 ], [ -79.371827810637058, 43.717891509757372 ], [ -79.37391805830454, 43.733846195684848 ], [ -79.367727084391234, 43.73516921159711 ] ] ] } },
{ "type": "Feature", "properties": { "vor_id": 860, "theft_count": 6, "bike_trips": 2146.0, "theft_per_1000_trips": "2.7958993476234855" }, "geometry": { "type": "Polygon", "coordinates": [ [ [ -79.391944855043221, 43.640724771743024 ], [ -79.392266386995459, 43.639602826891171 ], [ -79.39282051262623, 43.639465117384496 ], [ -79.39306847875136, 43.640937238115995 ], [ -79.392466322199311, 43.641185935375916 ], [ -79.391944855043221, 43.640724771743024 ] ] ] } },
{ "type": "Feature", "properties": { "vor_id": 861, "theft_count": 0, "bike_trips": 6264.0, "theft_per_1000_trips": "0.0" }, "geometry": { "type": "Polygon", "coordinates": [ [ [ -79.298755010200978, 43.771669149004254 ], [ -79.302284310120598, 43.775012538908044 ], [ -79.301510906, 43.774974544 ], [ -79.296610048983524, 43.775215307666393 ], [ -79.291756389899192, 43.775935279979841 ], [ -79.28932437154117, 43.776544468865467 ], [ -79.289113372844966, 43.776015354726979 ], [ -79.290444317251556, 43.774293478130183 ], [ -79.293837332285662, 43.771672061137274 ], [ -79.298755010200978, 43.771669149004254 ] ] ] } },
{ "type": "Feature", "properties": { "vor_id": 862, "theft_count": 25, "bike_trips": 6219.0, "theft_per_1000_trips": "4.019938896928767" }, "geometry": { "type": "Polygon", "coordinates": [ [ [ -79.379290868495843, 43.733970790140106 ], [ -79.382185433139668, 43.736147887415385 ], [ -79.385937068522011, 43.749262162711709 ], [ -79.380801691723988, 43.757140778638465 ], [ -79.376486029521672, 43.759807403452832 ], [ -79.374782713839778, 43.759970278193926 ], [ -79.373318592424923, 43.759607569812601 ], [ -79.368284499775967, 43.754208590351844 ], [ -79.367727084391234, 43.73516921159711 ], [ -79.37391805830454, 43.733846195684848 ], [ -79.379290868495843, 43.733970790140106 ] ] ] } },
{ "type": "Feature", "properties": { "vor_id": 866, "theft_count": 8, "bike_trips": 6139.0, "theft_per_1000_trips": "1.303143834500733" }, "geometry": { "type": "Polygon", "coordinates": [ [ [ -79.304398446332058, 43.750409466302102 ], [ -79.288935294059812, 43.742703269081183 ], [ -79.302008373356955, 43.738852370874746 ], [ -79.304398446332058, 43.750409466302102 ] ] ] } },
{ "type": "Feature", "properties": { "vor_id": 868, "theft_count": 4, "bike_trips": 12289.0, "theft_per_1000_trips": "0.3254943445357637" }, "geometry": { "type": "Polygon", "coordinates": [ [ [ -79.2903041701788, 43.759555094512713 ], [ -79.292564568511651, 43.75639609074382 ], [ -79.302656923723461, 43.758881134708965 ], [ -79.303015150766228, 43.759600647603214 ], [ -79.298755010200978, 43.771669149004254 ], [ -79.293837332285662, 43.771672061137274 ], [ -79.29271310394607, 43.769876258598487 ], [ -79.2903041701788, 43.759555094512713 ] ] ] } },
{ "type": "Feature", "properties": { "vor_id": 870, "theft_count": 39, "bike_trips": 4566.0, "theft_per_1000_trips": "8.541392904073588" }, "geometry": { "type": "Polygon", "coordinates": [ [ [ -79.260130855706379, 43.77284274257611 ], [ -79.25772584011159, 43.780414640349044 ], [ -79.255721816346835, 43.780923065995736 ], [ -79.24963394128757, 43.777172654507652 ], [ -79.255818010629966, 43.770515511538804 ], [ -79.257927381086745, 43.771223997633129 ], [ -79.260130855706379, 43.77284274257611 ] ] ] } },
{ "type": "Feature", "properties": { "vor_id": 871, "theft_count": 12, "bike_trips": 2093.0, "theft_per_1000_trips": "5.733397037744864" }, "geometry": { "type": "Polygon", "coordinates": [ [ [ -79.388472795411573, 43.664934924807859 ], [ -79.386789470669484, 43.665651670958319 ], [ -79.386438437645495, 43.665037954358823 ], [ -79.388559025723211, 43.66415277625687 ], [ -79.388472795411573, 43.664934924807859 ] ] ] } },
{ "type": "Feature", "properties": { "vor_id": 872, "theft_count": 9, "bike_trips": 9612.0, "theft_per_1000_trips": "0.9363295880149812" }, "geometry": { "type": "Polygon", "coordinates": [ [ [ -79.191343070841583, 43.796089721548363 ], [ -79.205503694117894, 43.790986820759279 ], [ -79.205008574532485, 43.793415682245175 ], [ -79.203786863864494, 43.799408913124708 ], [ -79.199929565959266, 43.798380037870118 ], [ -79.191343070841583, 43.796089721548363 ] ] ] } },
{ "type": "Feature", "properties": { "vor_id": 874, "theft_count": 14, "bike_trips": 1055.0, "theft_per_1000_trips": "13.270142180094787" }, "geometry": { "type": "Polygon", "coordinates": [ [ [ -79.385370879713506, 43.649473798938551 ], [ -79.384679926098812, 43.649300106155152 ], [ -79.38447167038882, 43.648281687689725 ], [ -79.385477434641345, 43.647671744479055 ], [ -79.385963975813652, 43.648174182783819 ], [ -79.385700514556333, 43.649239731783851 ], [ -79.385370879713506, 43.649473798938551 ] ] ] } },
{ "type": "Feature", "properties": { "vor_id": 876, "theft_count": 12, "bike_trips": 2472.0, "theft_per_1000_trips": "4.854368932038835" }, "geometry": { "type": "Polygon", "coordinates": [ [ [ -79.333386576126415, 43.713047944893695 ], [ -79.345167172476366, 43.707850262967533 ], [ -79.345364101911358, 43.714153773350255 ], [ -79.337901655053699, 43.717266902988918 ], [ -79.33307157203609, 43.715811661809369 ], [ -79.332806065979398, 43.713839836231159 ], [ -79.333386576126415, 43.713047944893695 ] ] ] } },
{ "type": "Feature", "properties": { "vor_id": 877, "theft_count": 21, "bike_trips": 3329.0, "theft_per_1000_trips": "6.308200660859116" }, "geometry": { "type": "Polygon", "coordinates": [ [ [ -79.431123847066772, 43.650652831453108 ], [ -79.429876927944548, 43.651542471800774 ], [ -79.429436309776094, 43.650974801208406 ], [ -79.428702065298168, 43.649485167674229 ], [ -79.42876228589563, 43.649207383292016 ], [ -79.429657236569412, 43.647666592363535 ], [ -79.431295305012284, 43.646590815240891 ], [ -79.431315564066551, 43.646614141941072 ], [ -79.431123847066772, 43.650652831453108 ] ] ] } },
{ "type": "Feature", "properties": { "vor_id": 884, "theft_count": 20, "bike_trips": 3648.0, "theft_per_1000_trips": "5.482456140350877" }, "geometry": { "type": "Polygon", "coordinates": [ [ [ -79.391991448003822, 43.693794445078701 ], [ -79.391444620511976, 43.692413295287366 ], [ -79.393019017764786, 43.690219687305877 ], [ -79.396068406976468, 43.689026858316083 ], [ -79.396428775131795, 43.692132819807171 ], [ -79.394003944899993, 43.693375874166669 ], [ -79.391991448003822, 43.693794445078701 ] ] ] } },
{ "type": "Feature", "properties": { "vor_id": 885, "theft_count": 25, "bike_trips": 3383.0, "theft_per_1000_trips": "7.389890629618682" }, "geometry": { "type": "Polygon", "coordinates": [ [ [ -79.467499832221591, 43.660826069979748 ], [ -79.466867433229453, 43.661680243520081 ], [ -79.463176259536397, 43.661866290782712 ], [ -79.461696615081536, 43.660436330877417 ], [ -79.46551680877657, 43.658192482454524 ], [ -79.467150557241567, 43.659366304499713 ], [ -79.467499832221591, 43.660826069979748 ] ] ] } },
{ "type": "Feature", "properties": { "vor_id": 886, "theft_count": 28, "bike_trips": 2217.0, "theft_per_1000_trips": "12.629679747406405" }, "geometry": { "type": "Polygon", "coordinates": [ [ [ -79.427526440212574, 43.654650793669852 ], [ -79.428536739966418, 43.65490493929078 ], [ -79.429498989292426, 43.655171328930329 ], [ -79.429985014908013, 43.656037545178705 ], [ -79.429033748726496, 43.657149372930192 ], [ -79.426462411429071, 43.658163660095603 ], [ -79.425003876415261, 43.656252016031544 ], [ -79.426089148256551, 43.65521017043082 ], [ -79.427526440212574, 43.654650793669852 ] ] ] } },
{ "type": "Feature", "properties": { "vor_id": 887, "theft_count": 17, "bike_trips": 4382.0, "theft_per_1000_trips": "3.8795070743952533" }, "geometry": { "type": "Polygon", "coordinates": [ [ [ -79.428127492559511, 43.784430258335803 ], [ -79.427702341030141, 43.784360749269226 ], [ -79.423971606292923, 43.782420308024747 ], [ -79.42194309476703, 43.773341321634767 ], [ -79.425091993977674, 43.773267288527009 ], [ -79.432044224806091, 43.774795611721288 ], [ -79.432007943979727, 43.774940452899195 ], [ -79.431287971666279, 43.77979411198352 ], [ -79.431228786356144, 43.780998856647933 ], [ -79.428127492559511, 43.784430258335803 ] ] ] } },
{ "type": "Feature", "properties": { "vor_id": 888, "theft_count": 10, "bike_trips": 5327.0, "theft_per_1000_trips": "1.8772292096865029" }, "geometry": { "type": "Polygon", "coordinates": [ [ [ -79.345207293736109, 43.655203896610047 ], [ -79.345082942052755, 43.654146498712649 ], [ -79.346771449577275, 43.648188713545444 ], [ -79.347507388301153, 43.648068068317009 ], [ -79.34831421055749, 43.649282721494515 ], [ -79.351656793747566, 43.656168259863001 ], [ -79.351451326480401, 43.65655604951268 ], [ -79.350934543991443, 43.657212012288809 ], [ -79.349556153393237, 43.658308100840237 ], [ -79.348847132093525, 43.658464505741577 ], [ -79.345556940455666, 43.655688227168802 ], [ -79.345207293736109, 43.655203896610047 ] ] ] } },
{ "type": "Feature", "properties": { "vor_id": 890, "theft_count": 33, "bike_trips": 3823.0, "theft_per_1000_trips": "8.631964425843577" }, "geometry": { "type": "Polygon", "coordinates": [ [ [ -79.322410952412966, 43.691025036670055 ], [ -79.319323265445689, 43.697152538013391 ], [ -79.312578791266475, 43.69169113802424 ], [ -79.315018748521467, 43.68714869481753 ], [ -79.316819181925624, 43.685628352361377 ], [ -79.31955966945641, 43.687399377533502 ], [ -79.322410952412966, 43.691025036670055 ] ] ] } },
{ "type": "Feature", "properties": { "vor_id": 891, "theft_count": 19, "bike_trips": 2147.0, "theft_per_1000_trips": "8.849557522123893" }, "geometry": { "type": "Polygon", "coordinates": [ [ [ -79.403697058922731, 43.66883028473346 ], [ -79.402802716388663, 43.669513797521645 ], [ -79.40259357590925, 43.669241818160252 ], [ -79.401946066372957, 43.666282760785528 ], [ -79.402072900926626, 43.666066847830663 ], [ -79.403140309754122, 43.666281762568794 ], [ -79.403697058922731, 43.66883028473346 ] ] ] } },
{ "type": "Feature", "properties": { "vor_id": 892, "theft_count": 2, "bike_trips": 6575.0, "theft_per_1000_trips": "0.3041825095057034" }, "geometry": { "type": "Polygon", "coordinates": [ [ [ -79.523590293619421, 43.602920139582842 ], [ -79.528094867297597, 43.603925767340783 ], [ -79.530301068947466, 43.613833835077166 ], [ -79.523056457593881, 43.614460200424375 ], [ -79.515251239912146, 43.606586573611054 ], [ -79.518353649334216, 43.604211346342389 ], [ -79.523590293619421, 43.602920139582842 ] ] ] } },
{ "type": "Feature", "properties": { "vor_id": 893, "theft_count": 86, "bike_trips": 3205.0, "theft_per_1000_trips": "26.83307332293292" }, "geometry": { "type": "Polygon", "coordinates": [ [ [ -79.376259658336892, 43.642199402577113 ], [ -79.375866848703453, 43.641847870339284 ], [ -79.371556744591828, 43.630334245391843 ], [ -79.374463487216019, 43.629970052560196 ], [ -79.378468030050229, 43.640723265726045 ], [ -79.376259658336892, 43.642199402577113 ] ] ] } },
{ "type": "Feature", "properties": { "vor_id": 894, "theft_count": 30, "bike_trips": 34562.0, "theft_per_1000_trips": "0.8680053237659857" }, "geometry": { "type": "MultiPolygon", "coordinates": [ [ [ [ -79.594851953699489, 43.648553940572342 ], [ -79.597564175312769, 43.668628813555685 ], [ -79.598322465187223, 43.674241398028784 ], [ -79.594851953699489, 43.648553940572342 ] ] ], [ [ [ -79.582143932844716, 43.706115480034015 ], [ -79.577579565237073, 43.705590168685269 ], [ -79.572197924335583, 43.704970797660962 ], [ -79.565537213209822, 43.701719853798835 ], [ -79.554411425003607, 43.687650754809596 ], [ -79.560380723022959, 43.678167325911978 ], [ -79.56059304661369, 43.678145279835228 ], [ -79.563574327381758, 43.679555320625568 ], [ -79.568194265137279, 43.681208360786613 ], [ -79.572953982899193, 43.68240060802016 ], [ -79.577807641983526, 43.683120580333608 ], [ -79.582708499, 43.683361344 ], [ -79.587609356016486, 43.683120580333608 ], [ -79.592463015100819, 43.68240060802016 ], [ -79.597222732862733, 43.681208360786613 ], [ -79.599169623239618, 43.680511752270988 ], [ -79.601287871742116, 43.696190253403302 ], [ -79.590965052519451, 43.701542146804236 ], [ -79.582143932844716, 43.706115480034015 ] ] ] ] } },
{ "type": "Feature", "properties": { "vor_id": 895, "theft_count": 18, "bike_trips": 6302.0, "theft_per_1000_trips": "2.856236115518883" }, "geometry": { "type": "Polygon", "coordinates": [ [ [ -79.254520548074794, 43.711878367743495 ], [ -79.249277358937505, 43.718976506149637 ], [ -79.234447683104491, 43.699832878901816 ], [ -79.232764820353026, 43.696574648246518 ], [ -79.238859664611269, 43.692285962826475 ], [ -79.239226980370887, 43.692580629466505 ], [ -79.240722991782576, 43.695743679841399 ], [ -79.243245574384872, 43.699952354651082 ], [ -79.246168532331865, 43.703893507208285 ], [ -79.249463715940678, 43.707529182059432 ], [ -79.253099390791817, 43.710824365668238 ], [ -79.254520548074794, 43.711878367743495 ] ] ] } },
{ "type": "Feature", "properties": { "vor_id": 897, "theft_count": 10, "bike_trips": 4390.0, "theft_per_1000_trips": "2.277904328018223" }, "geometry": { "type": "Polygon", "coordinates": [ [ [ -79.419931192053539, 43.782522331943369 ], [ -79.418525320204807, 43.776195748067202 ], [ -79.420966211102794, 43.772882943228907 ], [ -79.42194309476703, 43.773341321634767 ], [ -79.423971606292923, 43.782420308024747 ], [ -79.419931192053539, 43.782522331943369 ] ] ] } },
{ "type": "Feature", "properties": { "vor_id": 899, "theft_count": 3, "bike_trips": 1075.0, "theft_per_1000_trips": "2.7906976744186047" }, "geometry": { "type": "Polygon", "coordinates": [ [ [ -79.407699878906953, 43.67155010993006 ], [ -79.406956636854758, 43.671263871636995 ], [ -79.406500112865118, 43.669235560176702 ], [ -79.407475546678498, 43.668917050957873 ], [ -79.408450618604547, 43.669625462882358 ], [ -79.407791467300811, 43.67141577640453 ], [ -79.407699878906953, 43.67155010993006 ] ] ] } },
{ "type": "Feature", "properties": { "vor_id": 900, "theft_count": 9, "bike_trips": 2238.0, "theft_per_1000_trips": "4.021447721179625" }, "geometry": { "type": "Polygon", "coordinates": [ [ [ -79.374594449748116, 43.6723541613515 ], [ -79.373531979967723, 43.672977265124473 ], [ -79.373462361952278, 43.67019738752392 ], [ -79.373852578925636, 43.6700283328532 ], [ -79.374514675135188, 43.670220035476014 ], [ -79.374534462169308, 43.670244268447242 ], [ -79.374594449748116, 43.6723541613515 ] ] ] } },
{ "type": "Feature", "properties": { "vor_id": 902, "theft_count": 5, "bike_trips": 1078.0, "theft_per_1000_trips": "4.63821892393321" }, "geometry": { "type": "Polygon", "coordinates": [ [ [ -79.400805048438613, 43.656984522768994 ], [ -79.400591451040526, 43.655958910444149 ], [ -79.40139693064863, 43.65540137754568 ], [ -79.402897519862051, 43.656235430576608 ], [ -79.402769613121322, 43.656403962862775 ], [ -79.402172566874725, 43.656937703612556 ], [ -79.400832957727616, 43.657010460931652 ], [ -79.400805048438613, 43.656984522768994 ] ] ] } },
{ "type": "Feature", "properties": { "vor_id": 903, "theft_count": 29, "bike_trips": 3341.0, "theft_per_1000_trips": "8.680035917390004" }, "geometry": { "type": "Polygon", "coordinates": [ [ [ -79.42617915342008, 43.64027866957737 ], [ -79.425557086097214, 43.639982070975371 ], [ -79.425258623215313, 43.638450214986669 ], [ -79.427188367536786, 43.637712675450302 ], [ -79.427493811604762, 43.639205770329191 ], [ -79.426906311845769, 43.640049742623951 ], [ -79.42617915342008, 43.64027866957737 ] ] ] } },
{ "type": "Feature", "properties": { "vor_id": 904, "theft_count": 19, "bike_trips": 2221.0, "theft_per_1000_trips": "8.554705087798288" }, "geometry": { "type": "Polygon", "coordinates": [ [ [ -79.429268002060169, 43.663381818982046 ], [ -79.4303383147396, 43.663533791524735 ], [ -79.430815903142999, 43.665639649075707 ], [ -79.429044053880588, 43.666379295413471 ], [ -79.42764164829633, 43.665888884243984 ], [ -79.428000572933286, 43.663912322901943 ], [ -79.429268002060169, 43.663381818982046 ] ] ] } },
{ "type": "Feature", "properties": { "vor_id": 905, "theft_count": 14, "bike_trips": 8785.0, "theft_per_1000_trips": "1.5936254980079683" }, "geometry": { "type": "Polygon", "coordinates": [ [ [ -79.3262319151805, 43.745348375282909 ], [ -79.32251907019365, 43.7426969155837 ], [ -79.333222283183289, 43.725166460093902 ], [ -79.333928089600633, 43.725011357523762 ], [ -79.342059482192212, 43.730159465325634 ], [ -79.3262319151805, 43.745348375282909 ] ] ] } },
{ "type": "Feature", "properties": { "vor_id": 906, "theft_count": 9, "bike_trips": 2146.0, "theft_per_1000_trips": "4.193849021435228" }, "geometry": { "type": "Polygon", "coordinates": [ [ [ -79.39306847875136, 43.640937238115995 ], [ -79.39282051262623, 43.639465117384496 ], [ -79.393553695660401, 43.639165794156312 ], [ -79.393910130659904, 43.640916063863678 ], [ -79.39306847875136, 43.640937238115995 ] ] ] } },
{ "type": "Feature", "properties": { "vor_id": 908, "theft_count": 6, "bike_trips": 5658.0, "theft_per_1000_trips": "1.0604453870625663" }, "geometry": { "type": "Polygon", "coordinates": [ [ [ -79.490395908747558, 43.767305190252614 ], [ -79.488550291304392, 43.775752182356349 ], [ -79.47660602161028, 43.771568438911181 ], [ -79.473122719322305, 43.768370355565011 ], [ -79.483535832365959, 43.759798750560954 ], [ -79.4890220820308, 43.760788277719136 ], [ -79.490395908747558, 43.767305190252614 ] ] ] } },
{ "type": "Feature", "properties": { "vor_id": 909, "theft_count": 27, "bike_trips": 7541.0, "theft_per_1000_trips": "3.580426999071741" }, "geometry": { "type": "Polygon", "coordinates": [ [ [ -79.361625059716189, 43.702122309846594 ], [ -79.36281353905099, 43.707975654699631 ], [ -79.362319508732625, 43.708372210818915 ], [ -79.358374316455595, 43.709953970947943 ], [ -79.356912415489248, 43.708835720186997 ], [ -79.35094396524417, 43.703194190410734 ], [ -79.357298436569479, 43.698502634917368 ], [ -79.361625059716189, 43.702122309846594 ] ] ] } },
{ "type": "Feature", "properties": { "vor_id": 910, "theft_count": 27, "bike_trips": 1037.0, "theft_per_1000_trips": "26.036644165863066" }, "geometry": { "type": "Polygon", "coordinates": [ [ [ -79.377973977709459, 43.653446200884432 ], [ -79.378356180754324, 43.655247443814361 ], [ -79.377556154538752, 43.65557320223585 ], [ -79.377213010229823, 43.655488320741526 ], [ -79.376854397145962, 43.653933398157321 ], [ -79.376993478293286, 43.653849813194213 ], [ -79.377973977709459, 43.653446200884432 ] ] ] } },
{ "type": "Feature", "properties": { "vor_id": 911, "theft_count": 22, "bike_trips": 1304.0, "theft_per_1000_trips": "16.87116564417178" }, "geometry": { "type": "Polygon", "coordinates": [ [ [ -79.475196482818532, 43.627452256780124 ], [ -79.469654552483163, 43.622234493670419 ], [ -79.479185357712439, 43.625074117197457 ], [ -79.478181681950034, 43.628388369665984 ], [ -79.475196482818532, 43.627452256780124 ] ] ] } },
{ "type": "Feature", "properties": { "vor_id": 912, "theft_count": 43, "bike_trips": 4168.0, "theft_per_1000_trips": "10.316698656429942" }, "geometry": { "type": "Polygon", "coordinates": [ [ [ -79.367088894026026, 43.64690036070121 ], [ -79.366580542993532, 43.646948789816292 ], [ -79.36338637594433, 43.646157444101739 ], [ -79.35676190032342, 43.64077390190112 ], [ -79.363335300796606, 43.635240626754879 ], [ -79.367383321893115, 43.646669400925617 ], [ -79.367088894026026, 43.64690036070121 ] ] ] } },
{ "type": "Feature", "properties": { "vor_id": 913, "theft_count": 9, "bike_trips": 2199.0, "theft_per_1000_trips": "4.092769440654843" }, "geometry": { "type": "Polygon", "coordinates": [ [ [ -79.419950417193306, 43.669738367437589 ], [ -79.419889947637742, 43.669694625968958 ], [ -79.41954116107496, 43.667946604991116 ], [ -79.421981324693576, 43.667009119435249 ], [ -79.42151638382299, 43.66913600919483 ], [ -79.419950417193306, 43.669738367437589 ] ] ] } },
{ "type": "Feature", "properties": { "vor_id": 914, "theft_count": 28, "bike_trips": 8169.0, "theft_per_1000_trips": "3.4275921165381322" }, "geometry": { "type": "Polygon", "coordinates": [ [ [ -79.479857158836964, 43.702638864673894 ], [ -79.478842167180332, 43.716948545226252 ], [ -79.469812833210455, 43.720711513663623 ], [ -79.4683684870745, 43.72111827973356 ], [ -79.468283621845515, 43.721039967030734 ], [ -79.465282197939771, 43.716109174501021 ], [ -79.464325035779865, 43.713288809015303 ], [ -79.462528952865696, 43.705122373303077 ], [ -79.46419989302052, 43.703726746423207 ], [ -79.470920640859617, 43.70013191412216 ], [ -79.479857158836964, 43.702638864673894 ] ] ] } },
{ "type": "Feature", "properties": { "vor_id": 917, "theft_count": 37, "bike_trips": 2147.0, "theft_per_1000_trips": "17.233348858872848" }, "geometry": { "type": "Polygon", "coordinates": [ [ [ -79.399250754041432, 43.668448731122119 ], [ -79.398875782663595, 43.666683032168095 ], [ -79.399859612686654, 43.666281479410621 ], [ -79.400571089962753, 43.666832121678048 ], [ -79.400779591110776, 43.667837897677245 ], [ -79.399250754041432, 43.668448731122119 ] ] ] } },
{ "type": "Feature", "properties": { "vor_id": 919, "theft_count": 18, "bike_trips": 10034.0, "theft_per_1000_trips": "1.7939007374925253" }, "geometry": { "type": "Polygon", "coordinates": [ [ [ -79.317107159568323, 43.722850197240582 ], [ -79.319765176946049, 43.719345658208255 ], [ -79.325481864859896, 43.720399705161284 ], [ -79.333222283183289, 43.725166460093902 ], [ -79.32251907019365, 43.7426969155837 ], [ -79.321706506583865, 43.74237633582046 ], [ -79.321299299996127, 43.742128896420596 ], [ -79.315044096268608, 43.733491249296669 ], [ -79.317107159568323, 43.722850197240582 ] ] ] } },
{ "type": "Feature", "properties": { "vor_id": 920, "theft_count": 12, "bike_trips": 2199.0, "theft_per_1000_trips": "5.457025920873124" }, "geometry": { "type": "Polygon", "coordinates": [ [ [ -79.421685067232573, 43.665488172509818 ], [ -79.422258660985264, 43.666355097186511 ], [ -79.421981324693576, 43.667009119435249 ], [ -79.41954116107496, 43.667946604991116 ], [ -79.419028686656802, 43.667457348451549 ], [ -79.419821419605029, 43.665303645455012 ], [ -79.420281969325742, 43.665176181117189 ], [ -79.421685067232573, 43.665488172509818 ] ] ] } },
{ "type": "Feature", "properties": { "vor_id": 921, "theft_count": 16, "bike_trips": 4439.0, "theft_per_1000_trips": "3.604415408875873" }, "geometry": { "type": "Polygon", "coordinates": [ [ [ -79.406586057058519, 43.763428628882281 ], [ -79.403192684102891, 43.762605035801997 ], [ -79.402845370569466, 43.761611025584308 ], [ -79.404671471958949, 43.759470974949302 ], [ -79.40755192782288, 43.759763517005943 ], [ -79.408296786632562, 43.761397438802462 ], [ -79.406586057058519, 43.763428628882281 ] ] ] } },
{ "type": "Feature", "properties": { "vor_id": 922, "theft_count": 16, "bike_trips": 2155.0, "theft_per_1000_trips": "7.424593967517401" }, "geometry": { "type": "Polygon", "coordinates": [ [ [ -79.402769613121322, 43.656403962862775 ], [ -79.403178052951162, 43.65845570995328 ], [ -79.402461019830071, 43.658338259057828 ], [ -79.402172566874725, 43.656937703612556 ], [ -79.402769613121322, 43.656403962862775 ] ] ] } },
{ "type": "Feature", "properties": { "vor_id": 925, "theft_count": 2, "bike_trips": 7464.0, "theft_per_1000_trips": "0.2679528403001072" }, "geometry": { "type": "Polygon", "coordinates": [ [ [ -79.365952153422739, 43.77040429246577 ], [ -79.365643047227465, 43.772841112254497 ], [ -79.363565291704305, 43.77129475843077 ], [ -79.365224376332534, 43.770180013976727 ], [ -79.365952153422739, 43.77040429246577 ] ] ] } },
{ "type": "Feature", "properties": { "vor_id": 926, "theft_count": 24, "bike_trips": 3809.0, "theft_per_1000_trips": "6.300866369125755" }, "geometry": { "type": "Polygon", "coordinates": [ [ [ -79.299760822009333, 43.679275754845946 ], [ -79.298671624878907, 43.67469227162286 ], [ -79.299334599571068, 43.674418446913187 ], [ -79.300952339954961, 43.673957153960004 ], [ -79.30237772813814, 43.674981979009395 ], [ -79.302941859298329, 43.677749107503232 ], [ -79.300374458525496, 43.679841395560658 ], [ -79.299760822009333, 43.679275754845946 ] ] ] } },
{ "type": "Feature", "properties": { "vor_id": 927, "theft_count": 13, "bike_trips": 17206.0, "theft_per_1000_trips": "0.7555503893990468" }, "geometry": { "type": "Polygon", "coordinates": [ [ [ -79.383441381755162, 43.794264715431531 ], [ -79.383074403464221, 43.784374507316521 ], [ -79.385725026644565, 43.783785660084348 ], [ -79.400050362841, 43.788527277343299 ], [ -79.403967997963179, 43.793415668396307 ], [ -79.403862710079068, 43.812260153999468 ], [ -79.394912245097757, 43.814268221011453 ], [ -79.383441381755162, 43.794264715431531 ] ] ] } },
{ "type": "Feature", "properties": { "vor_id": 930, "theft_count": 12, "bike_trips": 2958.0, "theft_per_1000_trips": "4.056795131845842" }, "geometry": { "type": "Polygon", "coordinates": [ [ [ -79.408637275190685, 43.765642977326898 ], [ -79.406586057058519, 43.763428628882281 ], [ -79.408296786632562, 43.761397438802462 ], [ -79.409471835229581, 43.761813981671899 ], [ -79.409740658973604, 43.762300008705949 ], [ -79.409904751434922, 43.763141965414015 ], [ -79.40972941987404, 43.764482981232931 ], [ -79.409147017998734, 43.765481329533451 ], [ -79.408637275190685, 43.765642977326898 ] ] ] } },
{ "type": "Feature", "properties": { "vor_id": 932, "theft_count": 0, "bike_trips": 1306.0, "theft_per_1000_trips": "0.0" }, "geometry": { "type": "Polygon", "coordinates": [ [ [ -79.479392757809265, 43.609502648530338 ], [ -79.482170667142086, 43.609905826453875 ], [ -79.48250734935732, 43.610617681188948 ], [ -79.479392757809265, 43.609502648530338 ] ] ] } },
{ "type": "Feature", "properties": { "vor_id": 933, "theft_count": 9, "bike_trips": 4297.0, "theft_per_1000_trips": "2.094484524086572" }, "geometry": { "type": "Polygon", "coordinates": [ [ [ -79.522240623135119, 43.735118577024288 ], [ -79.504947594833766, 43.739421783571871 ], [ -79.502348146720863, 43.72795759406219 ], [ -79.516780097397088, 43.731029776955694 ], [ -79.522240623135119, 43.735118577024288 ] ] ] } },
{ "type": "Feature", "properties": { "vor_id": 934, "theft_count": 14, "bike_trips": 2033.0, "theft_per_1000_trips": "6.886374815543531" }, "geometry": { "type": "Polygon", "coordinates": [ [ [ -79.361051631536313, 43.657572605441551 ], [ -79.358798711025244, 43.65746446532345 ], [ -79.358594628443115, 43.656534056488312 ], [ -79.359338952657794, 43.655751032809022 ], [ -79.361127086953147, 43.655799315557083 ], [ -79.361051631536313, 43.657572605441551 ] ] ] } },
{ "type": "Feature", "properties": { "vor_id": 935, "theft_count": 33, "bike_trips": 1073.0, "theft_per_1000_trips": "30.75489282385834" }, "geometry": { "type": "Polygon", "coordinates": [ [ [ -79.397520175986187, 43.666331087450004 ], [ -79.39709805764852, 43.666074679722769 ], [ -79.397264152594389, 43.665351124631968 ], [ -79.399377806476551, 43.664495112093022 ], [ -79.400084437332879, 43.665361974628446 ], [ -79.399859612686654, 43.666281479410621 ], [ -79.398875782663595, 43.666683032168095 ], [ -79.397520175986187, 43.666331087450004 ] ] ] } },
{ "type": "Feature", "properties": { "vor_id": 936, "theft_count": 12, "bike_trips": 23632.0, "theft_per_1000_trips": "0.5077860528097495" }, "geometry": { "type": "Polygon", "coordinates": [ [ [ -79.362505964455138, 43.797172496542814 ], [ -79.363152099734023, 43.79804251603553 ], [ -79.354519639314049, 43.823330438379116 ], [ -79.351463816856111, 43.824016022456043 ], [ -79.348531970918657, 43.824673791982377 ], [ -79.34813023611737, 43.823399471776895 ], [ -79.345488354780869, 43.801717347894801 ], [ -79.345699456957064, 43.801600256054414 ], [ -79.356523681650643, 43.795596393787186 ], [ -79.362505964455138, 43.797172496542814 ] ] ] } },
{ "type": "Feature", "properties": { "vor_id": 937, "theft_count": 11, "bike_trips": 1184.0, "theft_per_1000_trips": "9.29054054054054" }, "geometry": { "type": "Polygon", "coordinates": [ [ [ -79.422785448361353, 43.685855294916955 ], [ -79.422930882032261, 43.685557380634727 ], [ -79.425946815114912, 43.684340020199912 ], [ -79.426619403065416, 43.684650163107122 ], [ -79.426958971916562, 43.685507212887622 ], [ -79.42686242419822, 43.685953383805931 ], [ -79.423860630004825, 43.687142859002854 ], [ -79.422804329144284, 43.686380626128383 ], [ -79.422785448361353, 43.685855294916955 ] ] ] } },
{ "type": "Feature", "properties": { "vor_id": 939, "theft_count": 24, "bike_trips": 1055.0, "theft_per_1000_trips": "22.748815165876778" }, "geometry": { "type": "Polygon", "coordinates": [ [ [ -79.38167079469406, 43.650173069428604 ], [ -79.383252357036696, 43.649542427049937 ], [ -79.383551316391191, 43.649792194868866 ], [ -79.38352907669524, 43.650109464023771 ], [ -79.381947439534571, 43.650832880539483 ], [ -79.381767029998059, 43.650615770042819 ], [ -79.38167079469406, 43.650173069428604 ] ] ] } },
{ "type": "Feature", "properties": { "vor_id": 941, "theft_count": 18, "bike_trips": 2219.0, "theft_per_1000_trips": "8.111762054979721" }, "geometry": { "type": "Polygon", "coordinates": [ [ [ -79.432360980273941, 43.659342002901532 ], [ -79.432886987730129, 43.661802379291139 ], [ -79.430865291223697, 43.661356394740054 ], [ -79.430510421596551, 43.659765175732588 ], [ -79.432013049508825, 43.659167575715969 ], [ -79.432360980273941, 43.659342002901532 ] ] ] } },
{ "type": "Feature", "properties": { "vor_id": 942, "theft_count": 9, "bike_trips": 2209.0, "theft_per_1000_trips": "4.074241738343142" }, "geometry": { "type": "Polygon", "coordinates": [ [ [ -79.422208617416587, 43.647589703052134 ], [ -79.424902536234029, 43.646548785936929 ], [ -79.425425324898754, 43.648027303645982 ], [ -79.425356218651615, 43.648228472015042 ], [ -79.42370954667085, 43.648891158730557 ], [ -79.422207794014724, 43.647592481831786 ], [ -79.422208617416587, 43.647589703052134 ] ] ] } },
{ "type": "Feature", "properties": { "vor_id": 943, "theft_count": 25, "bike_trips": 2531.0, "theft_per_1000_trips": "9.87751876728566" }, "geometry": { "type": "Polygon", "coordinates": [ [ [ -79.299263972391955, 43.690683994556245 ], [ -79.299638043620206, 43.687651100542688 ], [ -79.302316329011163, 43.68937431660607 ], [ -79.299263972391955, 43.690683994556245 ] ] ] } },
{ "type": "Feature", "properties": { "vor_id": 944, "theft_count": 29, "bike_trips": 1188.0, "theft_per_1000_trips": "24.410774410774412" }, "geometry": { "type": "Polygon", "coordinates": [ [ [ -79.442875612147176, 43.7002016761543 ], [ -79.448373031986932, 43.697909676335627 ], [ -79.448603385260554, 43.697977105642536 ], [ -79.448554457896805, 43.701710770199945 ], [ -79.444554170150781, 43.703471927584204 ], [ -79.442875612147176, 43.7002016761543 ] ] ] } },
{ "type": "Feature", "properties": { "vor_id": 946, "theft_count": 10, "bike_trips": 2033.0, "theft_per_1000_trips": "4.918839153959666" }, "geometry": { "type": "Polygon", "coordinates": [ [ [ -79.358210250572469, 43.6583081871267 ], [ -79.356673122386937, 43.65717867973261 ], [ -79.356828379376324, 43.656638253240651 ], [ -79.358431977626424, 43.656467112585311 ], [ -79.358594628443115, 43.656534056488312 ], [ -79.358798711025244, 43.65746446532345 ], [ -79.358210250572469, 43.6583081871267 ] ] ] } },
{ "type": "Feature", "properties": { "vor_id": 947, "theft_count": 39, "bike_trips": 10139.0, "theft_per_1000_trips": "3.8465331886773844" }, "geometry": { "type": "Polygon", "coordinates": [ [ [ -79.45637182260262, 43.740706684168785 ], [ -79.457194716027772, 43.740768322748181 ], [ -79.457664264442798, 43.740803494128066 ], [ -79.460257782826986, 43.753494957788632 ], [ -79.460103622600087, 43.763094740933312 ], [ -79.450729010630695, 43.756043916506286 ], [ -79.448711971665247, 43.746602368386014 ], [ -79.448403227499014, 43.745157169283651 ], [ -79.45637182260262, 43.740706684168785 ] ] ] } },
{ "type": "Feature", "properties": { "vor_id": 949, "theft_count": 48, "bike_trips": 1301.0, "theft_per_1000_trips": "36.89469638739431" }, "geometry": { "type": "Polygon", "coordinates": [ [ [ -79.350688324138559, 43.687118858530759 ], [ -79.35499352043071, 43.687536198458915 ], [ -79.354228283943385, 43.691338409026258 ], [ -79.351181511171532, 43.689606441301869 ], [ -79.350688324138559, 43.687118858530759 ] ] ] } },
{ "type": "Feature", "properties": { "vor_id": 950, "theft_count": 17, "bike_trips": 3862.0, "theft_per_1000_trips": "4.401864319005696" }, "geometry": { "type": "Polygon", "coordinates": [ [ [ -79.329165980821784, 43.665271482805501 ], [ -79.328583013782108, 43.662717520017814 ], [ -79.328636832401756, 43.662324510544074 ], [ -79.330456570581063, 43.661541961350395 ], [ -79.33122134934068, 43.665011322773083 ], [ -79.329165980821784, 43.665271482805501 ] ] ] } },
{ "type": "Feature", "properties": { "vor_id": 951, "theft_count": 32, "bike_trips": 1067.0, "theft_per_1000_trips": "29.99062792877226" }, "geometry": { "type": "Polygon", "coordinates": [ [ [ -79.391714115730394, 43.646774949039298 ], [ -79.391996855193142, 43.648139089514444 ], [ -79.391305352585533, 43.64841824297357 ], [ -79.391036974414519, 43.648284158251528 ], [ -79.390817246794271, 43.647239374975584 ], [ -79.390840709154176, 43.647134541804306 ], [ -79.391714115730394, 43.646774949039298 ] ] ] } },
{ "type": "Feature", "properties": { "vor_id": 952, "theft_count": 40, "bike_trips": 1072.0, "theft_per_1000_trips": "37.31343283582089" }, "geometry": { "type": "Polygon", "coordinates": [ [ [ -79.39488688751247, 43.662804686310075 ], [ -79.392931269627468, 43.662265388395632 ], [ -79.392979316688127, 43.660911648598834 ], [ -79.39395260302291, 43.660114297702577 ], [ -79.395496581436163, 43.659479322250412 ], [ -79.396123229369678, 43.661557604503606 ], [ -79.395631913451325, 43.66262662367231 ], [ -79.39488688751247, 43.662804686310075 ] ] ] } },
{ "type": "Feature", "properties": { "vor_id": 953, "theft_count": 23, "bike_trips": 2136.0, "theft_per_1000_trips": "10.767790262172285" }, "geometry": { "type": "Polygon", "coordinates": [ [ [ -79.394900403855374, 43.648790729807921 ], [ -79.395080827282271, 43.649654761989026 ], [ -79.395077876454906, 43.649725556787182 ], [ -79.393680550957157, 43.650014280694869 ], [ -79.393422064156866, 43.648876355091446 ], [ -79.394637831578564, 43.648389490187391 ], [ -79.394900403855374, 43.648790729807921 ] ] ] } },
{ "type": "Feature", "properties": { "vor_id": 954, "theft_count": 24, "bike_trips": 5495.0, "theft_per_1000_trips": "4.367606915377616" }, "geometry": { "type": "Polygon", "coordinates": [ [ [ -79.345267842749308, 43.77461743038824 ], [ -79.342258365843193, 43.773604684595547 ], [ -79.340567072664285, 43.771819371808114 ], [ -79.339789726135152, 43.769546511980707 ], [ -79.351679411210085, 43.762115790114848 ], [ -79.35258150708232, 43.763551691269754 ], [ -79.352393336273366, 43.767771026303429 ], [ -79.345267842749308, 43.77461743038824 ] ] ] } },
{ "type": "Feature", "properties": { "vor_id": 956, "theft_count": 9, "bike_trips": 2583.0, "theft_per_1000_trips": "3.484320557491289" }, "geometry": { "type": "Polygon", "coordinates": [ [ [ -79.330809286139768, 43.661200472976937 ], [ -79.331505373823646, 43.661369520802516 ], [ -79.332354395052107, 43.665219161722447 ], [ -79.33122134934068, 43.665011322773083 ], [ -79.330456570581063, 43.661541961350395 ], [ -79.330809286139768, 43.661200472976937 ] ] ] } },
{ "type": "Feature", "properties": { "vor_id": 957, "theft_count": 13, "bike_trips": 2137.0, "theft_per_1000_trips": "6.083294337856809" }, "geometry": { "type": "Polygon", "coordinates": [ [ [ -79.391912715321041, 43.650751527531796 ], [ -79.393143520956329, 43.650239901686447 ], [ -79.393503866333717, 43.651680713151748 ], [ -79.392370459394044, 43.652685712922889 ], [ -79.391540107902699, 43.651534187196006 ], [ -79.391912715321041, 43.650751527531796 ] ] ] } },
{ "type": "Feature", "properties": { "vor_id": 958, "theft_count": 4, "bike_trips": 1104.0, "theft_per_1000_trips": "3.6231884057971016" }, "geometry": { "type": "Polygon", "coordinates": [ [ [ -79.424008269091019, 43.638714178377725 ], [ -79.424906111403914, 43.638367776697145 ], [ -79.425258623215313, 43.638450214986669 ], [ -79.425557086097214, 43.639982070975371 ], [ -79.42434242711002, 43.640375163063787 ], [ -79.424008269091019, 43.638714178377725 ] ] ] } },
{ "type": "Feature", "properties": { "vor_id": 960, "theft_count": 17, "bike_trips": 1025.0, "theft_per_1000_trips": "16.585365853658537" }, "geometry": { "type": "Polygon", "coordinates": [ [ [ -79.366643041992802, 43.652029611766203 ], [ -79.36684416700713, 43.652138871233916 ], [ -79.367340709179075, 43.654303468431173 ], [ -79.366962110306773, 43.654204804584182 ], [ -79.364928453672874, 43.652773654979029 ], [ -79.366643041992802, 43.652029611766203 ] ] ] } },
{ "type": "Feature", "properties": { "vor_id": 962, "theft_count": 8, "bike_trips": 2431.0, "theft_per_1000_trips": "3.290826820238585" }, "geometry": { "type": "Polygon", "coordinates": [ [ [ -79.38877357264991, 43.686804588099996 ], [ -79.385512787945117, 43.679491126288795 ], [ -79.38621209190768, 43.679215043612665 ], [ -79.389109962383216, 43.680451760628969 ], [ -79.39023437812665, 43.683369499616418 ], [ -79.389530333869587, 43.685742033143811 ], [ -79.389144581692008, 43.686512291261558 ], [ -79.38877357264991, 43.686804588099996 ] ] ] } },
{ "type": "Feature", "properties": { "vor_id": 966, "theft_count": 6, "bike_trips": 2358.0, "theft_per_1000_trips": "2.544529262086514" }, "geometry": { "type": "Polygon", "coordinates": [ [ [ -79.465282197939771, 43.716109174501021 ], [ -79.452503997713862, 43.719039192148493 ], [ -79.452200955355849, 43.717634292605446 ], [ -79.453699266138798, 43.715368760237062 ], [ -79.464325035779865, 43.713288809015303 ], [ -79.465282197939771, 43.716109174501021 ] ] ] } },
{ "type": "Feature", "properties": { "vor_id": 968, "theft_count": 9, "bike_trips": 2261.0, "theft_per_1000_trips": "3.9805395842547546" }, "geometry": { "type": "Polygon", "coordinates": [ [ [ -79.464400623926565, 43.644229638363242 ], [ -79.463923776987954, 43.643701259227107 ], [ -79.457530410493945, 43.615248643932553 ], [ -79.469002661956239, 43.631977233383125 ], [ -79.468407128435828, 43.634420198518477 ], [ -79.464400623926565, 43.644229638363242 ] ] ] } },
{ "type": "Feature", "properties": { "vor_id": 969, "theft_count": 26, "bike_trips": 2235.0, "theft_per_1000_trips": "11.6331096196868" }, "geometry": { "type": "Polygon", "coordinates": [ [ [ -79.435699140855476, 43.640784811945522 ], [ -79.438422033430086, 43.642496450123751 ], [ -79.436968346514604, 43.645656283111521 ], [ -79.43392031049747, 43.644074818292495 ], [ -79.433875986467314, 43.643674920493808 ], [ -79.435413603972407, 43.640761274519193 ], [ -79.435699140855476, 43.640784811945522 ] ] ] } },
{ "type": "Feature", "properties": { "vor_id": 972, "theft_count": 6, "bike_trips": 1293.0, "theft_per_1000_trips": "4.640371229698376" }, "geometry": { "type": "Polygon", "coordinates": [ [ [ -79.339605317364899, 43.663073317709141 ], [ -79.33709270011903, 43.664109330980061 ], [ -79.336624457598319, 43.663665848291423 ], [ -79.337641546009351, 43.66201827972619 ], [ -79.339123422902802, 43.662399696148292 ], [ -79.339370024582749, 43.662475768955545 ], [ -79.339605317364899, 43.663073317709141 ] ] ] } },
{ "type": "Feature", "properties": { "vor_id": 973, "theft_count": 5, "bike_trips": 2373.0, "theft_per_1000_trips": "2.1070375052675936" }, "geometry": { "type": "Polygon", "coordinates": [ [ [ -79.444397888738351, 43.695656299984229 ], [ -79.443627216683808, 43.695756703843593 ], [ -79.443152040220298, 43.693019364662042 ], [ -79.44706957236896, 43.691638374861064 ], [ -79.444397888738351, 43.695656299984229 ] ] ] } },
{ "type": "Feature", "properties": { "vor_id": 974, "theft_count": 64, "bike_trips": 2088.0, "theft_per_1000_trips": "30.65134099616858" }, "geometry": { "type": "Polygon", "coordinates": [ [ [ -79.385121382343414, 43.662985011841236 ], [ -79.383753089273441, 43.663553743236001 ], [ -79.383435840750892, 43.663454299792647 ], [ -79.383427986170801, 43.662652093048038 ], [ -79.384800356500349, 43.662088771206321 ], [ -79.384992720756301, 43.662391143435059 ], [ -79.385121382343414, 43.662985011841236 ] ] ] } },
{ "type": "Feature", "properties": { "vor_id": 976, "theft_count": 17, "bike_trips": 2153.0, "theft_per_1000_trips": "7.895959126799815" }, "geometry": { "type": "Polygon", "coordinates": [ [ [ -79.404159579030448, 43.661773927822232 ], [ -79.404478346392963, 43.663359427642249 ], [ -79.403405449605259, 43.663790140328075 ], [ -79.40305958483745, 43.663577543978306 ], [ -79.402750782622363, 43.662102439979826 ], [ -79.40374769558575, 43.661712711525887 ], [ -79.404159579030448, 43.661773927822232 ] ] ] } },
{ "type": "Feature", "properties": { "vor_id": 977, "theft_count": 27, "bike_trips": 1293.0, "theft_per_1000_trips": "20.88167053364269" }, "geometry": { "type": "Polygon", "coordinates": [ [ [ -79.340655319699209, 43.663729950576396 ], [ -79.340116365172847, 43.663682113075147 ], [ -79.339605317364899, 43.663073317709141 ], [ -79.339370024582749, 43.662475768955545 ], [ -79.339664821361026, 43.661948743173653 ], [ -79.340440305789969, 43.661621467705231 ], [ -79.340899375121424, 43.661949644489916 ], [ -79.341224447347329, 43.66350201922981 ], [ -79.340655319699209, 43.663729950576396 ] ] ] } },
{ "type": "Feature", "properties": { "vor_id": 978, "theft_count": 11, "bike_trips": 2380.0, "theft_per_1000_trips": "4.621848739495799" }, "geometry": { "type": "Polygon", "coordinates": [ [ [ -79.431587518621399, 43.699129098879453 ], [ -79.431401596138869, 43.701506192018478 ], [ -79.430720330317399, 43.703756719148572 ], [ -79.42992451429177, 43.704165608769529 ], [ -79.427336677844835, 43.701010196396567 ], [ -79.429336627898934, 43.697482216036136 ], [ -79.431587518621399, 43.699129098879453 ] ] ] } },
{ "type": "Feature", "properties": { "vor_id": 979, "theft_count": 2, "bike_trips": 4521.0, "theft_per_1000_trips": "0.44238000442380004" }, "geometry": { "type": "Polygon", "coordinates": [ [ [ -79.348586269874957, 43.779883170646301 ], [ -79.348763917518298, 43.779901150248797 ], [ -79.347090386403877, 43.788531452031002 ], [ -79.341845322360129, 43.789977702565125 ], [ -79.345603954810755, 43.782181227169332 ], [ -79.347960691075457, 43.780237024453513 ], [ -79.348586269874957, 43.779883170646301 ] ] ] } },
{ "type": "Feature", "properties": { "vor_id": 980, "theft_count": 0, "bike_trips": 3851.0, "theft_per_1000_trips": "0.0" }, "geometry": { "type": "Polygon", "coordinates": [ [ [ -79.333955358987765, 43.681274168777925 ], [ -79.334016369807614, 43.681248327403253 ], [ -79.335017563052602, 43.682187602811176 ], [ -79.332930554040601, 43.685940029171192 ], [ -79.332893570562618, 43.685779850838443 ], [ -79.333858319020166, 43.681928359100908 ], [ -79.333955358987765, 43.681274168777925 ] ] ] } },
{ "type": "Feature", "properties": { "vor_id": 981, "theft_count": 6, "bike_trips": 1231.0, "theft_per_1000_trips": "4.87408610885459" }, "geometry": { "type": "Polygon", "coordinates": [ [ [ -79.364795479338852, 43.711481896716982 ], [ -79.36480311180604, 43.710679422882933 ], [ -79.365010872276585, 43.710322355497738 ], [ -79.366452708908696, 43.709734563180923 ], [ -79.367365652996838, 43.710406022606193 ], [ -79.364795479338852, 43.711481896716982 ] ] ] } },
{ "type": "Feature", "properties": { "vor_id": 982, "theft_count": 21, "bike_trips": 3549.0, "theft_per_1000_trips": "5.9171597633136095" }, "geometry": { "type": "Polygon", "coordinates": [ [ [ -79.309490325076936, 43.669322779816376 ], [ -79.308846962590607, 43.66647838663593 ], [ -79.311678295487837, 43.665307561911575 ], [ -79.312145048630668, 43.665239473613909 ], [ -79.312869013527333, 43.66849485790614 ], [ -79.309490325076936, 43.669322779816376 ] ] ] } },
{ "type": "Feature", "properties": { "vor_id": 987, "theft_count": 9, "bike_trips": 2433.0, "theft_per_1000_trips": "3.6991368680641186" }, "geometry": { "type": "Polygon", "coordinates": [ [ [ -79.397503049730403, 43.696479414594236 ], [ -79.398198679191566, 43.69675614266032 ], [ -79.398474565852212, 43.697438908826484 ], [ -79.393696502379242, 43.698412262757238 ], [ -79.392791770887726, 43.697535496923138 ], [ -79.397503049730403, 43.696479414594236 ] ] ] } },
{ "type": "Feature", "properties": { "vor_id": 989, "theft_count": 17, "bike_trips": 1108.0, "theft_per_1000_trips": "15.342960288808664" }, "geometry": { "type": "Polygon", "coordinates": [ [ [ -79.430674087173244, 43.656215238899755 ], [ -79.432013049508825, 43.659167575715969 ], [ -79.430510421596551, 43.659765175732588 ], [ -79.429582011940326, 43.659830572229254 ], [ -79.429033748726496, 43.657149372930192 ], [ -79.429985014908013, 43.656037545178705 ], [ -79.430674087173244, 43.656215238899755 ] ] ] } },
{ "type": "Feature", "properties": { "vor_id": 990, "theft_count": 15, "bike_trips": 2435.0, "theft_per_1000_trips": "6.160164271047228" }, "geometry": { "type": "Polygon", "coordinates": [ [ [ -79.39974661784521, 43.708323786517482 ], [ -79.399652146894397, 43.707396398140354 ], [ -79.401853736970821, 43.706569472235095 ], [ -79.402205789405528, 43.708266129699894 ], [ -79.399954602324968, 43.708627142297601 ], [ -79.39974661784521, 43.708323786517482 ] ] ] } },
{ "type": "Feature", "properties": { "vor_id": 991, "theft_count": 16, "bike_trips": 3262.0, "theft_per_1000_trips": "4.904966278356836" }, "geometry": { "type": "Polygon", "coordinates": [ [ [ -79.406536962608953, 43.618455908673383 ], [ -79.407427681978035, 43.602238373977301 ], [ -79.412422941088195, 43.601319797685768 ], [ -79.416386701111108, 43.628545074910789 ], [ -79.415150505535266, 43.635382626229323 ], [ -79.412250405523039, 43.636706648688012 ], [ -79.411409899871856, 43.636629538793962 ], [ -79.406536962608953, 43.618455908673383 ] ] ] } },
{ "type": "Feature", "properties": { "vor_id": 992, "theft_count": 15, "bike_trips": 5856.0, "theft_per_1000_trips": "2.5614754098360653" }, "geometry": { "type": "Polygon", "coordinates": [ [ [ -79.427702341030141, 43.784360749269226 ], [ -79.42215782091489, 43.788154783515523 ], [ -79.419559238450461, 43.787941908538365 ], [ -79.419262984106012, 43.787600316004919 ], [ -79.418510417128331, 43.783890257717069 ], [ -79.419780780848996, 43.782589969306962 ], [ -79.419931192053539, 43.782522331943369 ], [ -79.423971606292923, 43.782420308024747 ], [ -79.427702341030141, 43.784360749269226 ] ] ] } },
{ "type": "Feature", "properties": { "vor_id": 996, "theft_count": 15, "bike_trips": 2588.0, "theft_per_1000_trips": "5.795981452859351" }, "geometry": { "type": "Polygon", "coordinates": [ [ [ -79.342129685373919, 43.663422192409854 ], [ -79.342805266768778, 43.662745175250976 ], [ -79.345020807926517, 43.661850047467489 ], [ -79.345542855347418, 43.662124770348335 ], [ -79.345686688857029, 43.662299585227615 ], [ -79.345919514319505, 43.663674911784291 ], [ -79.34407790693686, 43.666048460662395 ], [ -79.342129685373919, 43.663422192409854 ] ] ] } },
{ "type": "Feature", "properties": { "vor_id": 997, "theft_count": 67, "bike_trips": 5151.0, "theft_per_1000_trips": "13.007183071248301" }, "geometry": { "type": "Polygon", "coordinates": [ [ [ -79.373212587313205, 43.646484144559487 ], [ -79.372654904256123, 43.648061001482297 ], [ -79.371493983440033, 43.648538668856105 ], [ -79.370906684600641, 43.648503043369608 ], [ -79.369385265824292, 43.646323169114304 ], [ -79.370189872283248, 43.645411937277828 ], [ -79.372805445453707, 43.645326467877226 ], [ -79.373212587313205, 43.646484144559487 ] ] ] } },
{ "type": "Feature", "properties": { "vor_id": 998, "theft_count": 33, "bike_trips": 1046.0, "theft_per_1000_trips": "31.54875717017208" }, "geometry": { "type": "Polygon", "coordinates": [ [ [ -79.387683529492151, 43.667579804572703 ], [ -79.386740012986991, 43.668445570238013 ], [ -79.386736436488903, 43.668443187543467 ], [ -79.386152400398117, 43.667991162459749 ], [ -79.386304414096486, 43.667222017489095 ], [ -79.38717305921854, 43.666819597034568 ], [ -79.387683529492151, 43.667579804572703 ] ] ] } },
{ "type": "Feature", "properties": { "vor_id": 1000, "theft_count": 8, "bike_trips": 1077.0, "theft_per_1000_trips": "7.428040854224698" }, "geometry": { "type": "Polygon", "coordinates": [ [ [ -79.402750782622363, 43.662102439979826 ], [ -79.40238873269935, 43.66190943636817 ], [ -79.402116520326899, 43.660634500738162 ], [ -79.403528298836363, 43.660041881496632 ], [ -79.40374769558575, 43.661712711525887 ], [ -79.402750782622363, 43.662102439979826 ] ] ] } },
{ "type": "Feature", "properties": { "vor_id": 1001, "theft_count": 4, "bike_trips": 1069.0, "theft_per_1000_trips": "3.7418147801683816" }, "geometry": { "type": "Polygon", "coordinates": [ [ [ -79.397614955830633, 43.651889792300253 ], [ -79.397614345287735, 43.65195393895965 ], [ -79.396988210797119, 43.65291294870115 ], [ -79.396242329996355, 43.652664870444873 ], [ -79.396000381324384, 43.651566552089491 ], [ -79.396227742855359, 43.651191177860859 ], [ -79.397394117180724, 43.651748990658916 ], [ -79.397614955830633, 43.651889792300253 ] ] ] } },
{ "type": "Feature", "properties": { "vor_id": 1002, "theft_count": 10, "bike_trips": 2837.0, "theft_per_1000_trips": "3.5248501938667607" }, "geometry": { "type": "Polygon", "coordinates": [ [ [ -79.286406377007836, 43.688012712593363 ], [ -79.284948035186673, 43.689389249901559 ], [ -79.279469415659008, 43.687593432295039 ], [ -79.279530593274302, 43.686610305480201 ], [ -79.285894473068851, 43.68390491898618 ], [ -79.286608534691311, 43.684266831594044 ], [ -79.286406377007836, 43.688012712593363 ] ] ] } },
{ "type": "Feature", "properties": { "vor_id": 1003, "theft_count": 2, "bike_trips": 2377.0, "theft_per_1000_trips": "0.8413967185527976" }, "geometry": { "type": "Polygon", "coordinates": [ [ [ -79.415426011623907, 43.679483307510814 ], [ -79.41991361935743, 43.677729449732283 ], [ -79.419734850596996, 43.679117679710174 ], [ -79.415943975161866, 43.680587345936011 ], [ -79.415426011623907, 43.679483307510814 ] ] ] } },
{ "type": "Feature", "properties": { "vor_id": 1005, "theft_count": 8, "bike_trips": 1020.0, "theft_per_1000_trips": "7.8431372549019605" }, "geometry": { "type": "Polygon", "coordinates": [ [ [ -79.367656022799238, 43.668099132896671 ], [ -79.367112671417203, 43.668263678360447 ], [ -79.367054698174385, 43.668009934814613 ], [ -79.366939577917023, 43.667506064047963 ], [ -79.368319896930061, 43.666944000873684 ], [ -79.368497967417326, 43.667445806424844 ], [ -79.368576817869581, 43.667820284518072 ], [ -79.367656022799238, 43.668099132896671 ] ] ] } },
{ "type": "Feature", "properties": { "vor_id": 1006, "theft_count": 70, "bike_trips": 2106.0, "theft_per_1000_trips": "33.238366571699906" }, "geometry": { "type": "Polygon", "coordinates": [ [ [ -79.380143888736072, 43.65303103618794 ], [ -79.380139408093711, 43.653029300668479 ], [ -79.379872935441057, 43.651750732498726 ], [ -79.380024315645429, 43.651153874011882 ], [ -79.380344465272685, 43.65122652830506 ], [ -79.381571321269433, 43.651999709055552 ], [ -79.381663921902984, 43.652417342322458 ], [ -79.380143888736072, 43.65303103618794 ] ] ] } },
{ "type": "Feature", "properties": { "vor_id": 1008, "theft_count": 12, "bike_trips": 25338.0, "theft_per_1000_trips": "0.4735969689793985" }, "geometry": { "type": "Polygon", "coordinates": [ [ [ -79.56659342338591, 43.748010122298666 ], [ -79.567886826189223, 43.747596193881769 ], [ -79.573298166024074, 43.749368535035707 ], [ -79.577057171881492, 43.772825962655496 ], [ -79.557844484383509, 43.77725467627684 ], [ -79.56659342338591, 43.748010122298666 ] ] ] } },
{ "type": "Feature", "properties": { "vor_id": 1009, "theft_count": 21, "bike_trips": 1288.0, "theft_per_1000_trips": "16.304347826086957" }, "geometry": { "type": "Polygon", "coordinates": [ [ [ -79.336426196579467, 43.674911484539287 ], [ -79.337857981381831, 43.677864920559387 ], [ -79.336405104892989, 43.679979574685284 ], [ -79.334323242561993, 43.67879409917154 ], [ -79.334578291333614, 43.677074700016583 ], [ -79.334675825013775, 43.675089356347648 ], [ -79.335815923469895, 43.674568547095703 ], [ -79.336426196579467, 43.674911484539287 ] ] ] } },
{ "type": "Feature", "properties": { "vor_id": 1013, "theft_count": 16, "bike_trips": 2075.0, "theft_per_1000_trips": "7.710843373493976" }, "geometry": { "type": "Polygon", "coordinates": [ [ [ -79.377023405811855, 43.657416073678377 ], [ -79.376642228031074, 43.655723566026907 ], [ -79.377213010229823, 43.655488320741526 ], [ -79.377556154538752, 43.65557320223585 ], [ -79.377918554665072, 43.657360901383193 ], [ -79.377023405811855, 43.657416073678377 ] ] ] } },
{ "type": "Feature", "properties": { "vor_id": 1014, "theft_count": 10, "bike_trips": 2199.0, "theft_per_1000_trips": "4.547521600727603" }, "geometry": { "type": "Polygon", "coordinates": [ [ [ -79.417718071412764, 43.667975532886246 ], [ -79.416418433749982, 43.6677716325528 ], [ -79.418181154681221, 43.665191761316017 ], [ -79.419012050830688, 43.665198629016778 ], [ -79.419821419605029, 43.665303645455012 ], [ -79.419028686656802, 43.667457348451549 ], [ -79.417718071412764, 43.667975532886246 ] ] ] } },
{ "type": "Feature", "properties": { "vor_id": 1015, "theft_count": 4, "bike_trips": 4783.0, "theft_per_1000_trips": "0.8362952122099101" }, "geometry": { "type": "Polygon", "coordinates": [ [ [ -79.183564323087637, 43.775639912860917 ], [ -79.185457655305356, 43.774869293995046 ], [ -79.199585199442694, 43.776117626499889 ], [ -79.200379306938828, 43.779184685851689 ], [ -79.195568886382517, 43.782211029987373 ], [ -79.185837627051697, 43.781266232055593 ], [ -79.1800908426261, 43.780708282682838 ], [ -79.180048691866943, 43.779850284269273 ], [ -79.181891704446599, 43.776320697494562 ], [ -79.183564323087637, 43.775639912860917 ] ] ] } },
{ "type": "Feature", "properties": { "vor_id": 1017, "theft_count": 12, "bike_trips": 4604.0, "theft_per_1000_trips": "2.6064291920069507" }, "geometry": { "type": "Polygon", "coordinates": [ [ [ -79.481046695143974, 43.67244424289369 ], [ -79.480580318508586, 43.678889346698526 ], [ -79.479752849160775, 43.679558330138043 ], [ -79.476661205504897, 43.678227639656583 ], [ -79.472343603149312, 43.668768389834405 ], [ -79.472849708545738, 43.668378213284328 ], [ -79.479847635661784, 43.668966421799546 ], [ -79.480502855959216, 43.67001483115888 ], [ -79.481046695143974, 43.67244424289369 ] ] ] } },
{ "type": "Feature", "properties": { "vor_id": 1018, "theft_count": 14, "bike_trips": 3061.0, "theft_per_1000_trips": "4.573668735707285" }, "geometry": { "type": "Polygon", "coordinates": [ [ [ -79.368775096893557, 43.66450574305599 ], [ -79.369715887475266, 43.665401757687015 ], [ -79.369765821113347, 43.665640875169686 ], [ -79.368430458371392, 43.666178806151578 ], [ -79.368343126351121, 43.666142188718155 ], [ -79.367724859091425, 43.665566227667128 ], [ -79.367546017075455, 43.665010104813589 ], [ -79.368775096893557, 43.66450574305599 ] ] ] } },
{ "type": "Feature", "properties": { "vor_id": 1019, "theft_count": 35, "bike_trips": 3334.0, "theft_per_1000_trips": "10.497900419916016" }, "geometry": { "type": "Polygon", "coordinates": [ [ [ -79.436080247941064, 43.657494797026672 ], [ -79.437602427597241, 43.656526239043671 ], [ -79.439806274166699, 43.655682216526863 ], [ -79.440694079201634, 43.656295397282101 ], [ -79.439423021182421, 43.660383203145102 ], [ -79.438374997672796, 43.660727624477268 ], [ -79.436080247941064, 43.657494797026672 ] ] ] } },
{ "type": "Feature", "properties": { "vor_id": 1020, "theft_count": 57, "bike_trips": 2145.0, "theft_per_1000_trips": "26.573426573426573" }, "geometry": { "type": "Polygon", "coordinates": [ [ [ -79.399452221099978, 43.663682547947104 ], [ -79.399377806476551, 43.664495112093022 ], [ -79.397264152594389, 43.665351124631968 ], [ -79.396890661436359, 43.663554199546617 ], [ -79.398506568580061, 43.662895649327979 ], [ -79.399452221099978, 43.663682547947104 ] ] ] } },
{ "type": "Feature", "properties": { "vor_id": 1022, "theft_count": 71, "bike_trips": 1037.0, "theft_per_1000_trips": "68.46673095467695" }, "geometry": { "type": "Polygon", "coordinates": [ [ [ -79.379845437366669, 43.655086165106965 ], [ -79.379247881305901, 43.655117105543951 ], [ -79.378864577473465, 43.653337980676866 ], [ -79.379501685860106, 43.653299871760574 ], [ -79.379845437366669, 43.655086165106965 ] ] ] } },
{ "type": "Feature", "properties": { "vor_id": 1024, "theft_count": 37, "bike_trips": 9390.0, "theft_per_1000_trips": "3.940362087326944" }, "geometry": { "type": "Polygon", "coordinates": [ [ [ -79.334144810944707, 43.785752389368916 ], [ -79.339617808646508, 43.79105555858402 ], [ -79.339834019489672, 43.792893639430886 ], [ -79.340000197556705, 43.794306374877984 ], [ -79.329622903838768, 43.802859693233415 ], [ -79.319384866220204, 43.803198001740206 ], [ -79.32280149396388, 43.787012615146864 ], [ -79.326729091580432, 43.785211421253145 ], [ -79.331440561639056, 43.784996460498739 ], [ -79.332096923556776, 43.784966513995577 ], [ -79.334144810944707, 43.785752389368916 ] ] ] } },
{ "type": "Feature", "properties": { "vor_id": 1026, "theft_count": 40, "bike_trips": 1067.0, "theft_per_1000_trips": "37.48828491096532" }, "geometry": { "type": "Polygon", "coordinates": [ [ [ -79.394506840134383, 43.647770550447419 ], [ -79.394637831578564, 43.648389490187391 ], [ -79.393422064156866, 43.648876355091446 ], [ -79.39279866645137, 43.648962983477496 ], [ -79.392510229940513, 43.648177640413643 ], [ -79.392638254214319, 43.648029464336389 ], [ -79.393857586036333, 43.647541170862162 ], [ -79.394496471138382, 43.647756846509466 ], [ -79.394506840134383, 43.647770550447419 ] ] ] } },
{ "type": "Feature", "properties": { "vor_id": 1027, "theft_count": 22, "bike_trips": 3685.0, "theft_per_1000_trips": "5.970149253731344" }, "geometry": { "type": "Polygon", "coordinates": [ [ [ -79.384975857868824, 43.720912278523286 ], [ -79.384911308331709, 43.720959608510256 ], [ -79.379080247768741, 43.713361818119601 ], [ -79.38244217299453, 43.707440018035129 ], [ -79.384908118198013, 43.706804702990986 ], [ -79.386499788335414, 43.708604381185751 ], [ -79.384975857868824, 43.720912278523286 ] ] ] } },
{ "type": "Feature", "properties": { "vor_id": 1028, "theft_count": 69, "bike_trips": 5875.0, "theft_per_1000_trips": "11.74468085106383" }, "geometry": { "type": "Polygon", "coordinates": [ [ [ -79.412233166908322, 43.785449352539679 ], [ -79.414018730785287, 43.781098046063491 ], [ -79.416813498235115, 43.780463748160003 ], [ -79.419780780848996, 43.782589969306962 ], [ -79.418510417128331, 43.783890257717069 ], [ -79.412233166908322, 43.785449352539679 ] ] ] } },
{ "type": "Feature", "properties": { "vor_id": 1029, "theft_count": 12, "bike_trips": 8981.0, "theft_per_1000_trips": "1.3361541031065582" }, "geometry": { "type": "Polygon", "coordinates": [ [ [ -79.286821821847838, 43.742384007068082 ], [ -79.289928927804283, 43.735688704296876 ], [ -79.296592705607821, 43.729693515487575 ], [ -79.305814354607406, 43.730734878548155 ], [ -79.309956295611372, 43.733155995719954 ], [ -79.302008373356955, 43.738852370874746 ], [ -79.288935294059812, 43.742703269081183 ], [ -79.287119558739576, 43.74256113561065 ], [ -79.286821821847838, 43.742384007068082 ] ] ] } },
{ "type": "Feature", "properties": { "vor_id": 1033, "theft_count": 26, "bike_trips": 2120.0, "theft_per_1000_trips": "12.264150943396228" }, "geometry": { "type": "Polygon", "coordinates": [ [ [ -79.382640872540719, 43.643966328507901 ], [ -79.383637552226503, 43.643736664116418 ], [ -79.385093554468, 43.644083412039031 ], [ -79.384788827744146, 43.644789744158665 ], [ -79.383245035644663, 43.645666297474619 ], [ -79.382970830833003, 43.64548092512657 ], [ -79.382640872540719, 43.643966328507901 ] ] ] } },
{ "type": "Feature", "properties": { "vor_id": 1034, "theft_count": 15, "bike_trips": 12284.0, "theft_per_1000_trips": "1.22110061869098" }, "geometry": { "type": "Polygon", "coordinates": [ [ [ -79.258850578241947, 43.748933999345326 ], [ -79.26078419870872, 43.749828248587455 ], [ -79.25924899177096, 43.767709736300304 ], [ -79.257927381086745, 43.771223997633129 ], [ -79.255818010629966, 43.770515511538804 ], [ -79.2469921868407, 43.7610478805274 ], [ -79.251600532881156, 43.751171738152514 ], [ -79.255158016494661, 43.749620852962856 ], [ -79.258850578241947, 43.748933999345326 ] ] ] } },
{ "type": "Feature", "properties": { "vor_id": 1036, "theft_count": 2, "bike_trips": 2209.0, "theft_per_1000_trips": "0.9053870529651425" }, "geometry": { "type": "Polygon", "coordinates": [ [ [ -79.425160983861488, 43.645040554072295 ], [ -79.421946875911061, 43.646282402005184 ], [ -79.421441399076699, 43.64536648765047 ], [ -79.422000192652661, 43.644708540677996 ], [ -79.42317241185124, 43.644253678460544 ], [ -79.424478945602331, 43.644556654406486 ], [ -79.425160983861488, 43.645040554072295 ] ] ] } },
{ "type": "Feature", "properties": { "vor_id": 1037, "theft_count": 28, "bike_trips": 4368.0, "theft_per_1000_trips": "6.41025641025641" }, "geometry": { "type": "Polygon", "coordinates": [ [ [ -79.411697585492476, 43.64071165006937 ], [ -79.411321906654251, 43.640571809994618 ], [ -79.41076575772918, 43.636871233900663 ], [ -79.411409899871856, 43.636629538793962 ], [ -79.412250405523039, 43.636706648688012 ], [ -79.412788991519932, 43.639406167641027 ], [ -79.412790910804247, 43.640199762335477 ], [ -79.411697585492476, 43.64071165006937 ] ] ] } },
{ "type": "Feature", "properties": { "vor_id": 1038, "theft_count": 30, "bike_trips": 11006.0, "theft_per_1000_trips": "2.7257859349445757" }, "geometry": { "type": "Polygon", "coordinates": [ [ [ -79.211183483958763, 43.738944308813316 ], [ -79.219439305144675, 43.741637428140223 ], [ -79.225431376579451, 43.75174881129886 ], [ -79.222044717561673, 43.754662275326474 ], [ -79.208689896083257, 43.75377712091116 ], [ -79.208287789162711, 43.753655912731745 ], [ -79.211183483958763, 43.738944308813316 ] ] ] } },
{ "type": "Feature", "properties": { "vor_id": 1040, "theft_count": 17, "bike_trips": 2239.0, "theft_per_1000_trips": "7.592675301473872" }, "geometry": { "type": "Polygon", "coordinates": [ [ [ -79.453698590002702, 43.659847626229933 ], [ -79.455841730778118, 43.660891405179598 ], [ -79.456084907046787, 43.66296709016148 ], [ -79.455547657230213, 43.662957692216978 ], [ -79.453564042904418, 43.660698054735612 ], [ -79.453698590002702, 43.659847626229933 ] ] ] } },
{ "type": "Feature", "properties": { "vor_id": 1041, "theft_count": 45, "bike_trips": 2187.0, "theft_per_1000_trips": "20.5761316872428" }, "geometry": { "type": "Polygon", "coordinates": [ [ [ -79.403983171742837, 43.643660402410319 ], [ -79.403968149053441, 43.643656769389331 ], [ -79.403814008765579, 43.643240215662381 ], [ -79.406375737374788, 43.642196066348603 ], [ -79.406399648085923, 43.642749008942545 ], [ -79.403983171742837, 43.643660402410319 ] ] ] } },
{ "type": "Feature", "properties": { "vor_id": 1044, "theft_count": 8, "bike_trips": 2413.0, "theft_per_1000_trips": "3.315375051802735" }, "geometry": { "type": "Polygon", "coordinates": [ [ [ -79.402125344636389, 43.693633910970043 ], [ -79.402948043108935, 43.694268444544655 ], [ -79.398438155855416, 43.696055754526412 ], [ -79.398447010409157, 43.695396754009437 ], [ -79.402125344636389, 43.693633910970043 ] ] ] } },
{ "type": "Feature", "properties": { "vor_id": 1049, "theft_count": 8, "bike_trips": 13032.0, "theft_per_1000_trips": "0.6138735420503376" }, "geometry": { "type": "Polygon", "coordinates": [ [ [ -79.284210463888783, 43.786781499601823 ], [ -79.295350873423018, 43.805411144112696 ], [ -79.290721247960732, 43.808223421150331 ], [ -79.281214267802625, 43.8012699219098 ], [ -79.276241751750106, 43.783043478866503 ], [ -79.280499129198304, 43.783168881468789 ], [ -79.284210463888783, 43.786781499601823 ] ] ] } },
{ "type": "Feature", "properties": { "vor_id": 1050, "theft_count": 17, "bike_trips": 1022.0, "theft_per_1000_trips": "16.634050880626223" }, "geometry": { "type": "Polygon", "coordinates": [ [ [ -79.376490825353301, 43.664475656789214 ], [ -79.376640558307741, 43.66520109770331 ], [ -79.376087613380136, 43.665925183970721 ], [ -79.375036545066635, 43.666367843091912 ], [ -79.373887794565533, 43.665672469867985 ], [ -79.373823475870466, 43.665601877985281 ], [ -79.376490825353301, 43.664475656789214 ] ] ] } },
{ "type": "Feature", "properties": { "vor_id": 1052, "theft_count": 34, "bike_trips": 3393.0, "theft_per_1000_trips": "10.020630710285882" }, "geometry": { "type": "Polygon", "coordinates": [ [ [ -79.470207333990359, 43.632749903238391 ], [ -79.475168108108221, 43.635023465009475 ], [ -79.47091187451035, 43.642286064634163 ], [ -79.47066701369161, 43.64089893904891 ], [ -79.470207333990359, 43.632749903238391 ] ] ] } },
{ "type": "Feature", "properties": { "vor_id": 1053, "theft_count": 6, "bike_trips": 2585.0, "theft_per_1000_trips": "2.3210831721470018" }, "geometry": { "type": "Polygon", "coordinates": [ [ [ -79.339370024582749, 43.662475768955545 ], [ -79.339123422902802, 43.662399696148292 ], [ -79.338517393845919, 43.660023111611387 ], [ -79.338988455793981, 43.659021782557758 ], [ -79.339664821361026, 43.661948743173653 ], [ -79.339370024582749, 43.662475768955545 ] ] ] } },
{ "type": "Feature", "properties": { "vor_id": 1055, "theft_count": 30, "bike_trips": 4689.0, "theft_per_1000_trips": "6.397952655150352" }, "geometry": { "type": "Polygon", "coordinates": [ [ [ -79.389109962383216, 43.680451760628969 ], [ -79.392353534538827, 43.679153148038495 ], [ -79.393317026614227, 43.679817255281769 ], [ -79.394396844944367, 43.681614826634011 ], [ -79.39023437812665, 43.683369499616418 ], [ -79.389109962383216, 43.680451760628969 ] ] ] } },
{ "type": "Feature", "properties": { "vor_id": 1056, "theft_count": 9, "bike_trips": 3698.0, "theft_per_1000_trips": "2.43374797187669" }, "geometry": { "type": "Polygon", "coordinates": [ [ [ -79.366835267259034, 43.714832575590606 ], [ -79.36493445275697, 43.715231793782991 ], [ -79.363924513708312, 43.714327430540706 ], [ -79.364795479338852, 43.711481896716982 ], [ -79.367365652996838, 43.710406022606193 ], [ -79.369781193100664, 43.710965553324321 ], [ -79.369735275274138, 43.711129683857457 ], [ -79.366835267259034, 43.714832575590606 ] ] ] } },
{ "type": "Feature", "properties": { "vor_id": 1057, "theft_count": 4, "bike_trips": 7707.0, "theft_per_1000_trips": "0.5190086933956144" }, "geometry": { "type": "Polygon", "coordinates": [ [ [ -79.293837332285662, 43.771672061137274 ], [ -79.290444317251556, 43.774293478130183 ], [ -79.276461496341668, 43.764935607197337 ], [ -79.279987186406629, 43.76273754541149 ], [ -79.29271310394607, 43.769876258598487 ], [ -79.293837332285662, 43.771672061137274 ] ] ] } },
{ "type": "Feature", "properties": { "vor_id": 1058, "theft_count": 5, "bike_trips": 4432.0, "theft_per_1000_trips": "1.128158844765343" }, "geometry": { "type": "Polygon", "coordinates": [ [ [ -79.424380519299774, 43.635895835337017 ], [ -79.423143049758579, 43.635132823160966 ], [ -79.423575450912168, 43.634467520354875 ], [ -79.426058007763757, 43.633465805548433 ], [ -79.426647042271952, 43.636059918621179 ], [ -79.426605427601643, 43.636320924796266 ], [ -79.424380519299774, 43.635895835337017 ] ] ] } },
{ "type": "Feature", "properties": { "vor_id": 1059, "theft_count": 13, "bike_trips": 1087.0, "theft_per_1000_trips": "11.959521619135234" }, "geometry": { "type": "Polygon", "coordinates": [ [ [ -79.403146453587112, 43.638792527726693 ], [ -79.40345714285705, 43.639576889500738 ], [ -79.402846915674417, 43.6401208597471 ], [ -79.401804497730708, 43.640155005442196 ], [ -79.400898126528347, 43.637880647943263 ], [ -79.401752814008077, 43.637525234980146 ], [ -79.403146453587112, 43.638792527726693 ] ] ] } },
{ "type": "Feature", "properties": { "vor_id": 1060, "theft_count": 26, "bike_trips": 4766.0, "theft_per_1000_trips": "5.455308434746119" }, "geometry": { "type": "Polygon", "coordinates": [ [ [ -79.450376223199328, 43.720480802031133 ], [ -79.449183948731189, 43.729120426257545 ], [ -79.442092536580731, 43.728258752420309 ], [ -79.445430452573532, 43.720231867793117 ], [ -79.450376223199328, 43.720480802031133 ] ] ] } },
{ "type": "Feature", "properties": { "vor_id": 1061, "theft_count": 19, "bike_trips": 1066.0, "theft_per_1000_trips": "17.823639774859288" }, "geometry": { "type": "Polygon", "coordinates": [ [ [ -79.393120703365682, 43.64448741178888 ], [ -79.393097959359693, 43.644528376507836 ], [ -79.391245509865641, 43.645343107222097 ], [ -79.391008935799448, 43.64426719624155 ], [ -79.392658126304028, 43.643642334109728 ], [ -79.3930761540784, 43.644067150798534 ], [ -79.393120703365682, 43.64448741178888 ] ] ] } },
{ "type": "Feature", "properties": { "vor_id": 1062, "theft_count": 30, "bike_trips": 2149.0, "theft_per_1000_trips": "13.959981386691485" }, "geometry": { "type": "Polygon", "coordinates": [ [ [ -79.403140309754122, 43.666281762568794 ], [ -79.402072900926626, 43.666066847830663 ], [ -79.401941057514591, 43.66543532510611 ], [ -79.403618658870315, 43.66478357151275 ], [ -79.404142437038828, 43.665411122029731 ], [ -79.403993341919346, 43.665642785177631 ], [ -79.403140309754122, 43.666281762568794 ] ] ] } },
{ "type": "Feature", "properties": { "vor_id": 1064, "theft_count": 13, "bike_trips": 2197.0, "theft_per_1000_trips": "5.9171597633136095" }, "geometry": { "type": "Polygon", "coordinates": [ [ [ -79.413381957810245, 43.666226772052937 ], [ -79.412548422119272, 43.665467383685538 ], [ -79.412313230888401, 43.664394067430415 ], [ -79.414069385313283, 43.663700064591424 ], [ -79.414632036248761, 43.666244902286941 ], [ -79.413381957810245, 43.666226772052937 ] ] ] } },
{ "type": "Feature", "properties": { "vor_id": 1065, "theft_count": 9, "bike_trips": 6920.0, "theft_per_1000_trips": "1.300578034682081" }, "geometry": { "type": "Polygon", "coordinates": [ [ [ -79.494069009894105, 43.705800718835548 ], [ -79.48212201220467, 43.701734863204855 ], [ -79.484868057874095, 43.692177818026181 ], [ -79.490894864296365, 43.690562695653426 ], [ -79.498036073834626, 43.697402561199866 ], [ -79.494069009894105, 43.705800718835548 ] ] ] } },
{ "type": "Feature", "properties": { "vor_id": 1071, "theft_count": 17, "bike_trips": 3178.0, "theft_per_1000_trips": "5.349276274386407" }, "geometry": { "type": "Polygon", "coordinates": [ [ [ -79.382365435600263, 43.643934419922267 ], [ -79.382640872540719, 43.643966328507901 ], [ -79.382970830833003, 43.64548092512657 ], [ -79.381077267973396, 43.646293290087627 ], [ -79.380892217786055, 43.646042475010169 ], [ -79.380718264454174, 43.645274263464614 ], [ -79.380607647422579, 43.644673094537332 ], [ -79.382365435600263, 43.643934419922267 ] ] ] } },
{ "type": "Feature", "properties": { "vor_id": 1072, "theft_count": 34, "bike_trips": 2591.0, "theft_per_1000_trips": "13.122346584330375" }, "geometry": { "type": "Polygon", "coordinates": [ [ [ -79.356473589661988, 43.665323782491591 ], [ -79.356459131346284, 43.667732185071763 ], [ -79.354367162594087, 43.668118797104789 ], [ -79.353174429391899, 43.667685880602946 ], [ -79.350987739454496, 43.663873784117229 ], [ -79.352060687934028, 43.66342210060153 ], [ -79.354863076381747, 43.664747531625665 ], [ -79.356473589661988, 43.665323782491591 ] ] ] } },
{ "type": "Feature", "properties": { "vor_id": 1074, "theft_count": 36, "bike_trips": 2195.0, "theft_per_1000_trips": "16.40091116173121" }, "geometry": { "type": "Polygon", "coordinates": [ [ [ -79.41294306201064, 43.657034439138513 ], [ -79.411770314080186, 43.657509519647554 ], [ -79.411101737268382, 43.657531895533474 ], [ -79.410335040397868, 43.65371917067398 ], [ -79.410739801622384, 43.653557328468494 ], [ -79.412000975842631, 43.653421847512611 ], [ -79.412207171041942, 43.653457442075165 ], [ -79.41294306201064, 43.657034439138513 ] ] ] } },
{ "type": "Feature", "properties": { "vor_id": 1075, "theft_count": 69, "bike_trips": 8019.0, "theft_per_1000_trips": "8.604564160119716" }, "geometry": { "type": "Polygon", "coordinates": [ [ [ -79.521790066157038, 43.661776921689352 ], [ -79.517449377525196, 43.657141399522359 ], [ -79.515467303976365, 43.65452015325711 ], [ -79.517518825050615, 43.64492155498862 ], [ -79.522333138970239, 43.644827089030237 ], [ -79.526270025588857, 43.647755543585006 ], [ -79.531214154176752, 43.655916103729382 ], [ -79.521790066157038, 43.661776921689352 ] ] ] } },
{ "type": "Feature", "properties": { "vor_id": 1076, "theft_count": 8, "bike_trips": 2589.0, "theft_per_1000_trips": "3.089996137504828" }, "geometry": { "type": "Polygon", "coordinates": [ [ [ -79.351455459664749, 43.659515766380501 ], [ -79.350934543991443, 43.657212012288809 ], [ -79.351451326480401, 43.65655604951268 ], [ -79.352085856477089, 43.659206194407929 ], [ -79.351455459664749, 43.659515766380501 ] ] ] } },
{ "type": "Feature", "properties": { "vor_id": 1077, "theft_count": 33, "bike_trips": 1038.0, "theft_per_1000_trips": "31.791907514450866" }, "geometry": { "type": "Polygon", "coordinates": [ [ [ -79.381334077759917, 43.658712659390616 ], [ -79.381482270112386, 43.659467192938955 ], [ -79.380582549988631, 43.660870400647717 ], [ -79.380134047425258, 43.660472999595854 ], [ -79.379355070918379, 43.659333806338253 ], [ -79.379795116600178, 43.658777491552705 ], [ -79.380778510536288, 43.658410414912098 ], [ -79.381334077759917, 43.658712659390616 ] ] ] } },
{ "type": "Feature", "properties": { "vor_id": 1079, "theft_count": 40, "bike_trips": 1067.0, "theft_per_1000_trips": "37.48828491096532" }, "geometry": { "type": "Polygon", "coordinates": [ [ [ -79.391996855193142, 43.648139089514444 ], [ -79.392510229940513, 43.648177640413643 ], [ -79.39279866645137, 43.648962983477496 ], [ -79.392697851288347, 43.649220786644065 ], [ -79.391490789191494, 43.649272048272877 ], [ -79.391305352585533, 43.64841824297357 ], [ -79.391996855193142, 43.648139089514444 ] ] ] } },
{ "type": "Feature", "properties": { "vor_id": 1080, "theft_count": 6, "bike_trips": 3821.0, "theft_per_1000_trips": "1.5702695629416383" }, "geometry": { "type": "Polygon", "coordinates": [ [ [ -79.312149112525418, 43.685109998315184 ], [ -79.313611024496424, 43.681135639259878 ], [ -79.315958911554887, 43.679140770003833 ], [ -79.316554814965301, 43.679722641196157 ], [ -79.316381377081612, 43.683615786091224 ], [ -79.312669408080495, 43.685184028558609 ], [ -79.312149112525418, 43.685109998315184 ] ] ] } },
{ "type": "Feature", "properties": { "vor_id": 1081, "theft_count": 6, "bike_trips": 4017.0, "theft_per_1000_trips": "1.4936519790888725" }, "geometry": { "type": "Polygon", "coordinates": [ [ [ -79.533391182213393, 43.644507869862728 ], [ -79.535044222374438, 43.649127807618257 ], [ -79.536133885363284, 43.651431706437776 ], [ -79.537142135782574, 43.653563472841299 ], [ -79.537853515636627, 43.654750338424662 ], [ -79.537611546515578, 43.654814978286637 ], [ -79.53455016788493, 43.655632797896338 ], [ -79.531346582978045, 43.642181755452 ], [ -79.533239278244139, 43.643901435223832 ], [ -79.533391182213393, 43.644507869862728 ] ] ] } },
{ "type": "Feature", "properties": { "vor_id": 1082, "theft_count": 111, "bike_trips": 2062.0, "theft_per_1000_trips": "53.83123181377304" }, "geometry": { "type": "Polygon", "coordinates": [ [ [ -79.381285483661784, 43.670589304954966 ], [ -79.379703293935052, 43.67126913798915 ], [ -79.379699175861489, 43.671266393903487 ], [ -79.379305668702543, 43.670332452213273 ], [ -79.379368721285985, 43.669802059418402 ], [ -79.380857620403475, 43.669213816120489 ], [ -79.381036074024465, 43.669384486426765 ], [ -79.3813996747581, 43.670257105024042 ], [ -79.381285483661784, 43.670589304954966 ] ] ] } },
{ "type": "Feature", "properties": { "vor_id": 1084, "theft_count": 12, "bike_trips": 3671.0, "theft_per_1000_trips": "3.2688640697357667" }, "geometry": { "type": "Polygon", "coordinates": [ [ [ -79.382078375694803, 43.694816532892084 ], [ -79.387136789900808, 43.695622441480751 ], [ -79.387765937374255, 43.698472506166617 ], [ -79.386396271900225, 43.698782078558772 ], [ -79.38378106584095, 43.698459700172471 ], [ -79.382078375694803, 43.694816532892084 ] ] ] } },
{ "type": "Feature", "properties": { "vor_id": 1085, "theft_count": 5, "bike_trips": 4766.0, "theft_per_1000_trips": "1.0490977759127151" }, "geometry": { "type": "Polygon", "coordinates": [ [ [ -79.43845785102566, 43.703222954521635 ], [ -79.439813910807004, 43.705453682282425 ], [ -79.436232848706567, 43.707121660512179 ], [ -79.435280644087996, 43.702849926505735 ], [ -79.435839244834568, 43.702438729557521 ], [ -79.43845785102566, 43.703222954521635 ] ] ] } },
{ "type": "Feature", "properties": { "vor_id": 1086, "theft_count": 34, "bike_trips": 1267.0, "theft_per_1000_trips": "26.835043409629044" }, "geometry": { "type": "Polygon", "coordinates": [ [ [ -79.292250064065556, 43.681450600593521 ], [ -79.29566347979943, 43.682828812786433 ], [ -79.296229338313154, 43.685438120925397 ], [ -79.291879499850012, 43.687230011214709 ], [ -79.290930210559935, 43.682832281475967 ], [ -79.292250064065556, 43.681450600593521 ] ] ] } },
{ "type": "Feature", "properties": { "vor_id": 1088, "theft_count": 35, "bike_trips": 2133.0, "theft_per_1000_trips": "16.408813877168306" }, "geometry": { "type": "Polygon", "coordinates": [ [ [ -79.393097959359693, 43.644528376507836 ], [ -79.392669741132778, 43.646253828908911 ], [ -79.392312861939558, 43.64639885331961 ], [ -79.392076101079724, 43.646412932500873 ], [ -79.391212227333625, 43.645484004402647 ], [ -79.391245509865641, 43.645343107222097 ], [ -79.393097959359693, 43.644528376507836 ] ] ] } },
{ "type": "Feature", "properties": { "vor_id": 1089, "theft_count": 14, "bike_trips": 5942.0, "theft_per_1000_trips": "2.356109054190508" }, "geometry": { "type": "Polygon", "coordinates": [ [ [ -79.400050362841, 43.788527277343299 ], [ -79.385725026644565, 43.783785660084348 ], [ -79.3877378603636, 43.781249577950739 ], [ -79.392672384244847, 43.777259228863265 ], [ -79.397990717898068, 43.775054619115643 ], [ -79.402255151162862, 43.78169034457347 ], [ -79.400050362841, 43.788527277343299 ] ] ] } },
{ "type": "Feature", "properties": { "vor_id": 1090, "theft_count": 27, "bike_trips": 2159.0, "theft_per_1000_trips": "12.505789717461788" }, "geometry": { "type": "Polygon", "coordinates": [ [ [ -79.401971650671314, 43.648972934421629 ], [ -79.401602585419965, 43.64720481846814 ], [ -79.402318830543678, 43.646216571620201 ], [ -79.402935051357915, 43.647160376790197 ], [ -79.403198405072828, 43.648464166176041 ], [ -79.401971650671314, 43.648972934421629 ] ] ] } },
{ "type": "Feature", "properties": { "vor_id": 1093, "theft_count": 20, "bike_trips": 3642.0, "theft_per_1000_trips": "5.491488193300384" }, "geometry": { "type": "Polygon", "coordinates": [ [ [ -79.396536966850221, 43.686587390153825 ], [ -79.396068406976468, 43.689026858316083 ], [ -79.393019017764786, 43.690219687305877 ], [ -79.394021661897412, 43.687635059263805 ], [ -79.396536966850221, 43.686587390153825 ] ] ] } },
{ "type": "Feature", "properties": { "vor_id": 1095, "theft_count": 13, "bike_trips": 6366.0, "theft_per_1000_trips": "2.0420986490732016" }, "geometry": { "type": "Polygon", "coordinates": [ [ [ -79.191506696274615, 43.769712694657343 ], [ -79.191082451664272, 43.76897654429326 ], [ -79.190685216490138, 43.768108635471776 ], [ -79.190261104489977, 43.766177307884647 ], [ -79.190239123638264, 43.764422415945745 ], [ -79.196770627829878, 43.764266567216367 ], [ -79.199336134878934, 43.775367151796885 ], [ -79.191506696274615, 43.769712694657343 ] ] ] } },
{ "type": "Feature", "properties": { "vor_id": 1096, "theft_count": 10, "bike_trips": 2288.0, "theft_per_1000_trips": "4.370629370629371" }, "geometry": { "type": "Polygon", "coordinates": [ [ [ -79.436843138545242, 43.667548721259685 ], [ -79.438150638237801, 43.666979509361894 ], [ -79.438685537381204, 43.670350298179045 ], [ -79.437195116940771, 43.669239336923539 ], [ -79.436843138545242, 43.667548721259685 ] ] ] } },
{ "type": "Feature", "properties": { "vor_id": 1097, "theft_count": 4, "bike_trips": 1135.0, "theft_per_1000_trips": "3.524229074889868" }, "geometry": { "type": "Polygon", "coordinates": [ [ [ -79.472288758441763, 43.659123317875199 ], [ -79.470951459765743, 43.6556053128174 ], [ -79.471047222326945, 43.65529589508867 ], [ -79.471620267575105, 43.655123396594561 ], [ -79.473935240787142, 43.657124159318272 ], [ -79.47405933937749, 43.659595517382151 ], [ -79.473409853126938, 43.659752223436719 ], [ -79.472288758441763, 43.659123317875199 ] ] ] } },
{ "type": "Feature", "properties": { "vor_id": 1098, "theft_count": 4, "bike_trips": 2398.0, "theft_per_1000_trips": "1.6680567139282736" }, "geometry": { "type": "Polygon", "coordinates": [ [ [ -79.420061629728991, 43.705105272291803 ], [ -79.419204124741995, 43.701006294340729 ], [ -79.421567099413338, 43.700875707137492 ], [ -79.420779563240472, 43.703862938549321 ], [ -79.420061629728991, 43.705105272291803 ] ] ] } },
{ "type": "Feature", "properties": { "vor_id": 1099, "theft_count": 8, "bike_trips": 2271.0, "theft_per_1000_trips": "3.522677234698371" }, "geometry": { "type": "Polygon", "coordinates": [ [ [ -79.471708726471604, 43.663106495631787 ], [ -79.471600517132273, 43.662653813740455 ], [ -79.473409853126938, 43.659752223436719 ], [ -79.47405933937749, 43.659595517382151 ], [ -79.477227880402381, 43.660582200521993 ], [ -79.477513800053501, 43.66128414247806 ], [ -79.473992989808735, 43.664335145799207 ], [ -79.473576488535855, 43.664497007640158 ], [ -79.471708726471604, 43.663106495631787 ] ] ] } },
{ "type": "Feature", "properties": { "vor_id": 1100, "theft_count": 4, "bike_trips": 5664.0, "theft_per_1000_trips": "0.7062146892655368" }, "geometry": { "type": "Polygon", "coordinates": [ [ [ -79.532235734354288, 43.754990711083828 ], [ -79.522702167369545, 43.757052396438333 ], [ -79.522620688615021, 43.756916457349021 ], [ -79.519697730668028, 43.752975304791818 ], [ -79.519279025816701, 43.752513335178364 ], [ -79.529024070197352, 43.749989924876843 ], [ -79.532235734354288, 43.754990711083828 ] ] ] } },
{ "type": "Feature", "properties": { "vor_id": 1102, "theft_count": 21, "bike_trips": 2088.0, "theft_per_1000_trips": "10.057471264367816" }, "geometry": { "type": "Polygon", "coordinates": [ [ [ -79.386815593763885, 43.668817043590181 ], [ -79.387241129599701, 43.669288249626064 ], [ -79.386976999058348, 43.669643146564347 ], [ -79.385420583607612, 43.670269273447595 ], [ -79.384988335288341, 43.669600646979866 ], [ -79.386815593763885, 43.668817043590181 ] ] ] } },
{ "type": "Feature", "properties": { "vor_id": 1103, "theft_count": 15, "bike_trips": 1185.0, "theft_per_1000_trips": "12.658227848101266" }, "geometry": { "type": "Polygon", "coordinates": [ [ [ -79.433672180687935, 43.6983427811737 ], [ -79.431587518621399, 43.699129098879453 ], [ -79.429336627898934, 43.697482216036136 ], [ -79.429239898180498, 43.697028315327515 ], [ -79.43196910511675, 43.694045829860286 ], [ -79.433298440003057, 43.694845363614903 ], [ -79.433616415604476, 43.695572299245399 ], [ -79.433672180687935, 43.6983427811737 ] ] ] } },
{ "type": "Feature", "properties": { "vor_id": 1104, "theft_count": 62, "bike_trips": 4407.0, "theft_per_1000_trips": "14.068527342863625" }, "geometry": { "type": "Polygon", "coordinates": [ [ [ -79.418977066929685, 43.766775745258066 ], [ -79.41146714806608, 43.768675918009933 ], [ -79.411057362121454, 43.766853925127364 ], [ -79.419203559130779, 43.764805568044352 ], [ -79.418977066929685, 43.766775745258066 ] ] ] } },
{ "type": "Feature", "properties": { "vor_id": 1109, "theft_count": 16, "bike_trips": 1087.0, "theft_per_1000_trips": "14.719411223551058" }, "geometry": { "type": "Polygon", "coordinates": [ [ [ -79.401746154614031, 43.636648660387635 ], [ -79.401828104776285, 43.637317804070875 ], [ -79.401752814008077, 43.637525234980146 ], [ -79.400898126528347, 43.637880647943263 ], [ -79.400874135017375, 43.637874150612859 ], [ -79.400426433718337, 43.636756087005928 ], [ -79.400583552544859, 43.635993475539337 ], [ -79.401255700039314, 43.636065024986237 ], [ -79.401746154614031, 43.636648660387635 ] ] ] } },
{ "type": "Feature", "properties": { "vor_id": 1112, "theft_count": 4, "bike_trips": 7107.0, "theft_per_1000_trips": "0.5628253834247925" }, "geometry": { "type": "Polygon", "coordinates": [ [ [ -79.54121293724468, 43.738711762555319 ], [ -79.5431973130313, 43.741894753765145 ], [ -79.542054483213292, 43.745088749137274 ], [ -79.541763151838296, 43.746251809181459 ], [ -79.532379395660868, 43.755187415415371 ], [ -79.532235734354288, 43.754990711083828 ], [ -79.529024070197352, 43.749989924876843 ], [ -79.526951814475893, 43.742026393247109 ], [ -79.54121293724468, 43.738711762555319 ] ] ] } },
{ "type": "Feature", "properties": { "vor_id": 1115, "theft_count": 5, "bike_trips": 2180.0, "theft_per_1000_trips": "2.293577981651376" }, "geometry": { "type": "Polygon", "coordinates": [ [ [ -79.418382197355655, 43.639627899474725 ], [ -79.418362648979141, 43.639682758901635 ], [ -79.416840394894876, 43.639846030777463 ], [ -79.415543199732227, 43.635902195755129 ], [ -79.418249818304744, 43.637174442094256 ], [ -79.418382197355655, 43.639627899474725 ] ] ] } },
{ "type": "Feature", "properties": { "vor_id": 1118, "theft_count": 53, "bike_trips": 4122.0, "theft_per_1000_trips": "12.857836001940806" }, "geometry": { "type": "Polygon", "coordinates": [ [ [ -79.377030701481019, 43.663926375444177 ], [ -79.376601757340964, 43.664106908187868 ], [ -79.375633324282845, 43.663202913376438 ], [ -79.375525554911761, 43.662694612704101 ], [ -79.377216773203969, 43.661990513697653 ], [ -79.377429721185464, 43.662972954203987 ], [ -79.377030701481019, 43.663926375444177 ] ] ] } },
{ "type": "Feature", "properties": { "vor_id": 1120, "theft_count": 9, "bike_trips": 2147.0, "theft_per_1000_trips": "4.1918956683744755" }, "geometry": { "type": "Polygon", "coordinates": [ [ [ -79.395029142409427, 43.647561361660905 ], [ -79.394506840134383, 43.647770550447419 ], [ -79.394496471138382, 43.647756846509466 ], [ -79.394661301519861, 43.646769735006671 ], [ -79.395515324557067, 43.646429492616157 ], [ -79.395614657300115, 43.647117085622668 ], [ -79.395029142409427, 43.647561361660905 ] ] ] } },
{ "type": "Feature", "properties": { "vor_id": 1122, "theft_count": 0, "bike_trips": 1328.0, "theft_per_1000_trips": "0.0" }, "geometry": { "type": "Polygon", "coordinates": [ [ [ -79.532094638541849, 43.639045042628119 ], [ -79.532198934979832, 43.639748152100807 ], [ -79.532224160157398, 43.639848856654645 ], [ -79.531018907269043, 43.639840447942788 ], [ -79.529312681707893, 43.638161706245405 ], [ -79.531050425137266, 43.638783480786614 ], [ -79.532094638541849, 43.639045042628119 ] ] ] } },
{ "type": "Feature", "properties": { "vor_id": 1123, "theft_count": 7, "bike_trips": 2551.0, "theft_per_1000_trips": "2.7440219521756175" }, "geometry": { "type": "Polygon", "coordinates": [ [ [ -79.322285094212603, 43.683809361196246 ], [ -79.322547039970203, 43.684272428278355 ], [ -79.323751858377634, 43.690055309352843 ], [ -79.322410952412966, 43.691025036670055 ], [ -79.31955966945641, 43.687399377533502 ], [ -79.319987957195593, 43.685519843782686 ], [ -79.320634332754111, 43.684508342467019 ], [ -79.322285094212603, 43.683809361196246 ] ] ] } },
{ "type": "Feature", "properties": { "vor_id": 1124, "theft_count": 21, "bike_trips": 2215.0, "theft_per_1000_trips": "9.48081264108352" }, "geometry": { "type": "Polygon", "coordinates": [ [ [ -79.428536739966418, 43.65490493929078 ], [ -79.428045251960185, 43.652618074509022 ], [ -79.429943766191528, 43.651875306303467 ], [ -79.430121567495661, 43.652210231226974 ], [ -79.429498989292426, 43.655171328930329 ], [ -79.428536739966418, 43.65490493929078 ] ] ] } },
{ "type": "Feature", "properties": { "vor_id": 1127, "theft_count": 58, "bike_trips": 16260.0, "theft_per_1000_trips": "3.567035670356703" }, "geometry": { "type": "Polygon", "coordinates": [ [ [ -79.296562065095685, 43.805038986420108 ], [ -79.299957780885777, 43.793264818243465 ], [ -79.302330469293082, 43.788838794432294 ], [ -79.307884167359617, 43.780317417094096 ], [ -79.30807976157628, 43.780276726562612 ], [ -79.32280149396388, 43.787012615146864 ], [ -79.319384866220204, 43.803198001740206 ], [ -79.312174811856138, 43.810484099739767 ], [ -79.296562065095685, 43.805038986420108 ] ] ] } },
{ "type": "Feature", "properties": { "vor_id": 1131, "theft_count": 12, "bike_trips": 8858.0, "theft_per_1000_trips": "1.3547076089410701" }, "geometry": { "type": "Polygon", "coordinates": [ [ [ -79.311661333672419, 43.709850778063284 ], [ -79.311352157919202, 43.701066531964578 ], [ -79.319554179303083, 43.699060031400244 ], [ -79.323060234935383, 43.703701775128799 ], [ -79.322824195215176, 43.704605577014455 ], [ -79.321436568709643, 43.709918832983178 ], [ -79.320351714713354, 43.711883796479682 ], [ -79.316367107337939, 43.710951641705549 ], [ -79.311661333672419, 43.709850778063284 ] ] ] } },
{ "type": "Feature", "properties": { "vor_id": 1132, "theft_count": 3, "bike_trips": 2228.0, "theft_per_1000_trips": "1.3464991023339319" }, "geometry": { "type": "Polygon", "coordinates": [ [ [ -79.447909927505833, 43.6571588243119 ], [ -79.449415405379597, 43.658291033278623 ], [ -79.44878099460945, 43.659156454972248 ], [ -79.446934658015877, 43.658759291537201 ], [ -79.447909927505833, 43.6571588243119 ] ] ] } },
{ "type": "Feature", "properties": { "vor_id": 1133, "theft_count": 24, "bike_trips": 3360.0, "theft_per_1000_trips": "7.142857142857142" }, "geometry": { "type": "Polygon", "coordinates": [ [ [ -79.434896436966014, 43.632487721986024 ], [ -79.434007683454709, 43.634383467026282 ], [ -79.431501177426611, 43.636546519190688 ], [ -79.429521550735998, 43.636424671572911 ], [ -79.428740935989666, 43.632756635853845 ], [ -79.428736513395293, 43.630754482768303 ], [ -79.440850393788509, 43.596228126623643 ], [ -79.434896436966014, 43.632487721986024 ] ] ] } },
{ "type": "Feature", "properties": { "vor_id": 1134, "theft_count": 22, "bike_trips": 2121.0, "theft_per_1000_trips": "10.372465818010372" }, "geometry": { "type": "Polygon", "coordinates": [ [ [ -79.388611394200808, 43.656629186180346 ], [ -79.389696193241519, 43.65523809936721 ], [ -79.390245038089077, 43.655424717327506 ], [ -79.390503236498006, 43.657175092879484 ], [ -79.388611394200808, 43.656629186180346 ] ] ] } },
{ "type": "Feature", "properties": { "vor_id": 1135, "theft_count": 10, "bike_trips": 3874.0, "theft_per_1000_trips": "2.5813113061435207" }, "geometry": { "type": "Polygon", "coordinates": [ [ [ -79.334397747993307, 43.666055861647877 ], [ -79.336385155878844, 43.667014607340896 ], [ -79.336625491029977, 43.667294082349144 ], [ -79.334730361133921, 43.6699065465723 ], [ -79.334701317766857, 43.669777246562631 ], [ -79.333800727836632, 43.665767853077497 ], [ -79.334397747993307, 43.666055861647877 ] ] ] } },
{ "type": "Feature", "properties": { "vor_id": 1138, "theft_count": 11, "bike_trips": 2136.0, "theft_per_1000_trips": "5.1498127340823965" }, "geometry": { "type": "Polygon", "coordinates": [ [ [ -79.39314957526571, 43.650223460059983 ], [ -79.392780633418596, 43.649612950568319 ], [ -79.392697851288347, 43.649220786644065 ], [ -79.39279866645137, 43.648962983477496 ], [ -79.393422064156866, 43.648876355091446 ], [ -79.393680550957157, 43.650014280694869 ], [ -79.39314957526571, 43.650223460059983 ] ] ] } },
{ "type": "Feature", "properties": { "vor_id": 1139, "theft_count": 23, "bike_trips": 3903.0, "theft_per_1000_trips": "5.892902895208813" }, "geometry": { "type": "Polygon", "coordinates": [ [ [ -79.359036608771561, 43.678222535096388 ], [ -79.365111815486898, 43.680003945758145 ], [ -79.363049764057763, 43.683544040273361 ], [ -79.359318166729054, 43.681392463437959 ], [ -79.357577138611362, 43.679283585322146 ], [ -79.359036608771561, 43.678222535096388 ] ] ] } },
{ "type": "Feature", "properties": { "vor_id": 1141, "theft_count": 5, "bike_trips": 1285.0, "theft_per_1000_trips": "3.8910505836575875" }, "geometry": { "type": "Polygon", "coordinates": [ [ [ -79.345971646476102, 43.685696640695518 ], [ -79.347323052349438, 43.687222930746252 ], [ -79.344895043371721, 43.692154355104492 ], [ -79.341257913944503, 43.685553607738939 ], [ -79.345971646476102, 43.685696640695518 ] ] ] } },
{ "type": "Feature", "properties": { "vor_id": 1143, "theft_count": 29, "bike_trips": 2572.0, "theft_per_1000_trips": "11.275272161741835" }, "geometry": { "type": "Polygon", "coordinates": [ [ [ -79.344066925763755, 43.681036921497522 ], [ -79.343333619135123, 43.682682527487167 ], [ -79.340538046470328, 43.685052360745473 ], [ -79.340482257986011, 43.685043320768827 ], [ -79.339638271256987, 43.683391543821365 ], [ -79.340016679870601, 43.681028286677133 ], [ -79.342562521617879, 43.680109469836694 ], [ -79.343888510695592, 43.680671172481659 ], [ -79.344066925763755, 43.681036921497522 ] ] ] } },
{ "type": "Feature", "properties": { "vor_id": 1147, "theft_count": 37, "bike_trips": 12121.0, "theft_per_1000_trips": "3.0525534196848447" }, "geometry": { "type": "Polygon", "coordinates": [ [ [ -79.506174110231044, 43.772074930185134 ], [ -79.498835386136378, 43.790401580975718 ], [ -79.491653356190596, 43.778904010876332 ], [ -79.497970754584898, 43.77251117299685 ], [ -79.503150167880008, 43.770300097602274 ], [ -79.504597512637105, 43.770810593528068 ], [ -79.506174110231044, 43.772074930185134 ] ] ] } },
{ "type": "Feature", "properties": { "vor_id": 1148, "theft_count": 8, "bike_trips": 2084.0, "theft_per_1000_trips": "3.838771593090211" }, "geometry": { "type": "Polygon", "coordinates": [ [ [ -79.381862215906494, 43.673290784745795 ], [ -79.381285483661784, 43.670589304954966 ], [ -79.3813996747581, 43.670257105024042 ], [ -79.381524415301129, 43.670264072118236 ], [ -79.382660928559886, 43.670718078549896 ], [ -79.382895934404814, 43.671739118908654 ], [ -79.381862215906494, 43.673290784745795 ] ] ] } },
{ "type": "Feature", "properties": { "vor_id": 1149, "theft_count": 24, "bike_trips": 3809.0, "theft_per_1000_trips": "6.300866369125755" }, "geometry": { "type": "Polygon", "coordinates": [ [ [ -79.30917777011291, 43.68297917203865 ], [ -79.312081894966354, 43.685138169344206 ], [ -79.309758901232385, 43.690835315195891 ], [ -79.309369761846341, 43.690828425594916 ], [ -79.306944107961485, 43.684556479558118 ], [ -79.308669473029752, 43.682937509778426 ], [ -79.30917777011291, 43.68297917203865 ] ] ] } },
{ "type": "Feature", "properties": { "vor_id": 1151, "theft_count": 26, "bike_trips": 2215.0, "theft_per_1000_trips": "11.738148984198645" }, "geometry": { "type": "Polygon", "coordinates": [ [ [ -79.430121567495661, 43.652210231226974 ], [ -79.430138524463686, 43.652213810581522 ], [ -79.432026081682821, 43.65288697854561 ], [ -79.432339706627133, 43.654441520863003 ], [ -79.431787402320708, 43.655807070001622 ], [ -79.430674087173244, 43.656215238899755 ], [ -79.429985014908013, 43.656037545178705 ], [ -79.429498989292426, 43.655171328930329 ], [ -79.430121567495661, 43.652210231226974 ] ] ] } },
{ "type": "Feature", "properties": { "vor_id": 1153, "theft_count": 6, "bike_trips": 2977.0, "theft_per_1000_trips": "2.0154517971111856" }, "geometry": { "type": "Polygon", "coordinates": [ [ [ -79.38341422569458, 43.776479580857021 ], [ -79.382021154233726, 43.769686537822778 ], [ -79.382397747208316, 43.769120588445219 ], [ -79.385131297391965, 43.768439505811976 ], [ -79.385984519301658, 43.768661063650576 ], [ -79.386065001376963, 43.769122278576233 ], [ -79.38341422569458, 43.776479580857021 ] ] ] } },
{ "type": "Feature", "properties": { "vor_id": 1155, "theft_count": 47, "bike_trips": 3861.0, "theft_per_1000_trips": "12.173012173012173" }, "geometry": { "type": "Polygon", "coordinates": [ [ [ -79.339592226363806, 43.678891280384796 ], [ -79.340016679870601, 43.681028286677133 ], [ -79.339638271256987, 43.683391543821365 ], [ -79.336105297025156, 43.681883538399369 ], [ -79.336405104892989, 43.679979574685284 ], [ -79.337857981381831, 43.677864920559387 ], [ -79.339592226363806, 43.678891280384796 ] ] ] } },
{ "type": "Feature", "properties": { "vor_id": 1157, "theft_count": 17, "bike_trips": 9305.0, "theft_per_1000_trips": "1.8269747447608813" }, "geometry": { "type": "Polygon", "coordinates": [ [ [ -79.281631489176789, 43.72294816136187 ], [ -79.285361302613964, 43.742443649881565 ], [ -79.283484205333338, 43.742807376466402 ], [ -79.274831668589897, 43.732923565203947 ], [ -79.273912538396303, 43.72882990460154 ], [ -79.28015429300774, 43.72283008573892 ], [ -79.281631489176789, 43.72294816136187 ] ] ] } },
{ "type": "Feature", "properties": { "vor_id": 1158, "theft_count": 8, "bike_trips": 4244.0, "theft_per_1000_trips": "1.885014137606032" }, "geometry": { "type": "Polygon", "coordinates": [ [ [ -79.382152403131414, 43.64113189854136 ], [ -79.380063879788352, 43.642050848813788 ], [ -79.379856945567596, 43.641682480790301 ], [ -79.381950806125133, 43.640783932985286 ], [ -79.382152403131414, 43.64113189854136 ] ] ] } },
{ "type": "Feature", "properties": { "vor_id": 1162, "theft_count": 24, "bike_trips": 3315.0, "theft_per_1000_trips": "7.239819004524887" }, "geometry": { "type": "Polygon", "coordinates": [ [ [ -79.427455355879502, 43.641676396193994 ], [ -79.427674646215436, 43.641959338774321 ], [ -79.428225790606334, 43.642994450362998 ], [ -79.426723720358694, 43.643558286392661 ], [ -79.426405524257575, 43.642032966729275 ], [ -79.427455355879502, 43.641676396193994 ] ] ] } },
{ "type": "Feature", "properties": { "vor_id": 1167, "theft_count": 48, "bike_trips": 1025.0, "theft_per_1000_trips": "46.829268292682926" }, "geometry": { "type": "Polygon", "coordinates": [ [ [ -79.367888511255813, 43.651685679502123 ], [ -79.368007615976651, 43.651370785035837 ], [ -79.369009785193327, 43.650943012197324 ], [ -79.369344924641084, 43.652563802003243 ], [ -79.368183078939438, 43.653047007937538 ], [ -79.367888511255813, 43.651685679502123 ] ] ] } },
{ "type": "Feature", "properties": { "vor_id": 1169, "theft_count": 33, "bike_trips": 3429.0, "theft_per_1000_trips": "9.623797025371827" }, "geometry": { "type": "Polygon", "coordinates": [ [ [ -79.511897353933733, 43.701580566593329 ], [ -79.514741115732875, 43.69704854965088 ], [ -79.517720889710574, 43.698466580951674 ], [ -79.516563168637987, 43.705376517569817 ], [ -79.516454881316136, 43.705453467418408 ], [ -79.514084131524768, 43.705188370835288 ], [ -79.511897353933733, 43.701580566593329 ] ] ] } },
{ "type": "Feature", "properties": { "vor_id": 1170, "theft_count": 13, "bike_trips": 3654.0, "theft_per_1000_trips": "3.557744937055282" }, "geometry": { "type": "Polygon", "coordinates": [ [ [ -79.380965508521243, 43.680110100064802 ], [ -79.380989184471431, 43.680116418446346 ], [ -79.384371215011555, 43.686373307830173 ], [ -79.378971499825511, 43.688470166779375 ], [ -79.380965508521243, 43.680110100064802 ] ] ] } },
{ "type": "Feature", "properties": { "vor_id": 1172, "theft_count": 36, "bike_trips": 6149.0, "theft_per_1000_trips": "5.854610505773296" }, "geometry": { "type": "Polygon", "coordinates": [ [ [ -79.38244217299453, 43.707440018035129 ], [ -79.379080247768741, 43.713361818119601 ], [ -79.377143342708038, 43.712697401501217 ], [ -79.373366928167513, 43.707643358084447 ], [ -79.376132361835346, 43.703181388940074 ], [ -79.38244217299453, 43.707440018035129 ] ] ] } },
{ "type": "Feature", "properties": { "vor_id": 1174, "theft_count": 16, "bike_trips": 1076.0, "theft_per_1000_trips": "14.869888475836431" }, "geometry": { "type": "Polygon", "coordinates": [ [ [ -79.404478346392963, 43.663359427642249 ], [ -79.406685201455034, 43.663780889958247 ], [ -79.406624242568583, 43.66389264518515 ], [ -79.406115979306122, 43.664508422198566 ], [ -79.405536148850246, 43.665056739257473 ], [ -79.404712886306058, 43.665399800999694 ], [ -79.404142437038828, 43.665411122029731 ], [ -79.403618658870315, 43.66478357151275 ], [ -79.403405449605259, 43.663790140328075 ], [ -79.404478346392963, 43.663359427642249 ] ] ] } },
{ "type": "Feature", "properties": { "vor_id": 1176, "theft_count": 22, "bike_trips": 3903.0, "theft_per_1000_trips": "5.636689725851908" }, "geometry": { "type": "Polygon", "coordinates": [ [ [ -79.362894548507398, 43.684960558025665 ], [ -79.355199590501897, 43.682936845119954 ], [ -79.355331684892931, 43.682510269128684 ], [ -79.359318166729054, 43.681392463437959 ], [ -79.363049764057763, 43.683544040273361 ], [ -79.362894548507398, 43.684960558025665 ] ] ] } },
{ "type": "Feature", "properties": { "vor_id": 1179, "theft_count": 23, "bike_trips": 4722.0, "theft_per_1000_trips": "4.870817450232952" }, "geometry": { "type": "Polygon", "coordinates": [ [ [ -79.434264622777164, 43.681698410193654 ], [ -79.433396391678116, 43.679614165516853 ], [ -79.436481014269319, 43.675944811360999 ], [ -79.43766799120678, 43.676613695717066 ], [ -79.437568634606947, 43.685054184419663 ], [ -79.436104638561375, 43.684319893832715 ], [ -79.435635235873519, 43.683979014786516 ], [ -79.434264622777164, 43.681698410193654 ] ] ] } },
{ "type": "Feature", "properties": { "vor_id": 1180, "theft_count": 16, "bike_trips": 2151.0, "theft_per_1000_trips": "7.4384007438400745" }, "geometry": { "type": "Polygon", "coordinates": [ [ [ -79.408980891136977, 43.663936154847669 ], [ -79.410343999509109, 43.664051759703128 ], [ -79.410780954238973, 43.666162547931357 ], [ -79.410222958356741, 43.666981230478491 ], [ -79.409607740605963, 43.666941124869794 ], [ -79.408980891136977, 43.663936154847669 ] ] ] } },
{ "type": "Feature", "properties": { "vor_id": 1182, "theft_count": 9, "bike_trips": 5140.0, "theft_per_1000_trips": "1.7509727626459144" }, "geometry": { "type": "Polygon", "coordinates": [ [ [ -79.331315236135097, 43.668830465845446 ], [ -79.331409291716724, 43.668999378313686 ], [ -79.330933874058147, 43.670826856656909 ], [ -79.327628766116732, 43.672010643248989 ], [ -79.32761100336549, 43.67195926428537 ], [ -79.327474409033698, 43.670407158665391 ], [ -79.331315236135097, 43.668830465845446 ] ] ] } },
{ "type": "Feature", "properties": { "vor_id": 1185, "theft_count": 10, "bike_trips": 2585.0, "theft_per_1000_trips": "3.8684719535783367" }, "geometry": { "type": "Polygon", "coordinates": [ [ [ -79.337641546009351, 43.66201827972619 ], [ -79.33759480428003, 43.661805808372961 ], [ -79.338517393845919, 43.660023111611387 ], [ -79.339123422902802, 43.662399696148292 ], [ -79.337641546009351, 43.66201827972619 ] ] ] } },
{ "type": "Feature", "properties": { "vor_id": 1186, "theft_count": 36, "bike_trips": 10974.0, "theft_per_1000_trips": "3.2804811372334606" }, "geometry": { "type": "Polygon", "coordinates": [ [ [ -79.543841877354438, 43.707029071009785 ], [ -79.53372670077583, 43.698278492872987 ], [ -79.546515729938278, 43.684138894341785 ], [ -79.554411425003607, 43.687650754809596 ], [ -79.565537213209822, 43.701719853798835 ], [ -79.543841877354438, 43.707029071009785 ] ] ] } },
{ "type": "Feature", "properties": { "vor_id": 1188, "theft_count": 16, "bike_trips": 4554.0, "theft_per_1000_trips": "3.513394817742644" }, "geometry": { "type": "Polygon", "coordinates": [ [ [ -79.510422675787225, 43.671869729154416 ], [ -79.504107309322521, 43.674744149769914 ], [ -79.500148465697379, 43.672785893434437 ], [ -79.499493652688187, 43.671557018516957 ], [ -79.497965190880493, 43.66015428985348 ], [ -79.49885907947467, 43.659737895627373 ], [ -79.509797368833745, 43.670456796170349 ], [ -79.510422675787225, 43.671869729154416 ] ] ] } },
{ "type": "Feature", "properties": { "vor_id": 1189, "theft_count": 25, "bike_trips": 4578.0, "theft_per_1000_trips": "5.460899956312801" }, "geometry": { "type": "Polygon", "coordinates": [ [ [ -79.330367074953102, 43.65912193857686 ], [ -79.330809286139768, 43.661200472976937 ], [ -79.330456570581063, 43.661541961350395 ], [ -79.328636832401756, 43.662324510544074 ], [ -79.326966810986264, 43.660718112781034 ], [ -79.330367074953102, 43.65912193857686 ] ] ] } },
{ "type": "Feature", "properties": { "vor_id": 1191, "theft_count": 10, "bike_trips": 2364.0, "theft_per_1000_trips": "4.230118443316413" }, "geometry": { "type": "Polygon", "coordinates": [ [ [ -79.42032037513701, 43.683903210807088 ], [ -79.419609198702858, 43.684812640067754 ], [ -79.419321898095006, 43.684929504567833 ], [ -79.418871194504035, 43.682855331793156 ], [ -79.419522819695047, 43.682320658634929 ], [ -79.42032037513701, 43.683903210807088 ] ] ] } },
{ "type": "Feature", "properties": { "vor_id": 1192, "theft_count": 28, "bike_trips": 3772.0, "theft_per_1000_trips": "7.423117709437964" }, "geometry": { "type": "Polygon", "coordinates": [ [ [ -79.319765176946049, 43.719345658208255 ], [ -79.320351714713354, 43.711883796479682 ], [ -79.321436568709643, 43.709918832983178 ], [ -79.332806065979398, 43.713839836231159 ], [ -79.33307157203609, 43.715811661809369 ], [ -79.33278600814397, 43.7162548171816 ], [ -79.325481864859896, 43.720399705161284 ], [ -79.319765176946049, 43.719345658208255 ] ] ] } },
{ "type": "Feature", "properties": { "vor_id": 1195, "theft_count": 22, "bike_trips": 3083.0, "theft_per_1000_trips": "7.135906584495621" }, "geometry": { "type": "Polygon", "coordinates": [ [ [ -79.375134614784145, 43.661700735706589 ], [ -79.377326601891596, 43.660766722584597 ], [ -79.377216773203969, 43.661990513697653 ], [ -79.375525554911761, 43.662694612704101 ], [ -79.375134614784145, 43.661700735706589 ] ] ] } },
{ "type": "Feature", "properties": { "vor_id": 1196, "theft_count": 33, "bike_trips": 2097.0, "theft_per_1000_trips": "15.736766809728183" }, "geometry": { "type": "Polygon", "coordinates": [ [ [ -79.384697811670947, 43.661601256934247 ], [ -79.386311341944293, 43.661078168007634 ], [ -79.386899100056482, 43.661438273655079 ], [ -79.386979266720772, 43.661797598927684 ], [ -79.384992720756301, 43.662391143435059 ], [ -79.384800356500349, 43.662088771206321 ], [ -79.384697811670947, 43.661601256934247 ] ] ] } },
{ "type": "Feature", "properties": { "vor_id": 1199, "theft_count": 7, "bike_trips": 2138.0, "theft_per_1000_trips": "3.274087932647334" }, "geometry": { "type": "Polygon", "coordinates": [ [ [ -79.392899354591449, 43.654769221916169 ], [ -79.392930002679108, 43.654836180192213 ], [ -79.392802720192478, 43.655754336465833 ], [ -79.391585223328576, 43.65629105574827 ], [ -79.391314457764125, 43.654986856435059 ], [ -79.392052343868514, 43.654014968896142 ], [ -79.392899354591449, 43.654769221916169 ] ] ] } },
{ "type": "Feature", "properties": { "vor_id": 1200, "theft_count": 6, "bike_trips": 6250.0, "theft_per_1000_trips": "0.9600000000000001" }, "geometry": { "type": "Polygon", "coordinates": [ [ [ -79.266565551786442, 43.720073997754781 ], [ -79.267024899953583, 43.718847285221727 ], [ -79.270304821137273, 43.720020859786715 ], [ -79.275064538899187, 43.721213107020262 ], [ -79.27949981694627, 43.721871018369384 ], [ -79.28015429300774, 43.72283008573892 ], [ -79.273912538396303, 43.72882990460154 ], [ -79.271902488905553, 43.727693426168102 ], [ -79.266565551786442, 43.720073997754781 ] ] ] } },
{ "type": "Feature", "properties": { "vor_id": 1202, "theft_count": 5, "bike_trips": 1038.0, "theft_per_1000_trips": "4.816955684007707" }, "geometry": { "type": "Polygon", "coordinates": [ [ [ -79.38058866068107, 43.660884605157186 ], [ -79.380614071572452, 43.660996024077647 ], [ -79.378572513406752, 43.661832378780559 ], [ -79.378177710654072, 43.661299473418964 ], [ -79.380134047425258, 43.660472999595854 ], [ -79.380582549988631, 43.660870400647717 ], [ -79.38058866068107, 43.660884605157186 ] ] ] } },
{ "type": "Feature", "properties": { "vor_id": 1203, "theft_count": 18, "bike_trips": 17681.0, "theft_per_1000_trips": "1.018041965952152" }, "geometry": { "type": "MultiPolygon", "coordinates": [ [ [ [ -79.166322574668129, 43.751725604791815 ], [ -79.163027391059316, 43.748089929940669 ], [ -79.161509391256089, 43.746714095116445 ], [ -79.164375252162515, 43.744697509398343 ], [ -79.165462388059225, 43.74568283194067 ], [ -79.168757571668039, 43.749318506791816 ], [ -79.171680529615031, 43.75325965934902 ], [ -79.174203112217327, 43.757468334158702 ], [ -79.174385616862921, 43.757854207811249 ], [ -79.176301025625463, 43.761903999381744 ], [ -79.177923360174987, 43.766438120701991 ], [ -79.177954065786508, 43.766523937137272 ], [ -79.1781649906072, 43.767365996223035 ], [ -79.1760091103978, 43.770887390912513 ], [ -79.175519068786599, 43.768931035137271 ], [ -79.174122468526633, 43.765027798892667 ], [ -79.173866028625554, 43.764311097381743 ], [ -79.171768115217418, 43.759875432158701 ], [ -79.171723770582076, 43.759801447604318 ], [ -79.169245532615122, 43.755666757349019 ], [ -79.166322574668129, 43.751725604791815 ] ] ], [ [ [ -79.171768115217418, 43.807015105841295 ], [ -79.173866028625554, 43.802579440618253 ], [ -79.175519068786599, 43.797959502862724 ], [ -79.17671131602016, 43.793199785100803 ], [ -79.177431288333608, 43.788346126016478 ], [ -79.177514524291411, 43.786651819172214 ], [ -79.179308702020236, 43.789697949385058 ], [ -79.17914631302007, 43.790792687100804 ], [ -79.177954065786508, 43.795552404862725 ], [ -79.176301025625463, 43.800172342618254 ], [ -79.174203112217327, 43.804608007841296 ], [ -79.171680529615031, 43.808816682650978 ], [ -79.168757571668039, 43.812757835208181 ], [ -79.165462388059225, 43.816393510059328 ], [ -79.164876722218963, 43.81692432663565 ], [ -79.164763892885802, 43.816884673541253 ], [ -79.166322574668129, 43.81516493320818 ], [ -79.169245532615122, 43.811223780650977 ], [ -79.171768115217418, 43.807015105841295 ] ] ] ] } },
{ "type": "Feature", "properties": { "vor_id": 1204, "theft_count": 2, "bike_trips": 2361.0, "theft_per_1000_trips": "0.8470986869970352" }, "geometry": { "type": "Polygon", "coordinates": [ [ [ -79.443152040220298, 43.693019364662042 ], [ -79.442708293911821, 43.6915765123996 ], [ -79.44776901180991, 43.689507283680918 ], [ -79.44802658229294, 43.690259853333593 ], [ -79.447980272475334, 43.690395183310677 ], [ -79.44706957236896, 43.691638374861064 ], [ -79.443152040220298, 43.693019364662042 ] ] ] } },
{ "type": "Feature", "properties": { "vor_id": 1205, "theft_count": 5, "bike_trips": 1295.0, "theft_per_1000_trips": "3.8610038610038613" }, "geometry": { "type": "Polygon", "coordinates": [ [ [ -79.347735427912028, 43.661036105553606 ], [ -79.347822071990279, 43.661421310065471 ], [ -79.345686688857029, 43.662299585227615 ], [ -79.345542855347418, 43.662124770348335 ], [ -79.346279788968559, 43.660163629147121 ], [ -79.347735427912028, 43.661036105553606 ] ] ] } },
{ "type": "Feature", "properties": { "vor_id": 1207, "theft_count": 30, "bike_trips": 3045.0, "theft_per_1000_trips": "9.852216748768473" }, "geometry": { "type": "Polygon", "coordinates": [ [ [ -79.358778769923845, 43.652631841471212 ], [ -79.358908190897537, 43.65309059211188 ], [ -79.358387420399822, 43.654102858404812 ], [ -79.357395189468193, 43.65474479761739 ], [ -79.356885861906861, 43.654861432902287 ], [ -79.356485532061001, 43.653205743099917 ], [ -79.356727069273731, 43.652358964431734 ], [ -79.358778769923845, 43.652631841471212 ] ] ] } },
{ "type": "Feature", "properties": { "vor_id": 1208, "theft_count": 23, "bike_trips": 6272.0, "theft_per_1000_trips": "3.667091836734694" }, "geometry": { "type": "Polygon", "coordinates": [ [ [ -79.49887882313044, 43.646437888715184 ], [ -79.504242876959182, 43.654778408668903 ], [ -79.503086441571455, 43.656804155568636 ], [ -79.49885907947467, 43.659737895627373 ], [ -79.497965190880493, 43.66015428985348 ], [ -79.496204808348708, 43.659759458644167 ], [ -79.495627666977697, 43.659371102585197 ], [ -79.491385098109845, 43.654167709568675 ], [ -79.498682306172569, 43.646315950952697 ], [ -79.49887882313044, 43.646437888715184 ] ] ] } },
{ "type": "Feature", "properties": { "vor_id": 1209, "theft_count": 5, "bike_trips": 6196.0, "theft_per_1000_trips": "0.8069722401549386" }, "geometry": { "type": "Polygon", "coordinates": [ [ [ -79.230944831002276, 43.741622969526539 ], [ -79.239749620600762, 43.741535107839262 ], [ -79.241580352015461, 43.74591521099709 ], [ -79.228569712508985, 43.751387476646826 ], [ -79.230944831002276, 43.741622969526539 ] ] ] } },
{ "type": "Feature", "properties": { "vor_id": 1211, "theft_count": 23, "bike_trips": 3840.0, "theft_per_1000_trips": "5.989583333333334" }, "geometry": { "type": "Polygon", "coordinates": [ [ [ -79.32557410614271, 43.687019825467878 ], [ -79.330360704329166, 43.685018191931462 ], [ -79.331387076045289, 43.685371274815374 ], [ -79.332305830659763, 43.685986473902673 ], [ -79.327965050077282, 43.690305755059811 ], [ -79.32415112207002, 43.689893047059961 ], [ -79.32557410614271, 43.687019825467878 ] ] ] } },
{ "type": "Feature", "properties": { "vor_id": 1212, "theft_count": 15, "bike_trips": 1079.0, "theft_per_1000_trips": "13.901760889712696" }, "geometry": { "type": "Polygon", "coordinates": [ [ [ -79.400834060386444, 43.651062026895225 ], [ -79.400797489542811, 43.650989053754202 ], [ -79.400899778277051, 43.649915381148077 ], [ -79.401331660348362, 43.649417774252441 ], [ -79.401971650671314, 43.648972934421629 ], [ -79.403198405072828, 43.648464166176041 ], [ -79.403275792644436, 43.648493200957994 ], [ -79.404587246493691, 43.650818860169551 ], [ -79.404059614194949, 43.651172354349001 ], [ -79.402648825121076, 43.651783228737123 ], [ -79.402593042020015, 43.651785345531316 ], [ -79.400834060386444, 43.651062026895225 ] ] ] } },
{ "type": "Feature", "properties": { "vor_id": 1213, "theft_count": 2, "bike_trips": 3185.0, "theft_per_1000_trips": "0.6279434850863422" }, "geometry": { "type": "Polygon", "coordinates": [ [ [ -79.185457655305356, 43.774869293995046 ], [ -79.191506696274615, 43.769712694657343 ], [ -79.199336134878934, 43.775367151796885 ], [ -79.199517054481319, 43.775579510954771 ], [ -79.199585199442694, 43.776117626499889 ], [ -79.185457655305356, 43.774869293995046 ] ] ] } },
{ "type": "Feature", "properties": { "vor_id": 1214, "theft_count": 16, "bike_trips": 3522.0, "theft_per_1000_trips": "4.542873367404884" }, "geometry": { "type": "Polygon", "coordinates": [ [ [ -79.447672544598504, 43.683493957527503 ], [ -79.448818873143168, 43.683327147890751 ], [ -79.458488829715648, 43.687231734324627 ], [ -79.457452161894551, 43.689125161813685 ], [ -79.453507066909225, 43.69345078129254 ], [ -79.44802658229294, 43.690259853333593 ], [ -79.44776901180991, 43.689507283680918 ], [ -79.447621977262429, 43.683539938863589 ], [ -79.447672544598504, 43.683493957527503 ] ] ] } },
{ "type": "Feature", "properties": { "vor_id": 1215, "theft_count": 22, "bike_trips": 2219.0, "theft_per_1000_trips": "9.914375844975215" }, "geometry": { "type": "Polygon", "coordinates": [ [ [ -79.426468053647497, 43.662875758924493 ], [ -79.425978942954103, 43.660566562422282 ], [ -79.426715822079501, 43.659777764508789 ], [ -79.427109513087274, 43.660013130104893 ], [ -79.427582614784498, 43.662246115757839 ], [ -79.427228207559224, 43.662979717026737 ], [ -79.426468053647497, 43.662875758924493 ] ] ] } },
{ "type": "Feature", "properties": { "vor_id": 1217, "theft_count": 24, "bike_trips": 3060.0, "theft_per_1000_trips": "7.8431372549019605" }, "geometry": { "type": "Polygon", "coordinates": [ [ [ -79.365387007235398, 43.662606344336496 ], [ -79.365365939256904, 43.66257272272675 ], [ -79.365682822516845, 43.660298575896917 ], [ -79.366976921948662, 43.659772732765688 ], [ -79.367375988091439, 43.659767319041308 ], [ -79.367696144391573, 43.659961803632257 ], [ -79.368134689323739, 43.660450334512959 ], [ -79.367172614689011, 43.661886691363826 ], [ -79.365387007235398, 43.662606344336496 ] ] ] } },
{ "type": "Feature", "properties": { "vor_id": 1221, "theft_count": 10, "bike_trips": 2149.0, "theft_per_1000_trips": "4.653327128897161" }, "geometry": { "type": "Polygon", "coordinates": [ [ [ -79.397934753482858, 43.655582975643938 ], [ -79.397750863330302, 43.654685495467376 ], [ -79.399640446700019, 43.654619664820601 ], [ -79.399699110626713, 43.654732194888425 ], [ -79.399714445984074, 43.6549240828355 ], [ -79.399100997432399, 43.655324676617077 ], [ -79.398072076715152, 43.655694178950263 ], [ -79.397934753482858, 43.655582975643938 ] ] ] } },
{ "type": "Feature", "properties": { "vor_id": 1223, "theft_count": 3, "bike_trips": 3597.0, "theft_per_1000_trips": "0.8340283569641368" }, "geometry": { "type": "Polygon", "coordinates": [ [ [ -79.41764091451536, 43.700639597582494 ], [ -79.416023598100239, 43.701953486503911 ], [ -79.415838691269414, 43.701960401856155 ], [ -79.411431351993301, 43.699142551480755 ], [ -79.411176432088851, 43.698387221527319 ], [ -79.411206519618148, 43.694892649054367 ], [ -79.411801651897989, 43.694684592966311 ], [ -79.417329474573009, 43.693505124142881 ], [ -79.418892841450727, 43.695653819551829 ], [ -79.41764091451536, 43.700639597582494 ] ] ] } },
{ "type": "Feature", "properties": { "vor_id": 1224, "theft_count": 3, "bike_trips": 5967.0, "theft_per_1000_trips": "0.5027652086475616" }, "geometry": { "type": "Polygon", "coordinates": [ [ [ -79.357167792113898, 43.781318899964688 ], [ -79.357002595970172, 43.781021201189979 ], [ -79.361875327797449, 43.77301071761898 ], [ -79.372006152396864, 43.780628692618556 ], [ -79.37208046024459, 43.780796428002489 ], [ -79.364820422436281, 43.783720143974499 ], [ -79.357167792113898, 43.781318899964688 ] ] ] } },
{ "type": "Feature", "properties": { "vor_id": 1225, "theft_count": 30, "bike_trips": 6423.0, "theft_per_1000_trips": "4.670714619336758" }, "geometry": { "type": "Polygon", "coordinates": [ [ [ -79.332930554040601, 43.685940029171192 ], [ -79.335017563052602, 43.682187602811176 ], [ -79.336105297025156, 43.681883538399369 ], [ -79.339638271256987, 43.683391543821365 ], [ -79.340482257986011, 43.685043320768827 ], [ -79.336332573442505, 43.688864286408617 ], [ -79.332919567974457, 43.685970907341741 ], [ -79.332930554040601, 43.685940029171192 ] ] ] } },
{ "type": "Feature", "properties": { "vor_id": 1226, "theft_count": 30, "bike_trips": 2379.0, "theft_per_1000_trips": "12.610340479192939" }, "geometry": { "type": "Polygon", "coordinates": [ [ [ -79.44692840981061, 43.711827288906115 ], [ -79.447574334537407, 43.710982476992335 ], [ -79.452904628781866, 43.708364112654991 ], [ -79.453699266138798, 43.715368760237062 ], [ -79.452200955355849, 43.717634292605446 ], [ -79.44692840981061, 43.711827288906115 ] ] ] } },
{ "type": "Feature", "properties": { "vor_id": 1233, "theft_count": 11, "bike_trips": 1185.0, "theft_per_1000_trips": "9.282700421940929" }, "geometry": { "type": "Polygon", "coordinates": [ [ [ -79.427544273835593, 43.693387751181 ], [ -79.42758927893469, 43.69622039865375 ], [ -79.425281495463892, 43.69652256848741 ], [ -79.42460662421999, 43.694239272432959 ], [ -79.427544273835593, 43.693387751181 ] ] ] } },
{ "type": "Feature", "properties": { "vor_id": 1235, "theft_count": 33, "bike_trips": 6567.0, "theft_per_1000_trips": "5.025125628140704" }, "geometry": { "type": "Polygon", "coordinates": [ [ [ -79.484814046395655, 43.622811367010627 ], [ -79.486181560178707, 43.622139491115689 ], [ -79.487489280883025, 43.625380572258258 ], [ -79.488022323437903, 43.629238574215123 ], [ -79.487763887339057, 43.630846548461982 ], [ -79.483499753015579, 43.631822936839271 ], [ -79.483458488853799, 43.631748465130592 ], [ -79.482522699125411, 43.625868162779355 ], [ -79.483881688718796, 43.623417109456689 ], [ -79.484814046395655, 43.622811367010627 ] ] ] } },
{ "type": "Feature", "properties": { "vor_id": 1236, "theft_count": 27, "bike_trips": 4222.0, "theft_per_1000_trips": "6.395073424917101" }, "geometry": { "type": "Polygon", "coordinates": [ [ [ -79.381834193183295, 43.647899042121153 ], [ -79.381287206001147, 43.648948293823373 ], [ -79.379716070959461, 43.649611609666579 ], [ -79.379432218493889, 43.648286178518568 ], [ -79.37944176251699, 43.648221438825871 ], [ -79.381538191227179, 43.647327804530029 ], [ -79.381751970285123, 43.647526966448311 ], [ -79.381834193183295, 43.647899042121153 ] ] ] } },
{ "type": "Feature", "properties": { "vor_id": 1237, "theft_count": 22, "bike_trips": 2054.0, "theft_per_1000_trips": "10.710808179162608" }, "geometry": { "type": "Polygon", "coordinates": [ [ [ -79.367199373653165, 43.648743012837784 ], [ -79.367088894026026, 43.64690036070121 ], [ -79.367383321893115, 43.646669400925617 ], [ -79.369225468135738, 43.646397624414291 ], [ -79.369149321642368, 43.649700389456584 ], [ -79.369035785282279, 43.649898359542014 ], [ -79.367322840032784, 43.649281822432478 ], [ -79.367199373653165, 43.648743012837784 ] ] ] } },
{ "type": "Feature", "properties": { "vor_id": 1238, "theft_count": 7, "bike_trips": 2413.0, "theft_per_1000_trips": "2.9009531703273934" }, "geometry": { "type": "Polygon", "coordinates": [ [ [ -79.399907183714774, 43.691627341205816 ], [ -79.402125344636389, 43.693633910970043 ], [ -79.398447010409157, 43.695396754009437 ], [ -79.398310710889206, 43.694677875816495 ], [ -79.398366206797675, 43.692215484215183 ], [ -79.399907183714774, 43.691627341205816 ] ] ] } },
{ "type": "Feature", "properties": { "vor_id": 1240, "theft_count": 17, "bike_trips": 4767.0, "theft_per_1000_trips": "3.566184182924271" }, "geometry": { "type": "Polygon", "coordinates": [ [ [ -79.186683417045629, 43.757222814685626 ], [ -79.190239123638264, 43.764422415945745 ], [ -79.190261104489977, 43.766177307884647 ], [ -79.181727274687262, 43.768810170645345 ], [ -79.179821248085744, 43.764660680656846 ], [ -79.174807071054119, 43.746365098399323 ], [ -79.174731283709619, 43.745966466408532 ], [ -79.186683417045629, 43.757222814685626 ] ] ] } },
{ "type": "Feature", "properties": { "vor_id": 1241, "theft_count": 29, "bike_trips": 4896.0, "theft_per_1000_trips": "5.923202614379084" }, "geometry": { "type": "Polygon", "coordinates": [ [ [ -79.406641140445942, 43.735529497061094 ], [ -79.411020016636328, 43.741314370705673 ], [ -79.410083625893932, 43.74399849312843 ], [ -79.404828116187929, 43.744710529473707 ], [ -79.404499198693273, 43.744698297307608 ], [ -79.401497317425793, 43.741101642332126 ], [ -79.405745020163579, 43.735380113913436 ], [ -79.406641140445942, 43.735529497061094 ] ] ] } },
{ "type": "Feature", "properties": { "vor_id": 1243, "theft_count": 0, "bike_trips": 2315.0, "theft_per_1000_trips": "0.0" }, "geometry": { "type": "Polygon", "coordinates": [ [ [ -79.356459131346284, 43.667732185071763 ], [ -79.356473589661988, 43.665323782491591 ], [ -79.35883261036949, 43.666167853597429 ], [ -79.357595503993949, 43.668231471538498 ], [ -79.356459131346284, 43.667732185071763 ] ] ] } },
{ "type": "Feature", "properties": { "vor_id": 1246, "theft_count": 17, "bike_trips": 1074.0, "theft_per_1000_trips": "15.828677839851025" }, "geometry": { "type": "Polygon", "coordinates": [ [ [ -79.402458515244291, 43.67349920970819 ], [ -79.401890069531461, 43.670793220746972 ], [ -79.402588566352975, 43.670191908380517 ], [ -79.403984225462139, 43.671140582344584 ], [ -79.404562911935955, 43.673921985484967 ], [ -79.402458515244291, 43.67349920970819 ] ] ] } },
{ "type": "Feature", "properties": { "vor_id": 1249, "theft_count": 31, "bike_trips": 3347.0, "theft_per_1000_trips": "9.262025694651927" }, "geometry": { "type": "Polygon", "coordinates": [ [ [ -79.405898755699667, 43.67453444405654 ], [ -79.407859009674922, 43.672748283191616 ], [ -79.408293074546819, 43.672931101452839 ], [ -79.409341407524948, 43.676086624656072 ], [ -79.406411948918802, 43.675921764825262 ], [ -79.405779128376821, 43.675298656650646 ], [ -79.405764518405363, 43.674741774716374 ], [ -79.405898755699667, 43.67453444405654 ] ] ] } },
{ "type": "Feature", "properties": { "vor_id": 1252, "theft_count": 0, "bike_trips": 7542.0, "theft_per_1000_trips": "0.0" }, "geometry": { "type": "Polygon", "coordinates": [ [ [ -79.540458288720458, 43.781262365548024 ], [ -79.540255391933911, 43.780768337801852 ], [ -79.539513527568218, 43.772663367163958 ], [ -79.541030443112561, 43.770029019617112 ], [ -79.542054483213292, 43.774117216862727 ], [ -79.543707523374337, 43.778737154618256 ], [ -79.544465031886261, 43.780338771801055 ], [ -79.540458288720458, 43.781262365548024 ] ] ] } },
{ "type": "Feature", "properties": { "vor_id": 1253, "theft_count": 26, "bike_trips": 8640.0, "theft_per_1000_trips": "3.009259259259259" }, "geometry": { "type": "Polygon", "coordinates": [ [ [ -79.384911308331709, 43.720959608510256 ], [ -79.379290868495843, 43.733970790140106 ], [ -79.37391805830454, 43.733846195684848 ], [ -79.371827810637058, 43.717891509757372 ], [ -79.372898446508728, 43.715931061670922 ], [ -79.377143342708038, 43.712697401501217 ], [ -79.379080247768741, 43.713361818119601 ], [ -79.384911308331709, 43.720959608510256 ] ] ] } },
{ "type": "Feature", "properties": { "vor_id": 1255, "theft_count": 14, "bike_trips": 2238.0, "theft_per_1000_trips": "6.255585344057194" }, "geometry": { "type": "Polygon", "coordinates": [ [ [ -79.375608088166913, 43.672500785772641 ], [ -79.374594449748116, 43.6723541613515 ], [ -79.374534462169308, 43.670244268447242 ], [ -79.375461412815014, 43.670442242113403 ], [ -79.376219239819918, 43.671691129672318 ], [ -79.375608088166913, 43.672500785772641 ] ] ] } },
{ "type": "Feature", "properties": { "vor_id": 1256, "theft_count": 22, "bike_trips": 1068.0, "theft_per_1000_trips": "20.599250936329586" }, "geometry": { "type": "Polygon", "coordinates": [ [ [ -79.391728996490428, 43.650040180617687 ], [ -79.391912715321041, 43.650751527531796 ], [ -79.391540107902699, 43.651534187196006 ], [ -79.390390834248677, 43.651207294408707 ], [ -79.390468772330053, 43.650382850397904 ], [ -79.391622388062501, 43.649906904414344 ], [ -79.391728996490428, 43.650040180617687 ] ] ] } },
{ "type": "Feature", "properties": { "vor_id": 1257, "theft_count": 5, "bike_trips": 6250.0, "theft_per_1000_trips": "0.8" }, "geometry": { "type": "Polygon", "coordinates": [ [ [ -79.256561723049273, 43.725767571210213 ], [ -79.266565551786442, 43.720073997754781 ], [ -79.271902488905553, 43.727693426168102 ], [ -79.265877855232162, 43.730267508809433 ], [ -79.257861617728295, 43.728237904185633 ], [ -79.256561723049273, 43.725767571210213 ] ] ] } },
{ "type": "Feature", "properties": { "vor_id": 1261, "theft_count": 57, "bike_trips": 1043.0, "theft_per_1000_trips": "54.650047938638544" }, "geometry": { "type": "Polygon", "coordinates": [ [ [ -79.385542640547982, 43.670818668220072 ], [ -79.385841498108405, 43.671223911990417 ], [ -79.386028385631235, 43.672133562752819 ], [ -79.386005911295214, 43.672665914062883 ], [ -79.385950584029317, 43.673127851097867 ], [ -79.385865330998527, 43.673432386252479 ], [ -79.385542645070601, 43.673488973830224 ], [ -79.384386345530473, 43.673297567444699 ], [ -79.384009944271085, 43.671477105106483 ], [ -79.385542640547982, 43.670818668220072 ] ] ] } },
{ "type": "Feature", "properties": { "vor_id": 1263, "theft_count": 25, "bike_trips": 2149.0, "theft_per_1000_trips": "11.633317822242903" }, "geometry": { "type": "Polygon", "coordinates": [ [ [ -79.399276815827648, 43.656358636662922 ], [ -79.398529847850995, 43.656890335373781 ], [ -79.398072076715152, 43.655694178950263 ], [ -79.399100997432399, 43.655324676617077 ], [ -79.399276815827648, 43.656358636662922 ] ] ] } },
{ "type": "Feature", "properties": { "vor_id": 1265, "theft_count": 8, "bike_trips": 3315.0, "theft_per_1000_trips": "2.413273001508296" }, "geometry": { "type": "Polygon", "coordinates": [ [ [ -79.426436994690903, 43.650380916076728 ], [ -79.42429772067392, 43.651239841483203 ], [ -79.424085289767575, 43.650182615784033 ], [ -79.425814048512152, 43.649427791283607 ], [ -79.426531060230616, 43.650170152837298 ], [ -79.426436994690903, 43.650380916076728 ] ] ] } },
{ "type": "Feature", "properties": { "vor_id": 1267, "theft_count": 7, "bike_trips": 2172.0, "theft_per_1000_trips": "3.2228360957642725" }, "geometry": { "type": "Polygon", "coordinates": [ [ [ -79.399031690027925, 43.634292232663725 ], [ -79.399856305164931, 43.634171361524423 ], [ -79.400486335121471, 43.635346340933168 ], [ -79.400416958852801, 43.635801539140459 ], [ -79.399829359452838, 43.63579399533122 ], [ -79.399031690027925, 43.634292232663725 ] ] ] } },
{ "type": "Feature", "properties": { "vor_id": 1268, "theft_count": 18, "bike_trips": 1295.0, "theft_per_1000_trips": "13.899613899613898" }, "geometry": { "type": "Polygon", "coordinates": [ [ [ -79.350904426109167, 43.663799896895888 ], [ -79.348259352795594, 43.664887920798634 ], [ -79.346028883504587, 43.663714268634898 ], [ -79.349728494254123, 43.662230703546349 ], [ -79.350427411158691, 43.662649618217515 ], [ -79.350663418197186, 43.662761241233582 ], [ -79.350904426109167, 43.663799896895888 ] ] ] } },
{ "type": "Feature", "properties": { "vor_id": 1269, "theft_count": 16, "bike_trips": 2539.0, "theft_per_1000_trips": "6.301693580149665" }, "geometry": { "type": "Polygon", "coordinates": [ [ [ -79.303032287742425, 43.670252781826477 ], [ -79.300408270994694, 43.662696260126005 ], [ -79.303849009763425, 43.666509433171505 ], [ -79.304651750183424, 43.66853821268451 ], [ -79.304154013687011, 43.669861421159162 ], [ -79.303032287742425, 43.670252781826477 ] ] ] } },
{ "type": "Feature", "properties": { "vor_id": 1271, "theft_count": 51, "bike_trips": 2130.0, "theft_per_1000_trips": "23.943661971830984" }, "geometry": { "type": "Polygon", "coordinates": [ [ [ -79.390754077691511, 43.644145358666492 ], [ -79.390297227393305, 43.642080212068571 ], [ -79.392447596939277, 43.642828864361874 ], [ -79.392658126304028, 43.643642334109728 ], [ -79.391008935799448, 43.64426719624155 ], [ -79.390754077691511, 43.644145358666492 ] ] ] } },
{ "type": "Feature", "properties": { "vor_id": 1272, "theft_count": 38, "bike_trips": 3533.0, "theft_per_1000_trips": "10.755731672799321" }, "geometry": { "type": "Polygon", "coordinates": [ [ [ -79.446238246506908, 43.677078719289085 ], [ -79.447672544598504, 43.683493957527503 ], [ -79.447621977262429, 43.683539938863589 ], [ -79.442436075187928, 43.684015154915166 ], [ -79.440192674396386, 43.676003402127016 ], [ -79.441706327895048, 43.675222811553837 ], [ -79.446238246506908, 43.677078719289085 ] ] ] } },
{ "type": "Feature", "properties": { "vor_id": 1274, "theft_count": 7, "bike_trips": 2237.0, "theft_per_1000_trips": "3.129190880643719" }, "geometry": { "type": "Polygon", "coordinates": [ [ [ -79.434007683454709, 43.634383467026282 ], [ -79.434855138634262, 43.638499013324889 ], [ -79.434573637326949, 43.639446059927302 ], [ -79.431857514691075, 43.638280986662345 ], [ -79.431501177426611, 43.636546519190688 ], [ -79.434007683454709, 43.634383467026282 ] ] ] } },
{ "type": "Feature", "properties": { "vor_id": 1276, "theft_count": 16, "bike_trips": 5292.0, "theft_per_1000_trips": "3.0234315948601664" }, "geometry": { "type": "Polygon", "coordinates": [ [ [ -79.316780433205309, 43.656466199482622 ], [ -79.321183343498532, 43.666700741041652 ], [ -79.319113384972496, 43.667560022851319 ], [ -79.317477820476, 43.666308101882805 ], [ -79.316171593976307, 43.659086848226231 ], [ -79.316780433205309, 43.656466199482622 ] ] ] } },
{ "type": "Feature", "properties": { "vor_id": 1277, "theft_count": 22, "bike_trips": 1087.0, "theft_per_1000_trips": "20.239190432382703" }, "geometry": { "type": "Polygon", "coordinates": [ [ [ -79.403295987058343, 43.636853780498775 ], [ -79.403146453587112, 43.638792527726693 ], [ -79.401752814008077, 43.637525234980146 ], [ -79.401828104776285, 43.637317804070875 ], [ -79.403295987058343, 43.636853780498775 ] ] ] } },
{ "type": "Feature", "properties": { "vor_id": 1279, "theft_count": 5, "bike_trips": 4293.0, "theft_per_1000_trips": "1.1646866992778944" }, "geometry": { "type": "Polygon", "coordinates": [ [ [ -79.395328492465836, 43.641653576111707 ], [ -79.395715901303291, 43.641885856179307 ], [ -79.396037955870298, 43.643106663277614 ], [ -79.39412549536344, 43.643607098105107 ], [ -79.393698652720843, 43.641971953335641 ], [ -79.394427838507212, 43.641503651086268 ], [ -79.395328492465836, 43.641653576111707 ] ] ] } },
{ "type": "Feature", "properties": { "vor_id": 1281, "theft_count": 18, "bike_trips": 2239.0, "theft_per_1000_trips": "8.0393032603841" }, "geometry": { "type": "Polygon", "coordinates": [ [ [ -79.451786315370228, 43.663576059417132 ], [ -79.451963972417545, 43.661895262667372 ], [ -79.453564042904418, 43.660698054735612 ], [ -79.455547657230213, 43.662957692216978 ], [ -79.451786315370228, 43.663576059417132 ] ] ] } },
{ "type": "Feature", "properties": { "vor_id": 1283, "theft_count": 22, "bike_trips": 3393.0, "theft_per_1000_trips": "6.4839375184202765" }, "geometry": { "type": "Polygon", "coordinates": [ [ [ -79.464832151378985, 43.644967993391255 ], [ -79.464400623926565, 43.644229638363242 ], [ -79.468407128435828, 43.634420198518477 ], [ -79.47066701369161, 43.64089893904891 ], [ -79.47091187451035, 43.642286064634163 ], [ -79.47004499495317, 43.644856398724045 ], [ -79.466580200025888, 43.645370103366034 ], [ -79.464832151378985, 43.644967993391255 ] ] ] } },
{ "type": "Feature", "properties": { "vor_id": 1284, "theft_count": 16, "bike_trips": 2047.0, "theft_per_1000_trips": "7.816316560820713" }, "geometry": { "type": "Polygon", "coordinates": [ [ [ -79.370007886909661, 43.657459775739277 ], [ -79.370591966064069, 43.65990532444583 ], [ -79.369884390586307, 43.660194054468903 ], [ -79.369352165978341, 43.660231029596986 ], [ -79.368958852118993, 43.658468366397564 ], [ -79.369147201495451, 43.657447474170191 ], [ -79.369451220002659, 43.657325644631406 ], [ -79.370007886909661, 43.657459775739277 ] ] ] } },
{ "type": "Feature", "properties": { "vor_id": 1286, "theft_count": 31, "bike_trips": 1095.0, "theft_per_1000_trips": "28.310502283105023" }, "geometry": { "type": "Polygon", "coordinates": [ [ [ -79.414333910762693, 43.64124251864871 ], [ -79.415691871227608, 43.640723667718667 ], [ -79.415851134631097, 43.641514121060119 ], [ -79.414490099274175, 43.642023777163914 ], [ -79.414333910762693, 43.64124251864871 ] ] ] } },
{ "type": "Feature", "properties": { "vor_id": 1289, "theft_count": 20, "bike_trips": 5676.0, "theft_per_1000_trips": "3.5236081747709656" }, "geometry": { "type": "Polygon", "coordinates": [ [ [ -79.279924579123559, 43.681263125462777 ], [ -79.28478573329528, 43.679227563078491 ], [ -79.284890117461757, 43.679301483468478 ], [ -79.28524119010099, 43.683328876392686 ], [ -79.279924579123559, 43.681263125462777 ] ] ] } },
{ "type": "Feature", "properties": { "vor_id": 1291, "theft_count": 15, "bike_trips": 4457.0, "theft_per_1000_trips": "3.365492483733453" }, "geometry": { "type": "Polygon", "coordinates": [ [ [ -79.42916113314601, 43.641376230930582 ], [ -79.429209370890504, 43.641233940095489 ], [ -79.429317455371532, 43.641176321769329 ], [ -79.431148279868793, 43.640934108313942 ], [ -79.431302809033738, 43.641116132197062 ], [ -79.431429385843671, 43.64174353112184 ], [ -79.42956146143878, 43.643874031905852 ], [ -79.428862000001985, 43.643204920253794 ], [ -79.42916113314601, 43.641376230930582 ] ] ] } },
{ "type": "Feature", "properties": { "vor_id": 1295, "theft_count": 14, "bike_trips": 3882.0, "theft_per_1000_trips": "3.6063884595569293" }, "geometry": { "type": "Polygon", "coordinates": [ [ [ -79.343151117381581, 43.659407631840736 ], [ -79.343709496889062, 43.658266056799022 ], [ -79.346218736349016, 43.660127035615226 ], [ -79.346279788968559, 43.660163629147121 ], [ -79.345542855347418, 43.662124770348335 ], [ -79.345020807926517, 43.661850047467489 ], [ -79.343151117381581, 43.659407631840736 ] ] ] } },
{ "type": "Feature", "properties": { "vor_id": 1296, "theft_count": 21, "bike_trips": 3541.0, "theft_per_1000_trips": "5.930528099406947" }, "geometry": { "type": "Polygon", "coordinates": [ [ [ -79.437568634606947, 43.685054184419663 ], [ -79.43766799120678, 43.676613695717066 ], [ -79.439752991816491, 43.676023506161727 ], [ -79.440192674396386, 43.676003402127016 ], [ -79.442436075187928, 43.684015154915166 ], [ -79.437878515569167, 43.685364997418688 ], [ -79.437568634606947, 43.685054184419663 ] ] ] } },
{ "type": "Feature", "properties": { "vor_id": 1297, "theft_count": 18, "bike_trips": 3540.0, "theft_per_1000_trips": "5.084745762711864" }, "geometry": { "type": "Polygon", "coordinates": [ [ [ -79.307020215172457, 43.666325182213043 ], [ -79.307901740637249, 43.670288163510698 ], [ -79.305558407000788, 43.6704849122805 ], [ -79.304154013687011, 43.669861421159162 ], [ -79.304651750183424, 43.66853821268451 ], [ -79.307020215172457, 43.666325182213043 ] ] ] } },
{ "type": "Feature", "properties": { "vor_id": 1301, "theft_count": 26, "bike_trips": 2051.0, "theft_per_1000_trips": "12.676743052169673" }, "geometry": { "type": "Polygon", "coordinates": [ [ [ -79.367349293080039, 43.650891376180198 ], [ -79.366468564191521, 43.651269003341035 ], [ -79.365102799065596, 43.650540032475583 ], [ -79.367078332527811, 43.649689941484567 ], [ -79.367349293080039, 43.650891376180198 ] ] ] } },
{ "type": "Feature", "properties": { "vor_id": 1303, "theft_count": 44, "bike_trips": 2101.0, "theft_per_1000_trips": "20.942408376963353" }, "geometry": { "type": "Polygon", "coordinates": [ [ [ -79.385176136794428, 43.657432789615953 ], [ -79.383246693685436, 43.658226814385095 ], [ -79.383049278393571, 43.657975241124738 ], [ -79.382924864506961, 43.657387069526479 ], [ -79.384816770696617, 43.656612853246273 ], [ -79.385053887755731, 43.656833474476336 ], [ -79.385176136794428, 43.657432789615953 ] ] ] } },
{ "type": "Feature", "properties": { "vor_id": 1306, "theft_count": 51, "bike_trips": 3657.0, "theft_per_1000_trips": "13.945857260049221" }, "geometry": { "type": "Polygon", "coordinates": [ [ [ -79.396610121409921, 43.705738669078691 ], [ -79.396466248163193, 43.705633455777004 ], [ -79.396064608632642, 43.704106466137652 ], [ -79.39874391786509, 43.702608999379713 ], [ -79.39925506062545, 43.705009211648544 ], [ -79.399032647596627, 43.705259391280606 ], [ -79.396610121409921, 43.705738669078691 ] ] ] } },
{ "type": "Feature", "properties": { "vor_id": 1307, "theft_count": 7, "bike_trips": 2364.0, "theft_per_1000_trips": "2.961082910321489" }, "geometry": { "type": "Polygon", "coordinates": [ [ [ -79.421090578734734, 43.68327872137948 ], [ -79.42032037513701, 43.683903210807088 ], [ -79.419522819695047, 43.682320658634929 ], [ -79.420383481971967, 43.680475065450352 ], [ -79.420809923871104, 43.680874791060013 ], [ -79.421090578734734, 43.68327872137948 ] ] ] } },
{ "type": "Feature", "properties": { "vor_id": 1309, "theft_count": 43, "bike_trips": 1051.0, "theft_per_1000_trips": "40.913415794481445" }, "geometry": { "type": "Polygon", "coordinates": [ [ [ -79.386100197387051, 43.6599498024487 ], [ -79.385747827003854, 43.659922983379154 ], [ -79.385473247873591, 43.658672982784822 ], [ -79.385634457437789, 43.658350534940759 ], [ -79.387809315823745, 43.658652773641336 ], [ -79.388012871637983, 43.659115545012284 ], [ -79.38795267253694, 43.659180714006673 ], [ -79.386100197387051, 43.6599498024487 ] ] ] } },
{ "type": "Feature", "properties": { "vor_id": 1310, "theft_count": 9, "bike_trips": 6007.0, "theft_per_1000_trips": "1.498252039287498" }, "geometry": { "type": "Polygon", "coordinates": [ [ [ -79.345733963022354, 43.77677586191075 ], [ -79.345267842749308, 43.77461743038824 ], [ -79.352393336273366, 43.767771026303429 ], [ -79.353310641699821, 43.774063448997786 ], [ -79.345733963022354, 43.77677586191075 ] ] ] } },
{ "type": "Feature", "properties": { "vor_id": 1311, "theft_count": 10, "bike_trips": 3432.0, "theft_per_1000_trips": "2.913752913752914" }, "geometry": { "type": "Polygon", "coordinates": [ [ [ -79.491842057634003, 43.666360691763053 ], [ -79.499493652688187, 43.671557018516957 ], [ -79.500148465697379, 43.672785893434437 ], [ -79.491328850923438, 43.675153333650194 ], [ -79.488846621424628, 43.669016646750535 ], [ -79.489330224116301, 43.666503831443329 ], [ -79.491842057634003, 43.666360691763053 ] ] ] } },
{ "type": "Feature", "properties": { "vor_id": 1314, "theft_count": 5, "bike_trips": 4766.0, "theft_per_1000_trips": "1.0490977759127151" }, "geometry": { "type": "Polygon", "coordinates": [ [ [ -79.439998929520911, 43.705551269557105 ], [ -79.440675118616667, 43.708732718270049 ], [ -79.434093592032667, 43.71137754064199 ], [ -79.43541146584549, 43.707851856947052 ], [ -79.436232848706567, 43.707121660512179 ], [ -79.439813910807004, 43.705453682282425 ], [ -79.439998929520911, 43.705551269557105 ] ] ] } },
{ "type": "Feature", "properties": { "vor_id": 1315, "theft_count": 28, "bike_trips": 3831.0, "theft_per_1000_trips": "7.3087966588358135" }, "geometry": { "type": "Polygon", "coordinates": [ [ [ -79.316554814965301, 43.679722641196157 ], [ -79.318867422127326, 43.680189013343472 ], [ -79.319987957195593, 43.685519843782686 ], [ -79.31955966945641, 43.687399377533502 ], [ -79.316819181925624, 43.685628352361377 ], [ -79.316381377081612, 43.683615786091224 ], [ -79.316554814965301, 43.679722641196157 ] ] ] } },
{ "type": "Feature", "properties": { "vor_id": 1317, "theft_count": 55, "bike_trips": 1074.0, "theft_per_1000_trips": "51.21042830540038" }, "geometry": { "type": "Polygon", "coordinates": [ [ [ -79.401890069531461, 43.670793220746972 ], [ -79.400459056444447, 43.671011065351692 ], [ -79.399183409287573, 43.669385540491504 ], [ -79.399067432877288, 43.668843743033406 ], [ -79.399250754041432, 43.668448731122119 ], [ -79.400779591110776, 43.667837897677245 ], [ -79.40259357590925, 43.669241818160252 ], [ -79.402802716388663, 43.669513797521645 ], [ -79.402588566352975, 43.670191908380517 ], [ -79.401890069531461, 43.670793220746972 ] ] ] } },
{ "type": "Feature", "properties": { "vor_id": 1319, "theft_count": 2, "bike_trips": 3284.0, "theft_per_1000_trips": "0.6090133982947624" }, "geometry": { "type": "Polygon", "coordinates": [ [ [ -79.321796295758986, 43.658553913502608 ], [ -79.322303399557001, 43.658938048611958 ], [ -79.325129659830523, 43.663293317051469 ], [ -79.32458738529462, 43.665687020687379 ], [ -79.323365611414829, 43.665743909320739 ], [ -79.321796295758986, 43.658553913502608 ] ] ] } },
{ "type": "Feature", "properties": { "vor_id": 1320, "theft_count": 14, "bike_trips": 2586.0, "theft_per_1000_trips": "5.413766434648105" }, "geometry": { "type": "Polygon", "coordinates": [ [ [ -79.350663478915607, 43.687082062796271 ], [ -79.350688324138559, 43.687118858530759 ], [ -79.351181511171532, 43.689606441301869 ], [ -79.344897124045431, 43.695776532954312 ], [ -79.344895043371721, 43.692154355104492 ], [ -79.347323052349438, 43.687222930746252 ], [ -79.349041557048793, 43.686856503039422 ], [ -79.350663478915607, 43.687082062796271 ] ] ] } },
{ "type": "Feature", "properties": { "vor_id": 1321, "theft_count": 38, "bike_trips": 4398.0, "theft_per_1000_trips": "8.640291041382447" }, "geometry": { "type": "Polygon", "coordinates": [ [ [ -79.417969149314359, 43.661259652375001 ], [ -79.4181261555823, 43.661303547651464 ], [ -79.419012050830688, 43.665198629016778 ], [ -79.418181154681221, 43.665191761316017 ], [ -79.418117996227068, 43.665134188023416 ], [ -79.41737971900524, 43.66172437869561 ], [ -79.417969149314359, 43.661259652375001 ] ] ] } },
{ "type": "Feature", "properties": { "vor_id": 1322, "theft_count": 14, "bike_trips": 7010.0, "theft_per_1000_trips": "1.9971469329529246" }, "geometry": { "type": "Polygon", "coordinates": [ [ [ -79.567886826189223, 43.747596193881769 ], [ -79.56659342338591, 43.748010122298666 ], [ -79.558709969126753, 43.745891217 ], [ -79.556439789588168, 43.733337985075167 ], [ -79.570806185750214, 43.730395277195036 ], [ -79.567886826189223, 43.747596193881769 ] ] ] } },
{ "type": "Feature", "properties": { "vor_id": 1323, "theft_count": 15, "bike_trips": 2089.0, "theft_per_1000_trips": "7.180469123982767" }, "geometry": { "type": "Polygon", "coordinates": [ [ [ -79.393485339801842, 43.676332069916086 ], [ -79.394105142810687, 43.673250432512013 ], [ -79.395407784462392, 43.674877858806404 ], [ -79.395255044477949, 43.676060279517593 ], [ -79.393485339801842, 43.676332069916086 ] ] ] } },
{ "type": "Feature", "properties": { "vor_id": 1325, "theft_count": 25, "bike_trips": 2535.0, "theft_per_1000_trips": "9.861932938856016" }, "geometry": { "type": "Polygon", "coordinates": [ [ [ -79.290582909599607, 43.676124023263284 ], [ -79.29160506694933, 43.676628364985262 ], [ -79.292250064065556, 43.681450600593521 ], [ -79.290930210559935, 43.682832281475967 ], [ -79.287390260917533, 43.683743376581099 ], [ -79.28698481223833, 43.679358885792126 ], [ -79.290582909599607, 43.676124023263284 ] ] ] } },
{ "type": "Feature", "properties": { "vor_id": 1326, "theft_count": 4, "bike_trips": 6294.0, "theft_per_1000_trips": "0.6355258976803305" }, "geometry": { "type": "Polygon", "coordinates": [ [ [ -79.516454881316136, 43.705453467418408 ], [ -79.519735467765898, 43.716661534464762 ], [ -79.513633677767558, 43.71629261504043 ], [ -79.509943428982922, 43.713782720101477 ], [ -79.50786214878913, 43.710230366631137 ], [ -79.514084131524768, 43.705188370835288 ], [ -79.516454881316136, 43.705453467418408 ] ] ] } },
{ "type": "Feature", "properties": { "vor_id": 1328, "theft_count": 0, "bike_trips": 1283.0, "theft_per_1000_trips": "0.0" }, "geometry": { "type": "Polygon", "coordinates": [ [ [ -79.332893570562618, 43.685779850838443 ], [ -79.332930554040601, 43.685940029171192 ], [ -79.332919567974457, 43.685970907341741 ], [ -79.332845241183932, 43.685972792533477 ], [ -79.332893570562618, 43.685779850838443 ] ] ] } },
{ "type": "Feature", "properties": { "vor_id": 1329, "theft_count": 24, "bike_trips": 1230.0, "theft_per_1000_trips": "19.51219512195122" }, "geometry": { "type": "Polygon", "coordinates": [ [ [ -79.387030325283163, 43.701584177201063 ], [ -79.385555551379952, 43.703131511816494 ], [ -79.384540755401929, 43.702061073795335 ], [ -79.38378106584095, 43.698459700172471 ], [ -79.386396271900225, 43.698782078558772 ], [ -79.387030325283163, 43.701584177201063 ] ] ] } },
{ "type": "Feature", "properties": { "vor_id": 1330, "theft_count": 0, "bike_trips": 1020.0, "theft_per_1000_trips": "0.0" }, "geometry": { "type": "Polygon", "coordinates": [ [ [ -79.365533600306435, 43.667784301260227 ], [ -79.364995906661278, 43.668001151447449 ], [ -79.364327921210943, 43.667640191919524 ], [ -79.364341582818042, 43.667607482168926 ], [ -79.365533600306435, 43.667784301260227 ] ] ] } },
{ "type": "Feature", "properties": { "vor_id": 1332, "theft_count": 31, "bike_trips": 3293.0, "theft_per_1000_trips": "9.413908290312785" }, "geometry": { "type": "Polygon", "coordinates": [ [ [ -79.413198997397785, 43.647923627986401 ], [ -79.412558317543997, 43.647846953043008 ], [ -79.411376260029286, 43.647027719088939 ], [ -79.410981322655658, 43.64505500832059 ], [ -79.412347697466174, 43.645210325658333 ], [ -79.412748994806989, 43.64559834237479 ], [ -79.413204118740026, 43.647908329316202 ], [ -79.413198997397785, 43.647923627986401 ] ] ] } },
{ "type": "Feature", "properties": { "vor_id": 1335, "theft_count": 18, "bike_trips": 4794.0, "theft_per_1000_trips": "3.7546933667083855" }, "geometry": { "type": "Polygon", "coordinates": [ [ [ -79.432825651188764, 43.730517710346476 ], [ -79.428202123999455, 43.72367376017538 ], [ -79.429688396276561, 43.720824616305563 ], [ -79.436919324789201, 43.725083222163548 ], [ -79.437923960584826, 43.728239322049994 ], [ -79.432825651188764, 43.730517710346476 ] ] ] } },
{ "type": "Feature", "properties": { "vor_id": 1336, "theft_count": 6, "bike_trips": 4373.0, "theft_per_1000_trips": "1.372055796935742" }, "geometry": { "type": "Polygon", "coordinates": [ [ [ -79.43527863932394, 43.775506639713534 ], [ -79.435353263427842, 43.77544279372119 ], [ -79.436493155671428, 43.775996000702648 ], [ -79.443500324107021, 43.783641076944022 ], [ -79.444865560918089, 43.786961219975574 ], [ -79.440841502841408, 43.788134107822096 ], [ -79.438383854821765, 43.787312450882624 ], [ -79.434286966044851, 43.77761515821954 ], [ -79.43527863932394, 43.775506639713534 ] ] ] } },
{ "type": "Feature", "properties": { "vor_id": 1339, "theft_count": 15, "bike_trips": 4938.0, "theft_per_1000_trips": "3.037667071688943" }, "geometry": { "type": "Polygon", "coordinates": [ [ [ -79.354576024380108, 43.722906393689001 ], [ -79.359851620272394, 43.712969499572544 ], [ -79.363924513708312, 43.714327430540706 ], [ -79.36493445275697, 43.715231793782991 ], [ -79.36288638290273, 43.729442794265616 ], [ -79.354576024380108, 43.722906393689001 ] ] ] } },
{ "type": "Feature", "properties": { "vor_id": 1341, "theft_count": 10, "bike_trips": 1268.0, "theft_per_1000_trips": "7.886435331230284" }, "geometry": { "type": "Polygon", "coordinates": [ [ [ -79.28887050938981, 43.674375524421272 ], [ -79.290582909599607, 43.676124023263284 ], [ -79.28698481223833, 43.679358885792126 ], [ -79.284890117461757, 43.679301483468478 ], [ -79.28478573329528, 43.679227563078491 ], [ -79.284124800279372, 43.676115955593232 ], [ -79.284338449713189, 43.675995992153801 ], [ -79.287705576609639, 43.674619210089297 ], [ -79.28887050938981, 43.674375524421272 ] ] ] } },
{ "type": "Feature", "properties": { "vor_id": 1345, "theft_count": 7, "bike_trips": 1073.0, "theft_per_1000_trips": "6.523765144454799" }, "geometry": { "type": "Polygon", "coordinates": [ [ [ -79.400084437332879, 43.665361974628446 ], [ -79.401445488764864, 43.664812475309809 ], [ -79.401941057514591, 43.66543532510611 ], [ -79.402072900926626, 43.666066847830663 ], [ -79.401946066372957, 43.666282760785528 ], [ -79.400571089962753, 43.666832121678048 ], [ -79.399859612686654, 43.666281479410621 ], [ -79.400084437332879, 43.665361974628446 ] ] ] } },
{ "type": "Feature", "properties": { "vor_id": 1346, "theft_count": 20, "bike_trips": 3064.0, "theft_per_1000_trips": "6.5274151436031325" }, "geometry": { "type": "Polygon", "coordinates": [ [ [ -79.367236237184883, 43.664680003554466 ], [ -79.368629290366727, 43.664122634454834 ], [ -79.368775096893557, 43.66450574305599 ], [ -79.367546017075455, 43.665010104813589 ], [ -79.367236237184883, 43.664680003554466 ] ] ] } },
{ "type": "Feature", "properties": { "vor_id": 1348, "theft_count": 25, "bike_trips": 2464.0, "theft_per_1000_trips": "10.146103896103895" }, "geometry": { "type": "Polygon", "coordinates": [ [ [ -79.369735275274138, 43.711129683857457 ], [ -79.369781193100664, 43.710965553324321 ], [ -79.371851490171025, 43.707943386461437 ], [ -79.373366928167513, 43.707643358084447 ], [ -79.377143342708038, 43.712697401501217 ], [ -79.372898446508728, 43.715931061670922 ], [ -79.369735275274138, 43.711129683857457 ] ] ] } },
{ "type": "Feature", "properties": { "vor_id": 1351, "theft_count": 20, "bike_trips": 2197.0, "theft_per_1000_trips": "9.103322712790167" }, "geometry": { "type": "Polygon", "coordinates": [ [ [ -79.415775313907687, 43.662187292766824 ], [ -79.416237532934659, 43.662158943306203 ], [ -79.416787468898349, 43.664673030468002 ], [ -79.415645137315607, 43.66505718179782 ], [ -79.415160384170719, 43.662814005008919 ], [ -79.415775313907687, 43.662187292766824 ] ] ] } },
{ "type": "Feature", "properties": { "vor_id": 1352, "theft_count": 25, "bike_trips": 2429.0, "theft_per_1000_trips": "10.29230135858378" }, "geometry": { "type": "Polygon", "coordinates": [ [ [ -79.396780732051369, 43.684962979824064 ], [ -79.396602726520541, 43.686508856183863 ], [ -79.396536966850221, 43.686587390153825 ], [ -79.394021661897412, 43.687635059263805 ], [ -79.390679397454235, 43.686598064988289 ], [ -79.396463711134899, 43.68424450014588 ], [ -79.39656375559511, 43.684418556314519 ], [ -79.396780732051369, 43.684962979824064 ] ] ] } },
{ "type": "Feature", "properties": { "vor_id": 1353, "theft_count": 46, "bike_trips": 2073.0, "theft_per_1000_trips": "22.190062711046792" }, "geometry": { "type": "Polygon", "coordinates": [ [ [ -79.378189155376404, 43.65316762368748 ], [ -79.377973977709459, 43.653446200884432 ], [ -79.376993478293286, 43.653849813194213 ], [ -79.376706390603644, 43.652533875593626 ], [ -79.377099657274954, 43.652195564781053 ], [ -79.378189155376404, 43.65316762368748 ] ] ] } },
{ "type": "Feature", "properties": { "vor_id": 1355, "theft_count": 15, "bike_trips": 2596.0, "theft_per_1000_trips": "5.778120184899846" }, "geometry": { "type": "Polygon", "coordinates": [ [ [ -79.347594369596877, 43.67941393910619 ], [ -79.348326577166404, 43.67802966604448 ], [ -79.348451296448303, 43.678022742738548 ], [ -79.351295730231328, 43.680000777365635 ], [ -79.350309964874583, 43.681825294757829 ], [ -79.348426856173973, 43.681936101796708 ], [ -79.347594369596877, 43.67941393910619 ] ] ] } },
{ "type": "Feature", "properties": { "vor_id": 1356, "theft_count": 24, "bike_trips": 2151.0, "theft_per_1000_trips": "11.15760111576011" }, "geometry": { "type": "Polygon", "coordinates": [ [ [ -79.405536148850246, 43.665056739257473 ], [ -79.406115979306122, 43.664508422198566 ], [ -79.406699376535769, 43.667267801235113 ], [ -79.40602836305645, 43.667305525999559 ], [ -79.405536148850246, 43.665056739257473 ] ] ] } },
{ "type": "Feature", "properties": { "vor_id": 1358, "theft_count": 3, "bike_trips": 3753.0, "theft_per_1000_trips": "0.7993605115907274" }, "geometry": { "type": "Polygon", "coordinates": [ [ [ -79.374209973893485, 43.693009755967182 ], [ -79.377867576549022, 43.698805507578598 ], [ -79.37604280959188, 43.701292635597945 ], [ -79.373778485874084, 43.699880885767392 ], [ -79.372479081802453, 43.695602694382643 ], [ -79.372072229781494, 43.692220641150293 ], [ -79.374209973893485, 43.693009755967182 ] ] ] } },
{ "type": "Feature", "properties": { "vor_id": 1360, "theft_count": 10, "bike_trips": 3302.0, "theft_per_1000_trips": "3.0284675953967293" }, "geometry": { "type": "Polygon", "coordinates": [ [ [ -79.333530119939226, 43.661109082722589 ], [ -79.332956175149477, 43.661130700728926 ], [ -79.331570688208743, 43.654598217123208 ], [ -79.331466409568932, 43.654106549908597 ], [ -79.331811564326145, 43.651649292075042 ], [ -79.334031628224338, 43.661090193084632 ], [ -79.333530119939226, 43.661109082722589 ] ] ] } },
{ "type": "Feature", "properties": { "vor_id": 1365, "theft_count": 9, "bike_trips": 1045.0, "theft_per_1000_trips": "8.61244019138756" }, "geometry": { "type": "Polygon", "coordinates": [ [ [ -79.390080667505345, 43.669803247629325 ], [ -79.390372184378876, 43.670130612272729 ], [ -79.388729917890146, 43.670892183216921 ], [ -79.388828857684217, 43.670273515913877 ], [ -79.390080667505345, 43.669803247629325 ] ] ] } },
{ "type": "Feature", "properties": { "vor_id": 1367, "theft_count": 12, "bike_trips": 5042.0, "theft_per_1000_trips": "2.380007933359778" }, "geometry": { "type": "Polygon", "coordinates": [ [ [ -79.30650188230635, 43.717162395259322 ], [ -79.317107159568323, 43.722850197240582 ], [ -79.315044096268608, 43.733491249296669 ], [ -79.309956295611372, 43.733155995719954 ], [ -79.305814354607406, 43.730734878548155 ], [ -79.30109985035584, 43.719388773977428 ], [ -79.303953226618248, 43.718367819625669 ], [ -79.30650188230635, 43.717162395259322 ] ] ] } },
{ "type": "Feature", "properties": { "vor_id": 1368, "theft_count": 3, "bike_trips": 2367.0, "theft_per_1000_trips": "1.2674271229404308" }, "geometry": { "type": "Polygon", "coordinates": [ [ [ -79.435635235873519, 43.683979014786516 ], [ -79.436104638561375, 43.684319893832715 ], [ -79.430044843421229, 43.686710516563856 ], [ -79.429249032193766, 43.685683979250562 ], [ -79.430800184735091, 43.683458645624761 ], [ -79.435635235873519, 43.683979014786516 ] ] ] } },
{ "type": "Feature", "properties": { "vor_id": 1369, "theft_count": 73, "bike_trips": 49225.0, "theft_per_1000_trips": "1.4829862874555613" }, "geometry": { "type": "MultiPolygon", "coordinates": [ [ [ [ -79.59368740698342, 43.701138323666392 ], [ -79.598588263999901, 43.70089756 ], [ -79.60194614101168, 43.701062521919503 ], [ -79.60335498392449, 43.711490262185862 ], [ -79.59965601610071, 43.710563718979841 ], [ -79.594802357016377, 43.709843746666394 ], [ -79.589901499999897, 43.709602983 ], [ -79.585000642983417, 43.709843746666394 ], [ -79.582155463196955, 43.71026578921974 ], [ -79.588008966088893, 43.738784453841646 ], [ -79.579839229495008, 43.740082082311893 ], [ -79.57457228302161, 43.749099937303541 ], [ -79.578355685023624, 43.749768679764884 ], [ -79.585217108795149, 43.756521495321927 ], [ -79.581595983442483, 43.771779721905112 ], [ -79.580974379657192, 43.771923007697445 ], [ -79.577057171881492, 43.772825962655496 ], [ -79.573298166024074, 43.749368535035707 ], [ -79.567886826189223, 43.747596193881769 ], [ -79.570806185750214, 43.730395277195036 ], [ -79.572309415961243, 43.728586903922718 ], [ -79.580646281266311, 43.710489655211795 ], [ -79.581722086892981, 43.708154350360637 ], [ -79.582143932844716, 43.706115480034015 ], [ -79.590965052519451, 43.701542146804236 ], [ -79.59368740698342, 43.701138323666392 ] ] ], [ [ [ -79.596538415576347, 43.757538889170227 ], [ -79.590538131244628, 43.753986922884849 ], [ -79.590386452192632, 43.747370376689965 ], [ -79.59703289768332, 43.747565580640547 ], [ -79.596538415576347, 43.757538889170227 ] ] ], [ [ [ -79.56659342338591, 43.748010122298666 ], [ -79.557844484383509, 43.77725467627684 ], [ -79.556366968722543, 43.777595258183155 ], [ -79.554492200782477, 43.774467396841295 ], [ -79.552394287374341, 43.770031731618253 ], [ -79.550741247213296, 43.765411793862725 ], [ -79.549548999979734, 43.760652076100804 ], [ -79.548910084796105, 43.756344859799285 ], [ -79.553819644399738, 43.747818685520123 ], [ -79.558709969126753, 43.745891217 ], [ -79.56659342338591, 43.748010122298666 ] ] ] ] } },
{ "type": "Feature", "properties": { "vor_id": 1370, "theft_count": 18, "bike_trips": 1278.0, "theft_per_1000_trips": "14.084507042253522" }, "geometry": { "type": "Polygon", "coordinates": [ [ [ -79.315010434126648, 43.676525718108444 ], [ -79.312666913848787, 43.675188470159142 ], [ -79.311759703830248, 43.67288097736246 ], [ -79.312922010431777, 43.668551647503399 ], [ -79.315214705116048, 43.669147827362636 ], [ -79.316580989461514, 43.671707976067182 ], [ -79.315010434126648, 43.676525718108444 ] ] ] } },
{ "type": "Feature", "properties": { "vor_id": 1371, "theft_count": 7, "bike_trips": 2585.0, "theft_per_1000_trips": "2.7079303675048356" }, "geometry": { "type": "Polygon", "coordinates": [ [ [ -79.34123249650618, 43.670528573713881 ], [ -79.34475861361129, 43.66901667712095 ], [ -79.34496912881923, 43.669892083507811 ], [ -79.341586338678454, 43.671226843245307 ], [ -79.34123249650618, 43.670528573713881 ] ] ] } },
{ "type": "Feature", "properties": { "vor_id": 1374, "theft_count": 28, "bike_trips": 6756.0, "theft_per_1000_trips": "4.144464179988159" }, "geometry": { "type": "Polygon", "coordinates": [ [ [ -79.440557080526176, 43.728916757660031 ], [ -79.443247453373715, 43.741851173876263 ], [ -79.429950779315121, 43.737017426512438 ], [ -79.43162798332817, 43.731579617358001 ], [ -79.432825651188764, 43.730517710346476 ], [ -79.437923960584826, 43.728239322049994 ], [ -79.440557080526176, 43.728916757660031 ] ] ] } },
{ "type": "Feature", "properties": { "vor_id": 1375, "theft_count": 5, "bike_trips": 2149.0, "theft_per_1000_trips": "2.3266635644485807" }, "geometry": { "type": "Polygon", "coordinates": [ [ [ -79.401445488764864, 43.664812475309809 ], [ -79.401552727339165, 43.664185770538019 ], [ -79.40305958483745, 43.663577543978306 ], [ -79.403405449605259, 43.663790140328075 ], [ -79.403618658870315, 43.66478357151275 ], [ -79.401941057514591, 43.66543532510611 ], [ -79.401445488764864, 43.664812475309809 ] ] ] } },
{ "type": "Feature", "properties": { "vor_id": 1376, "theft_count": 9, "bike_trips": 5860.0, "theft_per_1000_trips": "1.5358361774744027" }, "geometry": { "type": "Polygon", "coordinates": [ [ [ -79.453507066909225, 43.69345078129254 ], [ -79.457452161894551, 43.689125161813685 ], [ -79.460601892005656, 43.70309118325023 ], [ -79.453620885601168, 43.696225944440492 ], [ -79.453507066909225, 43.69345078129254 ] ] ] } },
{ "type": "Feature", "properties": { "vor_id": 1378, "theft_count": 14, "bike_trips": 3362.0, "theft_per_1000_trips": "4.164187983343248" }, "geometry": { "type": "Polygon", "coordinates": [ [ [ -79.442799486820746, 43.638349548798587 ], [ -79.442701480263452, 43.639422373959235 ], [ -79.441338588615523, 43.641130180198836 ], [ -79.440751358056801, 43.638196830415126 ], [ -79.440788583732896, 43.638091623757134 ], [ -79.442799486820746, 43.638349548798587 ] ] ] } },
{ "type": "Feature", "properties": { "vor_id": 1381, "theft_count": 17, "bike_trips": 3614.0, "theft_per_1000_trips": "4.703929164360819" }, "geometry": { "type": "Polygon", "coordinates": [ [ [ -79.423127994251502, 43.725235579407084 ], [ -79.417696506081597, 43.730845042787131 ], [ -79.417109599353438, 43.7311702682846 ], [ -79.415780889172638, 43.727976106851493 ], [ -79.415936433253691, 43.72218081003399 ], [ -79.422292012886416, 43.719921672502238 ], [ -79.423524182941293, 43.723702223324892 ], [ -79.423127994251502, 43.725235579407084 ] ] ] } },
{ "type": "Feature", "properties": { "vor_id": 1385, "theft_count": 38, "bike_trips": 2155.0, "theft_per_1000_trips": "17.633410672853827" }, "geometry": { "type": "Polygon", "coordinates": [ [ [ -79.40380019326895, 43.655672232915428 ], [ -79.406091895977454, 43.656531151245822 ], [ -79.40526242122526, 43.657541151153985 ], [ -79.404147274041989, 43.658898996645632 ], [ -79.404103863410114, 43.658874738895967 ], [ -79.403875477225384, 43.658704962109461 ], [ -79.403852482449651, 43.658586833017132 ], [ -79.40335965887698, 43.65605509267801 ], [ -79.40380019326895, 43.655672232915428 ] ] ] } },
{ "type": "Feature", "properties": { "vor_id": 1387, "theft_count": 17, "bike_trips": 2237.0, "theft_per_1000_trips": "7.5994635672776045" }, "geometry": { "type": "Polygon", "coordinates": [ [ [ -79.427188367536786, 43.637712675450302 ], [ -79.427371540548222, 43.637216266454146 ], [ -79.429217447651737, 43.636670253914637 ], [ -79.429749292031573, 43.639238052718127 ], [ -79.428998568551023, 43.639526980002302 ], [ -79.428215274306581, 43.639528009355921 ], [ -79.427493811604762, 43.639205770329191 ], [ -79.427188367536786, 43.637712675450302 ] ] ] } },
{ "type": "Feature", "properties": { "vor_id": 1389, "theft_count": 12, "bike_trips": 4111.0, "theft_per_1000_trips": "2.918997810751642" }, "geometry": { "type": "Polygon", "coordinates": [ [ [ -79.35676190032342, 43.64077390190112 ], [ -79.356366779978515, 43.640977145710501 ], [ -79.341267524868385, 43.626564548498187 ], [ -79.358435702286769, 43.616241816150279 ], [ -79.367383302227893, 43.630259647908169 ], [ -79.365756346023048, 43.632668933882634 ], [ -79.363335300796606, 43.635240626754879 ], [ -79.35676190032342, 43.64077390190112 ] ] ] } },
{ "type": "Feature", "properties": { "vor_id": 1391, "theft_count": 12, "bike_trips": 9534.0, "theft_per_1000_trips": "1.2586532410320956" }, "geometry": { "type": "Polygon", "coordinates": [ [ [ -79.468238414994715, 43.723755069294569 ], [ -79.4683684870745, 43.72111827973356 ], [ -79.469812833210455, 43.720711513663623 ], [ -79.487983942381618, 43.732671024334124 ], [ -79.487453608746875, 43.73515905898244 ], [ -79.486762654545174, 43.738400637267553 ], [ -79.48359153768223, 43.740878488293085 ], [ -79.481752711507411, 43.741004764843467 ], [ -79.476966359429071, 43.734895448234674 ], [ -79.468238414994715, 43.723755069294569 ] ] ] } },
{ "type": "Feature", "properties": { "vor_id": 1392, "theft_count": 10, "bike_trips": 2312.0, "theft_per_1000_trips": "4.325259515570934" }, "geometry": { "type": "Polygon", "coordinates": [ [ [ -79.355321158652359, 43.658775886816642 ], [ -79.357876368053766, 43.659413449939997 ], [ -79.357644147194662, 43.661152967225668 ], [ -79.355016912377764, 43.660526640264244 ], [ -79.354857870603368, 43.659833687028261 ], [ -79.355321158652359, 43.658775886816642 ] ] ] } },
{ "type": "Feature", "properties": { "vor_id": 1394, "theft_count": 10, "bike_trips": 2261.0, "theft_per_1000_trips": "4.422821760283061" }, "geometry": { "type": "Polygon", "coordinates": [ [ [ -79.463923776987954, 43.643701259227107 ], [ -79.456570731883687, 43.640929991940183 ], [ -79.452508020302389, 43.607250223200786 ], [ -79.456317515022192, 43.612687140569008 ], [ -79.457530410493945, 43.615248643932553 ], [ -79.463923776987954, 43.643701259227107 ] ] ] } },
{ "type": "Feature", "properties": { "vor_id": 1396, "theft_count": 16, "bike_trips": 1102.0, "theft_per_1000_trips": "14.519056261343012" }, "geometry": { "type": "Polygon", "coordinates": [ [ [ -79.416342853350841, 43.652540260672744 ], [ -79.419279789907961, 43.653057062718318 ], [ -79.418639834010122, 43.65476254217895 ], [ -79.416995159085019, 43.654446230921671 ], [ -79.416292777892707, 43.654119038956239 ], [ -79.416044505760979, 43.653742089460238 ], [ -79.416342853350841, 43.652540260672744 ] ] ] } },
{ "type": "Feature", "properties": { "vor_id": 1398, "theft_count": 13, "bike_trips": 5664.0, "theft_per_1000_trips": "2.2951977401129944" }, "geometry": { "type": "Polygon", "coordinates": [ [ [ -79.490395908747558, 43.767305190252614 ], [ -79.4890220820308, 43.760788277719136 ], [ -79.4925463887662, 43.759871164644146 ], [ -79.494620020823362, 43.761010288808876 ], [ -79.490395908747558, 43.767305190252614 ] ] ] } },
{ "type": "Feature", "properties": { "vor_id": 1399, "theft_count": 11, "bike_trips": 2289.0, "theft_per_1000_trips": "4.805591961555264" }, "geometry": { "type": "Polygon", "coordinates": [ [ [ -79.444751221358644, 43.665938723656758 ], [ -79.445128305362502, 43.666190492505457 ], [ -79.44559863250214, 43.66825923135049 ], [ -79.44491613369496, 43.669614232635517 ], [ -79.444695289948157, 43.669680026417453 ], [ -79.44214496127826, 43.666947027855102 ], [ -79.444751221358644, 43.665938723656758 ] ] ] } },
{ "type": "Feature", "properties": { "vor_id": 1400, "theft_count": 16, "bike_trips": 2187.0, "theft_per_1000_trips": "7.315957933241884" }, "geometry": { "type": "Polygon", "coordinates": [ [ [ -79.409314622153161, 43.642517405475587 ], [ -79.411098090593697, 43.643098750205482 ], [ -79.410493996936296, 43.644740690869646 ], [ -79.409977575415766, 43.645003704054858 ], [ -79.408704591578029, 43.644881732291907 ], [ -79.409314622153161, 43.642517405475587 ] ] ] } },
{ "type": "Feature", "properties": { "vor_id": 1401, "theft_count": 8, "bike_trips": 1103.0, "theft_per_1000_trips": "7.252946509519492" }, "geometry": { "type": "Polygon", "coordinates": [ [ [ -79.421946875911061, 43.646282402005184 ], [ -79.422208617416587, 43.647589703052134 ], [ -79.422207794014724, 43.647592481831786 ], [ -79.420615037351709, 43.648894046729005 ], [ -79.420079749511899, 43.646347559217993 ], [ -79.420793576232157, 43.645261144230318 ], [ -79.420868334915184, 43.645246418477278 ], [ -79.421441399076699, 43.64536648765047 ], [ -79.421946875911061, 43.646282402005184 ] ] ] } },
{ "type": "Feature", "properties": { "vor_id": 1402, "theft_count": 10, "bike_trips": 2600.0, "theft_per_1000_trips": "3.8461538461538463" }, "geometry": { "type": "Polygon", "coordinates": [ [ [ -79.34767766617172, 43.682970510825882 ], [ -79.34789835915781, 43.682397614478724 ], [ -79.348426856173973, 43.681936101796708 ], [ -79.350309964874583, 43.681825294757829 ], [ -79.351032276060494, 43.683308061112946 ], [ -79.348618505200349, 43.684230424446483 ], [ -79.34767766617172, 43.682970510825882 ] ] ] } },
{ "type": "Feature", "properties": { "vor_id": 1405, "theft_count": 5, "bike_trips": 3126.0, "theft_per_1000_trips": "1.599488163787588" }, "geometry": { "type": "Polygon", "coordinates": [ [ [ -79.383542324175437, 43.670372195976356 ], [ -79.383764580445629, 43.671354132232473 ], [ -79.382895934404814, 43.671739118908654 ], [ -79.382660928559886, 43.670718078549896 ], [ -79.383542324175437, 43.670372195976356 ] ] ] } },
{ "type": "Feature", "properties": { "vor_id": 1406, "theft_count": 29, "bike_trips": 4348.0, "theft_per_1000_trips": "6.6697332106715725" }, "geometry": { "type": "Polygon", "coordinates": [ [ [ -79.410343999509109, 43.664051759703128 ], [ -79.411541654649497, 43.663569171233057 ], [ -79.412313230888401, 43.664394067430415 ], [ -79.412548422119272, 43.665467383685538 ], [ -79.410780954238973, 43.666162547931357 ], [ -79.410343999509109, 43.664051759703128 ] ] ] } },
{ "type": "Feature", "properties": { "vor_id": 1409, "theft_count": 29, "bike_trips": 2451.0, "theft_per_1000_trips": "11.831905344757242" }, "geometry": { "type": "Polygon", "coordinates": [ [ [ -79.390211034826763, 43.708619133828137 ], [ -79.393232918035466, 43.710129005342004 ], [ -79.393042045102305, 43.710784834527438 ], [ -79.390024402679728, 43.711909868905273 ], [ -79.389413281394525, 43.708924575697345 ], [ -79.390211034826763, 43.708619133828137 ] ] ] } },
{ "type": "Feature", "properties": { "vor_id": 1412, "theft_count": 16, "bike_trips": 1293.0, "theft_per_1000_trips": "12.37432327919567" }, "geometry": { "type": "Polygon", "coordinates": [ [ [ -79.341684416968306, 43.661664012545899 ], [ -79.342065117926666, 43.663408856060151 ], [ -79.341224447347329, 43.66350201922981 ], [ -79.340899375121424, 43.661949644489916 ], [ -79.341684416968306, 43.661664012545899 ] ] ] } },
{ "type": "Feature", "properties": { "vor_id": 1414, "theft_count": 7, "bike_trips": 3538.0, "theft_per_1000_trips": "1.978518937252685" }, "geometry": { "type": "Polygon", "coordinates": [ [ [ -79.427187060191287, 43.673781645669187 ], [ -79.427393433306761, 43.67604118554835 ], [ -79.422282501179282, 43.674635596501105 ], [ -79.423115302139863, 43.673623458096856 ], [ -79.42349580963868, 43.673420873530198 ], [ -79.427187060191287, 43.673781645669187 ] ] ] } },
{ "type": "Feature", "properties": { "vor_id": 1415, "theft_count": 6, "bike_trips": 4530.0, "theft_per_1000_trips": "1.3245033112582782" }, "geometry": { "type": "Polygon", "coordinates": [ [ [ -79.394396844944367, 43.681614826634011 ], [ -79.393317026614227, 43.679817255281769 ], [ -79.395894830703114, 43.677031687947462 ], [ -79.398269108571682, 43.677923818978194 ], [ -79.398350814789836, 43.678085405965071 ], [ -79.395790309497158, 43.682515325796096 ], [ -79.394396844944367, 43.681614826634011 ] ] ] } },
{ "type": "Feature", "properties": { "vor_id": 1416, "theft_count": 52, "bike_trips": 1072.0, "theft_per_1000_trips": "48.507462686567166" }, "geometry": { "type": "Polygon", "coordinates": [ [ [ -79.397808109313502, 43.659425593342654 ], [ -79.398357301821832, 43.659821912240247 ], [ -79.398418152028228, 43.660397374582331 ], [ -79.398226735930606, 43.660702174305143 ], [ -79.396123229369678, 43.661557604503606 ], [ -79.395496581436163, 43.659479322250412 ], [ -79.39561620935433, 43.659170146823989 ], [ -79.397808109313502, 43.659425593342654 ] ] ] } },
{ "type": "Feature", "properties": { "vor_id": 1418, "theft_count": 6, "bike_trips": 2596.0, "theft_per_1000_trips": "2.3112480739599386" }, "geometry": { "type": "Polygon", "coordinates": [ [ [ -79.35110139456998, 43.676414967743021 ], [ -79.352143917591533, 43.676387870055251 ], [ -79.352553652392643, 43.678392450012758 ], [ -79.352135323851513, 43.679793915602026 ], [ -79.351755742030363, 43.679826514191802 ], [ -79.35110139456998, 43.676414967743021 ] ] ] } },
{ "type": "Feature", "properties": { "vor_id": 1419, "theft_count": 8, "bike_trips": 5450.0, "theft_per_1000_trips": "1.4678899082568808" }, "geometry": { "type": "Polygon", "coordinates": [ [ [ -79.528342869637598, 43.673407338179388 ], [ -79.534105455792329, 43.676885747010246 ], [ -79.524295535022318, 43.688811471655072 ], [ -79.520921684801294, 43.687368054273513 ], [ -79.518792700667248, 43.683139779419299 ], [ -79.528342869637598, 43.673407338179388 ] ] ] } },
{ "type": "Feature", "properties": { "vor_id": 1420, "theft_count": 49, "bike_trips": 2289.0, "theft_per_1000_trips": "21.406727828746178" }, "geometry": { "type": "Polygon", "coordinates": [ [ [ -79.445128305362502, 43.666190492505457 ], [ -79.446501699499649, 43.665648345589901 ], [ -79.448159168178549, 43.665962835307582 ], [ -79.448318761747259, 43.666734557663666 ], [ -79.447665787443754, 43.667451768537923 ], [ -79.44559863250214, 43.66825923135049 ], [ -79.445128305362502, 43.666190492505457 ] ] ] } },
{ "type": "Feature", "properties": { "vor_id": 1421, "theft_count": 20, "bike_trips": 1295.0, "theft_per_1000_trips": "15.444015444015445" }, "geometry": { "type": "Polygon", "coordinates": [ [ [ -79.352492184160567, 43.661129705607628 ], [ -79.353271502436385, 43.659696198161214 ], [ -79.354857870603368, 43.659833687028261 ], [ -79.355016912377764, 43.660526640264244 ], [ -79.354554252929475, 43.661766287179979 ], [ -79.352492184160567, 43.661129705607628 ] ] ] } },
{ "type": "Feature", "properties": { "vor_id": 1423, "theft_count": 7, "bike_trips": 2593.0, "theft_per_1000_trips": "2.699575780948708" }, "geometry": { "type": "Polygon", "coordinates": [ [ [ -79.349105471105005, 43.671559852545997 ], [ -79.345588440830369, 43.673026793572802 ], [ -79.345717874197732, 43.672111378672817 ], [ -79.348740044033008, 43.670762503917118 ], [ -79.348945710813808, 43.670818348077589 ], [ -79.349105471105005, 43.671559852545997 ] ] ] } },
{ "type": "Feature", "properties": { "vor_id": 1424, "theft_count": 16, "bike_trips": 3807.0, "theft_per_1000_trips": "4.202784344628316" }, "geometry": { "type": "Polygon", "coordinates": [ [ [ -79.298671624878907, 43.67469227162286 ], [ -79.297041651693547, 43.674695680750972 ], [ -79.294736435458631, 43.663800444821 ], [ -79.297734572821483, 43.667103100395977 ], [ -79.299334599571068, 43.674418446913187 ], [ -79.298671624878907, 43.67469227162286 ] ] ] } },
{ "type": "Feature", "properties": { "vor_id": 1425, "theft_count": 29, "bike_trips": 1112.0, "theft_per_1000_trips": "26.079136690647484" }, "geometry": { "type": "Polygon", "coordinates": [ [ [ -79.445346581212434, 43.661792162761174 ], [ -79.444252570818207, 43.663519384006463 ], [ -79.442153007850564, 43.664377064790415 ], [ -79.441446044183593, 43.66075615087999 ], [ -79.442656573009131, 43.660570134055938 ], [ -79.44475645676377, 43.660735942031764 ], [ -79.445346581212434, 43.661792162761174 ] ] ] } },
{ "type": "Feature", "properties": { "vor_id": 1428, "theft_count": 13, "bike_trips": 7994.0, "theft_per_1000_trips": "1.6262196647485614" }, "geometry": { "type": "Polygon", "coordinates": [ [ [ -79.148908749645955, 43.755580636354715 ], [ -79.152328686117642, 43.767229088285923 ], [ -79.145624269367772, 43.781046957332741 ], [ -79.134201600830266, 43.783906970902457 ], [ -79.130787275524114, 43.76833195510266 ], [ -79.148908749645955, 43.755580636354715 ] ] ] } },
{ "type": "Feature", "properties": { "vor_id": 1429, "theft_count": 16, "bike_trips": 2233.0, "theft_per_1000_trips": "7.16524854455889" }, "geometry": { "type": "Polygon", "coordinates": [ [ [ -79.431302348427039, 43.646542568862095 ], [ -79.43392031049747, 43.644074818292495 ], [ -79.436968346514604, 43.645656283111521 ], [ -79.437240090602643, 43.646296374534202 ], [ -79.437101642673341, 43.646494823582799 ], [ -79.432873841424509, 43.648112745887438 ], [ -79.431315564066551, 43.646614141941072 ], [ -79.431295305012284, 43.646590815240891 ], [ -79.431302348427039, 43.646542568862095 ] ] ] } },
{ "type": "Feature", "properties": { "vor_id": 1430, "theft_count": 25, "bike_trips": 5723.0, "theft_per_1000_trips": "4.368338284116722" }, "geometry": { "type": "Polygon", "coordinates": [ [ [ -79.480502855959216, 43.67001483115888 ], [ -79.479847635661784, 43.668966421799546 ], [ -79.47976020370271, 43.668008951865311 ], [ -79.484212491618052, 43.662607572262338 ], [ -79.484184191196789, 43.667367731033224 ], [ -79.480502855959216, 43.67001483115888 ] ] ] } },
{ "type": "Feature", "properties": { "vor_id": 1432, "theft_count": 15, "bike_trips": 5194.0, "theft_per_1000_trips": "2.887947631882942" }, "geometry": { "type": "Polygon", "coordinates": [ [ [ -79.353915589207077, 43.67566148212039 ], [ -79.35461924593389, 43.675991332422896 ], [ -79.352553652392643, 43.678392450012758 ], [ -79.352143917591533, 43.676387870055251 ], [ -79.353915589207077, 43.67566148212039 ] ] ] } },
{ "type": "Feature", "properties": { "vor_id": 1433, "theft_count": 25, "bike_trips": 5872.0, "theft_per_1000_trips": "4.2574931880108995" }, "geometry": { "type": "Polygon", "coordinates": [ [ [ -79.418525320204807, 43.776195748067202 ], [ -79.416974582869599, 43.776934914660352 ], [ -79.413461861495506, 43.776690370592782 ], [ -79.414472739564815, 43.772926340099318 ], [ -79.41927943847891, 43.770163253375792 ], [ -79.420966211102794, 43.772882943228907 ], [ -79.418525320204807, 43.776195748067202 ] ] ] } },
{ "type": "Feature", "properties": { "vor_id": 1434, "theft_count": 7, "bike_trips": 10477.0, "theft_per_1000_trips": "0.6681301899398683" }, "geometry": { "type": "Polygon", "coordinates": [ [ [ -79.376660726185534, 43.781918632719929 ], [ -79.379019176742077, 43.783219868707263 ], [ -79.367809880480849, 43.79861176001468 ], [ -79.363152099734023, 43.79804251603553 ], [ -79.362505964455138, 43.797172496542814 ], [ -79.364820422436281, 43.783720143974499 ], [ -79.37208046024459, 43.780796428002489 ], [ -79.376660726185534, 43.781918632719929 ] ] ] } },
{ "type": "Feature", "properties": { "vor_id": 1435, "theft_count": 8, "bike_trips": 1099.0, "theft_per_1000_trips": "7.279344858962694" }, "geometry": { "type": "Polygon", "coordinates": [ [ [ -79.416064372285632, 43.667909118660035 ], [ -79.416069794124553, 43.668217290377783 ], [ -79.41447126681372, 43.670763215605689 ], [ -79.413844633930324, 43.670718411290174 ], [ -79.41341429928778, 43.668778814606412 ], [ -79.415902701010083, 43.667805316775492 ], [ -79.416064372285632, 43.667909118660035 ] ] ] } },
{ "type": "Feature", "properties": { "vor_id": 1436, "theft_count": 16, "bike_trips": 2359.0, "theft_per_1000_trips": "6.782534972445951" }, "geometry": { "type": "Polygon", "coordinates": [ [ [ -79.431194647307237, 43.67589098173805 ], [ -79.428744210065787, 43.673307652761288 ], [ -79.428875224576217, 43.673025077326812 ], [ -79.431713939644354, 43.671863934118463 ], [ -79.433363477937547, 43.674055469560955 ], [ -79.431194647307237, 43.67589098173805 ] ] ] } },
{ "type": "Feature", "properties": { "vor_id": 1438, "theft_count": 6, "bike_trips": 1098.0, "theft_per_1000_trips": "5.46448087431694" }, "geometry": { "type": "Polygon", "coordinates": [ [ [ -79.412331664530882, 43.66200432406086 ], [ -79.414407086773892, 43.663116180606224 ], [ -79.414069385313283, 43.663700064591424 ], [ -79.412313230888401, 43.664394067430415 ], [ -79.411541654649497, 43.663569171233057 ], [ -79.411765300137219, 43.662593854305591 ], [ -79.412331664530882, 43.66200432406086 ] ] ] } },
{ "type": "Feature", "properties": { "vor_id": 1439, "theft_count": 16, "bike_trips": 2140.0, "theft_per_1000_trips": "7.4766355140186915" }, "geometry": { "type": "Polygon", "coordinates": [ [ [ -79.395656308079282, 43.654680746818634 ], [ -79.395552122182323, 43.654546034630037 ], [ -79.39524722575625, 43.653069965716142 ], [ -79.396242329996355, 43.652664870444873 ], [ -79.396988210797119, 43.65291294870115 ], [ -79.397221347339197, 43.654030447161531 ], [ -79.395656308079282, 43.654680746818634 ] ] ] } },
{ "type": "Feature", "properties": { "vor_id": 1440, "theft_count": 4, "bike_trips": 6355.0, "theft_per_1000_trips": "0.6294256490952006" }, "geometry": { "type": "Polygon", "coordinates": [ [ [ -79.178366911527746, 43.767036180468807 ], [ -79.1781649906072, 43.767365996223035 ], [ -79.177954065786508, 43.766523937137272 ], [ -79.177923360174987, 43.766438120701991 ], [ -79.176301025625463, 43.761903999381744 ], [ -79.174385616862921, 43.757854207811249 ], [ -79.174807071054119, 43.746365098399323 ], [ -79.179821248085744, 43.764660680656846 ], [ -79.178366911527746, 43.767036180468807 ] ] ] } },
{ "type": "Feature", "properties": { "vor_id": 1441, "theft_count": 13, "bike_trips": 2559.0, "theft_per_1000_trips": "5.080109417741305" }, "geometry": { "type": "Polygon", "coordinates": [ [ [ -79.319806203996961, 43.67033403281556 ], [ -79.321605015045535, 43.670269628959772 ], [ -79.32237490036448, 43.673626743788525 ], [ -79.322370788315325, 43.673632720494609 ], [ -79.320473923866061, 43.673687315828822 ], [ -79.319739354615379, 43.670402590106029 ], [ -79.319806203996961, 43.67033403281556 ] ] ] } },
{ "type": "Feature", "properties": { "vor_id": 1442, "theft_count": 15, "bike_trips": 1093.0, "theft_per_1000_trips": "13.723696248856358" }, "geometry": { "type": "Polygon", "coordinates": [ [ [ -79.403711044048805, 43.643080507018254 ], [ -79.403527410453648, 43.642424837156163 ], [ -79.406528637563099, 43.641168896013887 ], [ -79.406375737374788, 43.642196066348603 ], [ -79.403814008765579, 43.643240215662381 ], [ -79.403711044048805, 43.643080507018254 ] ] ] } },
{ "type": "Feature", "properties": { "vor_id": 1446, "theft_count": 0, "bike_trips": 1072.0, "theft_per_1000_trips": "0.0" }, "geometry": { "type": "Polygon", "coordinates": [ [ [ -79.398506568580061, 43.662895649327979 ], [ -79.396890661436359, 43.663554199546617 ], [ -79.396407421346112, 43.663198098202628 ], [ -79.397567084841299, 43.662649618217515 ], [ -79.398509711190869, 43.662084629726508 ], [ -79.398600189830304, 43.662526656656709 ], [ -79.398506568580061, 43.662895649327979 ] ] ] } },
{ "type": "Feature", "properties": { "vor_id": 1447, "theft_count": 12, "bike_trips": 6034.0, "theft_per_1000_trips": "1.9887305270135895" }, "geometry": { "type": "Polygon", "coordinates": [ [ [ -79.409327527096991, 43.705898733356605 ], [ -79.403588476635349, 43.701758969323983 ], [ -79.403571958488186, 43.701693362892385 ], [ -79.411176432088851, 43.698387221527319 ], [ -79.411431351993301, 43.699142551480755 ], [ -79.409327527096991, 43.705898733356605 ] ] ] } },
{ "type": "Feature", "properties": { "vor_id": 1449, "theft_count": 44, "bike_trips": 28453.0, "theft_per_1000_trips": "1.546409868906618" }, "geometry": { "type": "Polygon", "coordinates": [ [ [ -79.594851953699489, 43.648553940572342 ], [ -79.598322465187223, 43.674241398028784 ], [ -79.598289506539643, 43.674231164376494 ], [ -79.560594755441059, 43.658231921543191 ], [ -79.560304403798838, 43.657986971181295 ], [ -79.5676237523612, 43.647335388745525 ], [ -79.5718287542865, 43.643306886672434 ], [ -79.573780074266409, 43.642037377790821 ], [ -79.580768389505153, 43.642624182518425 ], [ -79.594851953699489, 43.648553940572342 ] ] ] } },
{ "type": "Feature", "properties": { "vor_id": 1450, "theft_count": 7, "bike_trips": 5258.0, "theft_per_1000_trips": "1.3313046785850131" }, "geometry": { "type": "Polygon", "coordinates": [ [ [ -79.493633872996369, 43.626375250395171 ], [ -79.491264991875411, 43.631937124796721 ], [ -79.487763887339057, 43.630846548461982 ], [ -79.488022323437903, 43.629238574215123 ], [ -79.491076605223512, 43.624524786716769 ], [ -79.492182041454768, 43.624948256677641 ], [ -79.492746203940584, 43.625570714059428 ], [ -79.493633872996369, 43.626375250395171 ] ] ] } },
{ "type": "Feature", "properties": { "vor_id": 1452, "theft_count": 22, "bike_trips": 6177.0, "theft_per_1000_trips": "3.561599481949166" }, "geometry": { "type": "Polygon", "coordinates": [ [ [ -79.276298105335371, 43.77059588795818 ], [ -79.275556849090506, 43.765268265576211 ], [ -79.276461496341668, 43.764935607197337 ], [ -79.290444317251556, 43.774293478130183 ], [ -79.289113372844966, 43.776015354726979 ], [ -79.287974447554348, 43.776519890883513 ], [ -79.276298105335371, 43.77059588795818 ] ] ] } },
{ "type": "Feature", "properties": { "vor_id": 1453, "theft_count": 5, "bike_trips": 2381.0, "theft_per_1000_trips": "2.099958000839983" }, "geometry": { "type": "Polygon", "coordinates": [ [ [ -79.423258306283543, 43.698925470829813 ], [ -79.41965874487056, 43.696069193494203 ], [ -79.424495652632515, 43.69409345960625 ], [ -79.42460662421999, 43.694239272432959 ], [ -79.425281495463892, 43.69652256848741 ], [ -79.423258306283543, 43.698925470829813 ] ] ] } },
{ "type": "Feature", "properties": { "vor_id": 1454, "theft_count": 26, "bike_trips": 2591.0, "theft_per_1000_trips": "10.034735623311462" }, "geometry": { "type": "Polygon", "coordinates": [ [ [ -79.350987739454496, 43.663873784117229 ], [ -79.353174429391899, 43.667685880602946 ], [ -79.35060638559753, 43.668512352260571 ], [ -79.347971053799355, 43.667163707049397 ], [ -79.348259352795594, 43.664887920798634 ], [ -79.350904426109167, 43.663799896895888 ], [ -79.350987739454496, 43.663873784117229 ] ] ] } },
{ "type": "Feature", "properties": { "vor_id": 1457, "theft_count": 0, "bike_trips": 1097.0, "theft_per_1000_trips": "0.0" }, "geometry": { "type": "Polygon", "coordinates": [ [ [ -79.411596292664598, 43.651433346408403 ], [ -79.412000975842631, 43.653421847512611 ], [ -79.410739801622384, 43.653557328468494 ], [ -79.41054377618272, 43.652594619392808 ], [ -79.411596292664598, 43.651433346408403 ] ] ] } },
{ "type": "Feature", "properties": { "vor_id": 1458, "theft_count": 23, "bike_trips": 1016.0, "theft_per_1000_trips": "22.637795275590552" }, "geometry": { "type": "Polygon", "coordinates": [ [ [ -79.358431977626424, 43.656467112585311 ], [ -79.356828379376324, 43.656638253240651 ], [ -79.356411243552017, 43.655184017516575 ], [ -79.356885861906861, 43.654861432902287 ], [ -79.357395189468193, 43.65474479761739 ], [ -79.358431977626424, 43.656467112585311 ] ] ] } },
{ "type": "Feature", "properties": { "vor_id": 1459, "theft_count": 23, "bike_trips": 2092.0, "theft_per_1000_trips": "10.994263862332696" }, "geometry": { "type": "Polygon", "coordinates": [ [ [ -79.392069519775518, 43.668092941815708 ], [ -79.392772339237268, 43.668933407483863 ], [ -79.391980642920203, 43.670121383467013 ], [ -79.390970140271591, 43.670282817573145 ], [ -79.390625003437222, 43.668674994816286 ], [ -79.392069519775518, 43.668092941815708 ] ] ] } },
{ "type": "Feature", "properties": { "vor_id": 1460, "theft_count": 17, "bike_trips": 2243.0, "theft_per_1000_trips": "7.579135086937138" }, "geometry": { "type": "Polygon", "coordinates": [ [ [ -79.437667132515529, 43.637441943379521 ], [ -79.434896436966014, 43.632487721986024 ], [ -79.440850393788509, 43.596228126623643 ], [ -79.440885012722944, 43.596085918194227 ], [ -79.448127125782392, 43.594754168787375 ], [ -79.448842476180687, 43.597139014640064 ], [ -79.439715917774478, 43.637196593289346 ], [ -79.438195373799374, 43.637759163366745 ], [ -79.437667132515529, 43.637441943379521 ] ] ] } },
{ "type": "Feature", "properties": { "vor_id": 1461, "theft_count": 21, "bike_trips": 2071.0, "theft_per_1000_trips": "10.140028971511347" }, "geometry": { "type": "Polygon", "coordinates": [ [ [ -79.37614618517037, 43.651066599128491 ], [ -79.376097095515817, 43.651067499638614 ], [ -79.373950108324649, 43.65046240224418 ], [ -79.375311800351952, 43.649190218609554 ], [ -79.376605616876589, 43.650196777459712 ], [ -79.376288915189676, 43.650975470841644 ], [ -79.37614618517037, 43.651066599128491 ] ] ] } },
{ "type": "Feature", "properties": { "vor_id": 1465, "theft_count": 11, "bike_trips": 9287.0, "theft_per_1000_trips": "1.184451383654571" }, "geometry": { "type": "Polygon", "coordinates": [ [ [ -79.48212201220467, 43.701734863204855 ], [ -79.479857158836964, 43.702638864673894 ], [ -79.470920640859617, 43.70013191412216 ], [ -79.471125761819181, 43.691874856420135 ], [ -79.473059093140279, 43.688444621246198 ], [ -79.478746159919723, 43.684297311282414 ], [ -79.484868057874095, 43.692177818026181 ], [ -79.48212201220467, 43.701734863204855 ] ] ] } },
{ "type": "Feature", "properties": { "vor_id": 1466, "theft_count": 14, "bike_trips": 1077.0, "theft_per_1000_trips": "12.99907149489322" }, "geometry": { "type": "Polygon", "coordinates": [ [ [ -79.404147274041989, 43.658898996645632 ], [ -79.404213779884671, 43.659108760566738 ], [ -79.403528298836363, 43.660041881496632 ], [ -79.402116520326899, 43.660634500738162 ], [ -79.401616987105683, 43.660222200216573 ], [ -79.401775759650974, 43.660127035615226 ], [ -79.40271748568513, 43.65942860398755 ], [ -79.404103863410114, 43.658874738895967 ], [ -79.404147274041989, 43.658898996645632 ] ] ] } },
{ "type": "Feature", "properties": { "vor_id": 1467, "theft_count": 14, "bike_trips": 3400.0, "theft_per_1000_trips": "4.11764705882353" }, "geometry": { "type": "Polygon", "coordinates": [ [ [ -79.438150638237801, 43.666979509361894 ], [ -79.439403517250327, 43.665731786162297 ], [ -79.440621217135785, 43.66604792681634 ], [ -79.440998634071491, 43.666586832064482 ], [ -79.440335267957394, 43.670782645326945 ], [ -79.439067116118892, 43.670910849763615 ], [ -79.438685537381204, 43.670350298179045 ], [ -79.438150638237801, 43.666979509361894 ] ] ] } },
{ "type": "Feature", "properties": { "vor_id": 1469, "theft_count": 0, "bike_trips": 3189.0, "theft_per_1000_trips": "0.0" }, "geometry": { "type": "Polygon", "coordinates": [ [ [ -79.216902582791931, 43.78603053110448 ], [ -79.213547769158694, 43.787617239782683 ], [ -79.209339094349019, 43.790139822384972 ], [ -79.205397941791816, 43.793062780331965 ], [ -79.205008574532485, 43.793415682245175 ], [ -79.205503694117894, 43.790986820759279 ], [ -79.21008410621171, 43.784745357707685 ], [ -79.216789646969801, 43.784847960980436 ], [ -79.216902582791931, 43.78603053110448 ] ] ] } },
{ "type": "Feature", "properties": { "vor_id": 1473, "theft_count": 18, "bike_trips": 2539.0, "theft_per_1000_trips": "7.089405277668374" }, "geometry": { "type": "Polygon", "coordinates": [ [ [ -79.302244088302317, 43.670854882535622 ], [ -79.297734572821483, 43.667103100395977 ], [ -79.294736435458631, 43.663800444821 ], [ -79.290979972104026, 43.656801010701905 ], [ -79.295372598781157, 43.654159850351142 ], [ -79.300408270994694, 43.662696260126005 ], [ -79.303032287742425, 43.670252781826477 ], [ -79.302244088302317, 43.670854882535622 ] ] ] } },
{ "type": "Feature", "properties": { "vor_id": 1474, "theft_count": 28, "bike_trips": 2088.0, "theft_per_1000_trips": "13.409961685823756" }, "geometry": { "type": "Polygon", "coordinates": [ [ [ -79.385841498108405, 43.671223911990417 ], [ -79.387182437665842, 43.670672422832631 ], [ -79.387834765324214, 43.670789375011147 ], [ -79.388416663177097, 43.671159660531195 ], [ -79.386028385631235, 43.672133562752819 ], [ -79.385841498108405, 43.671223911990417 ] ] ] } },
{ "type": "Feature", "properties": { "vor_id": 1476, "theft_count": 9, "bike_trips": 4461.0, "theft_per_1000_trips": "2.017484868863484" }, "geometry": { "type": "Polygon", "coordinates": [ [ [ -79.387504358326439, 43.764293401074184 ], [ -79.388040708806514, 43.765501725176328 ], [ -79.385984519301658, 43.768661063650576 ], [ -79.385131297391965, 43.768439505811976 ], [ -79.383228945753814, 43.766473273951512 ], [ -79.387504358326439, 43.764293401074184 ] ] ] } },
{ "type": "Feature", "properties": { "vor_id": 1477, "theft_count": 16, "bike_trips": 7059.0, "theft_per_1000_trips": "2.2666100014166313" }, "geometry": { "type": "Polygon", "coordinates": [ [ [ -79.448603385260554, 43.697977105642536 ], [ -79.448750169538613, 43.69785355538022 ], [ -79.453620885601168, 43.696225944440492 ], [ -79.460601892005656, 43.70309118325023 ], [ -79.462135217086868, 43.705027594111634 ], [ -79.455231972529234, 43.706579372198043 ], [ -79.448554457896805, 43.701710770199945 ], [ -79.448603385260554, 43.697977105642536 ] ] ] } },
{ "type": "Feature", "properties": { "vor_id": 1478, "theft_count": 9, "bike_trips": 4738.0, "theft_per_1000_trips": "1.8995356690586744" }, "geometry": { "type": "Polygon", "coordinates": [ [ [ -79.433298440003057, 43.694845363614903 ], [ -79.43196910511675, 43.694045829860286 ], [ -79.431737598790122, 43.693275281123569 ], [ -79.437720299502203, 43.687451033561132 ], [ -79.438292048212418, 43.689243538351839 ], [ -79.436656175909761, 43.693495654663209 ], [ -79.433298440003057, 43.694845363614903 ] ] ] } },
{ "type": "Feature", "properties": { "vor_id": 1483, "theft_count": 12, "bike_trips": 5642.0, "theft_per_1000_trips": "2.1269053527118045" }, "geometry": { "type": "Polygon", "coordinates": [ [ [ -79.289620807678602, 43.719211277927833 ], [ -79.28945569250962, 43.719102181538481 ], [ -79.289388802990615, 43.718727478177456 ], [ -79.294804751685817, 43.71078385469589 ], [ -79.299352150438253, 43.709736233879056 ], [ -79.302167650710345, 43.71671202625533 ], [ -79.300716012847246, 43.71846501608514 ], [ -79.294410826798384, 43.720764025509887 ], [ -79.289620807678602, 43.719211277927833 ] ] ] } },
{ "type": "Feature", "properties": { "vor_id": 1485, "theft_count": 13, "bike_trips": 2221.0, "theft_per_1000_trips": "5.85321927059883" }, "geometry": { "type": "Polygon", "coordinates": [ [ [ -79.4303383147396, 43.663533791524735 ], [ -79.430515164371371, 43.663332510788095 ], [ -79.433128389396671, 43.662231594802691 ], [ -79.433309051766116, 43.662341950534405 ], [ -79.43288963348293, 43.6663753674516 ], [ -79.430815903142999, 43.665639649075707 ], [ -79.4303383147396, 43.663533791524735 ] ] ] } },
{ "type": "Feature", "properties": { "vor_id": 1486, "theft_count": 14, "bike_trips": 7613.0, "theft_per_1000_trips": "1.8389596742414291" }, "geometry": { "type": "Polygon", "coordinates": [ [ [ -79.234306542821471, 43.776053168245404 ], [ -79.239743894140076, 43.766288404343719 ], [ -79.2469921868407, 43.7610478805274 ], [ -79.255818010629966, 43.770515511538804 ], [ -79.24963394128757, 43.777172654507652 ], [ -79.238338913112017, 43.778928116054765 ], [ -79.234306542821471, 43.776053168245404 ] ] ] } },
{ "type": "Feature", "properties": { "vor_id": 1488, "theft_count": 4, "bike_trips": 1103.0, "theft_per_1000_trips": "3.626473254759746" }, "geometry": { "type": "Polygon", "coordinates": [ [ [ -79.417520447900742, 43.646887629292173 ], [ -79.418813789893676, 43.644484596110814 ], [ -79.419482472193522, 43.644962981380928 ], [ -79.418743487756615, 43.646849679791181 ], [ -79.417913163363622, 43.64766050820139 ], [ -79.417520447900742, 43.646887629292173 ] ] ] } },
{ "type": "Feature", "properties": { "vor_id": 1490, "theft_count": 8, "bike_trips": 1106.0, "theft_per_1000_trips": "7.2332730560578655" }, "geometry": { "type": "Polygon", "coordinates": [ [ [ -79.424902536234029, 43.646548785936929 ], [ -79.425299179836742, 43.645099016511637 ], [ -79.425714576419139, 43.644935157312617 ], [ -79.426769672135762, 43.645423139745496 ], [ -79.427360110758229, 43.646375732596766 ], [ -79.426527478013455, 43.647839789219816 ], [ -79.425425324898754, 43.648027303645982 ], [ -79.424902536234029, 43.646548785936929 ] ] ] } },
{ "type": "Feature", "properties": { "vor_id": 1494, "theft_count": 61, "bike_trips": 42860.0, "theft_per_1000_trips": "1.4232384507699487" }, "geometry": { "type": "MultiPolygon", "coordinates": [ [ [ [ -79.581473361615124, 43.616326768651078 ], [ -79.578550403668132, 43.620267921208281 ], [ -79.575255220059319, 43.623903596059428 ], [ -79.573275947133695, 43.625697504472285 ], [ -79.568619535559222, 43.62062918631203 ], [ -79.576926256256058, 43.610444704257169 ], [ -79.581800392031482, 43.615781151364232 ], [ -79.581473361615124, 43.616326768651078 ] ] ], [ [ [ -79.497964444201557, 43.615722881242377 ], [ -79.49709177686276, 43.614266923747593 ], [ -79.495803817782573, 43.612118093841396 ], [ -79.49530326422223, 43.611059762257618 ], [ -79.49484085462818, 43.610082079314545 ], [ -79.495348102221726, 43.609963387263718 ], [ -79.496322326609885, 43.609009155334491 ], [ -79.495671227988382, 43.606092148167498 ], [ -79.497141427413695, 43.605242799571919 ], [ -79.498665484107633, 43.609502252686141 ], [ -79.499172511084922, 43.609516783967194 ], [ -79.499370682374433, 43.610070635618257 ], [ -79.501468595782569, 43.614506300841299 ], [ -79.501944482742019, 43.615300270266388 ], [ -79.501448088697302, 43.615150095200512 ], [ -79.503347981384778, 43.618319874650979 ], [ -79.50627093933177, 43.622261027208182 ], [ -79.506718249797714, 43.622754558253718 ], [ -79.509566122940583, 43.625896702059329 ], [ -79.513201797791723, 43.629191885668135 ], [ -79.517142950348926, 43.632114843615128 ], [ -79.517394049550219, 43.632265346684449 ], [ -79.517718787322366, 43.632459987014563 ], [ -79.517786147349014, 43.63250994461513 ], [ -79.521994822158689, 43.635032527217419 ], [ -79.52329293972771, 43.635646491102534 ], [ -79.520765709381749, 43.634742233625666 ], [ -79.516330044158693, 43.632644320217516 ], [ -79.516216324320922, 43.632576159169851 ], [ -79.512121369349018, 43.630121737615227 ], [ -79.508180216791814, 43.627198779668234 ], [ -79.50604493632062, 43.625263474258098 ], [ -79.505053619843295, 43.624364997375281 ], [ -79.504544541940675, 43.623903596059428 ], [ -79.501249358331862, 43.620267921208281 ], [ -79.498326400384869, 43.616326768651078 ], [ -79.497964444201557, 43.615722881242377 ] ] ], [ [ [ -79.554273446684476, 43.636430509331078 ], [ -79.549654397100809, 43.637587521020258 ], [ -79.544800738016477, 43.638307493333706 ], [ -79.543340719615443, 43.638379219438356 ], [ -79.543457681519598, 43.637761153483645 ], [ -79.547235714618154, 43.636409351625666 ], [ -79.55167137984121, 43.634311438217516 ], [ -79.554975660225864, 43.632330928772532 ], [ -79.555880054650885, 43.631788855615227 ], [ -79.55817407009549, 43.630087497807573 ], [ -79.559912157038482, 43.633215465130284 ], [ -79.560225609258438, 43.63417866930638 ], [ -79.559034052618244, 43.634742233625666 ], [ -79.554414114862723, 43.636395273786711 ], [ -79.554273446684476, 43.636430509331078 ] ] ], [ [ [ -79.495162225666292, 43.59544222001648 ], [ -79.494921461999908, 43.590541363 ], [ -79.495098792950714, 43.586931708571782 ], [ -79.49571297573786, 43.587917407444117 ], [ -79.495564659, 43.590936464 ], [ -79.495805422666379, 43.595837321016482 ], [ -79.496525394979827, 43.600690980100808 ], [ -79.497599307184828, 43.604978277947261 ], [ -79.497141427413695, 43.605242799571919 ], [ -79.4970744452133, 43.605055596862726 ], [ -79.495882197979739, 43.600295879100806 ], [ -79.495162225666292, 43.59544222001648 ] ] ] ] } },
{ "type": "Feature", "properties": { "vor_id": 1495, "theft_count": 8, "bike_trips": 6927.0, "theft_per_1000_trips": "1.1549011115923198" }, "geometry": { "type": "Polygon", "coordinates": [ [ [ -79.395218136019707, 43.7670009271624 ], [ -79.395603854542131, 43.758985139251941 ], [ -79.395745408262925, 43.758622581688499 ], [ -79.402845370569466, 43.761611025584308 ], [ -79.403192684102891, 43.762605035801997 ], [ -79.401692741970564, 43.770052791234527 ], [ -79.400654439279549, 43.770249896646924 ], [ -79.395218136019707, 43.7670009271624 ] ] ] } },
{ "type": "Feature", "properties": { "vor_id": 1496, "theft_count": 11, "bike_trips": 4584.0, "theft_per_1000_trips": "2.399650959860384" }, "geometry": { "type": "Polygon", "coordinates": [ [ [ -79.4956894406494, 43.710476974029902 ], [ -79.494315448111792, 43.706375134647459 ], [ -79.505693101457922, 43.703208057175658 ], [ -79.506717080365192, 43.704068794735043 ], [ -79.50723669734586, 43.709988595751781 ], [ -79.4956894406494, 43.710476974029902 ] ] ] } },
{ "type": "Feature", "properties": { "vor_id": 1498, "theft_count": 42, "bike_trips": 2142.0, "theft_per_1000_trips": "19.607843137254903" }, "geometry": { "type": "Polygon", "coordinates": [ [ [ -79.391430150313823, 43.659526057255917 ], [ -79.390892150172675, 43.659152526371621 ], [ -79.390533889613238, 43.65756940577571 ], [ -79.390634949520347, 43.657312531095414 ], [ -79.391428799606587, 43.657164467992224 ], [ -79.392840720137784, 43.657741358664218 ], [ -79.39212504610326, 43.659582647889351 ], [ -79.391430150313823, 43.659526057255917 ] ] ] } },
{ "type": "Feature", "properties": { "vor_id": 1499, "theft_count": 21, "bike_trips": 3081.0, "theft_per_1000_trips": "6.815968841285297" }, "geometry": { "type": "Polygon", "coordinates": [ [ [ -79.366580542993532, 43.646948789816292 ], [ -79.364605501854371, 43.649578026362043 ], [ -79.36419509213664, 43.649990521264918 ], [ -79.36338637594433, 43.646157444101739 ], [ -79.366580542993532, 43.646948789816292 ] ] ] } },
{ "type": "Feature", "properties": { "vor_id": 1501, "theft_count": 16, "bike_trips": 2433.0, "theft_per_1000_trips": "6.576243321002877" }, "geometry": { "type": "Polygon", "coordinates": [ [ [ -79.396428775131795, 43.692132819807171 ], [ -79.398366206797675, 43.692215484215183 ], [ -79.398310710889206, 43.694677875816495 ], [ -79.396253139794695, 43.695059470370978 ], [ -79.394003944899993, 43.693375874166669 ], [ -79.396428775131795, 43.692132819807171 ] ] ] } },
{ "type": "Feature", "properties": { "vor_id": 1503, "theft_count": 14, "bike_trips": 2377.0, "theft_per_1000_trips": "5.889777029869584" }, "geometry": { "type": "Polygon", "coordinates": [ [ [ -79.415943975161866, 43.680587345936011 ], [ -79.419734850596996, 43.679117679710174 ], [ -79.419823067458992, 43.679539360248391 ], [ -79.417720430848135, 43.682199889282352 ], [ -79.416916831549983, 43.682512480057447 ], [ -79.415671586406319, 43.681775489861039 ], [ -79.415943975161866, 43.680587345936011 ] ] ] } },
{ "type": "Feature", "properties": { "vor_id": 1504, "theft_count": 4, "bike_trips": 2383.0, "theft_per_1000_trips": "1.678556441460344" }, "geometry": { "type": "Polygon", "coordinates": [ [ [ -79.4432639113503, 43.711216494672236 ], [ -79.445583216009467, 43.712313452645624 ], [ -79.435641798469518, 43.716372963869318 ], [ -79.434357274072212, 43.714951183698133 ], [ -79.4432639113503, 43.711216494672236 ] ] ] } },
{ "type": "Feature", "properties": { "vor_id": 1505, "theft_count": 21, "bike_trips": 5566.0, "theft_per_1000_trips": "3.7729069349622706" }, "geometry": { "type": "Polygon", "coordinates": [ [ [ -79.432628191542676, 43.752282872980665 ], [ -79.426281219104979, 43.747341694988116 ], [ -79.426598434231806, 43.741212346380451 ], [ -79.429950779315121, 43.737017426512438 ], [ -79.443247453373715, 43.741851173876263 ], [ -79.444704571967833, 43.744451140383781 ], [ -79.432628191542676, 43.752282872980665 ] ] ] } },
{ "type": "Feature", "properties": { "vor_id": 1506, "theft_count": 5, "bike_trips": 2538.0, "theft_per_1000_trips": "1.970055161544523" }, "geometry": { "type": "Polygon", "coordinates": [ [ [ -79.296179928659868, 43.682522076708501 ], [ -79.296621008857855, 43.681575778403435 ], [ -79.297430724010923, 43.680214093540322 ], [ -79.299760822009333, 43.679275754845946 ], [ -79.300374458525496, 43.679841395560658 ], [ -79.300707790953254, 43.680691279088464 ], [ -79.297038368615432, 43.682520929421308 ], [ -79.296179928659868, 43.682522076708501 ] ] ] } },
{ "type": "Feature", "properties": { "vor_id": 1507, "theft_count": 7, "bike_trips": 2980.0, "theft_per_1000_trips": "2.348993288590604" }, "geometry": { "type": "Polygon", "coordinates": [ [ [ -79.38174433211725, 43.765944769139701 ], [ -79.383228945753814, 43.766473273951512 ], [ -79.385131297391965, 43.768439505811976 ], [ -79.382397747208316, 43.769120588445219 ], [ -79.38174433211725, 43.765944769139701 ] ] ] } },
{ "type": "Feature", "properties": { "vor_id": 1509, "theft_count": 24, "bike_trips": 4773.0, "theft_per_1000_trips": "5.02828409805154" }, "geometry": { "type": "Polygon", "coordinates": [ [ [ -79.182121985670307, 43.770561189020356 ], [ -79.181727274687262, 43.768810170645345 ], [ -79.190261104489977, 43.766177307884647 ], [ -79.190685216490138, 43.768108635471776 ], [ -79.182121985670307, 43.770561189020356 ] ] ] } },
{ "type": "Feature", "properties": { "vor_id": 1510, "theft_count": 20, "bike_trips": 11460.0, "theft_per_1000_trips": "1.7452006980802792" }, "geometry": { "type": "Polygon", "coordinates": [ [ [ -79.502274120857351, 43.741907888078998 ], [ -79.503215076655493, 43.747678437319792 ], [ -79.502916185530012, 43.752072358522305 ], [ -79.502412238898543, 43.752857745997012 ], [ -79.491512340023164, 43.752812080225958 ], [ -79.486879898696102, 43.749867788417582 ], [ -79.48359153768223, 43.740878488293085 ], [ -79.486762654545174, 43.738400637267553 ], [ -79.502274120857351, 43.741907888078998 ] ] ] } },
{ "type": "Feature", "properties": { "vor_id": 1513, "theft_count": 9, "bike_trips": 1100.0, "theft_per_1000_trips": "8.181818181818182" }, "geometry": { "type": "Polygon", "coordinates": [ [ [ -79.424841877254508, 43.666964411997704 ], [ -79.424564109010845, 43.669051269811995 ], [ -79.422396333490042, 43.669969517963608 ], [ -79.42151638382299, 43.66913600919483 ], [ -79.421981324693576, 43.667009119435249 ], [ -79.422258660985264, 43.666355097186511 ], [ -79.424841877254508, 43.666964411997704 ] ] ] } },
{ "type": "Feature", "properties": { "vor_id": 1516, "theft_count": 30, "bike_trips": 2201.0, "theft_per_1000_trips": "13.630168105406632" }, "geometry": { "type": "Polygon", "coordinates": [ [ [ -79.419493032031298, 43.66155281738402 ], [ -79.421070218593925, 43.660948633014947 ], [ -79.422345397607373, 43.661263366751776 ], [ -79.422780167317839, 43.663252705200883 ], [ -79.421685067232573, 43.665488172509818 ], [ -79.420281969325742, 43.665176181117189 ], [ -79.419493032031298, 43.66155281738402 ] ] ] } },
{ "type": "Feature", "properties": { "vor_id": 1518, "theft_count": 1, "bike_trips": 3399.0, "theft_per_1000_trips": "0.2942041776993233" }, "geometry": { "type": "Polygon", "coordinates": [ [ [ -79.476459283515112, 43.649854743660057 ], [ -79.477280509024851, 43.650002085922402 ], [ -79.478169815336784, 43.654745747310216 ], [ -79.477552630652866, 43.654399740175307 ], [ -79.476459283515112, 43.649854743660057 ] ] ] } },
{ "type": "Feature", "properties": { "vor_id": 1519, "theft_count": 19, "bike_trips": 7135.0, "theft_per_1000_trips": "2.662929222144359" }, "geometry": { "type": "Polygon", "coordinates": [ [ [ -79.347507388301153, 43.648068068317009 ], [ -79.346771449577275, 43.648188713545444 ], [ -79.328994805709627, 43.640207014303058 ], [ -79.326810264767417, 43.639226157122522 ], [ -79.324200321492171, 43.636826568052534 ], [ -79.326911800827887, 43.635196233348545 ], [ -79.341267524868385, 43.626564548498187 ], [ -79.356366779978515, 43.640977145710501 ], [ -79.355898778472152, 43.641776769293486 ], [ -79.350982575083506, 43.646069461420687 ], [ -79.347507388301153, 43.648068068317009 ] ] ] } },
{ "type": "Feature", "properties": { "vor_id": 1520, "theft_count": 13, "bike_trips": 2429.0, "theft_per_1000_trips": "5.351996706463565" }, "geometry": { "type": "Polygon", "coordinates": [ [ [ -79.396028661896565, 43.683016512426548 ], [ -79.39603901382317, 43.683070503148954 ], [ -79.389530333869587, 43.685742033143811 ], [ -79.39023437812665, 43.683369499616418 ], [ -79.394396844944367, 43.681614826634011 ], [ -79.395790309497158, 43.682515325796096 ], [ -79.396028661896565, 43.683016512426548 ] ] ] } },
{ "type": "Feature", "properties": { "vor_id": 1530, "theft_count": 28, "bike_trips": 4872.0, "theft_per_1000_trips": "5.747126436781609" }, "geometry": { "type": "Polygon", "coordinates": [ [ [ -79.397098340440579, 43.71282748182378 ], [ -79.401989845161509, 43.711793459584591 ], [ -79.406143428939799, 43.712966976826571 ], [ -79.408294216516666, 43.714171388317197 ], [ -79.40559488601258, 43.717308804477014 ], [ -79.396621133064173, 43.719187308333829 ], [ -79.395527432969104, 43.718641358994432 ], [ -79.397098340440579, 43.71282748182378 ] ] ] } },
{ "type": "Feature", "properties": { "vor_id": 1531, "theft_count": 11, "bike_trips": 5236.0, "theft_per_1000_trips": "2.100840336134454" }, "geometry": { "type": "Polygon", "coordinates": [ [ [ -79.512609512137942, 43.690899753977988 ], [ -79.507984987492435, 43.686874039499841 ], [ -79.516713112146633, 43.680607237467378 ], [ -79.518792700667248, 43.683139779419299 ], [ -79.520921684801294, 43.687368054273513 ], [ -79.513759545206725, 43.691145034828573 ], [ -79.512609512137942, 43.690899753977988 ] ] ] } },
{ "type": "Feature", "properties": { "vor_id": 1532, "theft_count": 14, "bike_trips": 2047.0, "theft_per_1000_trips": "6.839276990718124" }, "geometry": { "type": "Polygon", "coordinates": [ [ [ -79.366841809930179, 43.656997087987584 ], [ -79.367840314655709, 43.657337195539554 ], [ -79.368152602767495, 43.658782542315329 ], [ -79.367696144391573, 43.659961803632257 ], [ -79.367375988091439, 43.659767319041308 ], [ -79.366788342870052, 43.657088975659789 ], [ -79.366841809930179, 43.656997087987584 ] ] ] } },
{ "type": "Feature", "properties": { "vor_id": 1534, "theft_count": 20, "bike_trips": 3429.0, "theft_per_1000_trips": "5.832604257801108" }, "geometry": { "type": "Polygon", "coordinates": [ [ [ -79.483115074803564, 43.661768196045941 ], [ -79.484317094939286, 43.662410235104367 ], [ -79.484212491618052, 43.662607572262338 ], [ -79.47976020370271, 43.668008951865311 ], [ -79.479727280048394, 43.66793326225585 ], [ -79.478397074858506, 43.661898426826255 ], [ -79.478985643516353, 43.661790765474862 ], [ -79.483115074803564, 43.661768196045941 ] ] ] } },
{ "type": "Feature", "properties": { "vor_id": 1536, "theft_count": 9, "bike_trips": 6057.0, "theft_per_1000_trips": "1.4858841010401187" }, "geometry": { "type": "Polygon", "coordinates": [ [ [ -79.369613527126646, 43.67180696121693 ], [ -79.370580754822285, 43.67526433124798 ], [ -79.367120856398842, 43.67979459469953 ], [ -79.365242462248503, 43.679812087352246 ], [ -79.364948356398926, 43.678830166924705 ], [ -79.364058802059091, 43.674308927548083 ], [ -79.365147142792097, 43.673338690843543 ], [ -79.367173861530361, 43.672040201106881 ], [ -79.369509834016398, 43.671796083850403 ], [ -79.369613527126646, 43.67180696121693 ] ] ] } },
{ "type": "Feature", "properties": { "vor_id": 1539, "theft_count": 53, "bike_trips": 9370.0, "theft_per_1000_trips": "5.656350053361793" }, "geometry": { "type": "Polygon", "coordinates": [ [ [ -79.260003251839706, 43.743565920928248 ], [ -79.258850578241947, 43.748933999345326 ], [ -79.255158016494661, 43.749620852962856 ], [ -79.245124111874972, 43.725362551567272 ], [ -79.248993002888398, 43.722639474847895 ], [ -79.256561723049273, 43.725767571210213 ], [ -79.257861617728295, 43.728237904185633 ], [ -79.260003251839706, 43.743565920928248 ] ] ] } },
{ "type": "Feature", "properties": { "vor_id": 1540, "theft_count": 4, "bike_trips": 5855.0, "theft_per_1000_trips": "0.6831767719897524" }, "geometry": { "type": "Polygon", "coordinates": [ [ [ -79.458488829715648, 43.687231734324627 ], [ -79.459789876391696, 43.686828323985985 ], [ -79.460683326976337, 43.687689128944221 ], [ -79.46419989302052, 43.703726746423207 ], [ -79.462528952865696, 43.705122373303077 ], [ -79.462135217086868, 43.705027594111634 ], [ -79.460601892005656, 43.70309118325023 ], [ -79.457452161894551, 43.689125161813685 ], [ -79.458488829715648, 43.687231734324627 ] ] ] } },
{ "type": "Feature", "properties": { "vor_id": 1541, "theft_count": 23, "bike_trips": 5062.0, "theft_per_1000_trips": "4.543658632951403" }, "geometry": { "type": "Polygon", "coordinates": [ [ [ -79.309080265266729, 43.709884141484025 ], [ -79.305146511091991, 43.716435485166549 ], [ -79.302167650710345, 43.71671202625533 ], [ -79.299352150438253, 43.709736233879056 ], [ -79.300513001026431, 43.705517111056388 ], [ -79.304189443335375, 43.703647033462026 ], [ -79.309080265266729, 43.709884141484025 ] ] ] } },
{ "type": "Feature", "properties": { "vor_id": 1543, "theft_count": 8, "bike_trips": 4374.0, "theft_per_1000_trips": "1.828989483310471" }, "geometry": { "type": "Polygon", "coordinates": [ [ [ -79.423764649706953, 43.599234175215955 ], [ -79.423689643670841, 43.613202094836808 ], [ -79.423630011556142, 43.624307022226418 ], [ -79.423575450912168, 43.634467520354875 ], [ -79.423143049758579, 43.635132823160966 ], [ -79.421723112077274, 43.635650790414026 ], [ -79.42117919464836, 43.634926535379769 ], [ -79.416386701111108, 43.628545074910789 ], [ -79.412422941088195, 43.601319797685768 ], [ -79.415510167743918, 43.600752088754156 ], [ -79.420349651868946, 43.599862157865196 ], [ -79.423764649706953, 43.599234175215955 ] ] ] } },
{ "type": "Feature", "properties": { "vor_id": 1545, "theft_count": 9, "bike_trips": 8875.0, "theft_per_1000_trips": "1.0140845070422537" }, "geometry": { "type": "Polygon", "coordinates": [ [ [ -79.407632146186458, 43.776887444354749 ], [ -79.412015387013639, 43.785608684354578 ], [ -79.410338239618554, 43.789238769228447 ], [ -79.403967997963179, 43.793415668396307 ], [ -79.400050362841, 43.788527277343299 ], [ -79.402255151162862, 43.78169034457347 ], [ -79.407632146186458, 43.776887444354749 ] ] ] } },
{ "type": "Feature", "properties": { "vor_id": 1546, "theft_count": 5, "bike_trips": 1111.0, "theft_per_1000_trips": "4.5004500450045" }, "geometry": { "type": "Polygon", "coordinates": [ [ [ -79.430515164371371, 43.663332510788095 ], [ -79.430149326355291, 43.661657715057224 ], [ -79.430865291223697, 43.661356394740054 ], [ -79.432886987730129, 43.661802379291139 ], [ -79.433128389396671, 43.662231594802691 ], [ -79.430515164371371, 43.663332510788095 ] ] ] } },
{ "type": "Feature", "properties": { "vor_id": 1548, "theft_count": 27, "bike_trips": 4438.0, "theft_per_1000_trips": "6.08382154123479" }, "geometry": { "type": "Polygon", "coordinates": [ [ [ -79.430149326355291, 43.661657715057224 ], [ -79.429200689432037, 43.661106126911307 ], [ -79.429032290800194, 43.660363583808405 ], [ -79.429582011940326, 43.659830572229254 ], [ -79.430510421596551, 43.659765175732588 ], [ -79.430865291223697, 43.661356394740054 ], [ -79.430149326355291, 43.661657715057224 ] ] ] } },
{ "type": "Feature", "properties": { "vor_id": 1550, "theft_count": 17, "bike_trips": 2596.0, "theft_per_1000_trips": "6.548536209553158" }, "geometry": { "type": "Polygon", "coordinates": [ [ [ -79.351295730231328, 43.680000777365635 ], [ -79.348451296448303, 43.678022742738548 ], [ -79.350439715698684, 43.676114508543868 ], [ -79.35110139456998, 43.676414967743021 ], [ -79.351755742030363, 43.679826514191802 ], [ -79.351295730231328, 43.680000777365635 ] ] ] } },
{ "type": "Feature", "properties": { "vor_id": 1551, "theft_count": 8, "bike_trips": 2147.0, "theft_per_1000_trips": "3.7261294829995344" }, "geometry": { "type": "Polygon", "coordinates": [ [ [ -79.396008496531493, 43.647617815540208 ], [ -79.395029142409427, 43.647561361660905 ], [ -79.395614657300115, 43.647117085622668 ], [ -79.39704571405953, 43.646578773769058 ], [ -79.397155834443197, 43.647117255290254 ], [ -79.396008496531493, 43.647617815540208 ] ] ] } },
{ "type": "Feature", "properties": { "vor_id": 1552, "theft_count": 5, "bike_trips": 2278.0, "theft_per_1000_trips": "2.1949078138718177" }, "geometry": { "type": "Polygon", "coordinates": [ [ [ -79.429106549822933, 43.670930258728937 ], [ -79.431559690109978, 43.67151309120603 ], [ -79.431713939644354, 43.671863934118463 ], [ -79.428875224576217, 43.673025077326812 ], [ -79.429106549822933, 43.670930258728937 ] ] ] } },
{ "type": "Feature", "properties": { "vor_id": 1553, "theft_count": 8, "bike_trips": 11045.0, "theft_per_1000_trips": "0.724309642372114" }, "geometry": { "type": "Polygon", "coordinates": [ [ [ -79.315404275790172, 43.769452272886703 ], [ -79.311040079100465, 43.775901853503349 ], [ -79.30807976157628, 43.780276726562612 ], [ -79.307884167359617, 43.780317417094096 ], [ -79.302284310120598, 43.775012538908044 ], [ -79.298755010200978, 43.771669149004254 ], [ -79.303015150766228, 43.759600647603214 ], [ -79.309764454489169, 43.761168197380883 ], [ -79.316238226182492, 43.76650590649016 ], [ -79.315404275790172, 43.769452272886703 ] ] ] } },
{ "type": "Feature", "properties": { "vor_id": 1555, "theft_count": 3, "bike_trips": 5538.0, "theft_per_1000_trips": "0.5417118093174431" }, "geometry": { "type": "Polygon", "coordinates": [ [ [ -79.426647042271952, 43.636059918621179 ], [ -79.426058007763757, 43.633465805548433 ], [ -79.428736513395293, 43.630754482768303 ], [ -79.428740935989666, 43.632756635853845 ], [ -79.426647042271952, 43.636059918621179 ] ] ] } },
{ "type": "Feature", "properties": { "vor_id": 1558, "theft_count": 15, "bike_trips": 3655.0, "theft_per_1000_trips": "4.1039671682626535" }, "geometry": { "type": "Polygon", "coordinates": [ [ [ -79.400804240435235, 43.699837746873534 ], [ -79.394962377271952, 43.701214820627321 ], [ -79.394652638477965, 43.699701358661507 ], [ -79.399441923078101, 43.69880543998709 ], [ -79.400872573343804, 43.699771288746952 ], [ -79.400804240435235, 43.699837746873534 ] ] ] } },
{ "type": "Feature", "properties": { "vor_id": 1560, "theft_count": 16, "bike_trips": 3272.0, "theft_per_1000_trips": "4.88997555012225" }, "geometry": { "type": "Polygon", "coordinates": [ [ [ -79.307191359661971, 43.666045989132719 ], [ -79.307020215172457, 43.666325182213043 ], [ -79.304651750183424, 43.66853821268451 ], [ -79.303849009763425, 43.666509433171505 ], [ -79.306626425411977, 43.664697404379439 ], [ -79.307191359661971, 43.666045989132719 ] ] ] } },
{ "type": "Feature", "properties": { "vor_id": 1565, "theft_count": 7, "bike_trips": 4758.0, "theft_per_1000_trips": "1.471206389239176" }, "geometry": { "type": "Polygon", "coordinates": [ [ [ -79.205219437643649, 43.753261624446111 ], [ -79.173631219214798, 43.744029052071838 ], [ -79.170497476399319, 43.740389557839599 ], [ -79.190708979827448, 43.726167573421854 ], [ -79.205219437643649, 43.753261624446111 ] ] ] } },
{ "type": "Feature", "properties": { "vor_id": 1566, "theft_count": 17, "bike_trips": 3726.0, "theft_per_1000_trips": "4.562533548040795" }, "geometry": { "type": "Polygon", "coordinates": [ [ [ -79.382185433139668, 43.736147887415385 ], [ -79.38648914759591, 43.735701540226671 ], [ -79.398475525912943, 43.738124494515425 ], [ -79.401497317425793, 43.741101642332126 ], [ -79.404499198693273, 43.744698297307608 ], [ -79.398092986383745, 43.751509808651797 ], [ -79.397601110135824, 43.751849692659704 ], [ -79.394821533152978, 43.75318347045679 ], [ -79.385937068522011, 43.749262162711709 ], [ -79.382185433139668, 43.736147887415385 ] ] ] } },
{ "type": "Feature", "properties": { "vor_id": 1569, "theft_count": 11, "bike_trips": 1099.0, "theft_per_1000_trips": "10.009099181073703" }, "geometry": { "type": "Polygon", "coordinates": [ [ [ -79.416418433749982, 43.6677716325528 ], [ -79.416064372285632, 43.667909118660035 ], [ -79.415902701010083, 43.667805316775492 ], [ -79.414755073931957, 43.666289295873717 ], [ -79.415645137315607, 43.66505718179782 ], [ -79.416787468898349, 43.664673030468002 ], [ -79.418117996227068, 43.665134188023416 ], [ -79.418181154681221, 43.665191761316017 ], [ -79.416418433749982, 43.6677716325528 ] ] ] } },
{ "type": "Feature", "properties": { "vor_id": 1570, "theft_count": 70, "bike_trips": 6075.0, "theft_per_1000_trips": "11.522633744855968" }, "geometry": { "type": "Polygon", "coordinates": [ [ [ -79.358871479089103, 43.652361572691795 ], [ -79.358778769923845, 43.652631841471212 ], [ -79.356727069273731, 43.652358964431734 ], [ -79.354762084992188, 43.650704723826053 ], [ -79.350982575083506, 43.646069461420687 ], [ -79.355898778472152, 43.641776769293486 ], [ -79.35669649486934, 43.64332853765741 ], [ -79.358871479089103, 43.652361572691795 ] ] ] } },
{ "type": "Feature", "properties": { "vor_id": 1571, "theft_count": 5, "bike_trips": 1078.0, "theft_per_1000_trips": "4.63821892393321" }, "geometry": { "type": "Polygon", "coordinates": [ [ [ -79.402969013982116, 43.654536708081586 ], [ -79.401463439659111, 43.65516678331241 ], [ -79.401264218699907, 43.654146354373317 ], [ -79.402280339612744, 43.65372447720636 ], [ -79.402969013982116, 43.654536708081586 ] ] ] } },
{ "type": "Feature", "properties": { "vor_id": 1572, "theft_count": 12, "bike_trips": 2240.0, "theft_per_1000_trips": "5.357142857142857" }, "geometry": { "type": "Polygon", "coordinates": [ [ [ -79.442701480263452, 43.639422373959235 ], [ -79.445165363755223, 43.64279157679713 ], [ -79.441060266056851, 43.641537260038177 ], [ -79.441338588615523, 43.641130180198836 ], [ -79.442701480263452, 43.639422373959235 ] ] ] } },
{ "type": "Feature", "properties": { "vor_id": 1573, "theft_count": 12, "bike_trips": 26987.0, "theft_per_1000_trips": "0.4446585392966984" }, "geometry": { "type": "MultiPolygon", "coordinates": [ [ [ [ -79.558481023184413, 43.596266396924158 ], [ -79.551794549775991, 43.594113262373718 ], [ -79.554929987349027, 43.591787863384873 ], [ -79.558132493642901, 43.58986835498235 ], [ -79.562050990759772, 43.594158521191666 ], [ -79.558481023184413, 43.596266396924158 ] ] ], [ [ [ -79.545882859940676, 43.665348975059331 ], [ -79.54843783342659, 43.667664668045205 ], [ -79.553417733213806, 43.65713385463475 ], [ -79.56021488818584, 43.657969693857844 ], [ -79.560304403798838, 43.657986971181295 ], [ -79.560594755441059, 43.658231921543191 ], [ -79.560410576967655, 43.675386670229983 ], [ -79.56210402738175, 43.676187612625569 ], [ -79.566004871233332, 43.677583356873619 ], [ -79.566723965137271, 43.677840652786614 ], [ -79.571483682899185, 43.679032900020161 ], [ -79.576337341983518, 43.679752872333609 ], [ -79.581238199, 43.679993636 ], [ -79.586139056016478, 43.679752872333609 ], [ -79.590992715100811, 43.679032900020161 ], [ -79.595752432862724, 43.677840652786614 ], [ -79.598667810008763, 43.676797514163972 ], [ -79.599169623239618, 43.680511752270988 ], [ -79.597222732862733, 43.681208360786613 ], [ -79.592463015100819, 43.68240060802016 ], [ -79.587609356016486, 43.683120580333608 ], [ -79.582708499, 43.683361344 ], [ -79.577807641983526, 43.683120580333608 ], [ -79.572953982899193, 43.68240060802016 ], [ -79.568194265137279, 43.681208360786613 ], [ -79.563574327381758, 43.679555320625568 ], [ -79.56059304661369, 43.678145279835228 ], [ -79.560382031229139, 43.678045476991166 ], [ -79.559138662158702, 43.677457407217418 ], [ -79.554929987349027, 43.674934824615129 ], [ -79.550988834791823, 43.672011866668136 ], [ -79.547764182840083, 43.669089212500602 ], [ -79.547353159940684, 43.66871668305933 ], [ -79.544057976331871, 43.665081008208183 ], [ -79.541135018384878, 43.66113985565098 ], [ -79.538612435782582, 43.656931180841298 ], [ -79.537611546515578, 43.654814978286637 ], [ -79.537853515636627, 43.654750338424662 ], [ -79.53966471838487, 43.657772147650981 ], [ -79.542587676331863, 43.661713300208184 ], [ -79.545882859940676, 43.665348975059331 ] ] ] ] } },
{ "type": "Feature", "properties": { "vor_id": 1574, "theft_count": 3, "bike_trips": 2548.0, "theft_per_1000_trips": "1.1773940345368916" }, "geometry": { "type": "Polygon", "coordinates": [ [ [ -79.312666913848787, 43.675188470159142 ], [ -79.310303417783246, 43.67543725588051 ], [ -79.308043134740259, 43.672878323825557 ], [ -79.308820059348236, 43.670719697020409 ], [ -79.311759703830248, 43.67288097736246 ], [ -79.312666913848787, 43.675188470159142 ] ] ] } },
{ "type": "Feature", "properties": { "vor_id": 1578, "theft_count": 36, "bike_trips": 1037.0, "theft_per_1000_trips": "34.71552555448409" }, "geometry": { "type": "Polygon", "coordinates": [ [ [ -79.375577932842177, 43.655864222422771 ], [ -79.374905872477328, 43.656141256442254 ], [ -79.374579020109522, 43.656070960922591 ], [ -79.374238859611154, 43.654473512951498 ], [ -79.375190222797414, 43.654085860660324 ], [ -79.375198680470362, 43.654089346490061 ], [ -79.375577932842177, 43.655864222422771 ] ] ] } },
{ "type": "Feature", "properties": { "vor_id": 1582, "theft_count": 7, "bike_trips": 5006.0, "theft_per_1000_trips": "1.3983220135836996" }, "geometry": { "type": "Polygon", "coordinates": [ [ [ -79.335417353478377, 43.722770858252815 ], [ -79.347553743788751, 43.719369891525631 ], [ -79.348794909215158, 43.721400253286909 ], [ -79.342826973459182, 43.730078669806964 ], [ -79.342059482192212, 43.730159465325634 ], [ -79.333928089600633, 43.725011357523762 ], [ -79.334570925014745, 43.723665017698274 ], [ -79.335417353478377, 43.722770858252815 ] ] ] } },
{ "type": "Feature", "properties": { "vor_id": 1584, "theft_count": 70, "bike_trips": 1051.0, "theft_per_1000_trips": "66.60323501427212" }, "geometry": { "type": "Polygon", "coordinates": [ [ [ -79.38544594544976, 43.658016746489025 ], [ -79.385360899126098, 43.657633530670289 ], [ -79.38714067426443, 43.656951776081307 ], [ -79.38773246271586, 43.657308034801055 ], [ -79.387809315823745, 43.658652773641336 ], [ -79.385634457437789, 43.658350534940759 ], [ -79.38544594544976, 43.658016746489025 ] ] ] } },
{ "type": "Feature", "properties": { "vor_id": 1585, "theft_count": 35, "bike_trips": 5907.0, "theft_per_1000_trips": "5.925173522938886" }, "geometry": { "type": "Polygon", "coordinates": [ [ [ -79.448750169538613, 43.69785355538022 ], [ -79.447980272475334, 43.690395183310677 ], [ -79.44802658229294, 43.690259853333593 ], [ -79.453507066909225, 43.69345078129254 ], [ -79.453620885601168, 43.696225944440492 ], [ -79.448750169538613, 43.69785355538022 ] ] ] } },
{ "type": "Feature", "properties": { "vor_id": 1587, "theft_count": 27, "bike_trips": 2195.0, "theft_per_1000_trips": "12.300683371298405" }, "geometry": { "type": "Polygon", "coordinates": [ [ [ -79.409904227356748, 43.657772950607622 ], [ -79.409128954446516, 43.654111582844941 ], [ -79.409352587059317, 43.653908894059427 ], [ -79.40940871621433, 43.653846965080184 ], [ -79.409527759977294, 43.653799252183539 ], [ -79.410335040397868, 43.65371917067398 ], [ -79.411101737268382, 43.657531895533474 ], [ -79.410562220818576, 43.657749331579325 ], [ -79.409904227356748, 43.657772950607622 ] ] ] } },
{ "type": "Feature", "properties": { "vor_id": 1588, "theft_count": 34, "bike_trips": 1075.0, "theft_per_1000_trips": "31.627906976744182" }, "geometry": { "type": "Polygon", "coordinates": [ [ [ -79.408611268727213, 43.669562144035709 ], [ -79.408450618604547, 43.669625462882358 ], [ -79.407475546678498, 43.668917050957873 ], [ -79.407156594414872, 43.66732103039427 ], [ -79.407311208528398, 43.667191953857774 ], [ -79.40826478487935, 43.666822428527006 ], [ -79.40945847275367, 43.667000378561177 ], [ -79.408611268727213, 43.669562144035709 ] ] ] } },
{ "type": "Feature", "properties": { "vor_id": 1589, "theft_count": 4, "bike_trips": 1099.0, "theft_per_1000_trips": "3.639672429481347" }, "geometry": { "type": "Polygon", "coordinates": [ [ [ -79.419171348479253, 43.669519948179527 ], [ -79.417718071412764, 43.667975532886246 ], [ -79.419028686656802, 43.667457348451549 ], [ -79.41954116107496, 43.667946604991116 ], [ -79.419889947637742, 43.669694625968958 ], [ -79.419171348479253, 43.669519948179527 ] ] ] } },
{ "type": "Feature", "properties": { "vor_id": 1592, "theft_count": 15, "bike_trips": 4704.0, "theft_per_1000_trips": "3.188775510204082" }, "geometry": { "type": "Polygon", "coordinates": [ [ [ -79.284964911031409, 43.696923436594638 ], [ -79.285142525622916, 43.696930382978564 ], [ -79.291094061602962, 43.700224977249384 ], [ -79.290493301581819, 43.705988545690815 ], [ -79.289869342800301, 43.706861745764229 ], [ -79.284085198662282, 43.709368960482671 ], [ -79.282959359449123, 43.708862027360603 ], [ -79.278890874674332, 43.701775244957993 ], [ -79.28025343188061, 43.699489031031966 ], [ -79.284964911031409, 43.696923436594638 ] ] ] } },
{ "type": "Feature", "properties": { "vor_id": 1593, "theft_count": 16, "bike_trips": 1129.0, "theft_per_1000_trips": "14.171833480956598" }, "geometry": { "type": "Polygon", "coordinates": [ [ [ -79.466705366096349, 43.655559055829094 ], [ -79.468177775337693, 43.657759130121775 ], [ -79.467150557241567, 43.659366304499713 ], [ -79.46551680877657, 43.658192482454524 ], [ -79.464998004486745, 43.655838759395031 ], [ -79.465870990047861, 43.655465595784946 ], [ -79.466705366096349, 43.655559055829094 ] ] ] } },
{ "type": "Feature", "properties": { "vor_id": 1594, "theft_count": 3, "bike_trips": 4390.0, "theft_per_1000_trips": "0.683371298405467" }, "geometry": { "type": "Polygon", "coordinates": [ [ [ -79.426058007763757, 43.633465805548433 ], [ -79.423575450912168, 43.634467520354875 ], [ -79.423630011556142, 43.624307022226418 ], [ -79.423756484333609, 43.623454412016578 ], [ -79.423997248, 43.618553555000098 ], [ -79.423756484333609, 43.613652697983618 ], [ -79.423689643670841, 43.613202094836808 ], [ -79.423764649706953, 43.599234175215955 ], [ -79.440885012722944, 43.596085918194227 ], [ -79.440850393788509, 43.596228126623643 ], [ -79.428736513395293, 43.630754482768303 ], [ -79.426058007763757, 43.633465805548433 ] ] ] } },
{ "type": "Feature", "properties": { "vor_id": 1595, "theft_count": 6, "bike_trips": 1098.0, "theft_per_1000_trips": "5.46448087431694" }, "geometry": { "type": "Polygon", "coordinates": [ [ [ -79.411770314080186, 43.657509519647554 ], [ -79.41240601277768, 43.660612613794221 ], [ -79.411041505032841, 43.660238471322032 ], [ -79.410562220818576, 43.657749331579325 ], [ -79.411101737268382, 43.657531895533474 ], [ -79.411770314080186, 43.657509519647554 ] ] ] } },
{ "type": "Feature", "properties": { "vor_id": 1598, "theft_count": 17, "bike_trips": 2253.0, "theft_per_1000_trips": "7.545494895694629" }, "geometry": { "type": "Polygon", "coordinates": [ [ [ -79.456051046239764, 43.641147360919888 ], [ -79.454845857428836, 43.644006833718414 ], [ -79.450840474781259, 43.6441877530835 ], [ -79.45063694794537, 43.643679429178214 ], [ -79.450593706996486, 43.640861625814686 ], [ -79.456051046239764, 43.641147360919888 ] ] ] } },
{ "type": "Feature", "properties": { "vor_id": 1601, "theft_count": 13, "bike_trips": 4242.0, "theft_per_1000_trips": "3.0645921735030646" }, "geometry": { "type": "Polygon", "coordinates": [ [ [ -79.513129964204666, 43.767822526732303 ], [ -79.506174110231044, 43.772074930185134 ], [ -79.504597512637105, 43.770810593528068 ], [ -79.503355537855512, 43.765065265029612 ], [ -79.505598531446594, 43.762886618759644 ], [ -79.513129964204666, 43.767822526732303 ] ] ] } },
{ "type": "Feature", "properties": { "vor_id": 1603, "theft_count": 16, "bike_trips": 7841.0, "theft_per_1000_trips": "2.0405560515240406" }, "geometry": { "type": "Polygon", "coordinates": [ [ [ -79.262420560746591, 43.702649049331981 ], [ -79.268794531224458, 43.700831239922572 ], [ -79.272343323863353, 43.702462667033295 ], [ -79.271073159682373, 43.710025788054303 ], [ -79.266462193376043, 43.715398382951193 ], [ -79.257646445372288, 43.707646582263322 ], [ -79.257654366850161, 43.707363376779007 ], [ -79.262420560746591, 43.702649049331981 ] ] ] } },
{ "type": "Feature", "properties": { "vor_id": 1605, "theft_count": 5, "bike_trips": 10898.0, "theft_per_1000_trips": "0.4587997797761057" }, "geometry": { "type": "Polygon", "coordinates": [ [ [ -79.223313064708194, 43.77470980865867 ], [ -79.225071206942573, 43.778125023680815 ], [ -79.224324253610533, 43.779123031112867 ], [ -79.216789646969801, 43.784847960980436 ], [ -79.21008410621171, 43.784745357707685 ], [ -79.200379306938828, 43.779184685851689 ], [ -79.199585199442694, 43.776117626499889 ], [ -79.199517054481319, 43.775579510954771 ], [ -79.20329685809638, 43.769735649981619 ], [ -79.208938256409382, 43.767342365300557 ], [ -79.217912777638844, 43.770760397823317 ], [ -79.223313064708194, 43.77470980865867 ] ] ] } },
{ "type": "Feature", "properties": { "vor_id": 1606, "theft_count": 3, "bike_trips": 3284.0, "theft_per_1000_trips": "0.9135200974421437" }, "geometry": { "type": "Polygon", "coordinates": [ [ [ -79.319977674220056, 43.656778816132451 ], [ -79.321796295758986, 43.658553913502608 ], [ -79.323365611414829, 43.665743909320739 ], [ -79.322650816370881, 43.666447441733517 ], [ -79.322104168658768, 43.666437023167035 ], [ -79.319977674220056, 43.656778816132451 ] ] ] } },
{ "type": "Feature", "properties": { "vor_id": 1607, "theft_count": 4, "bike_trips": 4224.0, "theft_per_1000_trips": "0.946969696969697" }, "geometry": { "type": "Polygon", "coordinates": [ [ [ -79.382021154233726, 43.769686537822778 ], [ -79.378952801816496, 43.768885605983009 ], [ -79.377402658148085, 43.761584791569341 ], [ -79.38174433211725, 43.765944769139701 ], [ -79.382397747208316, 43.769120588445219 ], [ -79.382021154233726, 43.769686537822778 ] ] ] } },
{ "type": "Feature", "properties": { "vor_id": 1611, "theft_count": 6, "bike_trips": 1112.0, "theft_per_1000_trips": "5.39568345323741" }, "geometry": { "type": "Polygon", "coordinates": [ [ [ -79.441446044183593, 43.66075615087999 ], [ -79.442153007850564, 43.664377064790415 ], [ -79.441280637899879, 43.665140082676771 ], [ -79.440392580571043, 43.660663800111557 ], [ -79.441446044183593, 43.66075615087999 ] ] ] } },
{ "type": "Feature", "properties": { "vor_id": 1612, "theft_count": 6, "bike_trips": 2377.0, "theft_per_1000_trips": "2.5241901556583928" }, "geometry": { "type": "Polygon", "coordinates": [ [ [ -79.419522819695047, 43.682320658634929 ], [ -79.418871194504035, 43.682855331793156 ], [ -79.417720430848135, 43.682199889282352 ], [ -79.419823067458992, 43.679539360248391 ], [ -79.420383481971967, 43.680475065450352 ], [ -79.419522819695047, 43.682320658634929 ] ] ] } },
{ "type": "Feature", "properties": { "vor_id": 1614, "theft_count": 13, "bike_trips": 3879.0, "theft_per_1000_trips": "3.351379221448827" }, "geometry": { "type": "Polygon", "coordinates": [ [ [ -79.339033085416375, 43.65877097328589 ], [ -79.340284361067589, 43.659281335837882 ], [ -79.340699789065155, 43.661079246744769 ], [ -79.340440305789969, 43.661621467705231 ], [ -79.339664821361026, 43.661948743173653 ], [ -79.338988455793981, 43.659021782557758 ], [ -79.339033085416375, 43.65877097328589 ] ] ] } },
{ "type": "Feature", "properties": { "vor_id": 1616, "theft_count": 4, "bike_trips": 3594.0, "theft_per_1000_trips": "1.1129660545353368" }, "geometry": { "type": "Polygon", "coordinates": [ [ [ -79.405140463615197, 43.681919590265458 ], [ -79.403962739921241, 43.682064562728399 ], [ -79.403293434211392, 43.681621265197492 ], [ -79.402091956705974, 43.680545842624724 ], [ -79.401228513466307, 43.679057433038615 ], [ -79.402483484344387, 43.676546423012262 ], [ -79.404193175162348, 43.676271713949724 ], [ -79.405140463615197, 43.681919590265458 ] ] ] } },
{ "type": "Feature", "properties": { "vor_id": 1618, "theft_count": 28, "bike_trips": 3611.0, "theft_per_1000_trips": "7.754084741068956" }, "geometry": { "type": "Polygon", "coordinates": [ [ [ -79.402091956705974, 43.680545842624724 ], [ -79.396028661896565, 43.683016512426548 ], [ -79.395790309497158, 43.682515325796096 ], [ -79.398350814789836, 43.678085405965071 ], [ -79.401228513466307, 43.679057433038615 ], [ -79.402091956705974, 43.680545842624724 ] ] ] } },
{ "type": "Feature", "properties": { "vor_id": 1619, "theft_count": 23, "bike_trips": 8451.0, "theft_per_1000_trips": "2.7215714116672585" }, "geometry": { "type": "Polygon", "coordinates": [ [ [ -79.410563754516062, 43.711749732886254 ], [ -79.409327527096991, 43.705898733356605 ], [ -79.411431351993301, 43.699142551480755 ], [ -79.415838691269414, 43.701960401856155 ], [ -79.411459002440338, 43.712253292732051 ], [ -79.410816729844939, 43.712438482356752 ], [ -79.410563754516062, 43.711749732886254 ] ] ] } },
{ "type": "Feature", "properties": { "vor_id": 1620, "theft_count": 16, "bike_trips": 2045.0, "theft_per_1000_trips": "7.823960880195599" }, "geometry": { "type": "Polygon", "coordinates": [ [ [ -79.370032950302701, 43.664425074289007 ], [ -79.369717861149908, 43.662920000052821 ], [ -79.370406403463491, 43.662631703808337 ], [ -79.370812550439254, 43.662659875422484 ], [ -79.371084848368767, 43.663947185563934 ], [ -79.370032950302701, 43.664425074289007 ] ] ] } },
{ "type": "Feature", "properties": { "vor_id": 1621, "theft_count": 23, "bike_trips": 21125.0, "theft_per_1000_trips": "1.0887573964497042" }, "geometry": { "type": "Polygon", "coordinates": [ [ [ -79.464473565588591, 43.768293456138302 ], [ -79.469823967734044, 43.767240589233587 ], [ -79.473122719322305, 43.768370355565011 ], [ -79.47660602161028, 43.771568438911181 ], [ -79.474627238839616, 43.796383893255545 ], [ -79.469879647370121, 43.797449031417209 ], [ -79.461856827355604, 43.799248978151581 ], [ -79.459012132929701, 43.791191555849629 ], [ -79.464473565588591, 43.768293456138302 ] ] ] } },
{ "type": "Feature", "properties": { "vor_id": 1628, "theft_count": 11, "bike_trips": 6378.0, "theft_per_1000_trips": "1.7246785826277828" }, "geometry": { "type": "Polygon", "coordinates": [ [ [ -79.190132388944207, 43.796220725684812 ], [ -79.195568886382517, 43.782211029987373 ], [ -79.200379306938828, 43.779184685851689 ], [ -79.21008410621171, 43.784745357707685 ], [ -79.205503694117894, 43.790986820759279 ], [ -79.191343070841583, 43.796089721548363 ], [ -79.190132388944207, 43.796220725684812 ] ] ] } },
{ "type": "Feature", "properties": { "vor_id": 1629, "theft_count": 9, "bike_trips": 2469.0, "theft_per_1000_trips": "3.6452004860267313" }, "geometry": { "type": "Polygon", "coordinates": [ [ [ -79.399754631779402, 43.729150766463498 ], [ -79.400658988589939, 43.72953690309641 ], [ -79.401215412735439, 43.73045024226483 ], [ -79.401313157767774, 43.734058967738932 ], [ -79.398475525912943, 43.738124494515425 ], [ -79.38648914759591, 43.735701540226671 ], [ -79.393985766352088, 43.729998446106286 ], [ -79.399754631779402, 43.729150766463498 ] ] ] } },
{ "type": "Feature", "properties": { "vor_id": 1631, "theft_count": 5, "bike_trips": 2042.0, "theft_per_1000_trips": "2.4485798237022527" }, "geometry": { "type": "Polygon", "coordinates": [ [ [ -79.368745974585366, 43.667975244442893 ], [ -79.368576817869581, 43.667820284518072 ], [ -79.368497967417326, 43.667445806424844 ], [ -79.370388800643113, 43.666670700282161 ], [ -79.370554973423566, 43.667231430561237 ], [ -79.368745974585366, 43.667975244442893 ] ] ] } },
{ "type": "Feature", "properties": { "vor_id": 1633, "theft_count": 4, "bike_trips": 2080.0, "theft_per_1000_trips": "1.9230769230769231" }, "geometry": { "type": "Polygon", "coordinates": [ [ [ -79.380308743579775, 43.665350736308135 ], [ -79.379725679234539, 43.666034929698057 ], [ -79.379295449390398, 43.664080743869782 ], [ -79.380073023931487, 43.664262684425381 ], [ -79.380308743579775, 43.665350736308135 ] ] ] } },
{ "type": "Feature", "properties": { "vor_id": 1634, "theft_count": 14, "bike_trips": 2145.0, "theft_per_1000_trips": "6.526806526806527" }, "geometry": { "type": "Polygon", "coordinates": [ [ [ -79.39709805764852, 43.666074679722769 ], [ -79.395629139375444, 43.66681611698948 ], [ -79.395176049938257, 43.666436839231828 ], [ -79.394639910459958, 43.665352605997782 ], [ -79.394773861090528, 43.66397071466281 ], [ -79.396407421346112, 43.663198098202628 ], [ -79.396890661436359, 43.663554199546617 ], [ -79.397264152594389, 43.665351124631968 ], [ -79.39709805764852, 43.666074679722769 ] ] ] } },
{ "type": "Feature", "properties": { "vor_id": 1635, "theft_count": 26, "bike_trips": 2195.0, "theft_per_1000_trips": "11.84510250569476" }, "geometry": { "type": "Polygon", "coordinates": [ [ [ -79.413836874846723, 43.65729657868733 ], [ -79.41294306201064, 43.657034439138513 ], [ -79.412207171041942, 43.653457442075165 ], [ -79.412589494372696, 43.653303341519894 ], [ -79.414613760908495, 43.65432537152698 ], [ -79.414998031201307, 43.656843569979394 ], [ -79.413836874846723, 43.65729657868733 ] ] ] } },
{ "type": "Feature", "properties": { "vor_id": 1642, "theft_count": 21, "bike_trips": 5345.0, "theft_per_1000_trips": "3.9289055191768005" }, "geometry": { "type": "Polygon", "coordinates": [ [ [ -79.534184632563111, 43.655769223968008 ], [ -79.531214154176752, 43.655916103729382 ], [ -79.526270025588857, 43.647755543585006 ], [ -79.530817730487641, 43.640846543687275 ], [ -79.531346582978045, 43.642181755452 ], [ -79.53455016788493, 43.655632797896338 ], [ -79.534184632563111, 43.655769223968008 ] ] ] } },
{ "type": "Feature", "properties": { "vor_id": 1643, "theft_count": 20, "bike_trips": 1016.0, "theft_per_1000_trips": "19.68503937007874" }, "geometry": { "type": "Polygon", "coordinates": [ [ [ -79.359338952657794, 43.655751032809022 ], [ -79.358594628443115, 43.656534056488312 ], [ -79.358431977626424, 43.656467112585311 ], [ -79.357395189468193, 43.65474479761739 ], [ -79.358387420399822, 43.654102858404812 ], [ -79.359338952657794, 43.655751032809022 ] ] ] } },
{ "type": "Feature", "properties": { "vor_id": 1645, "theft_count": 3, "bike_trips": 2278.0, "theft_per_1000_trips": "1.3169446883230904" }, "geometry": { "type": "Polygon", "coordinates": [ [ [ -79.427682753310265, 43.673390698782292 ], [ -79.427187060191287, 43.673781645669187 ], [ -79.42349580963868, 43.673420873530198 ], [ -79.425075421267664, 43.671466580374712 ], [ -79.427077865901481, 43.671558572251207 ], [ -79.427682753310265, 43.673390698782292 ] ] ] } },
{ "type": "Feature", "properties": { "vor_id": 1647, "theft_count": 25, "bike_trips": 4298.0, "theft_per_1000_trips": "5.8166589111214515" }, "geometry": { "type": "Polygon", "coordinates": [ [ [ -79.404413036727718, 43.668539403540855 ], [ -79.403697058922731, 43.66883028473346 ], [ -79.403140309754122, 43.666281762568794 ], [ -79.403993341919346, 43.665642785177631 ], [ -79.404490598374593, 43.668425769038365 ], [ -79.404413036727718, 43.668539403540855 ] ] ] } },
{ "type": "Feature", "properties": { "vor_id": 1649, "theft_count": 13, "bike_trips": 2574.0, "theft_per_1000_trips": "5.050505050505051" }, "geometry": { "type": "Polygon", "coordinates": [ [ [ -79.334016369807614, 43.681248327403253 ], [ -79.333970249890925, 43.681173782462963 ], [ -79.334323242561993, 43.67879409917154 ], [ -79.336405104892989, 43.679979574685284 ], [ -79.336105297025156, 43.681883538399369 ], [ -79.335017563052602, 43.682187602811176 ], [ -79.334016369807614, 43.681248327403253 ] ] ] } },
{ "type": "Feature", "properties": { "vor_id": 1658, "theft_count": 80, "bike_trips": 2101.0, "theft_per_1000_trips": "38.07710613993336" }, "geometry": { "type": "Polygon", "coordinates": [ [ [ -79.384354517383073, 43.660519875045935 ], [ -79.383603185023944, 43.659786510952216 ], [ -79.383617694080655, 43.659464883313966 ], [ -79.385473247873591, 43.658672982784822 ], [ -79.385747827003854, 43.659922983379154 ], [ -79.384354517383073, 43.660519875045935 ] ] ] } },
{ "type": "Feature", "properties": { "vor_id": 1664, "theft_count": 53, "bike_trips": 1021.0, "theft_per_1000_trips": "51.90989226248776" }, "geometry": { "type": "Polygon", "coordinates": [ [ [ -79.377306643404793, 43.670122925996807 ], [ -79.377525365501256, 43.671081734311699 ], [ -79.377520045626781, 43.671179831080991 ], [ -79.376219239819918, 43.671691129672318 ], [ -79.375461412815014, 43.670442242113403 ], [ -79.37701562204137, 43.669787895993281 ], [ -79.377306643404793, 43.670122925996807 ] ] ] } },
{ "type": "Feature", "properties": { "vor_id": 1665, "theft_count": 6, "bike_trips": 9668.0, "theft_per_1000_trips": "0.6206040546131568" }, "geometry": { "type": "Polygon", "coordinates": [ [ [ -79.264896117650977, 43.790139822384972 ], [ -79.260687442841302, 43.787617239782683 ], [ -79.256251777618246, 43.785519326374533 ], [ -79.253147067259434, 43.784408443245127 ], [ -79.255721816346835, 43.780923065995736 ], [ -79.25772584011159, 43.780414640349044 ], [ -79.266223605103278, 43.789235859167803 ], [ -79.266054869816685, 43.789730307096058 ], [ -79.265709304571786, 43.790742922909011 ], [ -79.264538997762827, 43.794172293189341 ], [ -79.25922423658119, 43.798385915982522 ], [ -79.259937425384877, 43.797196032349021 ], [ -79.262860383331869, 43.793254879791817 ], [ -79.265367109457983, 43.79048913371593 ], [ -79.264896117650977, 43.790139822384972 ] ] ] } },
{ "type": "Feature", "properties": { "vor_id": 1669, "theft_count": 8, "bike_trips": 3272.0, "theft_per_1000_trips": "2.444987775061125" }, "geometry": { "type": "Polygon", "coordinates": [ [ [ -79.303849009763425, 43.666509433171505 ], [ -79.300408270994694, 43.662696260126005 ], [ -79.295372598781157, 43.654159850351142 ], [ -79.298403129287365, 43.65233767933524 ], [ -79.300979667735035, 43.650788480714375 ], [ -79.305931886703178, 43.661953552844793 ], [ -79.306626425411977, 43.664697404379439 ], [ -79.303849009763425, 43.666509433171505 ] ] ] } },
{ "type": "Feature", "properties": { "vor_id": 1671, "theft_count": 9, "bike_trips": 8595.0, "theft_per_1000_trips": "1.0471204188481678" }, "geometry": { "type": "Polygon", "coordinates": [ [ [ -79.493071176019413, 43.720859904290919 ], [ -79.4956894406494, 43.710476974029902 ], [ -79.50723669734586, 43.709988595751781 ], [ -79.50786214878913, 43.710230366631137 ], [ -79.509943428982922, 43.713782720101477 ], [ -79.500548549271215, 43.723475429942745 ], [ -79.500332579954502, 43.723534986274402 ], [ -79.493071176019413, 43.720859904290919 ] ] ] } },
{ "type": "Feature", "properties": { "vor_id": 1673, "theft_count": 8, "bike_trips": 3397.0, "theft_per_1000_trips": "2.355019134530468" }, "geometry": { "type": "Polygon", "coordinates": [ [ [ -79.457767251242331, 43.665118181102009 ], [ -79.458746184761736, 43.665599767346983 ], [ -79.459727885293276, 43.670719563977194 ], [ -79.459110311952657, 43.671278843951661 ], [ -79.455975763067414, 43.669585809868089 ], [ -79.455442461503665, 43.668196790413276 ], [ -79.457767251242331, 43.665118181102009 ] ] ] } },
{ "type": "Feature", "properties": { "vor_id": 1674, "theft_count": 9, "bike_trips": 2283.0, "theft_per_1000_trips": "3.9421813403416555" }, "geometry": { "type": "Polygon", "coordinates": [ [ [ -79.462059744669276, 43.666523320082923 ], [ -79.462203427206703, 43.666412501647912 ], [ -79.468538742530086, 43.668734205757971 ], [ -79.468762249072498, 43.669293096784934 ], [ -79.467389871010681, 43.671792187405408 ], [ -79.464448218879568, 43.670977001633418 ], [ -79.462225883382501, 43.669366096275823 ], [ -79.462059744669276, 43.666523320082923 ] ] ] } },
{ "type": "Feature", "properties": { "vor_id": 1676, "theft_count": 25, "bike_trips": 2451.0, "theft_per_1000_trips": "10.199918400652795" }, "geometry": { "type": "Polygon", "coordinates": [ [ [ -79.388917584489064, 43.699932283066445 ], [ -79.387030325283163, 43.701584177201063 ], [ -79.386396271900225, 43.698782078558772 ], [ -79.387765937374255, 43.698472506166617 ], [ -79.388917584489064, 43.699932283066445 ] ] ] } },
{ "type": "Feature", "properties": { "vor_id": 1678, "theft_count": 24, "bike_trips": 1074.0, "theft_per_1000_trips": "22.3463687150838" }, "geometry": { "type": "Polygon", "coordinates": [ [ [ -79.395336708867219, 43.669589977721884 ], [ -79.397992844249558, 43.668497916091106 ], [ -79.399067432877288, 43.668843743033406 ], [ -79.399183409287573, 43.669385540491504 ], [ -79.395673139140158, 43.670675039646866 ], [ -79.395336708867219, 43.669589977721884 ] ] ] } },
{ "type": "Feature", "properties": { "vor_id": 1679, "theft_count": 22, "bike_trips": 2033.0, "theft_per_1000_trips": "10.821446138711265" }, "geometry": { "type": "Polygon", "coordinates": [ [ [ -79.361438478291419, 43.655337511507049 ], [ -79.362674730850173, 43.655068105828626 ], [ -79.362800046035744, 43.655106262732005 ], [ -79.363801048295528, 43.656655479469087 ], [ -79.363726142001042, 43.658061766620811 ], [ -79.36135624117567, 43.658197974817568 ], [ -79.361051631536313, 43.657572605441551 ], [ -79.361127086953147, 43.655799315557083 ], [ -79.361438478291419, 43.655337511507049 ] ] ] } },
{ "type": "Feature", "properties": { "vor_id": 1682, "theft_count": 12, "bike_trips": 2237.0, "theft_per_1000_trips": "5.364327223960662" }, "geometry": { "type": "Polygon", "coordinates": [ [ [ -79.366677100035616, 43.669791842615794 ], [ -79.367173861530361, 43.672040201106881 ], [ -79.365147142792097, 43.673338690843543 ], [ -79.363861112253588, 43.667851425312485 ], [ -79.364327921210943, 43.667640191919524 ], [ -79.364995906661278, 43.668001151447449 ], [ -79.366677100035616, 43.669791842615794 ] ] ] } },
{ "type": "Feature", "properties": { "vor_id": 1683, "theft_count": 11, "bike_trips": 2411.0, "theft_per_1000_trips": "4.562422231439236" }, "geometry": { "type": "Polygon", "coordinates": [ [ [ -79.406798425491601, 43.728642856593225 ], [ -79.412559121195258, 43.726329440858414 ], [ -79.415780889172638, 43.727976106851493 ], [ -79.417109599353438, 43.7311702682846 ], [ -79.4170713529425, 43.73127084515955 ], [ -79.40853646523297, 43.730563125415181 ], [ -79.407524523426929, 43.730283375477313 ], [ -79.406839430840307, 43.728977273895083 ], [ -79.406798425491601, 43.728642856593225 ] ] ] } },
{ "type": "Feature", "properties": { "vor_id": 1685, "theft_count": 26, "bike_trips": 8652.0, "theft_per_1000_trips": "3.005085529357374" }, "geometry": { "type": "Polygon", "coordinates": [ [ [ -79.345167172476366, 43.707850262967533 ], [ -79.345914714112936, 43.703918179372415 ], [ -79.35094396524417, 43.703194190410734 ], [ -79.356912415489248, 43.708835720186997 ], [ -79.352090426021917, 43.722156991573684 ], [ -79.348794909215158, 43.721400253286909 ], [ -79.347553743788751, 43.719369891525631 ], [ -79.345364101911358, 43.714153773350255 ], [ -79.345167172476366, 43.707850262967533 ] ] ] } },
{ "type": "Feature", "properties": { "vor_id": 1687, "theft_count": 0, "bike_trips": 1617.0, "theft_per_1000_trips": "0.0" }, "geometry": { "type": "Polygon", "coordinates": [ [ [ -79.289113372844966, 43.776015354726979 ], [ -79.28932437154117, 43.776544468865467 ], [ -79.287406791680027, 43.777024797615809 ], [ -79.287974447554348, 43.776519890883513 ], [ -79.289113372844966, 43.776015354726979 ] ] ] } },
{ "type": "Feature", "properties": { "vor_id": 1689, "theft_count": 32, "bike_trips": 2047.0, "theft_per_1000_trips": "15.632633121641426" }, "geometry": { "type": "Polygon", "coordinates": [ [ [ -79.3718321821367, 43.659726771086355 ], [ -79.37155375027551, 43.656805046670335 ], [ -79.371603664938007, 43.656748290879698 ], [ -79.373121659969812, 43.656965713904789 ], [ -79.374050202955161, 43.658786699671893 ], [ -79.3718321821367, 43.659726771086355 ] ] ] } },
{ "type": "Feature", "properties": { "vor_id": 1690, "theft_count": 2, "bike_trips": 1231.0, "theft_per_1000_trips": "1.6246953696181965" }, "geometry": { "type": "Polygon", "coordinates": [ [ [ -79.366452708908696, 43.709734563180923 ], [ -79.365010872276585, 43.710322355497738 ], [ -79.365091966943424, 43.709262354137429 ], [ -79.366254736745148, 43.708795201754647 ], [ -79.366452708908696, 43.709734563180923 ] ] ] } },
{ "type": "Feature", "properties": { "vor_id": 1694, "theft_count": 5, "bike_trips": 3284.0, "theft_per_1000_trips": "1.522533495736906" }, "geometry": { "type": "Polygon", "coordinates": [ [ [ -79.322303399557001, 43.658938048611958 ], [ -79.326084280986834, 43.660335497926859 ], [ -79.326966810986264, 43.660718112781034 ], [ -79.328636832401756, 43.662324510544074 ], [ -79.328583013782108, 43.662717520017814 ], [ -79.326038018738558, 43.663815758273302 ], [ -79.325129659830523, 43.663293317051469 ], [ -79.322303399557001, 43.658938048611958 ] ] ] } },
{ "type": "Feature", "properties": { "vor_id": 1696, "theft_count": 8, "bike_trips": 2313.0, "theft_per_1000_trips": "3.4587116299178553" }, "geometry": { "type": "Polygon", "coordinates": [ [ [ -79.459727885293276, 43.670719563977194 ], [ -79.462225883382501, 43.669366096275823 ], [ -79.464448218879568, 43.670977001633418 ], [ -79.461401521676507, 43.673458769088519 ], [ -79.459151785666322, 43.671653963237411 ], [ -79.459110311952657, 43.671278843951661 ], [ -79.459727885293276, 43.670719563977194 ] ] ] } },
{ "type": "Feature", "properties": { "vor_id": 1697, "theft_count": 9, "bike_trips": 2465.0, "theft_per_1000_trips": "3.6511156186612577" }, "geometry": { "type": "Polygon", "coordinates": [ [ [ -79.36281353905099, 43.707975654699631 ], [ -79.363856984376696, 43.70757413769887 ], [ -79.365091966943424, 43.709262354137429 ], [ -79.365010872276585, 43.710322355497738 ], [ -79.36480311180604, 43.710679422882933 ], [ -79.362319508732625, 43.708372210818915 ], [ -79.36281353905099, 43.707975654699631 ] ] ] } },
{ "type": "Feature", "properties": { "vor_id": 1698, "theft_count": 7, "bike_trips": 6094.0, "theft_per_1000_trips": "1.1486708237610765" }, "geometry": { "type": "Polygon", "coordinates": [ [ [ -79.504242876959182, 43.654778408668903 ], [ -79.505252471921636, 43.654649894602727 ], [ -79.509291837872482, 43.660185032073066 ], [ -79.508438187671004, 43.666341573255018 ], [ -79.503086441571455, 43.656804155568636 ], [ -79.504242876959182, 43.654778408668903 ] ] ] } },
{ "type": "Feature", "properties": { "vor_id": 1699, "theft_count": 34, "bike_trips": 3631.0, "theft_per_1000_trips": "9.36381162214266" }, "geometry": { "type": "Polygon", "coordinates": [ [ [ -79.402404733996903, 43.704913636637087 ], [ -79.410563754516062, 43.711749732886254 ], [ -79.410816729844939, 43.712438482356752 ], [ -79.410077588355222, 43.713362785362101 ], [ -79.408294216516666, 43.714171388317197 ], [ -79.406143428939799, 43.712966976826571 ], [ -79.402205789405528, 43.708266129699894 ], [ -79.401853736970821, 43.706569472235095 ], [ -79.402330456783119, 43.704976603148857 ], [ -79.402404733996903, 43.704913636637087 ] ] ] } },
{ "type": "Feature", "properties": { "vor_id": 1701, "theft_count": 43, "bike_trips": 2149.0, "theft_per_1000_trips": "20.009306654257795" }, "geometry": { "type": "Polygon", "coordinates": [ [ [ -79.40238873269935, 43.66190943636817 ], [ -79.400912986857819, 43.662490946769566 ], [ -79.400377388866147, 43.661821471017568 ], [ -79.400219117604053, 43.661060050952145 ], [ -79.401616987105683, 43.660222200216573 ], [ -79.402116520326899, 43.660634500738162 ], [ -79.40238873269935, 43.66190943636817 ] ] ] } },
{ "type": "Feature", "properties": { "vor_id": 1702, "theft_count": 20, "bike_trips": 2213.0, "theft_per_1000_trips": "9.03750564844103" }, "geometry": { "type": "Polygon", "coordinates": [ [ [ -79.428702065298168, 43.649485167674229 ], [ -79.426531060230616, 43.650170152837298 ], [ -79.425814048512152, 43.649427791283607 ], [ -79.425356218651615, 43.648228472015042 ], [ -79.425425324898754, 43.648027303645982 ], [ -79.426527478013455, 43.647839789219816 ], [ -79.42876228589563, 43.649207383292016 ], [ -79.428702065298168, 43.649485167674229 ] ] ] } },
{ "type": "Feature", "properties": { "vor_id": 1704, "theft_count": 10, "bike_trips": 10678.0, "theft_per_1000_trips": "0.9365049634763064" }, "geometry": { "type": "Polygon", "coordinates": [ [ [ -79.271685963848483, 43.763751982075668 ], [ -79.263371454480051, 43.772656380569337 ], [ -79.260130855706379, 43.77284274257611 ], [ -79.257927381086745, 43.771223997633129 ], [ -79.25924899177096, 43.767709736300304 ], [ -79.268009614730389, 43.758539339444411 ], [ -79.271685963848483, 43.763751982075668 ] ] ] } },
{ "type": "Feature", "properties": { "vor_id": 1706, "theft_count": 31, "bike_trips": 2041.0, "theft_per_1000_trips": "15.188633023027927" }, "geometry": { "type": "Polygon", "coordinates": [ [ [ -79.362722953715803, 43.653437123523084 ], [ -79.362172097196691, 43.652486553482738 ], [ -79.364406469755366, 43.651538187273793 ], [ -79.364756160202035, 43.652569824637681 ], [ -79.362722953715803, 43.653437123523084 ] ] ] } },
{ "type": "Feature", "properties": { "vor_id": 1710, "theft_count": 12, "bike_trips": 6883.0, "theft_per_1000_trips": "1.7434258317594074" }, "geometry": { "type": "Polygon", "coordinates": [ [ [ -79.503029205262123, 43.68484913220842 ], [ -79.501032778814434, 43.695813713177934 ], [ -79.498036073834626, 43.697402561199866 ], [ -79.490894864296365, 43.690562695653426 ], [ -79.492100984631819, 43.687509585072085 ], [ -79.496567348559012, 43.684359631521524 ], [ -79.5022471627897, 43.683167181800698 ], [ -79.503029205262123, 43.68484913220842 ] ] ] } },
{ "type": "Feature", "properties": { "vor_id": 1713, "theft_count": 26, "bike_trips": 3381.0, "theft_per_1000_trips": "7.6900325347530325" }, "geometry": { "type": "Polygon", "coordinates": [ [ [ -79.461006655346424, 43.648527955079501 ], [ -79.460906131716882, 43.653969887565502 ], [ -79.458315952882714, 43.655245713777489 ], [ -79.454982267723935, 43.652593482150913 ], [ -79.455007182470311, 43.65192862293744 ], [ -79.455216119707885, 43.650820077016213 ], [ -79.455321715293479, 43.65043801369648 ], [ -79.456240643227986, 43.649534698965383 ], [ -79.461006655346424, 43.648527955079501 ] ] ] } },
{ "type": "Feature", "properties": { "vor_id": 1718, "theft_count": 12, "bike_trips": 2567.0, "theft_per_1000_trips": "4.674717569146864" }, "geometry": { "type": "Polygon", "coordinates": [ [ [ -79.336371983485449, 43.696946019896615 ], [ -79.330529174856011, 43.692331043804074 ], [ -79.33101303162556, 43.691308014618357 ], [ -79.332666071786605, 43.686688076862829 ], [ -79.332845241183932, 43.685972792533477 ], [ -79.332919567974457, 43.685970907341741 ], [ -79.336332573442505, 43.688864286408617 ], [ -79.336371983485449, 43.696946019896615 ] ] ] } },
{ "type": "Feature", "properties": { "vor_id": 1721, "theft_count": 470, "bike_trips": 99602.0, "theft_per_1000_trips": "4.71878074737455" }, "geometry": { "type": "MultiPolygon", "coordinates": [ [ [ [ -79.490801724100706, 43.735655704979841 ], [ -79.49556144186262, 43.736847952213388 ], [ -79.500181379618141, 43.738500992374433 ], [ -79.503997078333725, 43.740305683462317 ], [ -79.502274120857351, 43.741907888078998 ], [ -79.486762654545174, 43.738400637267553 ], [ -79.487453608746875, 43.73515905898244 ], [ -79.490801724100706, 43.735655704979841 ] ] ], [ [ [ -79.522620688615021, 43.756916457349021 ], [ -79.522702167369545, 43.757052396438333 ], [ -79.525143271217317, 43.761125132158703 ], [ -79.527241184625453, 43.765560797381745 ], [ -79.528894224786498, 43.770180735137274 ], [ -79.530086472020059, 43.774940452899195 ], [ -79.530173972031292, 43.775530330060391 ], [ -79.530806444333507, 43.77979411198352 ], [ -79.530985843088089, 43.783445857524555 ], [ -79.516287306784704, 43.786834014852751 ], [ -79.498976041093329, 43.790824432027755 ], [ -79.483293403223783, 43.79443943445564 ], [ -79.48323632413387, 43.794452415927957 ], [ -79.474627238839616, 43.796383893255545 ], [ -79.47660602161028, 43.771568438911181 ], [ -79.488550291304392, 43.775752182356349 ], [ -79.490395908747558, 43.767305190252614 ], [ -79.494620020823362, 43.761010288808876 ], [ -79.4925463887662, 43.759871164644146 ], [ -79.4890220820308, 43.760788277719136 ], [ -79.483535832365959, 43.759798750560954 ], [ -79.473122719322305, 43.768370355565011 ], [ -79.469823967734044, 43.767240589233587 ], [ -79.472722703130813, 43.748660073918934 ], [ -79.473526267359205, 43.745320059646779 ], [ -79.461081627666957, 43.740155401595182 ], [ -79.460952003052469, 43.74009652510221 ], [ -79.461532367977355, 43.738681035120962 ], [ -79.461913036381645, 43.738500992374433 ], [ -79.466532974137166, 43.736847952213388 ], [ -79.47129269189908, 43.735655704979841 ], [ -79.476146350983413, 43.734935732666393 ], [ -79.476966359429071, 43.734895448234674 ], [ -79.481752711507411, 43.741004764843467 ], [ -79.48359153768223, 43.740878488293085 ], [ -79.486879898696102, 43.749867788417582 ], [ -79.491512340023164, 43.752812080225958 ], [ -79.502412238898543, 43.752857745997012 ], [ -79.502916185530012, 43.752072358522305 ], [ -79.503215076655493, 43.747678437319792 ], [ -79.513182395228512, 43.748297749347614 ], [ -79.513994767832557, 43.747157346054969 ], [ -79.516402547059215, 43.749339629940671 ], [ -79.519279025816701, 43.752513335178364 ], [ -79.519697730668028, 43.752975304791818 ], [ -79.522620688615021, 43.756916457349021 ] ], [ [ -79.505598531446594, 43.762886618759644 ], [ -79.503355537855512, 43.765065265029612 ], [ -79.504597512637105, 43.770810593528068 ], [ -79.503150167880008, 43.770300097602274 ], [ -79.497970754584898, 43.77251117299685 ], [ -79.491653356190596, 43.778904010876332 ], [ -79.498835386136378, 43.790401580975718 ], [ -79.506174110231044, 43.772074930185134 ], [ -79.513129964204666, 43.767822526732303 ], [ -79.505598531446594, 43.762886618759644 ] ] ], [ [ [ -79.445691868940571, 43.749339629940671 ], [ -79.448711971665247, 43.746602368386014 ], [ -79.450729010630695, 43.756043916506286 ], [ -79.460103622600087, 43.763094740933312 ], [ -79.4635809908726, 43.767926870211866 ], [ -79.464473565588591, 43.768293456138302 ], [ -79.459012132929701, 43.791191555849629 ], [ -79.461856827355604, 43.799248978151581 ], [ -79.441663737622378, 43.803779365952444 ], [ -79.441504742408284, 43.803815037065078 ], [ -79.44146909955407, 43.803823033659661 ], [ -79.437560424807174, 43.804699958024614 ], [ -79.43548529223078, 43.805165521018367 ], [ -79.434853231374333, 43.803829140618255 ], [ -79.433200191213288, 43.799209202862727 ], [ -79.432007943979727, 43.794449485100806 ], [ -79.431775341580689, 43.792881407098285 ], [ -79.431617175757054, 43.791815139726125 ], [ -79.431287971666279, 43.78959582601648 ], [ -79.431047207999896, 43.784694969 ], [ -79.431228786356144, 43.780998856647933 ], [ -79.431287971666279, 43.77979411198352 ], [ -79.432007943979727, 43.774940452899195 ], [ -79.432044224806091, 43.774795611721288 ], [ -79.43527863932394, 43.775506639713534 ], [ -79.434286966044851, 43.77761515821954 ], [ -79.438383854821765, 43.787312450882624 ], [ -79.440841502841408, 43.788134107822096 ], [ -79.444865560918089, 43.786961219975574 ], [ -79.443500324107021, 43.783641076944022 ], [ -79.448318851678494, 43.777494191360077 ], [ -79.448295712798981, 43.777200608194462 ], [ -79.454181232544641, 43.77032400717524 ], [ -79.437516672145165, 43.765729234638698 ], [ -79.436897766736109, 43.763709293128855 ], [ -79.436125822789705, 43.76287012890019 ], [ -79.436951144782469, 43.761125132158703 ], [ -79.439473727384765, 43.756916457349021 ], [ -79.442396685331758, 43.752975304791818 ], [ -79.445691868940571, 43.749339629940671 ] ] ] ] } },
{ "type": "Feature", "properties": { "vor_id": 1723, "theft_count": 9, "bike_trips": 2248.0, "theft_per_1000_trips": "4.0035587188612105" }, "geometry": { "type": "Polygon", "coordinates": [ [ [ -79.454845857428836, 43.644006833718414 ], [ -79.454508453755437, 43.64682952952753 ], [ -79.451178124358321, 43.645445674510363 ], [ -79.451011879820754, 43.64505130696179 ], [ -79.450840474781259, 43.6441877530835 ], [ -79.454845857428836, 43.644006833718414 ] ] ] } },
{ "type": "Feature", "properties": { "vor_id": 1725, "theft_count": 10, "bike_trips": 2367.0, "theft_per_1000_trips": "4.224757076468102" }, "geometry": { "type": "Polygon", "coordinates": [ [ [ -79.436104638561375, 43.684319893832715 ], [ -79.437568634606947, 43.685054184419663 ], [ -79.437878515569167, 43.685364997418688 ], [ -79.437679644487119, 43.686243984757553 ], [ -79.429682102478864, 43.689696365754031 ], [ -79.430044843421229, 43.686710516563856 ], [ -79.436104638561375, 43.684319893832715 ] ] ] } },
{ "type": "Feature", "properties": { "vor_id": 1727, "theft_count": 5, "bike_trips": 1103.0, "theft_per_1000_trips": "4.533091568449683" }, "geometry": { "type": "Polygon", "coordinates": [ [ [ -79.420793576232157, 43.645261144230318 ], [ -79.420079749511899, 43.646347559217993 ], [ -79.418743487756615, 43.646849679791181 ], [ -79.419482472193522, 43.644962981380928 ], [ -79.420793576232157, 43.645261144230318 ] ] ] } },
{ "type": "Feature", "properties": { "vor_id": 1728, "theft_count": 17, "bike_trips": 2148.0, "theft_per_1000_trips": "7.9143389199255125" }, "geometry": { "type": "Polygon", "coordinates": [ [ [ -79.397451506882661, 43.649443742000358 ], [ -79.397743119773722, 43.649557129112978 ], [ -79.397843534808786, 43.649832312206343 ], [ -79.3978669189773, 43.649924007355111 ], [ -79.397134654446333, 43.650422227339853 ], [ -79.396144203586758, 43.650807757374544 ], [ -79.395631155522238, 43.650177114027791 ], [ -79.397451506882661, 43.649443742000358 ] ] ] } },
{ "type": "Feature", "properties": { "vor_id": 1730, "theft_count": 13, "bike_trips": 6666.0, "theft_per_1000_trips": "1.9501950195019502" }, "geometry": { "type": "Polygon", "coordinates": [ [ [ -79.427674646215436, 43.641959338774321 ], [ -79.42916113314601, 43.641376230930582 ], [ -79.428862000001985, 43.643204920253794 ], [ -79.428225790606334, 43.642994450362998 ], [ -79.427674646215436, 43.641959338774321 ] ] ] } },
{ "type": "Feature", "properties": { "vor_id": 1741, "theft_count": 46, "bike_trips": 2415.0, "theft_per_1000_trips": "19.04761904761905" }, "geometry": { "type": "Polygon", "coordinates": [ [ [ -79.410077588355222, 43.713362785362101 ], [ -79.413345022858948, 43.719574758756522 ], [ -79.410581183732063, 43.724334387421848 ], [ -79.406803073272854, 43.723767115944227 ], [ -79.405695443077278, 43.718670640707188 ], [ -79.40559488601258, 43.717308804477014 ], [ -79.408294216516666, 43.714171388317197 ], [ -79.410077588355222, 43.713362785362101 ] ] ] } },
{ "type": "Feature", "properties": { "vor_id": 1742, "theft_count": 32, "bike_trips": 4716.0, "theft_per_1000_trips": "6.785411365564038" }, "geometry": { "type": "Polygon", "coordinates": [ [ [ -79.462528952865696, 43.705122373303077 ], [ -79.464325035779865, 43.713288809015303 ], [ -79.453699266138798, 43.715368760237062 ], [ -79.452904628781866, 43.708364112654991 ], [ -79.455231972529234, 43.706579372198043 ], [ -79.462135217086868, 43.705027594111634 ], [ -79.462528952865696, 43.705122373303077 ] ] ] } },
{ "type": "Feature", "properties": { "vor_id": 1743, "theft_count": 9, "bike_trips": 7955.0, "theft_per_1000_trips": "1.1313639220615963" }, "geometry": { "type": "MultiPolygon", "coordinates": [ [ [ [ -79.174203112217327, 43.757468334158702 ], [ -79.171680529615031, 43.75325965934902 ], [ -79.168757571668039, 43.749318506791816 ], [ -79.165462388059225, 43.74568283194067 ], [ -79.164375252162515, 43.744697509398343 ], [ -79.170497476399319, 43.740389557839599 ], [ -79.173631219214798, 43.744029052071838 ], [ -79.174731283709619, 43.745966466408532 ], [ -79.174807071054119, 43.746365098399323 ], [ -79.174385616862921, 43.757854207811249 ], [ -79.174203112217327, 43.757468334158702 ] ] ], [ [ [ -79.171768115217418, 43.759875432158701 ], [ -79.173866028625554, 43.764311097381743 ], [ -79.174122468526633, 43.765027798892667 ], [ -79.173964234995694, 43.769341345625939 ], [ -79.165547625501119, 43.776966298708537 ], [ -79.158478384532131, 43.774033779380119 ], [ -79.152328686117642, 43.767229088285923 ], [ -79.148908749645955, 43.755580636354715 ], [ -79.156296103584822, 43.750382466264078 ], [ -79.157573070618142, 43.750839372374536 ], [ -79.162008735841198, 43.752937285782686 ], [ -79.166217410650873, 43.755459868384975 ], [ -79.170158563208076, 43.758382826331967 ], [ -79.171723770582076, 43.759801447604318 ], [ -79.171768115217418, 43.759875432158701 ] ] ] ] } },
{ "type": "Feature", "properties": { "vor_id": 1746, "theft_count": 26, "bike_trips": 3227.0, "theft_per_1000_trips": "8.057018903005888" }, "geometry": { "type": "Polygon", "coordinates": [ [ [ -79.400132062051938, 43.65725831859524 ], [ -79.400805048438613, 43.656984522768994 ], [ -79.400832957727616, 43.657010460931652 ], [ -79.401208057836868, 43.658831497813587 ], [ -79.401090143698767, 43.659036405393934 ], [ -79.39993808281767, 43.658880573972915 ], [ -79.400132062051938, 43.65725831859524 ] ] ] } },
{ "type": "Feature", "properties": { "vor_id": 1747, "theft_count": 9, "bike_trips": 2561.0, "theft_per_1000_trips": "3.514252245216712" }, "geometry": { "type": "Polygon", "coordinates": [ [ [ -79.324434005703353, 43.681401987332002 ], [ -79.324417331288757, 43.681397449469564 ], [ -79.323520646865546, 43.676927595337887 ], [ -79.324702034510523, 43.676726867416846 ], [ -79.325467575381325, 43.680310622457014 ], [ -79.324434005703353, 43.681401987332002 ] ] ] } },
{ "type": "Feature", "properties": { "vor_id": 1748, "theft_count": 31, "bike_trips": 2075.0, "theft_per_1000_trips": "14.93975903614458" }, "geometry": { "type": "Polygon", "coordinates": [ [ [ -79.378723455710443, 43.655333059649692 ], [ -79.378930868333157, 43.656387702280618 ], [ -79.378916956488467, 43.656995717037603 ], [ -79.377971371733693, 43.657388056840894 ], [ -79.377918554665072, 43.657360901383193 ], [ -79.377556154538752, 43.65557320223585 ], [ -79.378356180754324, 43.655247443814361 ], [ -79.378723455710443, 43.655333059649692 ] ] ] } },
{ "type": "Feature", "properties": { "vor_id": 1752, "theft_count": 6, "bike_trips": 1197.0, "theft_per_1000_trips": "5.012531328320802" }, "geometry": { "type": "Polygon", "coordinates": [ [ [ -79.411890138159308, 43.677473131571269 ], [ -79.413544744696708, 43.676839051117049 ], [ -79.415426011623907, 43.679483307510814 ], [ -79.415943975161866, 43.680587345936011 ], [ -79.415671586406319, 43.681775489861039 ], [ -79.41380086410777, 43.682622194963464 ], [ -79.410319528916958, 43.680857944497532 ], [ -79.411890138159308, 43.677473131571269 ] ] ] } },
{ "type": "Feature", "properties": { "vor_id": 1753, "theft_count": 16, "bike_trips": 2210.0, "theft_per_1000_trips": "7.239819004524887" }, "geometry": { "type": "Polygon", "coordinates": [ [ [ -79.426432229992727, 43.658457594729583 ], [ -79.423258499656029, 43.659629478784886 ], [ -79.422890478465419, 43.657798707801916 ], [ -79.424520096864669, 43.656162437679896 ], [ -79.425003876415261, 43.656252016031544 ], [ -79.426462411429071, 43.658163660095603 ], [ -79.426432229992727, 43.658457594729583 ] ] ] } },
{ "type": "Feature", "properties": { "vor_id": 1757, "theft_count": 5, "bike_trips": 3800.0, "theft_per_1000_trips": "1.3157894736842104" }, "geometry": { "type": "Polygon", "coordinates": [ [ [ -79.311661333672419, 43.709850778063284 ], [ -79.309080265266729, 43.709884141484025 ], [ -79.304189443335375, 43.703647033462026 ], [ -79.305595600414676, 43.70128822562581 ], [ -79.311352157919202, 43.701066531964578 ], [ -79.311661333672419, 43.709850778063284 ] ] ] } },
{ "type": "Feature", "properties": { "vor_id": 1758, "theft_count": 36, "bike_trips": 2251.0, "theft_per_1000_trips": "15.992892047978675" }, "geometry": { "type": "Polygon", "coordinates": [ [ [ -79.452364438484352, 43.657081343424643 ], [ -79.452391688119533, 43.656964530110471 ], [ -79.453778103974727, 43.655942990248363 ], [ -79.457476178592046, 43.657547844187057 ], [ -79.457770805506641, 43.658049134525811 ], [ -79.4561199782882, 43.65979952527654 ], [ -79.452631954607838, 43.6575411440799 ], [ -79.452389653801319, 43.657228052030973 ], [ -79.452364438484352, 43.657081343424643 ] ] ] } },
{ "type": "Feature", "properties": { "vor_id": 1759, "theft_count": 27, "bike_trips": 4108.0, "theft_per_1000_trips": "6.572541382667965" }, "geometry": { "type": "Polygon", "coordinates": [ [ [ -79.273289627569397, 43.675371162577029 ], [ -79.267844873038257, 43.671890291417895 ], [ -79.271863073592272, 43.669062852782766 ], [ -79.276877671556704, 43.665534291220538 ], [ -79.283581630438277, 43.672252998371157 ], [ -79.284338449713189, 43.675995992153801 ], [ -79.284124800279372, 43.676115955593232 ], [ -79.273289627569397, 43.675371162577029 ] ] ] } },
{ "type": "Feature", "properties": { "vor_id": 1763, "theft_count": 10, "bike_trips": 4576.0, "theft_per_1000_trips": "2.1853146853146854" }, "geometry": { "type": "Polygon", "coordinates": [ [ [ -79.434406797019605, 43.670602189576627 ], [ -79.434984668880006, 43.673529839662237 ], [ -79.434775584252847, 43.673890473517126 ], [ -79.433363477937547, 43.674055469560955 ], [ -79.431713939644354, 43.671863934118463 ], [ -79.431559690109978, 43.67151309120603 ], [ -79.432002259785747, 43.669139686278697 ], [ -79.434406797019605, 43.670602189576627 ] ] ] } },
{ "type": "Feature", "properties": { "vor_id": 1764, "theft_count": 10, "bike_trips": 2249.0, "theft_per_1000_trips": "4.446420631391729" }, "geometry": { "type": "Polygon", "coordinates": [ [ [ -79.447306502397794, 43.648994137854451 ], [ -79.446791851568989, 43.647690427934471 ], [ -79.450896957004232, 43.646104022815656 ], [ -79.450654056924805, 43.647709342481214 ], [ -79.447306502397794, 43.648994137854451 ] ] ] } },
{ "type": "Feature", "properties": { "vor_id": 1765, "theft_count": 10, "bike_trips": 1074.0, "theft_per_1000_trips": "9.31098696461825" }, "geometry": { "type": "Polygon", "coordinates": [ [ [ -79.400459056444447, 43.671011065351692 ], [ -79.398495702140721, 43.67284314510259 ], [ -79.395677855179073, 43.670732351535641 ], [ -79.395673139140158, 43.670675039646866 ], [ -79.399183409287573, 43.669385540491504 ], [ -79.400459056444447, 43.671011065351692 ] ] ] } },
{ "type": "Feature", "properties": { "vor_id": 1767, "theft_count": 44, "bike_trips": 3572.0, "theft_per_1000_trips": "12.318029115341545" }, "geometry": { "type": "Polygon", "coordinates": [ [ [ -79.445906799685361, 43.712407340510786 ], [ -79.44692840981061, 43.711827288906115 ], [ -79.452200955355849, 43.717634292605446 ], [ -79.452503997713862, 43.719039192148493 ], [ -79.45220560680454, 43.719767716764018 ], [ -79.450376223199328, 43.720480802031133 ], [ -79.445430452573532, 43.720231867793117 ], [ -79.444930135196032, 43.718718543029873 ], [ -79.445415966650259, 43.714202499893446 ], [ -79.445906799685361, 43.712407340510786 ] ] ] } },
{ "type": "Feature", "properties": { "vor_id": 1768, "theft_count": 31, "bike_trips": 2083.0, "theft_per_1000_trips": "14.882381180988958" }, "geometry": { "type": "Polygon", "coordinates": [ [ [ -79.381524415301129, 43.670264072118236 ], [ -79.384118796223731, 43.669133581170058 ], [ -79.383542324175437, 43.670372195976356 ], [ -79.382660928559886, 43.670718078549896 ], [ -79.381524415301129, 43.670264072118236 ] ] ] } },
{ "type": "Feature", "properties": { "vor_id": 1771, "theft_count": 10, "bike_trips": 7882.0, "theft_per_1000_trips": "1.268713524486171" }, "geometry": { "type": "Polygon", "coordinates": [ [ [ -79.201699450265153, 43.718434041878083 ], [ -79.211183483958763, 43.738944308813316 ], [ -79.208287789162711, 43.753655912731745 ], [ -79.207933246809446, 43.7538064816546 ], [ -79.206462229228691, 43.754010167836213 ], [ -79.205219437643649, 43.753261624446111 ], [ -79.190708979827448, 43.726167573421854 ], [ -79.201699450265153, 43.718434041878083 ] ] ] } },
{ "type": "Feature", "properties": { "vor_id": 1772, "theft_count": 26, "bike_trips": 4497.0, "theft_per_1000_trips": "5.78163219924394" }, "geometry": { "type": "Polygon", "coordinates": [ [ [ -79.37977611896973, 43.671629451234608 ], [ -79.381588523039895, 43.674043610501847 ], [ -79.379299538259744, 43.678401392313482 ], [ -79.378707490073594, 43.678010116324451 ], [ -79.378171400030595, 43.676095978483808 ], [ -79.378185340038812, 43.67331407019384 ], [ -79.37977611896973, 43.671629451234608 ] ] ] } },
{ "type": "Feature", "properties": { "vor_id": 1773, "theft_count": 5, "bike_trips": 3576.0, "theft_per_1000_trips": "1.3982102908277405" }, "geometry": { "type": "Polygon", "coordinates": [ [ [ -79.445583216009467, 43.712313452645624 ], [ -79.445906799685361, 43.712407340510786 ], [ -79.445415966650259, 43.714202499893446 ], [ -79.436532711172035, 43.717793811506482 ], [ -79.435641798469518, 43.716372963869318 ], [ -79.445583216009467, 43.712313452645624 ] ] ] } },
{ "type": "Feature", "properties": { "vor_id": 1774, "theft_count": 22, "bike_trips": 4454.0, "theft_per_1000_trips": "4.9393803322855865" }, "geometry": { "type": "Polygon", "coordinates": [ [ [ -79.447664700956295, 43.655996867961214 ], [ -79.447909927505833, 43.6571588243119 ], [ -79.446934658015877, 43.658759291537201 ], [ -79.445141385061788, 43.659378838666271 ], [ -79.444620563974198, 43.656908808311044 ], [ -79.447664700956295, 43.655996867961214 ] ] ] } },
{ "type": "Feature", "properties": { "vor_id": 1779, "theft_count": 19, "bike_trips": 9377.0, "theft_per_1000_trips": "2.02623440332729" }, "geometry": { "type": "Polygon", "coordinates": [ [ [ -79.283767715583082, 43.722122194006509 ], [ -79.28275769052874, 43.722658463456355 ], [ -79.281631489176789, 43.72294816136187 ], [ -79.28015429300774, 43.72283008573892 ], [ -79.27949981694627, 43.721871018369384 ], [ -79.27659522962486, 43.717614644323163 ], [ -79.277670730598572, 43.71416309214203 ], [ -79.282959359449123, 43.708862027360603 ], [ -79.284085198662282, 43.709368960482671 ], [ -79.289388802990615, 43.718727478177456 ], [ -79.28945569250962, 43.719102181538481 ], [ -79.283767715583082, 43.722122194006509 ] ] ] } },
{ "type": "Feature", "properties": { "vor_id": 1780, "theft_count": 22, "bike_trips": 2198.0, "theft_per_1000_trips": "10.009099181073703" }, "geometry": { "type": "Polygon", "coordinates": [ [ [ -79.419399166640844, 43.641819184625227 ], [ -79.419446263836946, 43.641819251704206 ], [ -79.420296543910496, 43.642382895380159 ], [ -79.420868334915184, 43.645246418477278 ], [ -79.420793576232157, 43.645261144230318 ], [ -79.419482472193522, 43.644962981380928 ], [ -79.418813789893676, 43.644484596110814 ], [ -79.418775937114489, 43.644422134267167 ], [ -79.41843001096143, 43.642675155843065 ], [ -79.419399166640844, 43.641819184625227 ] ] ] } },
{ "type": "Feature", "properties": { "vor_id": 1781, "theft_count": 23, "bike_trips": 2142.0, "theft_per_1000_trips": "10.737628384687207" }, "geometry": { "type": "Polygon", "coordinates": [ [ [ -79.393475862301045, 43.657599926666641 ], [ -79.394636512380814, 43.657388058202564 ], [ -79.395408081821728, 43.658118351628815 ], [ -79.39561620935433, 43.659170146823989 ], [ -79.395496581436163, 43.659479322250412 ], [ -79.39395260302291, 43.660114297702577 ], [ -79.393475862301045, 43.657599926666641 ] ] ] } },
{ "type": "Feature", "properties": { "vor_id": 1784, "theft_count": 33, "bike_trips": 2145.0, "theft_per_1000_trips": "15.384615384615385" }, "geometry": { "type": "Polygon", "coordinates": [ [ [ -79.400777535427736, 43.663138232933022 ], [ -79.399452221099978, 43.663682547947104 ], [ -79.398506568580061, 43.662895649327979 ], [ -79.398600189830304, 43.662526656656709 ], [ -79.400377388866147, 43.661821471017568 ], [ -79.400912986857819, 43.662490946769566 ], [ -79.400777535427736, 43.663138232933022 ] ] ] } },
{ "type": "Feature", "properties": { "vor_id": 1786, "theft_count": 32, "bike_trips": 6589.0, "theft_per_1000_trips": "4.856579147063288" }, "geometry": { "type": "Polygon", "coordinates": [ [ [ -79.509943428982922, 43.713782720101477 ], [ -79.513633677767558, 43.71629261504043 ], [ -79.509049243844558, 43.723537710142892 ], [ -79.500548549271215, 43.723475429942745 ], [ -79.509943428982922, 43.713782720101477 ] ] ] } },
{ "type": "Feature", "properties": { "vor_id": 1789, "theft_count": 26, "bike_trips": 2151.0, "theft_per_1000_trips": "12.08740120874012" }, "geometry": { "type": "Polygon", "coordinates": [ [ [ -79.408581008389007, 43.663726831585812 ], [ -79.408980891136977, 43.663936154847669 ], [ -79.409607740605963, 43.666941124869794 ], [ -79.40945847275367, 43.667000378561177 ], [ -79.40826478487935, 43.666822428527006 ], [ -79.407642736309967, 43.663752351500911 ], [ -79.408581008389007, 43.663726831585812 ] ] ] } },
{ "type": "Feature", "properties": { "vor_id": 1792, "theft_count": 72, "bike_trips": 5435.0, "theft_per_1000_trips": "13.247470101195951" }, "geometry": { "type": "Polygon", "coordinates": [ [ [ -79.401072086649762, 43.642987486386026 ], [ -79.400197808304668, 43.642600584107903 ], [ -79.400513078806227, 43.640678088898007 ], [ -79.401804497730708, 43.640155005442196 ], [ -79.402846915674417, 43.6401208597471 ], [ -79.403247553751342, 43.642103393145774 ], [ -79.401072086649762, 43.642987486386026 ] ] ] } },
{ "type": "Feature", "properties": { "vor_id": 1794, "theft_count": 30, "bike_trips": 2961.0, "theft_per_1000_trips": "10.131712259371835" }, "geometry": { "type": "Polygon", "coordinates": [ [ [ -79.404671471958949, 43.759470974949302 ], [ -79.404730069876933, 43.758253772961623 ], [ -79.40644278228514, 43.755430465988503 ], [ -79.407124572687934, 43.755148652587508 ], [ -79.407287647340567, 43.755174675277189 ], [ -79.408178646305601, 43.759200995722139 ], [ -79.40755192782288, 43.759763517005943 ], [ -79.404671471958949, 43.759470974949302 ] ] ] } },
{ "type": "Feature", "properties": { "vor_id": 1798, "theft_count": 19, "bike_trips": 11164.0, "theft_per_1000_trips": "1.7018989609458977" }, "geometry": { "type": "Polygon", "coordinates": [ [ [ -79.304398446332058, 43.750409466302102 ], [ -79.302008373356955, 43.738852370874746 ], [ -79.309956295611372, 43.733155995719954 ], [ -79.315044096268608, 43.733491249296669 ], [ -79.321299299996127, 43.742128896420596 ], [ -79.304537840848923, 43.750526638407145 ], [ -79.304398446332058, 43.750409466302102 ] ] ] } },
{ "type": "Feature", "properties": { "vor_id": 1800, "theft_count": 11, "bike_trips": 3625.0, "theft_per_1000_trips": "3.0344827586206895" }, "geometry": { "type": "Polygon", "coordinates": [ [ [ -79.402948043108935, 43.694268444544655 ], [ -79.404107231281714, 43.694940054250559 ], [ -79.401938339322911, 43.699725772069087 ], [ -79.400872573343804, 43.699771288746952 ], [ -79.399441923078101, 43.69880543998709 ], [ -79.398474565852212, 43.697438908826484 ], [ -79.398198679191566, 43.69675614266032 ], [ -79.398438155855416, 43.696055754526412 ], [ -79.402948043108935, 43.694268444544655 ] ] ] } },
{ "type": "Feature", "properties": { "vor_id": 1804, "theft_count": 5, "bike_trips": 3641.0, "theft_per_1000_trips": "1.3732491073880801" }, "geometry": { "type": "Polygon", "coordinates": [ [ [ -79.407225066920873, 43.733559915881116 ], [ -79.406641140445942, 43.735529497061094 ], [ -79.405745020163579, 43.735380113913436 ], [ -79.404156735390586, 43.733390730514849 ], [ -79.406775019242559, 43.731573298657473 ], [ -79.407225066920873, 43.733559915881116 ] ] ] } },
{ "type": "Feature", "properties": { "vor_id": 1805, "theft_count": 14, "bike_trips": 2146.0, "theft_per_1000_trips": "6.523765144454799" }, "geometry": { "type": "Polygon", "coordinates": [ [ [ -79.392722435179849, 43.642375635089302 ], [ -79.392466322199311, 43.641185935375916 ], [ -79.39306847875136, 43.640937238115995 ], [ -79.393910130659904, 43.640916063863678 ], [ -79.394427838507212, 43.641503651086268 ], [ -79.393698652720843, 43.641971953335641 ], [ -79.392722435179849, 43.642375635089302 ] ] ] } },
{ "type": "Feature", "properties": { "vor_id": 1808, "theft_count": 5, "bike_trips": 2965.0, "theft_per_1000_trips": "1.6863406408094435" }, "geometry": { "type": "Polygon", "coordinates": [ [ [ -79.39364799240029, 43.767646691897525 ], [ -79.395218136019707, 43.7670009271624 ], [ -79.400654439279549, 43.770249896646924 ], [ -79.397990717898068, 43.775054619115643 ], [ -79.392672384244847, 43.777259228863265 ], [ -79.39364799240029, 43.767646691897525 ] ] ] } },
{ "type": "Feature", "properties": { "vor_id": 1811, "theft_count": 13, "bike_trips": 2141.0, "theft_per_1000_trips": "6.071929005137786" }, "geometry": { "type": "Polygon", "coordinates": [ [ [ -79.394972823311363, 43.656081719571205 ], [ -79.39551281945073, 43.65550019948072 ], [ -79.396765845241546, 43.656071006555287 ], [ -79.397044321390112, 43.657452533287646 ], [ -79.395408081821728, 43.658118351628815 ], [ -79.394636512380814, 43.657388058202564 ], [ -79.394972823311363, 43.656081719571205 ] ] ] } },
{ "type": "Feature", "properties": { "vor_id": 1812, "theft_count": 19, "bike_trips": 3836.0, "theft_per_1000_trips": "4.953076120959333" }, "geometry": { "type": "Polygon", "coordinates": [ [ [ -79.366700774204318, 43.70513165071538 ], [ -79.361625059716189, 43.702122309846594 ], [ -79.357298436569479, 43.698502634917368 ], [ -79.357921476788789, 43.697576495753296 ], [ -79.362028940203658, 43.694473709320953 ], [ -79.366496838580076, 43.69792657719649 ], [ -79.368718685314292, 43.700148568142936 ], [ -79.367140913203457, 43.705142531173152 ], [ -79.366700774204318, 43.70513165071538 ] ] ] } },
{ "type": "Feature", "properties": { "vor_id": 1816, "theft_count": 11, "bike_trips": 4350.0, "theft_per_1000_trips": "2.528735632183908" }, "geometry": { "type": "Polygon", "coordinates": [ [ [ -79.405338969410508, 43.650640006299355 ], [ -79.407394726159822, 43.652773409199966 ], [ -79.407418721739603, 43.652889619891994 ], [ -79.405714666873621, 43.653583205170165 ], [ -79.404914827670396, 43.650809622232835 ], [ -79.405338969410508, 43.650640006299355 ] ] ] } },
{ "type": "Feature", "properties": { "vor_id": 1818, "theft_count": 18, "bike_trips": 2443.0, "theft_per_1000_trips": "7.367990176013099" }, "geometry": { "type": "Polygon", "coordinates": [ [ [ -79.391504284718124, 43.703404402258151 ], [ -79.39044607359159, 43.699783839254536 ], [ -79.392581103716324, 43.697393416003095 ], [ -79.392791770887726, 43.697535496923138 ], [ -79.393696502379242, 43.698412262757238 ], [ -79.394652638477965, 43.699701358661507 ], [ -79.394962377271952, 43.701214820627321 ], [ -79.394964683360712, 43.701505177230629 ], [ -79.394571633725192, 43.702655450286557 ], [ -79.393510845000705, 43.703161331432263 ], [ -79.391504284718124, 43.703404402258151 ] ] ] } },
{ "type": "Feature", "properties": { "vor_id": 1819, "theft_count": 17, "bike_trips": 2203.0, "theft_per_1000_trips": "7.716749886518384" }, "geometry": { "type": "Polygon", "coordinates": [ [ [ -79.41875121753047, 43.656110463979346 ], [ -79.416889210838505, 43.657345664252148 ], [ -79.416588071872994, 43.657197225323749 ], [ -79.416995159085019, 43.654446230921671 ], [ -79.418639834010122, 43.65476254217895 ], [ -79.41875121753047, 43.656110463979346 ] ] ] } },
{ "type": "Feature", "properties": { "vor_id": 1821, "theft_count": 45, "bike_trips": 6408.0, "theft_per_1000_trips": "7.022471910112359" }, "geometry": { "type": "Polygon", "coordinates": [ [ [ -79.345914714112936, 43.703918179372415 ], [ -79.343459543461989, 43.701600086584648 ], [ -79.344897124045431, 43.695776532954312 ], [ -79.351181511171532, 43.689606441301869 ], [ -79.354228283943385, 43.691338409026258 ], [ -79.357921476788789, 43.697576495753296 ], [ -79.357298436569479, 43.698502634917368 ], [ -79.35094396524417, 43.703194190410734 ], [ -79.345914714112936, 43.703918179372415 ] ] ] } },
{ "type": "Feature", "properties": { "vor_id": 1822, "theft_count": 7, "bike_trips": 2600.0, "theft_per_1000_trips": "2.692307692307692" }, "geometry": { "type": "Polygon", "coordinates": [ [ [ -79.353353549570286, 43.68401566287308 ], [ -79.351936339790441, 43.684411952115582 ], [ -79.351032276060494, 43.683308061112946 ], [ -79.350309964874583, 43.681825294757829 ], [ -79.351295730231328, 43.680000777365635 ], [ -79.351755742030363, 43.679826514191802 ], [ -79.352135323851513, 43.679793915602026 ], [ -79.352547328029218, 43.679914789105538 ], [ -79.353353549570286, 43.68401566287308 ] ] ] } },
{ "type": "Feature", "properties": { "vor_id": 1824, "theft_count": 23, "bike_trips": 2149.0, "theft_per_1000_trips": "10.70265239646347" }, "geometry": { "type": "Polygon", "coordinates": [ [ [ -79.398357301821832, 43.659821912240247 ], [ -79.399196649451198, 43.658881956311525 ], [ -79.39993808281767, 43.658880573972915 ], [ -79.401090143698767, 43.659036405393934 ], [ -79.401280578679589, 43.659956158343235 ], [ -79.400195657656894, 43.660947188552051 ], [ -79.398418152028228, 43.660397374582331 ], [ -79.398357301821832, 43.659821912240247 ] ] ] } },
{ "type": "Feature", "properties": { "vor_id": 1825, "theft_count": 11, "bike_trips": 2445.0, "theft_per_1000_trips": "4.4989775051124745" }, "geometry": { "type": "Polygon", "coordinates": [ [ [ -79.396466248163193, 43.705633455777004 ], [ -79.394184948470127, 43.706502290037392 ], [ -79.393510845000705, 43.703161331432263 ], [ -79.394571633725192, 43.702655450286557 ], [ -79.396064608632642, 43.704106466137652 ], [ -79.396466248163193, 43.705633455777004 ] ] ] } },
{ "type": "Feature", "properties": { "vor_id": 1828, "theft_count": 5, "bike_trips": 3642.0, "theft_per_1000_trips": "1.372872048325096" }, "geometry": { "type": "Polygon", "coordinates": [ [ [ -79.406104804668914, 43.726051219482649 ], [ -79.406070174487397, 43.726047627618769 ], [ -79.401660578697417, 43.724813325551914 ], [ -79.405695443077278, 43.718670640707188 ], [ -79.406803073272854, 43.723767115944227 ], [ -79.406104804668914, 43.726051219482649 ] ] ] } },
{ "type": "Feature", "properties": { "vor_id": 1832, "theft_count": 21, "bike_trips": 2101.0, "theft_per_1000_trips": "9.995240361732508" }, "geometry": { "type": "Polygon", "coordinates": [ [ [ -79.383479865497421, 43.65882805871189 ], [ -79.38544594544976, 43.658016746489025 ], [ -79.385634457437789, 43.658350534940759 ], [ -79.385473247873591, 43.658672982784822 ], [ -79.383617694080655, 43.659464883313966 ], [ -79.383479865497421, 43.65882805871189 ] ] ] } },
{ "type": "Feature", "properties": { "vor_id": 1833, "theft_count": 10, "bike_trips": 2389.0, "theft_per_1000_trips": "4.185851820845541" }, "geometry": { "type": "Polygon", "coordinates": [ [ [ -79.43541146584549, 43.707851856947052 ], [ -79.432930844879394, 43.703842680270647 ], [ -79.435280644087996, 43.702849926505735 ], [ -79.436232848706567, 43.707121660512179 ], [ -79.43541146584549, 43.707851856947052 ] ] ] } },
{ "type": "Feature", "properties": { "vor_id": 1838, "theft_count": 25, "bike_trips": 7233.0, "theft_per_1000_trips": "3.4563804783630583" }, "geometry": { "type": "Polygon", "coordinates": [ [ [ -79.285142525622916, 43.696930382978564 ], [ -79.291366930959086, 43.692738399761829 ], [ -79.293363371401483, 43.693746051190899 ], [ -79.2934147059635, 43.699579307034867 ], [ -79.291094061602962, 43.700224977249384 ], [ -79.285142525622916, 43.696930382978564 ] ] ] } },
{ "type": "Feature", "properties": { "vor_id": 1839, "theft_count": 8, "bike_trips": 1310.0, "theft_per_1000_trips": "6.106870229007633" }, "geometry": { "type": "MultiPolygon", "coordinates": [ [ [ [ -79.517715978578153, 43.581957501202474 ], [ -79.513640042127747, 43.582707023600925 ], [ -79.517884438388748, 43.581926523192188 ], [ -79.517715978578153, 43.581957501202474 ] ] ], [ [ [ -79.513640042127747, 43.582707023600925 ], [ -79.514952473434221, 43.589574692007339 ], [ -79.514763845777978, 43.594390410884195 ], [ -79.512311998449249, 43.598068732844844 ], [ -79.510813817111185, 43.598292091900142 ], [ -79.506467597205273, 43.597882578039986 ], [ -79.50450378614012, 43.597222355106943 ], [ -79.501665798299555, 43.595131295150189 ], [ -79.497452635787681, 43.590637693962734 ], [ -79.496571702182848, 43.589295573205511 ], [ -79.49571297573786, 43.587917407444117 ], [ -79.495805422666379, 43.586035606983522 ], [ -79.4958128922122, 43.585985251395904 ], [ -79.502796584725488, 43.584701022844676 ], [ -79.503919252592624, 43.584494575879006 ], [ -79.513640042127747, 43.582707023600925 ] ] ], [ [ [ -79.495139203360594, 43.58610913578174 ], [ -79.495098792950714, 43.586931708571782 ], [ -79.494643097091313, 43.586200364574282 ], [ -79.495139203360594, 43.58610913578174 ] ] ] ] } },
{ "type": "Feature", "properties": { "vor_id": 1841, "theft_count": 26, "bike_trips": 2187.0, "theft_per_1000_trips": "11.88843164151806" }, "geometry": { "type": "Polygon", "coordinates": [ [ [ -79.413319705451613, 43.640328310974148 ], [ -79.414333910762693, 43.64124251864871 ], [ -79.414490099274175, 43.642023777163914 ], [ -79.414224052222423, 43.642893473597411 ], [ -79.413300042550574, 43.642060847057067 ], [ -79.412923629896937, 43.640270245460144 ], [ -79.413319705451613, 43.640328310974148 ] ] ] } },
{ "type": "Feature", "properties": { "vor_id": 1842, "theft_count": 8, "bike_trips": 2511.0, "theft_per_1000_trips": "3.1859816806053365" }, "geometry": { "type": "Polygon", "coordinates": [ [ [ -79.330846794399321, 43.702195950205954 ], [ -79.333386576126415, 43.713047944893695 ], [ -79.332806065979398, 43.713839836231159 ], [ -79.321436568709643, 43.709918832983178 ], [ -79.322824195215176, 43.704605577014455 ], [ -79.323469577668135, 43.703893507208285 ], [ -79.323704126765293, 43.703577254360731 ], [ -79.330846794399321, 43.702195950205954 ] ] ] } },
{ "type": "Feature", "properties": { "vor_id": 1846, "theft_count": 12, "bike_trips": 3897.0, "theft_per_1000_trips": "3.079291762894534" }, "geometry": { "type": "Polygon", "coordinates": [ [ [ -79.354704301097613, 43.676010927256478 ], [ -79.354395455780931, 43.679901166783004 ], [ -79.352547328029218, 43.679914789105538 ], [ -79.352135323851513, 43.679793915602026 ], [ -79.352553652392643, 43.678392450012758 ], [ -79.35461924593389, 43.675991332422896 ], [ -79.354704301097613, 43.676010927256478 ] ] ] } },
{ "type": "Feature", "properties": { "vor_id": 1848, "theft_count": 25, "bike_trips": 2943.0, "theft_per_1000_trips": "8.494733265375467" }, "geometry": { "type": "Polygon", "coordinates": [ [ [ -79.413877199361295, 43.779669160269606 ], [ -79.412747266814009, 43.777114368138328 ], [ -79.413461861495506, 43.776690370592782 ], [ -79.416974582869599, 43.776934914660352 ], [ -79.416487753170557, 43.778970886984723 ], [ -79.413877199361295, 43.779669160269606 ] ] ] } },
{ "type": "Feature", "properties": { "vor_id": 1850, "theft_count": 12, "bike_trips": 2353.0, "theft_per_1000_trips": "5.099872503187421" }, "geometry": { "type": "Polygon", "coordinates": [ [ [ -79.434984668880006, 43.673529839662237 ], [ -79.436659533870554, 43.672210913402587 ], [ -79.438273454025719, 43.67155143112776 ], [ -79.439752991816491, 43.676023506161727 ], [ -79.43766799120678, 43.676613695717066 ], [ -79.436481014269319, 43.675944811360999 ], [ -79.434775584252847, 43.673890473517126 ], [ -79.434984668880006, 43.673529839662237 ] ] ] } },
{ "type": "Feature", "properties": { "vor_id": 1857, "theft_count": 0, "bike_trips": 1368.0, "theft_per_1000_trips": "0.0" }, "geometry": { "type": "Polygon", "coordinates": [ [ [ -79.560380723022959, 43.678167325911978 ], [ -79.560382031229139, 43.678045476991166 ], [ -79.56059304661369, 43.678145279835228 ], [ -79.560380723022959, 43.678167325911978 ] ] ] } },
{ "type": "Feature", "properties": { "vor_id": 1867, "theft_count": 43, "bike_trips": 9482.0, "theft_per_1000_trips": "4.534908247205231" }, "geometry": { "type": "Polygon", "coordinates": [ [ [ -79.199958007261685, 43.759755261220043 ], [ -79.186683417045629, 43.757222814685626 ], [ -79.174731283709619, 43.745966466408532 ], [ -79.173631219214798, 43.744029052071838 ], [ -79.205219437643649, 43.753261624446111 ], [ -79.206462229228691, 43.754010167836213 ], [ -79.20186427440764, 43.759082251184815 ], [ -79.199958007261685, 43.759755261220043 ] ] ] } },
{ "type": "Feature", "properties": { "vor_id": 1868, "theft_count": 38, "bike_trips": 2174.0, "theft_per_1000_trips": "17.47930082796688" }, "geometry": { "type": "Polygon", "coordinates": [ [ [ -79.403928255540222, 43.64544763491218 ], [ -79.404727419274806, 43.645903135361117 ], [ -79.40449807290068, 43.6465952802141 ], [ -79.402935051357915, 43.647160376790197 ], [ -79.402318830543678, 43.646216571620201 ], [ -79.402299062967359, 43.646113537456607 ], [ -79.403928255540222, 43.64544763491218 ] ] ] } },
{ "type": "Feature", "properties": { "vor_id": 1869, "theft_count": 13, "bike_trips": 1023.0, "theft_per_1000_trips": "12.707722385141741" }, "geometry": { "type": "Polygon", "coordinates": [ [ [ -79.369717861149908, 43.662920000052821 ], [ -79.369333204134634, 43.662847003236095 ], [ -79.368793026544949, 43.660455336277067 ], [ -79.369352165978341, 43.660231029596986 ], [ -79.369884390586307, 43.660194054468903 ], [ -79.370406403463491, 43.662631703808337 ], [ -79.369717861149908, 43.662920000052821 ] ] ] } },
{ "type": "Feature", "properties": { "vor_id": 1870, "theft_count": 8, "bike_trips": 2042.0, "theft_per_1000_trips": "3.9177277179236043" }, "geometry": { "type": "Polygon", "coordinates": [ [ [ -79.368497967417326, 43.667445806424844 ], [ -79.368319896930061, 43.666944000873684 ], [ -79.368430458371392, 43.666178806151578 ], [ -79.369765821113347, 43.665640875169686 ], [ -79.370230988822414, 43.665960669503633 ], [ -79.370388800643113, 43.666670700282161 ], [ -79.368497967417326, 43.667445806424844 ] ] ] } },
{ "type": "Feature", "properties": { "vor_id": 1871, "theft_count": 36, "bike_trips": 2033.0, "theft_per_1000_trips": "17.707820954254796" }, "geometry": { "type": "Polygon", "coordinates": [ [ [ -79.356673122386937, 43.65717867973261 ], [ -79.355217715683409, 43.658122833979256 ], [ -79.353907647230528, 43.656853384783084 ], [ -79.354923481974922, 43.655382131922359 ], [ -79.355904970248304, 43.655129191761624 ], [ -79.356411243552017, 43.655184017516575 ], [ -79.356828379376324, 43.656638253240651 ], [ -79.356673122386937, 43.65717867973261 ] ] ] } },
{ "type": "Feature", "properties": { "vor_id": 1873, "theft_count": 12, "bike_trips": 2045.0, "theft_per_1000_trips": "5.8679706601467" }, "geometry": { "type": "Polygon", "coordinates": [ [ [ -79.373431670129534, 43.661833768722659 ], [ -79.374591574454911, 43.661367636718992 ], [ -79.375134614784145, 43.661700735706589 ], [ -79.375525554911761, 43.662694612704101 ], [ -79.375633324282845, 43.663202913376438 ], [ -79.373876024133907, 43.66394066566869 ], [ -79.373431670129534, 43.661833768722659 ] ] ] } },
{ "type": "Feature", "properties": { "vor_id": 1874, "theft_count": 22, "bike_trips": 2071.0, "theft_per_1000_trips": "10.622887493964267" }, "geometry": { "type": "Polygon", "coordinates": [ [ [ -79.374984962006863, 43.64840373814701 ], [ -79.375176793676729, 43.648575380173767 ], [ -79.375311800351952, 43.649190218609554 ], [ -79.373950108324649, 43.65046240224418 ], [ -79.373263229848064, 43.650749916190655 ], [ -79.373051832381051, 43.650652299920786 ], [ -79.373143925577551, 43.649196017724762 ], [ -79.374984962006863, 43.64840373814701 ] ] ] } },
{ "type": "Feature", "properties": { "vor_id": 1875, "theft_count": 6, "bike_trips": 3302.0, "theft_per_1000_trips": "1.8170805572380375" }, "geometry": { "type": "Polygon", "coordinates": [ [ [ -79.334578360609115, 43.661242263062135 ], [ -79.334031628224338, 43.661090193084632 ], [ -79.331811564326145, 43.651649292075042 ], [ -79.331841886593949, 43.651258999345259 ], [ -79.336905971677083, 43.656696087416229 ], [ -79.335576226074139, 43.660373937660978 ], [ -79.334578360609115, 43.661242263062135 ] ] ] } },
{ "type": "Feature", "properties": { "vor_id": 1878, "theft_count": 30, "bike_trips": 3920.0, "theft_per_1000_trips": "7.653061224489796" }, "geometry": { "type": "Polygon", "coordinates": [ [ [ -79.486181560178707, 43.622139491115689 ], [ -79.486568189289741, 43.621551970752982 ], [ -79.488671921742807, 43.62088454636784 ], [ -79.489451020331771, 43.621935039208282 ], [ -79.490576585223977, 43.623176908693488 ], [ -79.490690113282966, 43.623708953030565 ], [ -79.487489280883025, 43.625380572258258 ], [ -79.486181560178707, 43.622139491115689 ] ] ] } },
{ "type": "Feature", "properties": { "vor_id": 1881, "theft_count": 23, "bike_trips": 3891.0, "theft_per_1000_trips": "5.911076843998972" }, "geometry": { "type": "Polygon", "coordinates": [ [ [ -79.349129833252888, 43.671616737961493 ], [ -79.349105471105005, 43.671559852545997 ], [ -79.348945710813808, 43.670818348077589 ], [ -79.35060638559753, 43.668512352260571 ], [ -79.353174429391899, 43.667685880602946 ], [ -79.354367162594087, 43.668118797104789 ], [ -79.353192333643378, 43.67183040454411 ], [ -79.3529597966414, 43.672147437105458 ], [ -79.349129833252888, 43.671616737961493 ] ] ] } },
{ "type": "Feature", "properties": { "vor_id": 1883, "theft_count": 36, "bike_trips": 3166.0, "theft_per_1000_trips": "11.37081490840177" }, "geometry": { "type": "Polygon", "coordinates": [ [ [ -79.395134533838998, 43.669267004818721 ], [ -79.395336708867219, 43.669589977721884 ], [ -79.395673139140158, 43.670675039646866 ], [ -79.395677855179073, 43.670732351535641 ], [ -79.393817849280822, 43.672869901609403 ], [ -79.39343636971482, 43.672925308385572 ], [ -79.392456641835494, 43.672389107991485 ], [ -79.391980642920203, 43.670121383467013 ], [ -79.392772339237268, 43.668933407483863 ], [ -79.395134533838998, 43.669267004818721 ] ] ] } },
{ "type": "Feature", "properties": { "vor_id": 1886, "theft_count": 15, "bike_trips": 3698.0, "theft_per_1000_trips": "4.056246619794483" }, "geometry": { "type": "Polygon", "coordinates": [ [ [ -79.359851620272394, 43.712969499572544 ], [ -79.358374316455595, 43.709953970947943 ], [ -79.362319508732625, 43.708372210818915 ], [ -79.36480311180604, 43.710679422882933 ], [ -79.364795479338852, 43.711481896716982 ], [ -79.363924513708312, 43.714327430540706 ], [ -79.359851620272394, 43.712969499572544 ] ] ] } },
{ "type": "Feature", "properties": { "vor_id": 1889, "theft_count": 19, "bike_trips": 4870.0, "theft_per_1000_trips": "3.9014373716632442" }, "geometry": { "type": "Polygon", "coordinates": [ [ [ -79.401705333775112, 43.727105387299488 ], [ -79.401038026591209, 43.7249581173593 ], [ -79.401660578697417, 43.724813325551914 ], [ -79.406070174487397, 43.726047627618769 ], [ -79.401705333775112, 43.727105387299488 ] ] ] } },
{ "type": "Feature", "properties": { "vor_id": 1890, "theft_count": 24, "bike_trips": 3138.0, "theft_per_1000_trips": "7.648183556405353" }, "geometry": { "type": "Polygon", "coordinates": [ [ [ -79.389861044558529, 43.668770453365866 ], [ -79.390080667505345, 43.669803247629325 ], [ -79.388828857684217, 43.670273515913877 ], [ -79.388613423409922, 43.669181390738686 ], [ -79.389750529406939, 43.668714577837406 ], [ -79.389861044558529, 43.668770453365866 ] ] ] } },
{ "type": "Feature", "properties": { "vor_id": 1892, "theft_count": 5, "bike_trips": 1184.0, "theft_per_1000_trips": "4.222972972972973" }, "geometry": { "type": "Polygon", "coordinates": [ [ [ -79.42686242419822, 43.685953383805931 ], [ -79.426958971916562, 43.685507212887622 ], [ -79.429249032193766, 43.685683979250562 ], [ -79.430044843421229, 43.686710516563856 ], [ -79.429682102478864, 43.689696365754031 ], [ -79.42886303978463, 43.690630577283194 ], [ -79.4286609103427, 43.690631626206951 ], [ -79.427344684092049, 43.690050982851588 ], [ -79.42686242419822, 43.685953383805931 ] ] ] } },
{ "type": "Feature", "properties": { "vor_id": 1893, "theft_count": 12, "bike_trips": 2215.0, "theft_per_1000_trips": "5.417607223476298" }, "geometry": { "type": "Polygon", "coordinates": [ [ [ -79.435966359822118, 43.651951299241041 ], [ -79.435451593249297, 43.65326597991406 ], [ -79.432339706627133, 43.654441520863003 ], [ -79.432026081682821, 43.65288697854561 ], [ -79.43556971092508, 43.651527730333562 ], [ -79.435593609425226, 43.651536727871992 ], [ -79.435966359822118, 43.651951299241041 ] ] ] } },
{ "type": "Feature", "properties": { "vor_id": 1894, "theft_count": 44, "bike_trips": 3132.0, "theft_per_1000_trips": "14.048531289910601" }, "geometry": { "type": "Polygon", "coordinates": [ [ [ -79.388844107352597, 43.671689487358094 ], [ -79.390736211618162, 43.672586949091631 ], [ -79.389743030039114, 43.674935292203799 ], [ -79.388556401274585, 43.674960334379485 ], [ -79.388657246590881, 43.67242954020179 ], [ -79.388721092749748, 43.671989545757349 ], [ -79.388844107352597, 43.671689487358094 ] ] ] } },
{ "type": "Feature", "properties": { "vor_id": 1896, "theft_count": 24, "bike_trips": 5702.0, "theft_per_1000_trips": "4.209049456331112" }, "geometry": { "type": "Polygon", "coordinates": [ [ [ -79.513994767832557, 43.747157346054969 ], [ -79.522553054112407, 43.735143280336573 ], [ -79.522857579889873, 43.735118633475849 ], [ -79.526951814475893, 43.742026393247109 ], [ -79.529024070197352, 43.749989924876843 ], [ -79.519279025816701, 43.752513335178364 ], [ -79.516402547059215, 43.749339629940671 ], [ -79.513994767832557, 43.747157346054969 ] ] ] } },
{ "type": "Feature", "properties": { "vor_id": 1898, "theft_count": 44, "bike_trips": 3411.0, "theft_per_1000_trips": "12.89944297859865" }, "geometry": { "type": "Polygon", "coordinates": [ [ [ -79.463174615700567, 43.665055209000506 ], [ -79.464235924312078, 43.665122883828481 ], [ -79.468429198967172, 43.668129649436906 ], [ -79.468538742530086, 43.668734205757971 ], [ -79.462203427206703, 43.666412501647912 ], [ -79.463174615700567, 43.665055209000506 ] ] ] } },
{ "type": "Feature", "properties": { "vor_id": 1899, "theft_count": 17, "bike_trips": 1044.0, "theft_per_1000_trips": "16.28352490421456" }, "geometry": { "type": "Polygon", "coordinates": [ [ [ -79.391869911027896, 43.676653744109906 ], [ -79.393485339801842, 43.676332069916086 ], [ -79.395255044477949, 43.676060279517593 ], [ -79.395894830703114, 43.677031687947462 ], [ -79.393317026614227, 43.679817255281769 ], [ -79.392353534538827, 43.679153148038495 ], [ -79.391863478506963, 43.676722426082101 ], [ -79.391869911027896, 43.676653744109906 ] ] ] } },
{ "type": "Feature", "properties": { "vor_id": 1902, "theft_count": 8, "bike_trips": 3372.0, "theft_per_1000_trips": "2.3724792408066433" }, "geometry": { "type": "Polygon", "coordinates": [ [ [ -79.446791851568989, 43.647690427934471 ], [ -79.446293957632633, 43.646884050662891 ], [ -79.451011879820754, 43.64505130696179 ], [ -79.451178124358321, 43.645445674510363 ], [ -79.450896957004232, 43.646104022815656 ], [ -79.446791851568989, 43.647690427934471 ] ] ] } },
{ "type": "Feature", "properties": { "vor_id": 1907, "theft_count": 20, "bike_trips": 4706.0, "theft_per_1000_trips": "4.249893752656183" }, "geometry": { "type": "Polygon", "coordinates": [ [ [ -79.284948035186673, 43.689389249901559 ], [ -79.284964911031409, 43.696923436594638 ], [ -79.28025343188061, 43.699489031031966 ], [ -79.276634062010473, 43.690369372252277 ], [ -79.279469415659008, 43.687593432295039 ], [ -79.284948035186673, 43.689389249901559 ] ] ] } },
{ "type": "Feature", "properties": { "vor_id": 1908, "theft_count": 10, "bike_trips": 2435.0, "theft_per_1000_trips": "4.106776180698152" }, "geometry": { "type": "Polygon", "coordinates": [ [ [ -79.401038026591209, 43.7249581173593 ], [ -79.398716625987689, 43.724200414155646 ], [ -79.397696564224347, 43.723330570314587 ], [ -79.396621133064173, 43.719187308333829 ], [ -79.40559488601258, 43.717308804477014 ], [ -79.405695443077278, 43.718670640707188 ], [ -79.401660578697417, 43.724813325551914 ], [ -79.401038026591209, 43.7249581173593 ] ] ] } },
{ "type": "Feature", "properties": { "vor_id": 1909, "theft_count": 12, "bike_trips": 2049.0, "theft_per_1000_trips": "5.856515373352855" }, "geometry": { "type": "Polygon", "coordinates": [ [ [ -79.365223772725898, 43.656071280233718 ], [ -79.364996144494185, 43.655011035873045 ], [ -79.366962110306773, 43.654204804584182 ], [ -79.367340709179075, 43.654303468431173 ], [ -79.367442710725157, 43.654361504224624 ], [ -79.367490500551128, 43.654444157662503 ], [ -79.367549895208768, 43.654715338152748 ], [ -79.366809834255164, 43.656810665358812 ], [ -79.365223772725898, 43.656071280233718 ] ] ] } },
{ "type": "Feature", "properties": { "vor_id": 1910, "theft_count": 38, "bike_trips": 5088.0, "theft_per_1000_trips": "7.468553459119497" }, "geometry": { "type": "Polygon", "coordinates": [ [ [ -79.343459543461989, 43.701600086584648 ], [ -79.337345540207153, 43.699620417324603 ], [ -79.336371983485449, 43.696946019896615 ], [ -79.336332573442505, 43.688864286408617 ], [ -79.340482257986011, 43.685043320768827 ], [ -79.340538046470328, 43.685052360745473 ], [ -79.341257913944503, 43.685553607738939 ], [ -79.344895043371721, 43.692154355104492 ], [ -79.344897124045431, 43.695776532954312 ], [ -79.343459543461989, 43.701600086584648 ] ] ] } },
{ "type": "Feature", "properties": { "vor_id": 1912, "theft_count": 8, "bike_trips": 1069.0, "theft_per_1000_trips": "7.483629560336763" }, "geometry": { "type": "Polygon", "coordinates": [ [ [ -79.394989788724402, 43.652857291165809 ], [ -79.394817465161367, 43.65206448479988 ], [ -79.396000381324384, 43.651566552089491 ], [ -79.396242329996355, 43.652664870444873 ], [ -79.39524722575625, 43.653069965716142 ], [ -79.394989788724402, 43.652857291165809 ] ] ] } },
{ "type": "Feature", "properties": { "vor_id": 1914, "theft_count": 15, "bike_trips": 4409.0, "theft_per_1000_trips": "3.4021320027217055" }, "geometry": { "type": "Polygon", "coordinates": [ [ [ -79.41658037845373, 43.751185556439438 ], [ -79.416369931173833, 43.754677344066785 ], [ -79.411152540374033, 43.758372296119639 ], [ -79.410601585902796, 43.75850225219822 ], [ -79.410568105706133, 43.758499079010896 ], [ -79.407306847599571, 43.75517271509306 ], [ -79.41658037845373, 43.751185556439438 ] ] ] } },
{ "type": "Feature", "properties": { "vor_id": 1917, "theft_count": 3, "bike_trips": 2494.0, "theft_per_1000_trips": "1.202886928628709" }, "geometry": { "type": "Polygon", "coordinates": [ [ [ -79.337901655053699, 43.717266902988918 ], [ -79.335417353478377, 43.722770858252815 ], [ -79.334570925014745, 43.723665017698274 ], [ -79.33278600814397, 43.7162548171816 ], [ -79.33307157203609, 43.715811661809369 ], [ -79.337901655053699, 43.717266902988918 ] ] ] } },
{ "type": "Feature", "properties": { "vor_id": 1919, "theft_count": 15, "bike_trips": 2211.0, "theft_per_1000_trips": "6.784260515603799" }, "geometry": { "type": "Polygon", "coordinates": [ [ [ -79.423952712015122, 43.641954966110966 ], [ -79.424478945602331, 43.644556654406486 ], [ -79.42317241185124, 43.644253678460544 ], [ -79.422789404250366, 43.642403254808983 ], [ -79.423952712015122, 43.641954966110966 ] ] ] } },
{ "type": "Feature", "properties": { "vor_id": 1920, "theft_count": 18, "bike_trips": 3292.0, "theft_per_1000_trips": "5.467800729040097" }, "geometry": { "type": "Polygon", "coordinates": [ [ [ -79.414216624293275, 43.643653227193624 ], [ -79.414777699201593, 43.646354213244976 ], [ -79.413204118740026, 43.647908329316202 ], [ -79.412748994806989, 43.64559834237479 ], [ -79.414216624293275, 43.643653227193624 ] ] ] } },
{ "type": "Feature", "properties": { "vor_id": 1921, "theft_count": 6, "bike_trips": 3292.0, "theft_per_1000_trips": "1.8226002430133657" }, "geometry": { "type": "Polygon", "coordinates": [ [ [ -79.414236689294015, 43.643583622344515 ], [ -79.414216624293275, 43.643653227193624 ], [ -79.412748994806989, 43.64559834237479 ], [ -79.412347697466174, 43.645210325658333 ], [ -79.411998264467584, 43.643364733180604 ], [ -79.414236689294015, 43.643583622344515 ] ] ] } },
{ "type": "Feature", "properties": { "vor_id": 1923, "theft_count": 1, "bike_trips": 1118.0, "theft_per_1000_trips": "0.8944543828264758" }, "geometry": { "type": "Polygon", "coordinates": [ [ [ -79.429209370890504, 43.641233940095489 ], [ -79.428502867584299, 43.640933242873423 ], [ -79.428215274306581, 43.639528009355921 ], [ -79.428998568551023, 43.639526980002302 ], [ -79.429317455371532, 43.641176321769329 ], [ -79.429209370890504, 43.641233940095489 ] ] ] } },
{ "type": "Feature", "properties": { "vor_id": 1929, "theft_count": 10, "bike_trips": 2429.0, "theft_per_1000_trips": "4.116920543433511" }, "geometry": { "type": "Polygon", "coordinates": [ [ [ -79.39603901382317, 43.683070503148954 ], [ -79.396463711134899, 43.68424450014588 ], [ -79.390679397454235, 43.686598064988289 ], [ -79.389144581692008, 43.686512291261558 ], [ -79.389530333869587, 43.685742033143811 ], [ -79.39603901382317, 43.683070503148954 ] ] ] } },
{ "type": "Feature", "properties": { "vor_id": 1930, "theft_count": 15, "bike_trips": 2153.0, "theft_per_1000_trips": "6.967022758941012" }, "geometry": { "type": "Polygon", "coordinates": [ [ [ -79.406951716522016, 43.663572862645637 ], [ -79.406565618785066, 43.661581792356806 ], [ -79.408614090779096, 43.660749981372469 ], [ -79.408967718301525, 43.660843645915271 ], [ -79.40929885288125, 43.662372629176708 ], [ -79.408581008389007, 43.663726831585812 ], [ -79.407642736309967, 43.663752351500911 ], [ -79.406951716522016, 43.663572862645637 ] ] ] } },
{ "type": "Feature", "properties": { "vor_id": 1931, "theft_count": 26, "bike_trips": 4587.0, "theft_per_1000_trips": "5.668192718552431" }, "geometry": { "type": "Polygon", "coordinates": [ [ [ -79.488846621424628, 43.669016646750535 ], [ -79.481046695143974, 43.67244424289369 ], [ -79.480502855959216, 43.67001483115888 ], [ -79.484184191196789, 43.667367731033224 ], [ -79.488850073784633, 43.665984550945815 ], [ -79.489330224116301, 43.666503831443329 ], [ -79.488846621424628, 43.669016646750535 ] ] ] } },
{ "type": "Feature", "properties": { "vor_id": 1933, "theft_count": 6, "bike_trips": 2595.0, "theft_per_1000_trips": "2.3121387283236996" }, "geometry": { "type": "Polygon", "coordinates": [ [ [ -79.350305517241139, 43.675314006074395 ], [ -79.353048794231711, 43.674195295462546 ], [ -79.353915589207077, 43.67566148212039 ], [ -79.352143917591533, 43.676387870055251 ], [ -79.35110139456998, 43.676414967743021 ], [ -79.350439715698684, 43.676114508543868 ], [ -79.350305517241139, 43.675314006074395 ] ] ] } },
{ "type": "Feature", "properties": { "vor_id": 1934, "theft_count": 12, "bike_trips": 7476.0, "theft_per_1000_trips": "1.6051364365971108" }, "geometry": { "type": "Polygon", "coordinates": [ [ [ -79.352090426021917, 43.722156991573684 ], [ -79.354576024380108, 43.722906393689001 ], [ -79.36288638290273, 43.729442794265616 ], [ -79.366885552335305, 43.735003074270168 ], [ -79.358740515893601, 43.73937265441333 ], [ -79.344071743193979, 43.731783168841908 ], [ -79.342826973459182, 43.730078669806964 ], [ -79.348794909215158, 43.721400253286909 ], [ -79.352090426021917, 43.722156991573684 ] ] ] } },
{ "type": "Feature", "properties": { "vor_id": 1938, "theft_count": 9, "bike_trips": 4622.0, "theft_per_1000_trips": "1.9472090004327132" }, "geometry": { "type": "Polygon", "coordinates": [ [ [ -79.355217715683409, 43.658122833979256 ], [ -79.355321158652359, 43.658775886816642 ], [ -79.354857870603368, 43.659833687028261 ], [ -79.353271502436385, 43.659696198161214 ], [ -79.352746167643474, 43.659168531590197 ], [ -79.353447973089743, 43.656865754763196 ], [ -79.353907647230528, 43.656853384783084 ], [ -79.355217715683409, 43.658122833979256 ] ] ] } },
{ "type": "Feature", "properties": { "vor_id": 1943, "theft_count": 15, "bike_trips": 2359.0, "theft_per_1000_trips": "6.35862653666808" }, "geometry": { "type": "Polygon", "coordinates": [ [ [ -79.423743848671947, 43.681572370133573 ], [ -79.420809923871104, 43.680874791060013 ], [ -79.420383481971967, 43.680475065450352 ], [ -79.419823067458992, 43.679539360248391 ], [ -79.419734850596996, 43.679117679710174 ], [ -79.41991361935743, 43.677729449732283 ], [ -79.42024477958438, 43.676074057867098 ], [ -79.424508295629721, 43.680123392499596 ], [ -79.423743848671947, 43.681572370133573 ] ] ] } },
{ "type": "Feature", "properties": { "vor_id": 1948, "theft_count": 20, "bike_trips": 1075.0, "theft_per_1000_trips": "18.6046511627907" }, "geometry": { "type": "Polygon", "coordinates": [ [ [ -79.41099881294933, 43.667801410958518 ], [ -79.411208258524809, 43.669142541395615 ], [ -79.41066594366086, 43.669873930219779 ], [ -79.408611268727213, 43.669562144035709 ], [ -79.40945847275367, 43.667000378561177 ], [ -79.409607740605963, 43.666941124869794 ], [ -79.410222958356741, 43.666981230478491 ], [ -79.41099881294933, 43.667801410958518 ] ] ] } },
{ "type": "Feature", "properties": { "vor_id": 1950, "theft_count": 55, "bike_trips": 2255.0, "theft_per_1000_trips": "24.390243902439025" }, "geometry": { "type": "Polygon", "coordinates": [ [ [ -79.462011117358259, 43.655974052712637 ], [ -79.464938496638155, 43.65581996814052 ], [ -79.464998004486745, 43.655838759395031 ], [ -79.46551680877657, 43.658192482454524 ], [ -79.461696615081536, 43.660436330877417 ], [ -79.461030670635395, 43.66012329161267 ], [ -79.460791402797454, 43.659502000558106 ], [ -79.462011117358259, 43.655974052712637 ] ] ] } },
{ "type": "Feature", "properties": { "vor_id": 1951, "theft_count": 4533, "bike_trips": 96400.0, "theft_per_1000_trips": "47.022821576763484" }, "geometry": { "type": "MultiPolygon", "coordinates": [ [ [ [ -79.423756484333609, 43.613652697983618 ], [ -79.423997248, 43.618553555000098 ], [ -79.423756484333609, 43.623454412016578 ], [ -79.423630011556142, 43.624307022226418 ], [ -79.423689643670841, 43.613202094836808 ], [ -79.423756484333609, 43.613652697983618 ] ] ], [ [ [ -79.418093311217419, 43.642123391841395 ], [ -79.417747531566931, 43.642700290335576 ], [ -79.416339710828453, 43.645049097337257 ], [ -79.415794587433382, 43.645958580776529 ], [ -79.415570728615123, 43.646332066651077 ], [ -79.413735824645926, 43.648806148249783 ], [ -79.41264777066813, 43.65027321920828 ], [ -79.411596292664598, 43.651433346408403 ], [ -79.41054377618272, 43.652594619392808 ], [ -79.409513802343895, 43.653731020403413 ], [ -79.40940871621433, 43.653846965080184 ], [ -79.409352587059317, 43.653908894059427 ], [ -79.409128954446516, 43.654111582844941 ], [ -79.408347704122534, 43.654819666864377 ], [ -79.406377423570845, 43.656605425064576 ], [ -79.406151077200775, 43.656810573456298 ], [ -79.405716912208177, 43.657204077668233 ], [ -79.40526242122526, 43.657541151153985 ], [ -79.406091895977454, 43.656531151245822 ], [ -79.40380019326895, 43.655672232915428 ], [ -79.403628751260854, 43.654845665749541 ], [ -79.402969013982116, 43.654536708081586 ], [ -79.402280339612744, 43.65372447720636 ], [ -79.402593042020015, 43.651785345531316 ], [ -79.402648825121076, 43.651783228737123 ], [ -79.404059614194949, 43.651172354349001 ], [ -79.404751984483752, 43.653685675893612 ], [ -79.4057051650734, 43.653595167095759 ], [ -79.406279394364418, 43.65626242747269 ], [ -79.408335441398748, 43.654758076220674 ], [ -79.409046133257092, 43.653976700933192 ], [ -79.407418721739603, 43.652889619891994 ], [ -79.407394726159822, 43.652773409199966 ], [ -79.408194510573836, 43.649951513631208 ], [ -79.408735672126468, 43.649927137010934 ], [ -79.409122732868013, 43.649770883678556 ], [ -79.410106918082349, 43.650449146546386 ], [ -79.411410845371933, 43.650522109751549 ], [ -79.413562353549253, 43.648638417362129 ], [ -79.413198997397785, 43.647923627986401 ], [ -79.413204118740026, 43.647908329316202 ], [ -79.414777699201593, 43.646354213244976 ], [ -79.414216624293275, 43.643653227193624 ], [ -79.414236689294015, 43.643583622344515 ], [ -79.411998264467584, 43.643364733180604 ], [ -79.412347697466174, 43.645210325658333 ], [ -79.410981322655658, 43.64505500832059 ], [ -79.411376260029286, 43.647027719088939 ], [ -79.412558317543997, 43.647846953043008 ], [ -79.410007780931508, 43.648862500882338 ], [ -79.409138978116019, 43.649743674833012 ], [ -79.408534790828412, 43.647079620559502 ], [ -79.408760526721835, 43.646849124655098 ], [ -79.408384397066229, 43.645043625308745 ], [ -79.406784909680013, 43.644753283052154 ], [ -79.407307947576612, 43.647530810985394 ], [ -79.407146015031898, 43.647735126639006 ], [ -79.408065594256513, 43.64989958953975 ], [ -79.406482592030841, 43.650143004560462 ], [ -79.40611011608776, 43.647758145514828 ], [ -79.406061443558912, 43.64774581305538 ], [ -79.405290501986414, 43.648051695194951 ], [ -79.404754722578105, 43.647911891979582 ], [ -79.403275792644436, 43.648493200957994 ], [ -79.403198405072828, 43.648464166176041 ], [ -79.402935051357915, 43.647160376790197 ], [ -79.40449807290068, 43.6465952802141 ], [ -79.404727419274806, 43.645903135361117 ], [ -79.40564056432909, 43.645694391959232 ], [ -79.406625579287422, 43.644754377066057 ], [ -79.406718853783033, 43.644717930126092 ], [ -79.406728148770142, 43.644394003700313 ], [ -79.406399648085923, 43.642749008942545 ], [ -79.406375737374788, 43.642196066348603 ], [ -79.406528637563099, 43.641168896013887 ], [ -79.403527410453648, 43.642424837156163 ], [ -79.403247553751342, 43.642103393145774 ], [ -79.402846915674417, 43.6401208597471 ], [ -79.40345714285705, 43.639576889500738 ], [ -79.40460784230126, 43.639408992371251 ], [ -79.405332694273113, 43.639529788590465 ], [ -79.407126179345298, 43.639874496602907 ], [ -79.407590827227395, 43.639661112071842 ], [ -79.407666793594842, 43.639425219328011 ], [ -79.405992040218564, 43.636889234965714 ], [ -79.405094575066386, 43.636825812709283 ], [ -79.404442717203494, 43.636727140620181 ], [ -79.403748824989421, 43.635994170361691 ], [ -79.403713294330274, 43.635807091815742 ], [ -79.401746154614031, 43.636648660387635 ], [ -79.401255700039314, 43.636065024986237 ], [ -79.403781586131032, 43.633835704069881 ], [ -79.404433692995113, 43.631252949768509 ], [ -79.400486335121471, 43.635346340933168 ], [ -79.399856305164931, 43.634171361524423 ], [ -79.405299382012146, 43.628558145506354 ], [ -79.40529210240463, 43.628892980053372 ], [ -79.406498469524038, 43.632451128040103 ], [ -79.40925761119874, 43.637224502504083 ], [ -79.41076575772918, 43.636871233900663 ], [ -79.411321906654251, 43.640571809994618 ], [ -79.408155990684278, 43.6401445274021 ], [ -79.409040199749086, 43.642174531364709 ], [ -79.409314622153161, 43.642517405475587 ], [ -79.408704591578029, 43.644881732291907 ], [ -79.409977575415766, 43.645003704054858 ], [ -79.410493996936296, 43.644740690869646 ], [ -79.411098090593697, 43.643098750205482 ], [ -79.411429901002535, 43.642969002663378 ], [ -79.411501702383802, 43.642768793475916 ], [ -79.411697585492476, 43.64071165006937 ], [ -79.412790910804247, 43.640199762335477 ], [ -79.412923629896937, 43.640270245460144 ], [ -79.413300042550574, 43.642060847057067 ], [ -79.414224052222423, 43.642893473597411 ], [ -79.414341905453412, 43.643491341927529 ], [ -79.416035305861641, 43.643613869688863 ], [ -79.416860640130622, 43.642832038464668 ], [ -79.417300452721207, 43.642716755447914 ], [ -79.416751684412176, 43.639911481820562 ], [ -79.416840394894876, 43.639846030777463 ], [ -79.418362648979141, 43.639682758901635 ], [ -79.418382197355655, 43.639627899474725 ], [ -79.418249818304744, 43.637174442094256 ], [ -79.415543199732227, 43.635902195755129 ], [ -79.415491967904686, 43.63586426681379 ], [ -79.415150505535266, 43.635382626229323 ], [ -79.416386701111108, 43.628545074910789 ], [ -79.42117919464836, 43.634926535379769 ], [ -79.420617716471227, 43.636495761760699 ], [ -79.420191224625555, 43.637687726618353 ], [ -79.419470140813914, 43.639212330242991 ], [ -79.418810781011288, 43.640606429415342 ], [ -79.418093311217419, 43.642123391841395 ] ] ], [ [ [ -79.402318830543678, 43.646216571620201 ], [ -79.401602585419965, 43.64720481846814 ], [ -79.400933085469788, 43.647472083917258 ], [ -79.400227102261894, 43.647072786816722 ], [ -79.39958879471051, 43.648485163703313 ], [ -79.398538720667261, 43.648184777222212 ], [ -79.398441617807023, 43.648024251160358 ], [ -79.399142341895242, 43.646573015863538 ], [ -79.400156263790464, 43.646742613825239 ], [ -79.400257747851995, 43.64659626161577 ], [ -79.399984565617146, 43.645227845574681 ], [ -79.400565117112976, 43.644990746349251 ], [ -79.4017904120156, 43.645183687883772 ], [ -79.401890586626223, 43.644791039266366 ], [ -79.401707832270247, 43.643890007010498 ], [ -79.403711044048805, 43.643080507018254 ], [ -79.403814008765579, 43.643240215662381 ], [ -79.403968149053441, 43.643656769389331 ], [ -79.403822497543032, 43.644010383729196 ], [ -79.403928255540222, 43.64544763491218 ], [ -79.402299062967359, 43.646113537456607 ], [ -79.402318830543678, 43.646216571620201 ] ] ], [ [ [ -79.40335965887698, 43.65605509267801 ], [ -79.403852482449651, 43.658586833017132 ], [ -79.403752476090801, 43.658661002787795 ], [ -79.40271748568513, 43.65942860398755 ], [ -79.401775759650974, 43.660127035615226 ], [ -79.401616987105683, 43.660222200216573 ], [ -79.400219117604053, 43.661060050952145 ], [ -79.398509711190869, 43.662084629726508 ], [ -79.397567084841299, 43.662649618217515 ], [ -79.396407421346112, 43.663198098202628 ], [ -79.394773861090528, 43.66397071466281 ], [ -79.39488688751247, 43.662804686310075 ], [ -79.395631913451325, 43.66262662367231 ], [ -79.396123229369678, 43.661557604503606 ], [ -79.398226735930606, 43.660702174305143 ], [ -79.398418152028228, 43.660397374582331 ], [ -79.400195657656894, 43.660947188552051 ], [ -79.401280578679589, 43.659956158343235 ], [ -79.401090143698767, 43.659036405393934 ], [ -79.401208057836868, 43.658831497813587 ], [ -79.402461019830071, 43.658338259057828 ], [ -79.403178052951162, 43.65845570995328 ], [ -79.402769613121322, 43.656403962862775 ], [ -79.402897519862051, 43.656235430576608 ], [ -79.40335965887698, 43.65605509267801 ] ] ], [ [ [ -79.392810296669666, 43.630327862498334 ], [ -79.396857926409353, 43.633929033345751 ], [ -79.398142877342067, 43.636293373439777 ], [ -79.395310955773979, 43.638054794470321 ], [ -79.39463732042465, 43.637848483154855 ], [ -79.39462232677252, 43.637880849675113 ], [ -79.395328492465836, 43.641653576111707 ], [ -79.394427838507212, 43.641503651086268 ], [ -79.393910130659904, 43.640916063863678 ], [ -79.393553695660401, 43.639165794156312 ], [ -79.39282051262623, 43.639465117384496 ], [ -79.392266386995459, 43.639602826891171 ], [ -79.390915451257683, 43.638718116576413 ], [ -79.38985318398619, 43.638456312889133 ], [ -79.389079531873065, 43.637589754359887 ], [ -79.386236022876432, 43.625013177971979 ], [ -79.382784610927871, 43.627153773685805 ], [ -79.379209562590191, 43.628642902566021 ], [ -79.374463487216019, 43.629970052560196 ], [ -79.371556744591828, 43.630334245391843 ], [ -79.375866848703453, 43.641847870339284 ], [ -79.374105930937091, 43.642977070912544 ], [ -79.3697943719325, 43.630385869959277 ], [ -79.367813983380543, 43.630305273020262 ], [ -79.373010849602139, 43.64508416504124 ], [ -79.373587913226885, 43.644749762004459 ], [ -79.373721143277265, 43.644531266873294 ], [ -79.376697382267963, 43.643355868246537 ], [ -79.37728922651452, 43.644522849014095 ], [ -79.375512241185561, 43.645284493981507 ], [ -79.376119076534295, 43.646621260226134 ], [ -79.374467588790765, 43.647364495329654 ], [ -79.373212587313205, 43.646484144559487 ], [ -79.372805445453707, 43.645326467877226 ], [ -79.370189872283248, 43.645411937277828 ], [ -79.365756346023048, 43.632668933882634 ], [ -79.367383302227893, 43.630259647908169 ], [ -79.358435702286769, 43.616241816150279 ], [ -79.368844281523039, 43.609983436186027 ], [ -79.369634272649805, 43.609555530433916 ], [ -79.370459481247323, 43.609200255774489 ], [ -79.37131324632, 43.608920479946832 ], [ -79.372188676367401, 43.608718461271529 ], [ -79.399806839503896, 43.603639767791691 ], [ -79.388640550003089, 43.622762471862089 ], [ -79.392810296669666, 43.630327862498334 ] ] ], [ [ [ -79.400197808304668, 43.642600584107903 ], [ -79.400116481056244, 43.642657032734171 ], [ -79.398659103276401, 43.643256585805183 ], [ -79.3980625014823, 43.641081583934714 ], [ -79.396967119463397, 43.640497679660058 ], [ -79.396979143109391, 43.640380086801279 ], [ -79.398745028658951, 43.639655620934789 ], [ -79.399687535857794, 43.640406655347526 ], [ -79.400298852595824, 43.640529234142278 ], [ -79.399930628049361, 43.638880546025881 ], [ -79.399851235362917, 43.63829576090162 ], [ -79.399783343912901, 43.638264455751276 ], [ -79.399141849976175, 43.637292202872132 ], [ -79.400426433718337, 43.636756087005928 ], [ -79.400874135017375, 43.637874150612859 ], [ -79.400898126528347, 43.637880647943263 ], [ -79.401804497730708, 43.640155005442196 ], [ -79.400513078806227, 43.640678088898007 ], [ -79.400197808304668, 43.642600584107903 ] ] ], [ [ [ -79.396161390633722, 43.644068311357032 ], [ -79.394910899865494, 43.644886068143812 ], [ -79.394183716258624, 43.645182399317576 ], [ -79.393120703365682, 43.64448741178888 ], [ -79.3930761540784, 43.644067150798534 ], [ -79.39412549536344, 43.643607098105107 ], [ -79.396037955870298, 43.643106663277614 ], [ -79.396272222672422, 43.643376883777975 ], [ -79.396161390633722, 43.644068311357032 ] ] ], [ [ [ -79.391714115730394, 43.646774949039298 ], [ -79.390840709154176, 43.647134541804306 ], [ -79.390817246794271, 43.647239374975584 ], [ -79.391036974414519, 43.648284158251528 ], [ -79.389867222436294, 43.648752809985076 ], [ -79.388920532010999, 43.64809850379595 ], [ -79.388931349868258, 43.648072435904673 ], [ -79.389045999487138, 43.647272939593059 ], [ -79.390427325881845, 43.646666994829118 ], [ -79.390282028055665, 43.645998759951418 ], [ -79.390318226386952, 43.645844108748371 ], [ -79.389402561580653, 43.644822173069315 ], [ -79.389490006886348, 43.644664421159511 ], [ -79.390754077691511, 43.644145358666492 ], [ -79.391008935799448, 43.64426719624155 ], [ -79.391245509865641, 43.645343107222097 ], [ -79.391212227333625, 43.645484004402647 ], [ -79.392076101079724, 43.646412932500873 ], [ -79.391714115730394, 43.646774949039298 ] ] ], [ [ [ -79.392697851288347, 43.649220786644065 ], [ -79.392780633418596, 43.649612950568319 ], [ -79.391728996490428, 43.650040180617687 ], [ -79.391622388062501, 43.649906904414344 ], [ -79.390468772330053, 43.650382850397904 ], [ -79.390324274450379, 43.649732988431204 ], [ -79.391488083346502, 43.649278888605821 ], [ -79.391490789191494, 43.649272048272877 ], [ -79.392697851288347, 43.649220786644065 ] ] ], [ [ [ -79.393680550957157, 43.650014280694869 ], [ -79.395077876454906, 43.649725556787182 ], [ -79.395133972354472, 43.649845044608675 ], [ -79.395631155522238, 43.650177114027791 ], [ -79.396144203586758, 43.650807757374544 ], [ -79.397134654446333, 43.650422227339853 ], [ -79.397394117180724, 43.651748990658916 ], [ -79.396227742855359, 43.651191177860859 ], [ -79.396000381324384, 43.651566552089491 ], [ -79.394817465161367, 43.65206448479988 ], [ -79.394322991848895, 43.651608538175701 ], [ -79.393503866333717, 43.651680713151748 ], [ -79.393143520956329, 43.650239901686447 ], [ -79.39314957526571, 43.650223460059983 ], [ -79.393680550957157, 43.650014280694869 ] ] ], [ [ [ -79.400224014640202, 43.652450671483983 ], [ -79.401248231130879, 43.654136676312284 ], [ -79.401264218699907, 43.654146354373317 ], [ -79.401463439659111, 43.65516678331241 ], [ -79.40139693064863, 43.65540137754568 ], [ -79.400591451040526, 43.655958910444149 ], [ -79.400464225822262, 43.655891881651684 ], [ -79.399714445984074, 43.6549240828355 ], [ -79.399699110626713, 43.654732194888425 ], [ -79.399640446700019, 43.654619664820601 ], [ -79.397750863330302, 43.654685495467376 ], [ -79.397466179054831, 43.654134168110332 ], [ -79.397221347339197, 43.654030447161531 ], [ -79.396988210797119, 43.65291294870115 ], [ -79.397614345287735, 43.65195393895965 ], [ -79.399142470166666, 43.653225134727748 ], [ -79.399363131353184, 43.653221230830802 ], [ -79.400224014640202, 43.652450671483983 ] ] ], [ [ [ -79.394989788724402, 43.652857291165809 ], [ -79.39524722575625, 43.653069965716142 ], [ -79.395552122182323, 43.654546034630037 ], [ -79.394281127393484, 43.654212740595504 ], [ -79.394076874390393, 43.653234337995244 ], [ -79.394989788724402, 43.652857291165809 ] ] ], [ [ [ -79.394636512380814, 43.657388058202564 ], [ -79.393475862301045, 43.657599926666641 ], [ -79.393191295368709, 43.657596765886325 ], [ -79.392802720192478, 43.655754336465833 ], [ -79.392930002679108, 43.654836180192213 ], [ -79.394972823311363, 43.656081719571205 ], [ -79.394636512380814, 43.657388058202564 ] ] ], [ [ [ -79.395408081821728, 43.658118351628815 ], [ -79.397044321390112, 43.657452533287646 ], [ -79.397431054763615, 43.657536915760026 ], [ -79.397808109313502, 43.659425593342654 ], [ -79.39561620935433, 43.659170146823989 ], [ -79.395408081821728, 43.658118351628815 ] ] ], [ [ [ -79.39212504610326, 43.659582647889351 ], [ -79.392979316688127, 43.660911648598834 ], [ -79.392931269627468, 43.662265388395632 ], [ -79.3921685380718, 43.662765891190389 ], [ -79.392467016625787, 43.66489571387536 ], [ -79.392624645447341, 43.664928858323428 ], [ -79.392425333301432, 43.665000173349561 ], [ -79.390463798213787, 43.665702021826483 ], [ -79.389075750496716, 43.666198673241105 ], [ -79.388511481862722, 43.66640057178671 ], [ -79.387186157786019, 43.666732548185948 ], [ -79.387211239320237, 43.66656586441087 ], [ -79.38870024171905, 43.665896692436803 ], [ -79.388472795411573, 43.664934924807859 ], [ -79.388559025723211, 43.66415277625687 ], [ -79.386438437645495, 43.665037954358823 ], [ -79.386393185546154, 43.665000171045214 ], [ -79.386214563401623, 43.664171278049452 ], [ -79.388768668718242, 43.663110926081494 ], [ -79.388166948371023, 43.662708331403323 ], [ -79.387626472244378, 43.662471069251744 ], [ -79.385401516728564, 43.663403395769144 ], [ -79.385383649911091, 43.663396086630911 ], [ -79.385121382343414, 43.662985011841236 ], [ -79.384992720756301, 43.662391143435059 ], [ -79.386979266720772, 43.661797598927684 ], [ -79.386899100056482, 43.661438273655079 ], [ -79.386311341944293, 43.661078168007634 ], [ -79.386100197387051, 43.6599498024487 ], [ -79.38795267253694, 43.659180714006673 ], [ -79.388012871637983, 43.659115545012284 ], [ -79.387809315823745, 43.658652773641336 ], [ -79.38773246271586, 43.657308034801055 ], [ -79.388302050878437, 43.656716526000331 ], [ -79.388611394200808, 43.656629186180346 ], [ -79.390503236498006, 43.657175092879484 ], [ -79.390634949520347, 43.657312531095414 ], [ -79.390533889613238, 43.65756940577571 ], [ -79.388215363201283, 43.65917908188365 ], [ -79.388746337506007, 43.65958515844072 ], [ -79.389803487413545, 43.661389799517337 ], [ -79.391430150313823, 43.659526057255917 ], [ -79.39212504610326, 43.659582647889351 ] ] ], [ [ [ -79.382152403131414, 43.64113189854136 ], [ -79.381950806125133, 43.640783932985286 ], [ -79.381873422021215, 43.640522582600944 ], [ -79.381589112026589, 43.640093246922142 ], [ -79.384562908942399, 43.63863521124054 ], [ -79.384642995036245, 43.639035546166404 ], [ -79.385137753754478, 43.640233042206859 ], [ -79.382332639487686, 43.641359046941226 ], [ -79.382307816972755, 43.64135530029008 ], [ -79.382152403131414, 43.64113189854136 ] ] ], [ [ [ -79.381432965482531, 43.639889616404169 ], [ -79.379346478389763, 43.641186423216837 ], [ -79.379106169343004, 43.641097579539171 ], [ -79.381158482845024, 43.638749781132979 ], [ -79.381432965482531, 43.639889616404169 ] ] ], [ [ [ -79.386927874629095, 43.64627239530347 ], [ -79.387218975706418, 43.647655919640229 ], [ -79.385963975813652, 43.648174182783819 ], [ -79.385477434641345, 43.647671744479055 ], [ -79.385327244049421, 43.646925400263008 ], [ -79.384599015331688, 43.646584435744053 ], [ -79.384788827744146, 43.644789744158665 ], [ -79.385093554468, 43.644083412039031 ], [ -79.383637552226503, 43.643736664116418 ], [ -79.383323387457352, 43.64219785888374 ], [ -79.385955519145796, 43.641104054598827 ], [ -79.386444775601291, 43.641461991136261 ], [ -79.386702925815513, 43.642081435232839 ], [ -79.386175546434032, 43.643624940866964 ], [ -79.387277447935332, 43.645276727877651 ], [ -79.386927874629095, 43.64627239530347 ] ] ], [ [ [ -79.380607647422579, 43.644673094537332 ], [ -79.380718264454174, 43.645274263464614 ], [ -79.380892217786055, 43.646042475010169 ], [ -79.378459200687786, 43.647117175291811 ], [ -79.377717844179628, 43.646920526881566 ], [ -79.377751487480595, 43.646586010833744 ], [ -79.377843931383737, 43.644825915541759 ], [ -79.379255746989415, 43.644223902859501 ], [ -79.380073133267445, 43.644250491552569 ], [ -79.380607647422579, 43.644673094537332 ] ] ], [ [ [ -79.381751970285123, 43.647526966448311 ], [ -79.381538191227179, 43.647327804530029 ], [ -79.381077267973396, 43.646293290087627 ], [ -79.382970830833003, 43.64548092512657 ], [ -79.383245035644663, 43.645666297474619 ], [ -79.383368301175253, 43.646858954636301 ], [ -79.381751970285123, 43.647526966448311 ] ] ], [ [ [ -79.387643436527355, 43.649479468170604 ], [ -79.387314344329127, 43.651469040272993 ], [ -79.386565859296184, 43.651704279581686 ], [ -79.385850566300221, 43.651701990723893 ], [ -79.385115678068161, 43.652150403859181 ], [ -79.384719416657589, 43.652242707905906 ], [ -79.385036404011544, 43.654128810830521 ], [ -79.385566183681945, 43.654634042308004 ], [ -79.385476217388103, 43.654787513451609 ], [ -79.385665479854907, 43.655631621486137 ], [ -79.386482676911726, 43.656117386279298 ], [ -79.386499089796075, 43.656194567787615 ], [ -79.38714067426443, 43.656951776081307 ], [ -79.385360899126098, 43.657633530670289 ], [ -79.385176136794428, 43.657432789615953 ], [ -79.385053887755731, 43.656833474476336 ], [ -79.384816770696617, 43.656612853246273 ], [ -79.382924864506961, 43.657387069526479 ], [ -79.382751300455723, 43.657099300572597 ], [ -79.382588003858984, 43.656651801339862 ], [ -79.380734150672296, 43.657441112136382 ], [ -79.380406908786838, 43.656938258144208 ], [ -79.38022309336381, 43.656837529559184 ], [ -79.380238471308004, 43.656285355433106 ], [ -79.38219701032601, 43.655446384943339 ], [ -79.382346805741747, 43.656144297724097 ], [ -79.382574474667749, 43.656587344544846 ], [ -79.384512801440607, 43.655821072082787 ], [ -79.384392998396308, 43.655242063574377 ], [ -79.383846594918225, 43.654729411588832 ], [ -79.383122603095671, 43.65436306775127 ], [ -79.384304624213271, 43.652235475306618 ], [ -79.384109898653449, 43.65208032514807 ], [ -79.381757418853383, 43.652493210169844 ], [ -79.381663921902984, 43.652417342322458 ], [ -79.381571321269433, 43.651999709055552 ], [ -79.380344465272685, 43.65122652830506 ], [ -79.380024315645429, 43.651153874011882 ], [ -79.379902997191337, 43.650927094068244 ], [ -79.379846984256019, 43.650652939722093 ], [ -79.381511211914443, 43.649997253722255 ], [ -79.38167079469406, 43.650173069428604 ], [ -79.381767029998059, 43.650615770042819 ], [ -79.381947439534571, 43.650832880539483 ], [ -79.38352907669524, 43.650109464023771 ], [ -79.383551316391191, 43.649792194868866 ], [ -79.383252357036696, 43.649542427049937 ], [ -79.38269370851836, 43.64863458460534 ], [ -79.384232491318258, 43.648022808694478 ], [ -79.38447167038882, 43.648281687689725 ], [ -79.384679926098812, 43.649300106155152 ], [ -79.385370879713506, 43.649473798938551 ], [ -79.385700514556333, 43.649239731783851 ], [ -79.387643436527355, 43.649479468170604 ] ] ], [ [ [ -79.383049278393571, 43.657975241124738 ], [ -79.383246693685436, 43.658226814385095 ], [ -79.383479865497421, 43.65882805871189 ], [ -79.383617694080655, 43.659464883313966 ], [ -79.383603185023944, 43.659786510952216 ], [ -79.383493133243533, 43.65983514508676 ], [ -79.383148875145352, 43.659834864365671 ], [ -79.38058866068107, 43.660884605157186 ], [ -79.380582549988631, 43.660870400647717 ], [ -79.381482270112386, 43.659467192938955 ], [ -79.381334077759917, 43.658712659390616 ], [ -79.383049278393571, 43.657975241124738 ] ] ], [ [ [ -79.383427986170801, 43.662652093048038 ], [ -79.383435840750892, 43.663454299792647 ], [ -79.383753089273441, 43.663553743236001 ], [ -79.383900597694605, 43.664597099354893 ], [ -79.38291900232683, 43.665742063611468 ], [ -79.38323579878363, 43.666314491056966 ], [ -79.380301865664634, 43.66752142236281 ], [ -79.380388877927246, 43.667922842453166 ], [ -79.38049532872904, 43.668075865576981 ], [ -79.379773793001547, 43.668182895291665 ], [ -79.378898105016475, 43.668312791333705 ], [ -79.378315958221151, 43.668341390371864 ], [ -79.376813205406634, 43.66841521588362 ], [ -79.374852708914659, 43.668511528900254 ], [ -79.373997248, 43.668553555000095 ], [ -79.373503233794651, 43.668529285638442 ], [ -79.372409642761937, 43.668475560956068 ], [ -79.37097486401467, 43.668405074796105 ], [ -79.369096390983515, 43.668312791333705 ], [ -79.368804809809262, 43.668269539352274 ], [ -79.367656022799238, 43.668099132896671 ], [ -79.368576817869581, 43.667820284518072 ], [ -79.368745974585366, 43.667975244442893 ], [ -79.370554973423566, 43.667231430561237 ], [ -79.370388800643113, 43.666670700282161 ], [ -79.370230988822414, 43.665960669503633 ], [ -79.369765821113347, 43.665640875169686 ], [ -79.369715887475266, 43.665401757687015 ], [ -79.370032950302701, 43.664425074289007 ], [ -79.371084848368767, 43.663947185563934 ], [ -79.370812550439254, 43.662659875422484 ], [ -79.372015115199488, 43.662160345258314 ], [ -79.372321489648144, 43.661717744360047 ], [ -79.373431670129534, 43.661833768722659 ], [ -79.373876024133907, 43.66394066566869 ], [ -79.373147746642445, 43.665155341042919 ], [ -79.373318021492281, 43.665404202512619 ], [ -79.373823475870466, 43.665601877985281 ], [ -79.373887794565533, 43.665672469867985 ], [ -79.375036545066635, 43.666367843091912 ], [ -79.376087613380136, 43.665925183970721 ], [ -79.376640558307741, 43.66520109770331 ], [ -79.377372106899429, 43.666059916720549 ], [ -79.377454795913096, 43.667140212995911 ], [ -79.377246284949393, 43.667805328342652 ], [ -79.377833586361874, 43.667972783157737 ], [ -79.380033431780788, 43.667016780579672 ], [ -79.379981391575058, 43.666690811341915 ], [ -79.382692946695158, 43.665564144645622 ], [ -79.382052930638991, 43.664621482856703 ], [ -79.381934875733066, 43.664080731016583 ], [ -79.381646924210216, 43.663614237530304 ], [ -79.381430664165578, 43.662623847761914 ], [ -79.381456486956836, 43.662262415191634 ], [ -79.381609850756519, 43.662200602485441 ], [ -79.38200142689432, 43.662202402994616 ], [ -79.382664855459694, 43.662383018364217 ], [ -79.383427986170801, 43.662652093048038 ] ] ], [ [ [ -79.38348275144827, 43.667179349982455 ], [ -79.383311001613862, 43.66640471094297 ], [ -79.385024270257759, 43.66569341692972 ], [ -79.385698806476697, 43.666328024874119 ], [ -79.385706262338402, 43.666441319850207 ], [ -79.383583895613995, 43.667362188388637 ], [ -79.383704025772033, 43.667599900332398 ], [ -79.381747084143285, 43.66789018520145 ], [ -79.38348275144827, 43.667179349982455 ] ] ], [ [ [ -79.385941801516239, 43.66704424320536 ], [ -79.385281147061661, 43.667209728531425 ], [ -79.385822640661601, 43.666985823457296 ], [ -79.385941801516239, 43.66704424320536 ] ] ], [ [ [ -79.371017889475908, 43.650055891563071 ], [ -79.370675156710902, 43.649083878967076 ], [ -79.369149321642368, 43.649700389456584 ], [ -79.369225468135738, 43.646397624414291 ], [ -79.369385265824292, 43.646323169114304 ], [ -79.370906684600641, 43.648503043369608 ], [ -79.371493983440033, 43.648538668856105 ], [ -79.372383236497512, 43.650709135990098 ], [ -79.372037641470769, 43.650649813458877 ], [ -79.371017889475908, 43.650055891563071 ] ] ], [ [ [ -79.379564993228513, 43.649933260974009 ], [ -79.378473546645992, 43.649644315921563 ], [ -79.377259265697944, 43.650157503640735 ], [ -79.378049641349236, 43.650941477058879 ], [ -79.37816203576115, 43.651418969109805 ], [ -79.377036722654893, 43.651902145488926 ], [ -79.377099657274954, 43.652195564781053 ], [ -79.376706390603644, 43.652533875593626 ], [ -79.376142668007873, 43.652760293615124 ], [ -79.376384175490287, 43.653880452070034 ], [ -79.376854397145962, 43.653933398157321 ], [ -79.377213010229823, 43.655488320741526 ], [ -79.376642228031074, 43.655723566026907 ], [ -79.37632495089629, 43.655737927698553 ], [ -79.375984915167592, 43.654044971562733 ], [ -79.375198680470362, 43.654089346490061 ], [ -79.375190222797414, 43.654085860660324 ], [ -79.374238859611154, 43.654473512951498 ], [ -79.373282493511866, 43.654264600883664 ], [ -79.373099912529256, 43.654496563816032 ], [ -79.371285175751368, 43.655239391719455 ], [ -79.370900684026637, 43.65489620092773 ], [ -79.369256315107705, 43.655547834714206 ], [ -79.369451220002659, 43.657325644631406 ], [ -79.369147201495451, 43.657447474170191 ], [ -79.367840314655709, 43.657337195539554 ], [ -79.366841809930179, 43.656997087987584 ], [ -79.366788342870052, 43.657088975659789 ], [ -79.365245165287533, 43.658292240079618 ], [ -79.366976921948662, 43.659772732765688 ], [ -79.365682822516845, 43.660298575896917 ], [ -79.365365939256904, 43.66257272272675 ], [ -79.365387007235398, 43.662606344336496 ], [ -79.367172614689011, 43.661886691363826 ], [ -79.368134689323739, 43.660450334512959 ], [ -79.367696144391573, 43.659961803632257 ], [ -79.368152602767495, 43.658782542315329 ], [ -79.368958852118993, 43.658468366397564 ], [ -79.369352165978341, 43.660231029596986 ], [ -79.368793026544949, 43.660455336277067 ], [ -79.369333204134634, 43.662847003236095 ], [ -79.368618255814681, 43.663128741522435 ], [ -79.368479340672764, 43.663440783391813 ], [ -79.366652192614978, 43.664190255842058 ], [ -79.367236237184883, 43.664680003554466 ], [ -79.367546017075455, 43.665010104813589 ], [ -79.367724859091425, 43.665566227667128 ], [ -79.366379267864346, 43.666111933147256 ], [ -79.365777796640756, 43.66534196031764 ], [ -79.36546520396044, 43.663898646877286 ], [ -79.365281907516547, 43.663713399030513 ], [ -79.364879665579181, 43.663913388702767 ], [ -79.363882272457559, 43.664998089234942 ], [ -79.364421825786096, 43.667385436604363 ], [ -79.364415415696413, 43.667430705379886 ], [ -79.366485676353435, 43.666581964760354 ], [ -79.366655286587857, 43.666795367669991 ], [ -79.368343126351121, 43.666142188718155 ], [ -79.368430458371392, 43.666178806151578 ], [ -79.368319896930061, 43.666944000873684 ], [ -79.366939577917023, 43.667506064047963 ], [ -79.367054698174385, 43.668009934814613 ], [ -79.365533600306435, 43.667784301260227 ], [ -79.364341582818042, 43.667607482168926 ], [ -79.364242731899182, 43.667592819020257 ], [ -79.362377060134563, 43.667125492571223 ], [ -79.360722466826502, 43.666711038523133 ], [ -79.359483014137268, 43.66640057178671 ], [ -79.35883261036949, 43.666167853597429 ], [ -79.356473589661988, 43.665323782491591 ], [ -79.354863076381747, 43.664747531625665 ], [ -79.352060687934028, 43.66342210060153 ], [ -79.350663418197186, 43.662761241233582 ], [ -79.350427411158691, 43.662649618217515 ], [ -79.349728494254123, 43.662230703546349 ], [ -79.34841898762933, 43.661445815480953 ], [ -79.349617102591765, 43.661495002171705 ], [ -79.350314480027933, 43.661995719896645 ], [ -79.350510247169424, 43.662101130310383 ], [ -79.350816880018868, 43.661738753526798 ], [ -79.352492184160567, 43.661129705607628 ], [ -79.354554252929475, 43.661766287179979 ], [ -79.35462923634438, 43.662340808257689 ], [ -79.356478582506384, 43.664492096452101 ], [ -79.358047328703677, 43.662074828972663 ], [ -79.357644147194662, 43.661152967225668 ], [ -79.357876368053766, 43.659413449939997 ], [ -79.358187959996343, 43.659093008107952 ], [ -79.358210250572469, 43.6583081871267 ], [ -79.358798711025244, 43.65746446532345 ], [ -79.361051631536313, 43.657572605441551 ], [ -79.36135624117567, 43.658197974817568 ], [ -79.361200345165543, 43.658647793006843 ], [ -79.359462945735984, 43.659364873006922 ], [ -79.360057385173803, 43.661945515716326 ], [ -79.360743124753697, 43.66166707661236 ], [ -79.361259234298032, 43.658875205985083 ], [ -79.362335910738281, 43.659975216961435 ], [ -79.362499317384234, 43.660704827934993 ], [ -79.362224175996772, 43.661720819555711 ], [ -79.364298100000042, 43.661841816154819 ], [ -79.363921658550083, 43.660100981103945 ], [ -79.364091627666269, 43.65926584445679 ], [ -79.364370800645958, 43.658707855231732 ], [ -79.364370871044628, 43.658647279079119 ], [ -79.363726142001042, 43.658061766620811 ], [ -79.363801048295528, 43.656655479469087 ], [ -79.365223772725898, 43.656071280233718 ], [ -79.366809834255164, 43.656810665358812 ], [ -79.367549895208768, 43.654715338152748 ], [ -79.367490500551128, 43.654444157662503 ], [ -79.370481568402226, 43.653620573254358 ], [ -79.370523328831055, 43.653672966924809 ], [ -79.37075700814961, 43.654231139949616 ], [ -79.372635305243151, 43.653458748344455 ], [ -79.373187703107646, 43.653804571672133 ], [ -79.374011237610745, 43.652264537419562 ], [ -79.374456285740436, 43.652504087432391 ], [ -79.374962058461193, 43.653086517949745 ], [ -79.375989340413483, 43.652657636939693 ], [ -79.37581781969304, 43.65192792798949 ], [ -79.37614618517037, 43.651066599128491 ], [ -79.376288915189676, 43.650975470841644 ], [ -79.376605616876589, 43.650196777459712 ], [ -79.376855762665841, 43.650088828612823 ], [ -79.377381972375389, 43.648074054476353 ], [ -79.378312103101436, 43.648851148010323 ], [ -79.379432218493889, 43.648286178518568 ], [ -79.379716070959461, 43.649611609666579 ], [ -79.379564993228513, 43.649933260974009 ] ] ], [ [ [ -79.373051832381051, 43.650652299920786 ], [ -79.373263229848064, 43.650749916190655 ], [ -79.373910655584751, 43.651962857428515 ], [ -79.373936049514384, 43.652073701886998 ], [ -79.372213574819284, 43.652778900162083 ], [ -79.37188906027751, 43.651965617966184 ], [ -79.372470413700299, 43.650747729779546 ], [ -79.373051832381051, 43.650652299920786 ] ] ], [ [ [ -79.369344924641084, 43.652563802003243 ], [ -79.369009785193327, 43.650943012197324 ], [ -79.369215565155642, 43.650672198176864 ], [ -79.369449417937446, 43.650723785357442 ], [ -79.370370125268096, 43.651389163108199 ], [ -79.370634339351213, 43.652508434183474 ], [ -79.370350539201056, 43.653044626340133 ], [ -79.369344924641084, 43.652563802003243 ] ] ], [ [ [ -79.378723455710443, 43.655333059649692 ], [ -79.378356180754324, 43.655247443814361 ], [ -79.377973977709459, 43.653446200884432 ], [ -79.378189155376404, 43.65316762368748 ], [ -79.37820536926408, 43.653161005891484 ], [ -79.378483758790722, 43.65231937873363 ], [ -79.379872935441057, 43.651750732498726 ], [ -79.380139408093711, 43.653029300668479 ], [ -79.379501685860106, 43.653299871760574 ], [ -79.378864577473465, 43.653337980676866 ], [ -79.379247881305901, 43.655117105543951 ], [ -79.378723455710443, 43.655333059649692 ] ] ], [ [ [ -79.374905872477328, 43.656141256442254 ], [ -79.3754566943323, 43.65863052796017 ], [ -79.375446289727932, 43.658653156085933 ], [ -79.374605984168312, 43.658985232637242 ], [ -79.374050202955161, 43.658786699671893 ], [ -79.373121659969812, 43.656965713904789 ], [ -79.373512159660407, 43.656488490500159 ], [ -79.374579020109522, 43.656070960922591 ], [ -79.374905872477328, 43.656141256442254 ] ] ], [ [ [ -79.380134047425258, 43.660472999595854 ], [ -79.378177710654072, 43.661299473418964 ], [ -79.377344505390184, 43.660746061465282 ], [ -79.377408058580201, 43.659933677013989 ], [ -79.378364409087254, 43.659279514444741 ], [ -79.379355070918379, 43.659333806338253 ], [ -79.380134047425258, 43.660472999595854 ] ] ], [ [ [ -79.37905442840578, 43.663886114779324 ], [ -79.379295449390398, 43.664080743869782 ], [ -79.379725679234539, 43.666034929698057 ], [ -79.379673178858596, 43.666162115503283 ], [ -79.378584133755609, 43.665544153857169 ], [ -79.378292724676271, 43.664197709277119 ], [ -79.377030701481019, 43.663926375444177 ], [ -79.377429721185464, 43.662972954203987 ], [ -79.378673198495989, 43.66234495084543 ], [ -79.378954005264376, 43.662579608465741 ], [ -79.37916256635306, 43.663563687349523 ], [ -79.37905442840578, 43.663886114779324 ] ] ], [ [ [ -79.364605501854371, 43.649578026362043 ], [ -79.367199373653165, 43.648743012837784 ], [ -79.367322840032784, 43.649281822432478 ], [ -79.367078332527811, 43.649689941484567 ], [ -79.365102799065596, 43.650540032475583 ], [ -79.366468564191521, 43.651269003341035 ], [ -79.366643041992802, 43.652029611766203 ], [ -79.364928453672874, 43.652773654979029 ], [ -79.366962110306773, 43.654204804584182 ], [ -79.364996144494185, 43.655011035873045 ], [ -79.364199762787024, 43.654508887502239 ], [ -79.364895669406323, 43.652763465829231 ], [ -79.364756160202035, 43.652569824637681 ], [ -79.364406469755366, 43.651538187273793 ], [ -79.364466383853127, 43.65053862646792 ], [ -79.364189341391253, 43.650123514588287 ], [ -79.36417673320905, 43.650065976202278 ], [ -79.360469071171238, 43.648515693745992 ], [ -79.35669649486934, 43.64332853765741 ], [ -79.355898778472152, 43.641776769293486 ], [ -79.356366779978515, 43.640977145710501 ], [ -79.35676190032342, 43.64077390190112 ], [ -79.36338637594433, 43.646157444101739 ], [ -79.36419509213664, 43.649990521264918 ], [ -79.364605501854371, 43.649578026362043 ] ] ], [ [ [ -79.345082942052755, 43.654146498712649 ], [ -79.345207293736109, 43.655203896610047 ], [ -79.345556940455666, 43.655688227168802 ], [ -79.348847132093525, 43.658464505741577 ], [ -79.348812430093503, 43.659026841096491 ], [ -79.347507389432621, 43.660022286110632 ], [ -79.347735427912028, 43.661036105553606 ], [ -79.346279788968559, 43.660163629147121 ], [ -79.346218736349016, 43.660127035615226 ], [ -79.343709496889062, 43.658266056799022 ], [ -79.342277583791812, 43.657204077668233 ], [ -79.34084832981047, 43.655908677368437 ], [ -79.338641908940673, 43.653908894059427 ], [ -79.33534672533186, 43.65027321920828 ], [ -79.332423767384867, 43.646332066651077 ], [ -79.329901184782571, 43.642123391841395 ], [ -79.328994805709627, 43.640207014303058 ], [ -79.346771449577275, 43.648188713545444 ], [ -79.345082942052755, 43.654146498712649 ] ] ], [ [ [ -79.356411243552017, 43.655184017516575 ], [ -79.355904970248304, 43.655129191761624 ], [ -79.354923481974922, 43.655382131922359 ], [ -79.35410589714796, 43.654091649102526 ], [ -79.355394716499035, 43.653476167719454 ], [ -79.354762084992188, 43.650704723826053 ], [ -79.356727069273731, 43.652358964431734 ], [ -79.356485532061001, 43.653205743099917 ], [ -79.356885861906861, 43.654861432902287 ], [ -79.356411243552017, 43.655184017516575 ] ] ], [ [ [ -79.361438478291419, 43.655337511507049 ], [ -79.361127086953147, 43.655799315557083 ], [ -79.359338952657794, 43.655751032809022 ], [ -79.358387420399822, 43.654102858404812 ], [ -79.358908190897537, 43.65309059211188 ], [ -79.360549980281803, 43.653829511558904 ], [ -79.361438478291419, 43.655337511507049 ] ] ] ] } },
{ "type": "Feature", "properties": { "vor_id": 1954, "theft_count": 27, "bike_trips": 3579.0, "theft_per_1000_trips": "7.5440067057837386" }, "geometry": { "type": "Polygon", "coordinates": [ [ [ -79.417639494602099, 43.687950624546019 ], [ -79.413747507139846, 43.687638258317854 ], [ -79.412259876416613, 43.686563849956386 ], [ -79.414174128899205, 43.684435882713963 ], [ -79.417614966937791, 43.686449971742576 ], [ -79.417639494602099, 43.687950624546019 ] ] ] } },
{ "type": "Feature", "properties": { "vor_id": 1957, "theft_count": 7, "bike_trips": 3654.0, "theft_per_1000_trips": "1.9157088122605364" }, "geometry": { "type": "Polygon", "coordinates": [ [ [ -79.373367136277736, 43.68568239918568 ], [ -79.380006764214855, 43.67957448812421 ], [ -79.380965508521243, 43.680110100064802 ], [ -79.378971499825511, 43.688470166779375 ], [ -79.378561314087236, 43.688990122269907 ], [ -79.37307014644486, 43.687650444581429 ], [ -79.373367136277736, 43.68568239918568 ] ] ] } },
{ "type": "Feature", "properties": { "vor_id": 1958, "theft_count": 0, "bike_trips": 2062.0, "theft_per_1000_trips": "0.0" }, "geometry": { "type": "Polygon", "coordinates": [ [ [ -79.379773793001547, 43.668182895291665 ], [ -79.378701708611572, 43.668636163738142 ], [ -79.378315958221151, 43.668341390371864 ], [ -79.378898105016475, 43.668312791333705 ], [ -79.379773793001547, 43.668182895291665 ] ] ] } },
{ "type": "Feature", "properties": { "vor_id": 1961, "theft_count": 38, "bike_trips": 4866.0, "theft_per_1000_trips": "7.809288943690916" }, "geometry": { "type": "Polygon", "coordinates": [ [ [ -79.391891604661865, 43.69407575161302 ], [ -79.391991448003822, 43.693794445078701 ], [ -79.394003944899993, 43.693375874166669 ], [ -79.396253139794695, 43.695059470370978 ], [ -79.397503049730403, 43.696479414594236 ], [ -79.392791770887726, 43.697535496923138 ], [ -79.392581103716324, 43.697393416003095 ], [ -79.391891604661865, 43.69407575161302 ] ] ] } },
{ "type": "Feature", "properties": { "vor_id": 1963, "theft_count": 10, "bike_trips": 4653.0, "theft_per_1000_trips": "2.149151085321298" }, "geometry": { "type": "Polygon", "coordinates": [ [ [ -79.459789876391696, 43.686828323985985 ], [ -79.462824766534581, 43.680521628289682 ], [ -79.462976190070933, 43.680440502179557 ], [ -79.463761917072603, 43.680226274419255 ], [ -79.473059093140279, 43.688444621246198 ], [ -79.471125761819181, 43.691874856420135 ], [ -79.460683326976337, 43.687689128944221 ], [ -79.459789876391696, 43.686828323985985 ] ] ] } },
{ "type": "Feature", "properties": { "vor_id": 1964, "theft_count": 10, "bike_trips": 2435.0, "theft_per_1000_trips": "4.106776180698152" }, "geometry": { "type": "Polygon", "coordinates": [ [ [ -79.400658988589939, 43.72953690309641 ], [ -79.401386760816834, 43.72842848090572 ], [ -79.406336352054581, 43.727141691835165 ], [ -79.406574904063234, 43.727745722299048 ], [ -79.406798425491601, 43.728642856593225 ], [ -79.406839430840307, 43.728977273895083 ], [ -79.401215412735439, 43.73045024226483 ], [ -79.400658988589939, 43.72953690309641 ] ] ] } },
{ "type": "Feature", "properties": { "vor_id": 1975, "theft_count": 17, "bike_trips": 3010.0, "theft_per_1000_trips": "5.647840531561462" }, "geometry": { "type": "Polygon", "coordinates": [ [ [ -79.314610018874276, 43.642592941771042 ], [ -79.31723469581145, 43.65371975179049 ], [ -79.316780433205309, 43.656466199482622 ], [ -79.316171593976307, 43.659086848226231 ], [ -79.312145048630668, 43.665239473613909 ], [ -79.311678295487837, 43.665307561911575 ], [ -79.305931886703178, 43.661953552844793 ], [ -79.300979667735035, 43.650788480714375 ], [ -79.314610018874276, 43.642592941771042 ] ] ] } },
{ "type": "Feature", "properties": { "vor_id": 1977, "theft_count": 37, "bike_trips": 2077.0, "theft_per_1000_trips": "17.814155031295137" }, "geometry": { "type": "Polygon", "coordinates": [ [ [ -79.378572513406752, 43.661832378780559 ], [ -79.378673198495989, 43.66234495084543 ], [ -79.377429721185464, 43.662972954203987 ], [ -79.377216773203969, 43.661990513697653 ], [ -79.377326601891596, 43.660766722584597 ], [ -79.377344505390184, 43.660746061465282 ], [ -79.378177710654072, 43.661299473418964 ], [ -79.378572513406752, 43.661832378780559 ] ] ] } },
{ "type": "Feature", "properties": { "vor_id": 1981, "theft_count": 14, "bike_trips": 3669.0, "theft_per_1000_trips": "3.8157536113382395" }, "geometry": { "type": "Polygon", "coordinates": [ [ [ -79.377867576549022, 43.698805507578598 ], [ -79.381757242179546, 43.69457774272955 ], [ -79.382078375694803, 43.694816532892084 ], [ -79.38378106584095, 43.698459700172471 ], [ -79.384540755401929, 43.702061073795335 ], [ -79.376197669687997, 43.701929123713938 ], [ -79.37604280959188, 43.701292635597945 ], [ -79.377867576549022, 43.698805507578598 ] ] ] } },
{ "type": "Feature", "properties": { "vor_id": 1985, "theft_count": 6, "bike_trips": 2249.0, "theft_per_1000_trips": "2.6678523788350375" }, "geometry": { "type": "Polygon", "coordinates": [ [ [ -79.447647617993724, 43.650299882418999 ], [ -79.451428506135898, 43.64882369378445 ], [ -79.452666464592809, 43.649824570688452 ], [ -79.449521164824233, 43.651046854625491 ], [ -79.447647617993724, 43.650299882418999 ] ] ] } },
{ "type": "Feature", "properties": { "vor_id": 1990, "theft_count": 35, "bike_trips": 3404.0, "theft_per_1000_trips": "10.282021151586369" }, "geometry": { "type": "Polygon", "coordinates": [ [ [ -79.486167017632368, 43.662132044152607 ], [ -79.484535087970471, 43.654700863546523 ], [ -79.489291122323863, 43.653427749152883 ], [ -79.491320926383523, 43.654164716615057 ], [ -79.487069055773361, 43.66241656137607 ], [ -79.486167017632368, 43.662132044152607 ] ] ] } },
{ "type": "Feature", "properties": { "vor_id": 1993, "theft_count": 7, "bike_trips": 12328.0, "theft_per_1000_trips": "0.5678131083711876" }, "geometry": { "type": "Polygon", "coordinates": [ [ [ -79.239743894140076, 43.766288404343719 ], [ -79.228102895136985, 43.75167569681993 ], [ -79.228569712508985, 43.751387476646826 ], [ -79.241580352015461, 43.74591521099709 ], [ -79.251600532881156, 43.751171738152514 ], [ -79.2469921868407, 43.7610478805274 ], [ -79.239743894140076, 43.766288404343719 ] ] ] } },
{ "type": "Feature", "properties": { "vor_id": 1994, "theft_count": 39, "bike_trips": 3394.0, "theft_per_1000_trips": "11.490866234531527" }, "geometry": { "type": "Polygon", "coordinates": [ [ [ -79.469697438678438, 43.654301075896356 ], [ -79.466705366096349, 43.655559055829094 ], [ -79.465870990047861, 43.655465595784946 ], [ -79.467315118539432, 43.648741270495208 ], [ -79.469697438678438, 43.654301075896356 ] ] ] } },
{ "type": "Feature", "properties": { "vor_id": 1997, "theft_count": 18, "bike_trips": 3875.0, "theft_per_1000_trips": "4.64516129032258" }, "geometry": { "type": "Polygon", "coordinates": [ [ [ -79.411020016636328, 43.741314370705673 ], [ -79.411837885901946, 43.739786960610765 ], [ -79.417162919126056, 43.733392278961773 ], [ -79.426598434231806, 43.741212346380451 ], [ -79.426281219104979, 43.747341694988116 ], [ -79.416993467903126, 43.74989422074205 ], [ -79.410083625893932, 43.74399849312843 ], [ -79.411020016636328, 43.741314370705673 ] ] ] } },
{ "type": "Feature", "properties": { "vor_id": 2000, "theft_count": 9, "bike_trips": 4677.0, "theft_per_1000_trips": "1.9243104554201411" }, "geometry": { "type": "Polygon", "coordinates": [ [ [ -79.274831668589897, 43.732923565203947 ], [ -79.266945292575897, 43.736154905501358 ], [ -79.265877855232162, 43.730267508809433 ], [ -79.271902488905553, 43.727693426168102 ], [ -79.273912538396303, 43.72882990460154 ], [ -79.274831668589897, 43.732923565203947 ] ] ] } },
{ "type": "Feature", "properties": { "vor_id": 2001, "theft_count": 27, "bike_trips": 2090.0, "theft_per_1000_trips": "12.91866028708134" }, "geometry": { "type": "Polygon", "coordinates": [ [ [ -79.378049641349236, 43.650941477058879 ], [ -79.379641252696729, 43.650279636164775 ], [ -79.379846984256019, 43.650652939722093 ], [ -79.379902997191337, 43.650927094068244 ], [ -79.378319466437787, 43.651576818657496 ], [ -79.37816203576115, 43.651418969109805 ], [ -79.378049641349236, 43.650941477058879 ] ] ] } },
{ "type": "Feature", "properties": { "vor_id": 2004, "theft_count": 9, "bike_trips": 2367.0, "theft_per_1000_trips": "3.802281368821293" }, "geometry": { "type": "Polygon", "coordinates": [ [ [ -79.426958971916562, 43.685507212887622 ], [ -79.426619403065416, 43.684650163107122 ], [ -79.428780944555783, 43.682061868346658 ], [ -79.430800184735091, 43.683458645624761 ], [ -79.429249032193766, 43.685683979250562 ], [ -79.426958971916562, 43.685507212887622 ] ] ] } },
{ "type": "Feature", "properties": { "vor_id": 2005, "theft_count": 21, "bike_trips": 6232.0, "theft_per_1000_trips": "3.3697047496790757" }, "geometry": { "type": "Polygon", "coordinates": [ [ [ -79.266945292575897, 43.736154905501358 ], [ -79.260003251839706, 43.743565920928248 ], [ -79.257861617728295, 43.728237904185633 ], [ -79.265877855232162, 43.730267508809433 ], [ -79.266945292575897, 43.736154905501358 ] ] ] } },
{ "type": "Feature", "properties": { "vor_id": 2015, "theft_count": 8, "bike_trips": 2537.0, "theft_per_1000_trips": "3.153330705557745" }, "geometry": { "type": "Polygon", "coordinates": [ [ [ -79.301602824096747, 43.692127965695946 ], [ -79.299139599465434, 43.691031105991279 ], [ -79.299263972391955, 43.690683994556245 ], [ -79.302316329011163, 43.68937431660607 ], [ -79.303353180518926, 43.689598447238929 ], [ -79.301602824096747, 43.692127965695946 ] ] ] } },
{ "type": "Feature", "properties": { "vor_id": 2017, "theft_count": 4, "bike_trips": 5942.0, "theft_per_1000_trips": "0.6731740154830024" }, "geometry": { "type": "Polygon", "coordinates": [ [ [ -79.392859352757924, 43.767704639666682 ], [ -79.39364799240029, 43.767646691897525 ], [ -79.392672384244847, 43.777259228863265 ], [ -79.3877378603636, 43.781249577950739 ], [ -79.389659227116681, 43.771041306259718 ], [ -79.392859352757924, 43.767704639666682 ] ] ] } },
{ "type": "Feature", "properties": { "vor_id": 2018, "theft_count": 11, "bike_trips": 1020.0, "theft_per_1000_trips": "10.784313725490195" }, "geometry": { "type": "Polygon", "coordinates": [ [ [ -79.367112671417203, 43.668263678360447 ], [ -79.366677100035616, 43.669791842615794 ], [ -79.364995906661278, 43.668001151447449 ], [ -79.365533600306435, 43.667784301260227 ], [ -79.367054698174385, 43.668009934814613 ], [ -79.367112671417203, 43.668263678360447 ] ] ] } },
{ "type": "Feature", "properties": { "vor_id": 2019, "theft_count": 19, "bike_trips": 4706.0, "theft_per_1000_trips": "4.037399065023374" }, "geometry": { "type": "Polygon", "coordinates": [ [ [ -79.219439305144675, 43.741637428140223 ], [ -79.227225648455871, 43.735156767822396 ], [ -79.227836674340338, 43.737786449063478 ], [ -79.22590342696904, 43.75165133768057 ], [ -79.225431376579451, 43.75174881129886 ], [ -79.219439305144675, 43.741637428140223 ] ] ] } },
{ "type": "Feature", "properties": { "vor_id": 2027, "theft_count": 5, "bike_trips": 1293.0, "theft_per_1000_trips": "3.8669760247486464" }, "geometry": { "type": "Polygon", "coordinates": [ [ [ -79.341810653718156, 43.661290297099569 ], [ -79.341684416968306, 43.661664012545899 ], [ -79.340899375121424, 43.661949644489916 ], [ -79.340440305789969, 43.661621467705231 ], [ -79.340699789065155, 43.661079246744769 ], [ -79.341810653718156, 43.661290297099569 ] ] ] } },
{ "type": "Feature", "properties": { "vor_id": 2030, "theft_count": 19, "bike_trips": 1177.0, "theft_per_1000_trips": "16.142735768903993" }, "geometry": { "type": "Polygon", "coordinates": [ [ [ -79.448020945888885, 43.669464016602504 ], [ -79.447321204987475, 43.670784415858265 ], [ -79.447256864901291, 43.670846388131288 ], [ -79.44491613369496, 43.669614232635517 ], [ -79.44559863250214, 43.66825923135049 ], [ -79.447665787443754, 43.667451768537923 ], [ -79.448020945888885, 43.669464016602504 ] ] ] } },
{ "type": "Feature", "properties": { "vor_id": 2031, "theft_count": 11, "bike_trips": 2598.0, "theft_per_1000_trips": "4.234026173979984" }, "geometry": { "type": "Polygon", "coordinates": [ [ [ -79.357401251590247, 43.67919038704747 ], [ -79.356830964012005, 43.676555820027232 ], [ -79.359248531764393, 43.676930414681053 ], [ -79.359402363505097, 43.677414151009557 ], [ -79.359036608771561, 43.678222535096388 ], [ -79.357577138611362, 43.679283585322146 ], [ -79.357401251590247, 43.67919038704747 ] ] ] } },
{ "type": "Feature", "properties": { "vor_id": 2036, "theft_count": 11, "bike_trips": 3431.0, "theft_per_1000_trips": "3.2060623724861554" }, "geometry": { "type": "Polygon", "coordinates": [ [ [ -79.509885088326612, 43.700821148090398 ], [ -79.511897353933733, 43.701580566593329 ], [ -79.514084131524768, 43.705188370835288 ], [ -79.50786214878913, 43.710230366631137 ], [ -79.50723669734586, 43.709988595751781 ], [ -79.506717080365192, 43.704068794735043 ], [ -79.509885088326612, 43.700821148090398 ] ] ] } },
{ "type": "Feature", "properties": { "vor_id": 2038, "theft_count": 11, "bike_trips": 2174.0, "theft_per_1000_trips": "5.059797608095676" }, "geometry": { "type": "Polygon", "coordinates": [ [ [ -79.412265647371328, 43.672034315138966 ], [ -79.41129572804617, 43.671921729946632 ], [ -79.410937223556203, 43.671216582092711 ], [ -79.41066594366086, 43.669873930219779 ], [ -79.411208258524809, 43.669142541395615 ], [ -79.411853355236147, 43.669192219959335 ], [ -79.413450862582266, 43.670873908976553 ], [ -79.412265647371328, 43.672034315138966 ] ] ] } },
{ "type": "Feature", "properties": { "vor_id": 2045, "theft_count": 23, "bike_trips": 2598.0, "theft_per_1000_trips": "8.852963818321786" }, "geometry": { "type": "Polygon", "coordinates": [ [ [ -79.356830964012005, 43.676555820027232 ], [ -79.356403020443736, 43.675845056325613 ], [ -79.360297089203087, 43.672195156018979 ], [ -79.361873851866633, 43.673300004950534 ], [ -79.359248531764393, 43.676930414681053 ], [ -79.356830964012005, 43.676555820027232 ] ] ] } },
{ "type": "Feature", "properties": { "vor_id": 2048, "theft_count": 25, "bike_trips": 3577.0, "theft_per_1000_trips": "6.98909700866648" }, "geometry": { "type": "Polygon", "coordinates": [ [ [ -79.415671586406319, 43.681775489861039 ], [ -79.416916831549983, 43.682512480057447 ], [ -79.417667367289411, 43.686345963911272 ], [ -79.417614966937791, 43.686449971742576 ], [ -79.414174128899205, 43.684435882713963 ], [ -79.41380086410777, 43.682622194963464 ], [ -79.415671586406319, 43.681775489861039 ] ] ] } },
{ "type": "Feature", "properties": { "vor_id": 2049, "theft_count": 32, "bike_trips": 4348.0, "theft_per_1000_trips": "7.359705611775529" }, "geometry": { "type": "Polygon", "coordinates": [ [ [ -79.388556401274585, 43.674960334379485 ], [ -79.387697493289863, 43.675312983317617 ], [ -79.385972671755084, 43.673532914023703 ], [ -79.388657246590881, 43.67242954020179 ], [ -79.388556401274585, 43.674960334379485 ] ] ] } },
{ "type": "Feature", "properties": { "vor_id": 2053, "theft_count": 47, "bike_trips": 5202.0, "theft_per_1000_trips": "9.034986543637062" }, "geometry": { "type": "Polygon", "coordinates": [ [ [ -79.367383321893115, 43.646669400925617 ], [ -79.363335300796606, 43.635240626754879 ], [ -79.365756346023048, 43.632668933882634 ], [ -79.370189872283248, 43.645411937277828 ], [ -79.369385265824292, 43.646323169114304 ], [ -79.369225468135738, 43.646397624414291 ], [ -79.367383321893115, 43.646669400925617 ] ] ] } },
{ "type": "Feature", "properties": { "vor_id": 2054, "theft_count": 13, "bike_trips": 4626.0, "theft_per_1000_trips": "2.8102031993082575" }, "geometry": { "type": "Polygon", "coordinates": [ [ [ -79.468020038533751, 43.676696643269693 ], [ -79.463761917072603, 43.680226274419255 ], [ -79.462976190070933, 43.680440502179557 ], [ -79.461401521676507, 43.673458769088519 ], [ -79.464448218879568, 43.670977001633418 ], [ -79.467389871010681, 43.671792187405408 ], [ -79.468020038533751, 43.676696643269693 ] ] ] } },
{ "type": "Feature", "properties": { "vor_id": 2062, "theft_count": 6, "bike_trips": 17284.0, "theft_per_1000_trips": "0.34714186530895624" }, "geometry": { "type": "Polygon", "coordinates": [ [ [ -79.367809880480849, 43.79861176001468 ], [ -79.372306689876524, 43.801515120543392 ], [ -79.377728630043947, 43.818123423015841 ], [ -79.354519639314049, 43.823330438379116 ], [ -79.363152099734023, 43.79804251603553 ], [ -79.367809880480849, 43.79861176001468 ] ] ] } },
{ "type": "Feature", "properties": { "vor_id": 2064, "theft_count": 16, "bike_trips": 1270.0, "theft_per_1000_trips": "12.598425196850393" }, "geometry": { "type": "Polygon", "coordinates": [ [ [ -79.306342826372301, 43.673377298841295 ], [ -79.305055375364788, 43.675129762828099 ], [ -79.30237772813814, 43.674981979009395 ], [ -79.300952339954961, 43.673957153960004 ], [ -79.302244088302317, 43.670854882535622 ], [ -79.303032287742425, 43.670252781826477 ], [ -79.304154013687011, 43.669861421159162 ], [ -79.305558407000788, 43.6704849122805 ], [ -79.306342826372301, 43.673377298841295 ] ] ] } },
{ "type": "Feature", "properties": { "vor_id": 2071, "theft_count": 23, "bike_trips": 3225.0, "theft_per_1000_trips": "7.131782945736434" }, "geometry": { "type": "Polygon", "coordinates": [ [ [ -79.403993341919346, 43.665642785177631 ], [ -79.404142437038828, 43.665411122029731 ], [ -79.404712886306058, 43.665399800999694 ], [ -79.405196374662765, 43.667726923885553 ], [ -79.404490598374593, 43.668425769038365 ], [ -79.403993341919346, 43.665642785177631 ] ] ] } },
{ "type": "Feature", "properties": { "vor_id": 2073, "theft_count": 7, "bike_trips": 2112.0, "theft_per_1000_trips": "3.3143939393939394" }, "geometry": { "type": "Polygon", "coordinates": [ [ [ -79.383999999183075, 43.646925581792289 ], [ -79.384599015331688, 43.646584435744053 ], [ -79.385327244049421, 43.646925400263008 ], [ -79.385477434641345, 43.647671744479055 ], [ -79.38447167038882, 43.648281687689725 ], [ -79.384232491318258, 43.648022808694478 ], [ -79.383999999183075, 43.646925581792289 ] ] ] } },
{ "type": "Feature", "properties": { "vor_id": 2075, "theft_count": 4, "bike_trips": 2625.0, "theft_per_1000_trips": "1.523809523809524" }, "geometry": { "type": "Polygon", "coordinates": [ [ [ -79.520140666985398, 43.58151162617655 ], [ -79.526514264787991, 43.592589168006334 ], [ -79.525371036934104, 43.59565256810842 ], [ -79.523862335339189, 43.595403941634743 ], [ -79.514952473434221, 43.589574692007339 ], [ -79.513640042127747, 43.582707023600925 ], [ -79.517715978578153, 43.581957501202474 ], [ -79.517884438388748, 43.581926523192188 ], [ -79.520140666985398, 43.58151162617655 ] ] ] } },
{ "type": "Feature", "properties": { "vor_id": 2076, "theft_count": 37, "bike_trips": 3281.0, "theft_per_1000_trips": "11.277049679975617" }, "geometry": { "type": "Polygon", "coordinates": [ [ [ -79.379703293935052, 43.67126913798915 ], [ -79.37977611896973, 43.671629451234608 ], [ -79.378185340038812, 43.67331407019384 ], [ -79.377846683008102, 43.671637418652026 ], [ -79.379699175861489, 43.671266393903487 ], [ -79.379703293935052, 43.67126913798915 ] ] ] } },
{ "type": "Feature", "properties": { "vor_id": 2081, "theft_count": 6, "bike_trips": 2278.0, "theft_per_1000_trips": "2.633889376646181" }, "geometry": { "type": "Polygon", "coordinates": [ [ [ -79.428744210065787, 43.673307652761288 ], [ -79.427682753310265, 43.673390698782292 ], [ -79.427077865901481, 43.671558572251207 ], [ -79.428013449174529, 43.670536455836768 ], [ -79.428978150861411, 43.67076549711787 ], [ -79.429106549822933, 43.670930258728937 ], [ -79.428875224576217, 43.673025077326812 ], [ -79.428744210065787, 43.673307652761288 ] ] ] } },
{ "type": "Feature", "properties": { "vor_id": 2086, "theft_count": 19, "bike_trips": 2578.0, "theft_per_1000_trips": "7.370054305663305" }, "geometry": { "type": "Polygon", "coordinates": [ [ [ -79.335874811389374, 43.672356967292053 ], [ -79.335815923469895, 43.674568547095703 ], [ -79.334675825013775, 43.675089356347648 ], [ -79.333489293456211, 43.675631376740348 ], [ -79.332464958718205, 43.675134009517699 ], [ -79.332189240127121, 43.674961251489961 ], [ -79.33177960719469, 43.671116651867045 ], [ -79.334384892281037, 43.670495977664238 ], [ -79.334556231939459, 43.67054717661361 ], [ -79.33475236702192, 43.670816378021208 ], [ -79.335874811389374, 43.672356967292053 ] ] ] } },
{ "type": "Feature", "properties": { "vor_id": 2089, "theft_count": 6, "bike_trips": 4062.0, "theft_per_1000_trips": "1.4771048744460857" }, "geometry": { "type": "Polygon", "coordinates": [ [ [ -79.516713112146633, 43.680607237467378 ], [ -79.51243615394533, 43.671841791594254 ], [ -79.520490892711052, 43.666072556872876 ], [ -79.528342869637598, 43.673407338179388 ], [ -79.518792700667248, 43.683139779419299 ], [ -79.516713112146633, 43.680607237467378 ] ] ] } },
{ "type": "Feature", "properties": { "vor_id": 2090, "theft_count": 21, "bike_trips": 10759.0, "theft_per_1000_trips": "1.951854261548471" }, "geometry": { "type": "Polygon", "coordinates": [ [ [ -79.282926304519933, 43.743285449381261 ], [ -79.280926209586454, 43.761619411513756 ], [ -79.279987186406629, 43.76273754541149 ], [ -79.276461496341668, 43.764935607197337 ], [ -79.275556849090506, 43.765268265576211 ], [ -79.271685963848483, 43.763751982075668 ], [ -79.268009614730389, 43.758539339444411 ], [ -79.263550699496889, 43.750838825861408 ], [ -79.282926304519933, 43.743285449381261 ] ] ] } },
{ "type": "Feature", "properties": { "vor_id": 2092, "theft_count": 10, "bike_trips": 7540.0, "theft_per_1000_trips": "1.3262599469496021" }, "geometry": { "type": "Polygon", "coordinates": [ [ [ -79.342712140088068, 43.778578158112083 ], [ -79.343338904746801, 43.778508720398015 ], [ -79.344672613766022, 43.779923397238029 ], [ -79.345603954810755, 43.782181227169332 ], [ -79.341845322360129, 43.789977702565125 ], [ -79.339617808646508, 43.79105555858402 ], [ -79.334144810944707, 43.785752389368916 ], [ -79.33769373629417, 43.781778014236778 ], [ -79.342712140088068, 43.778578158112083 ] ] ] } },
{ "type": "Feature", "properties": { "vor_id": 2093, "theft_count": 4, "bike_trips": 3923.0, "theft_per_1000_trips": "1.0196278358399185" }, "geometry": { "type": "Polygon", "coordinates": [ [ [ -79.476977281497781, 43.589448924662342 ], [ -79.478149788623327, 43.589233312774468 ], [ -79.486188131613716, 43.587755144949469 ], [ -79.489973036616689, 43.587059140212823 ], [ -79.494643097091313, 43.586200364574282 ], [ -79.495098792950714, 43.586931708571782 ], [ -79.494921461999908, 43.590541363 ], [ -79.495162225666292, 43.59544222001648 ], [ -79.495882197979739, 43.600295879100806 ], [ -79.4970744452133, 43.605055596862726 ], [ -79.497141427413695, 43.605242799571919 ], [ -79.495671227988382, 43.606092148167498 ], [ -79.491991040468761, 43.602815676639089 ], [ -79.478113589125641, 43.590460579522407 ], [ -79.476977281497781, 43.589448924662342 ] ] ] } },
{ "type": "Feature", "properties": { "vor_id": 2094, "theft_count": 22, "bike_trips": 2211.0, "theft_per_1000_trips": "9.950248756218905" }, "geometry": { "type": "Polygon", "coordinates": [ [ [ -79.425760814703693, 43.644812087480027 ], [ -79.425180078958704, 43.641948484622105 ], [ -79.425768626297682, 43.641738758973887 ], [ -79.426405524257575, 43.642032966729275 ], [ -79.426723720358694, 43.643558286392661 ], [ -79.425760814703693, 43.644812087480027 ] ] ] } },
{ "type": "Feature", "properties": { "vor_id": 2100, "theft_count": 8, "bike_trips": 2722.0, "theft_per_1000_trips": "2.9390154298310063" }, "geometry": { "type": "Polygon", "coordinates": [ [ [ -79.404499198693273, 43.744698297307608 ], [ -79.404828116187929, 43.744710529473707 ], [ -79.407124572687934, 43.755148652587508 ], [ -79.40644278228514, 43.755430465988503 ], [ -79.398092986383745, 43.751509808651797 ], [ -79.404499198693273, 43.744698297307608 ] ] ] } },
{ "type": "Feature", "properties": { "vor_id": 2101, "theft_count": 15, "bike_trips": 3565.0, "theft_per_1000_trips": "4.207573632538569" }, "geometry": { "type": "Polygon", "coordinates": [ [ [ -79.418120121471986, 43.692159185508231 ], [ -79.418044290216628, 43.688896802313444 ], [ -79.421910113109163, 43.687327533195315 ], [ -79.423780582999981, 43.691211245937374 ], [ -79.423698691449829, 43.691287835232046 ], [ -79.418120121471986, 43.692159185508231 ] ] ] } },
{ "type": "Feature", "properties": { "vor_id": 2104, "theft_count": 17, "bike_trips": 7676.0, "theft_per_1000_trips": "2.214695153725899" }, "geometry": { "type": "Polygon", "coordinates": [ [ [ -79.26078419870872, 43.749828248587455 ], [ -79.263550699496889, 43.750838825861408 ], [ -79.268009614730389, 43.758539339444411 ], [ -79.25924899177096, 43.767709736300304 ], [ -79.26078419870872, 43.749828248587455 ] ] ] } },
{ "type": "Feature", "properties": { "vor_id": 2105, "theft_count": 0, "bike_trips": 1306.0, "theft_per_1000_trips": "0.0" }, "geometry": { "type": "Polygon", "coordinates": [ [ [ -79.480612588354731, 43.612536533982961 ], [ -79.476451162535966, 43.608481670850168 ], [ -79.479392757809265, 43.609502648530338 ], [ -79.48250734935732, 43.610617681188948 ], [ -79.484005479782482, 43.613785211841396 ], [ -79.484585715969303, 43.614753277434524 ], [ -79.480612588354731, 43.612536533982961 ] ] ] } },
{ "type": "Feature", "properties": { "vor_id": 2111, "theft_count": 16, "bike_trips": 4332.0, "theft_per_1000_trips": "3.693444136657433" }, "geometry": { "type": "Polygon", "coordinates": [ [ [ -79.472722703130813, 43.748660073918934 ], [ -79.463263544611181, 43.751130297547419 ], [ -79.461081627666957, 43.740155401595182 ], [ -79.473526267359205, 43.745320059646779 ], [ -79.472722703130813, 43.748660073918934 ] ] ] } },
{ "type": "Feature", "properties": { "vor_id": 2112, "theft_count": 21, "bike_trips": 4407.0, "theft_per_1000_trips": "4.765146358066712" }, "geometry": { "type": "Polygon", "coordinates": [ [ [ -79.40972941987404, 43.764482981232931 ], [ -79.41536559026504, 43.76311437963458 ], [ -79.418068820103031, 43.763555145441281 ], [ -79.409756378496283, 43.765801072316236 ], [ -79.409147017998734, 43.765481329533451 ], [ -79.40972941987404, 43.764482981232931 ] ] ] } },
{ "type": "Feature", "properties": { "vor_id": 2113, "theft_count": 4, "bike_trips": 4025.0, "theft_per_1000_trips": "0.9937888198757764" }, "geometry": { "type": "Polygon", "coordinates": [ [ [ -79.34084832981047, 43.655908677368437 ], [ -79.337949579373188, 43.657114954556711 ], [ -79.336905971677083, 43.656696087416229 ], [ -79.331841886593949, 43.651258999345259 ], [ -79.326810264767417, 43.639226157122522 ], [ -79.328994805709627, 43.640207014303058 ], [ -79.329901184782571, 43.642123391841395 ], [ -79.332423767384867, 43.646332066651077 ], [ -79.33534672533186, 43.65027321920828 ], [ -79.338641908940673, 43.653908894059427 ], [ -79.34084832981047, 43.655908677368437 ] ] ] } },
{ "type": "Feature", "properties": { "vor_id": 2115, "theft_count": 0, "bike_trips": 1097.0, "theft_per_1000_trips": "0.0" }, "geometry": { "type": "Polygon", "coordinates": [ [ [ -79.409527759977294, 43.653799252183539 ], [ -79.40940871621433, 43.653846965080184 ], [ -79.409513802343895, 43.653731020403413 ], [ -79.409527759977294, 43.653799252183539 ] ] ] } },
{ "type": "Feature", "properties": { "vor_id": 2116, "theft_count": 2, "bike_trips": 9785.0, "theft_per_1000_trips": "0.20439448134900357" }, "geometry": { "type": "Polygon", "coordinates": [ [ [ -79.188420430603742, 43.79740928183989 ], [ -79.188633630454689, 43.797395821718155 ], [ -79.194950243145669, 43.804925624005215 ], [ -79.193021542782574, 43.808143466158803 ], [ -79.190923629374439, 43.812579131381845 ], [ -79.189270589213393, 43.817199069137374 ], [ -79.188078341979832, 43.821958786899295 ], [ -79.187638523055284, 43.824923805246165 ], [ -79.181283870514349, 43.82269050624474 ], [ -79.182534962217318, 43.820603185841399 ], [ -79.184632875625454, 43.816167520618357 ], [ -79.186285915786499, 43.811547582862829 ], [ -79.18747816302006, 43.806787865100908 ], [ -79.188198135333508, 43.801934206016583 ], [ -79.188420430603742, 43.79740928183989 ] ] ] } },
{ "type": "Feature", "properties": { "vor_id": 2117, "theft_count": 19, "bike_trips": 4407.0, "theft_per_1000_trips": "4.311322895393691" }, "geometry": { "type": "Polygon", "coordinates": [ [ [ -79.419086097362921, 43.76365080876981 ], [ -79.419393100598427, 43.764044529171919 ], [ -79.419203559130779, 43.764805568044352 ], [ -79.411057362121454, 43.766853925127364 ], [ -79.409756378496283, 43.765801072316236 ], [ -79.418068820103031, 43.763555145441281 ], [ -79.419086097362921, 43.76365080876981 ] ] ] } },
{ "type": "Feature", "properties": { "vor_id": 2120, "theft_count": 13, "bike_trips": 2222.0, "theft_per_1000_trips": "5.8505850585058505" }, "geometry": { "type": "Polygon", "coordinates": [ [ [ -79.428502867584299, 43.640933242873423 ], [ -79.427525027815165, 43.641312722288582 ], [ -79.426906311845769, 43.640049742623951 ], [ -79.427493811604762, 43.639205770329191 ], [ -79.428215274306581, 43.639528009355921 ], [ -79.428502867584299, 43.640933242873423 ] ] ] } },
{ "type": "Feature", "properties": { "vor_id": 2121, "theft_count": 35, "bike_trips": 4556.0, "theft_per_1000_trips": "7.6821773485513605" }, "geometry": { "type": "Polygon", "coordinates": [ [ [ -79.42050956703946, 43.675411189824608 ], [ -79.419576456882936, 43.67314611479069 ], [ -79.419950417193306, 43.669738367437589 ], [ -79.42151638382299, 43.66913600919483 ], [ -79.422396333490042, 43.669969517963608 ], [ -79.423115302139863, 43.673623458096856 ], [ -79.422282501179282, 43.674635596501105 ], [ -79.422158977238695, 43.674737180061875 ], [ -79.42050956703946, 43.675411189824608 ] ] ] } },
{ "type": "Feature", "properties": { "vor_id": 2123, "theft_count": 6, "bike_trips": 1072.0, "theft_per_1000_trips": "5.597014925373134" }, "geometry": { "type": "Polygon", "coordinates": [ [ [ -79.398600189830304, 43.662526656656709 ], [ -79.398509711190869, 43.662084629726508 ], [ -79.400219117604053, 43.661060050952145 ], [ -79.400377388866147, 43.661821471017568 ], [ -79.398600189830304, 43.662526656656709 ] ] ] } },
{ "type": "Feature", "properties": { "vor_id": 2124, "theft_count": 13, "bike_trips": 2383.0, "theft_per_1000_trips": "5.455308434746119" }, "geometry": { "type": "Polygon", "coordinates": [ [ [ -79.440675118616667, 43.708732718270049 ], [ -79.442028752983774, 43.71021442126677 ], [ -79.433045408468018, 43.713907061143082 ], [ -79.432455704494245, 43.713503069828647 ], [ -79.434093592032667, 43.71137754064199 ], [ -79.440675118616667, 43.708732718270049 ] ] ] } },
{ "type": "Feature", "properties": { "vor_id": 2125, "theft_count": 8, "bike_trips": 2288.0, "theft_per_1000_trips": "3.4965034965034967" }, "geometry": { "type": "Polygon", "coordinates": [ [ [ -79.436659533870554, 43.672210913402587 ], [ -79.436103103789463, 43.669646037814211 ], [ -79.437195116940771, 43.669239336923539 ], [ -79.438685537381204, 43.670350298179045 ], [ -79.439067116118892, 43.670910849763615 ], [ -79.438273454025719, 43.67155143112776 ], [ -79.436659533870554, 43.672210913402587 ] ] ] } },
{ "type": "Feature", "properties": { "vor_id": 2127, "theft_count": 5, "bike_trips": 2600.0, "theft_per_1000_trips": "1.9230769230769231" }, "geometry": { "type": "Polygon", "coordinates": [ [ [ -79.351936339790441, 43.684411952115582 ], [ -79.350663478915607, 43.687082062796271 ], [ -79.349041557048793, 43.686856503039422 ], [ -79.348618505200349, 43.684230424446483 ], [ -79.351032276060494, 43.683308061112946 ], [ -79.351936339790441, 43.684411952115582 ] ] ] } },
{ "type": "Feature", "properties": { "vor_id": 2129, "theft_count": 13, "bike_trips": 2269.0, "theft_per_1000_trips": "5.729396209784046" }, "geometry": { "type": "Polygon", "coordinates": [ [ [ -79.473935240787142, 43.657124159318272 ], [ -79.471620267575105, 43.655123396594561 ], [ -79.473683797976292, 43.653314435752577 ], [ -79.476547579770198, 43.654009355037871 ], [ -79.477552630652866, 43.654399740175307 ], [ -79.478169815336784, 43.654745747310216 ], [ -79.478692923596356, 43.655080048365654 ], [ -79.47864611258565, 43.655171968559905 ], [ -79.473935240787142, 43.657124159318272 ] ] ] } },
{ "type": "Feature", "properties": { "vor_id": 2138, "theft_count": 20, "bike_trips": 2553.0, "theft_per_1000_trips": "7.833920877399139" }, "geometry": { "type": "Polygon", "coordinates": [ [ [ -79.321829989009032, 43.681614320105943 ], [ -79.322285094212603, 43.683809361196246 ], [ -79.320634332754111, 43.684508342467019 ], [ -79.319793070964508, 43.680470908285869 ], [ -79.321829989009032, 43.681614320105943 ] ] ] } },
{ "type": "Feature", "properties": { "vor_id": 2141, "theft_count": 14, "bike_trips": 5079.0, "theft_per_1000_trips": "2.756448119708604" }, "geometry": { "type": "Polygon", "coordinates": [ [ [ -79.417696506081597, 43.730845042787131 ], [ -79.430306318859863, 43.731108413771331 ], [ -79.43162798332817, 43.731579617358001 ], [ -79.429950779315121, 43.737017426512438 ], [ -79.426598434231806, 43.741212346380451 ], [ -79.417162919126056, 43.733392278961773 ], [ -79.4170713529425, 43.73127084515955 ], [ -79.417109599353438, 43.7311702682846 ], [ -79.417696506081597, 43.730845042787131 ] ] ] } },
{ "type": "Feature", "properties": { "vor_id": 2147, "theft_count": 55, "bike_trips": 2142.0, "theft_per_1000_trips": "25.67693744164332" }, "geometry": { "type": "Polygon", "coordinates": [ [ [ -79.393191295368709, 43.657596765886325 ], [ -79.393475862301045, 43.657599926666641 ], [ -79.39395260302291, 43.660114297702577 ], [ -79.392979316688127, 43.660911648598834 ], [ -79.39212504610326, 43.659582647889351 ], [ -79.392840720137784, 43.657741358664218 ], [ -79.393191295368709, 43.657596765886325 ] ] ] } },
{ "type": "Feature", "properties": { "vor_id": 2149, "theft_count": 11, "bike_trips": 2151.0, "theft_per_1000_trips": "5.113900511390051" }, "geometry": { "type": "Polygon", "coordinates": [ [ [ -79.406115979306122, 43.664508422198566 ], [ -79.406624242568583, 43.66389264518515 ], [ -79.407311208528398, 43.667191953857774 ], [ -79.407156594414872, 43.66732103039427 ], [ -79.406699376535769, 43.667267801235113 ], [ -79.406115979306122, 43.664508422198566 ] ] ] } },
{ "type": "Feature", "properties": { "vor_id": 2150, "theft_count": 16, "bike_trips": 2239.0, "theft_per_1000_trips": "7.146047342563644" }, "geometry": { "type": "Polygon", "coordinates": [ [ [ -79.440751358056801, 43.638196830415126 ], [ -79.439589912383596, 43.640877226739931 ], [ -79.438049497876534, 43.638890859728519 ], [ -79.438195373799374, 43.637759163366745 ], [ -79.439715917774478, 43.637196593289346 ], [ -79.440788583732896, 43.638091623757134 ], [ -79.440751358056801, 43.638196830415126 ] ] ] } },
{ "type": "Feature", "properties": { "vor_id": 2155, "theft_count": 23, "bike_trips": 2251.0, "theft_per_1000_trips": "10.217681030653043" }, "geometry": { "type": "Polygon", "coordinates": [ [ [ -79.458315952882714, 43.655245713777489 ], [ -79.457476178592046, 43.657547844187057 ], [ -79.453778103974727, 43.655942990248363 ], [ -79.454982267723935, 43.652593482150913 ], [ -79.458315952882714, 43.655245713777489 ] ] ] } },
{ "type": "Feature", "properties": { "vor_id": 2162, "theft_count": 76, "bike_trips": 4868.0, "theft_per_1000_trips": "15.61216105176664" }, "geometry": { "type": "Polygon", "coordinates": [ [ [ -79.391444620511976, 43.692413295287366 ], [ -79.387776415052016, 43.688146411285345 ], [ -79.38877357264991, 43.686804588099996 ], [ -79.389144581692008, 43.686512291261558 ], [ -79.390679397454235, 43.686598064988289 ], [ -79.394021661897412, 43.687635059263805 ], [ -79.393019017764786, 43.690219687305877 ], [ -79.391444620511976, 43.692413295287366 ] ] ] } },
{ "type": "Feature", "properties": { "vor_id": 2165, "theft_count": 7, "bike_trips": 2039.0, "theft_per_1000_trips": "3.4330554193231975" }, "geometry": { "type": "Polygon", "coordinates": [ [ [ -79.361965109331891, 43.667883867803674 ], [ -79.362377060134563, 43.667125492571223 ], [ -79.364242731899182, 43.667592819020257 ], [ -79.364341582818042, 43.667607482168926 ], [ -79.364327921210943, 43.667640191919524 ], [ -79.363861112253588, 43.667851425312485 ], [ -79.361965109331891, 43.667883867803674 ] ] ] } },
{ "type": "Feature", "properties": { "vor_id": 2172, "theft_count": 12, "bike_trips": 4826.0, "theft_per_1000_trips": "2.4865312888520514" }, "geometry": { "type": "Polygon", "coordinates": [ [ [ -79.404107231281714, 43.694940054250559 ], [ -79.408543839035787, 43.693164757847178 ], [ -79.411206519618148, 43.694892649054367 ], [ -79.411176432088851, 43.698387221527319 ], [ -79.403571958488186, 43.701693362892385 ], [ -79.401938339322911, 43.699725772069087 ], [ -79.404107231281714, 43.694940054250559 ] ] ] } },
{ "type": "Feature", "properties": { "vor_id": 2176, "theft_count": 3, "bike_trips": 3601.0, "theft_per_1000_trips": "0.8331019161344071" }, "geometry": { "type": "Polygon", "coordinates": [ [ [ -79.430306318859863, 43.731108413771331 ], [ -79.423127994251502, 43.725235579407084 ], [ -79.423524182941293, 43.723702223324892 ], [ -79.428202123999455, 43.72367376017538 ], [ -79.432825651188764, 43.730517710346476 ], [ -79.43162798332817, 43.731579617358001 ], [ -79.430306318859863, 43.731108413771331 ] ] ] } },
{ "type": "Feature", "properties": { "vor_id": 2179, "theft_count": 10, "bike_trips": 6294.0, "theft_per_1000_trips": "1.5888147442008262" }, "geometry": { "type": "Polygon", "coordinates": [ [ [ -79.238859664611269, 43.692285962826475 ], [ -79.239030693942823, 43.692165616683155 ], [ -79.253545241320154, 43.68195234049788 ], [ -79.262420560746591, 43.702649049331981 ], [ -79.257654366850161, 43.707363376779007 ], [ -79.239226980370887, 43.692580629466505 ], [ -79.238859664611269, 43.692285962826475 ] ] ] } },
{ "type": "Feature", "properties": { "vor_id": 2181, "theft_count": 16, "bike_trips": 2237.0, "theft_per_1000_trips": "7.152436298614216" }, "geometry": { "type": "Polygon", "coordinates": [ [ [ -79.431857514691075, 43.638280986662345 ], [ -79.430908987767879, 43.639764328169015 ], [ -79.429749292031573, 43.639238052718127 ], [ -79.429217447651737, 43.636670253914637 ], [ -79.429521550735998, 43.636424671572911 ], [ -79.431501177426611, 43.636546519190688 ], [ -79.431857514691075, 43.638280986662345 ] ] ] } },
{ "type": "Feature", "properties": { "vor_id": 2182, "theft_count": 8, "bike_trips": 2088.0, "theft_per_1000_trips": "3.8314176245210727" }, "geometry": { "type": "Polygon", "coordinates": [ [ [ -79.385865330998527, 43.673432386252479 ], [ -79.385950584029317, 43.673127851097867 ], [ -79.388721092749748, 43.671989545757349 ], [ -79.388657246590881, 43.67242954020179 ], [ -79.385972671755084, 43.673532914023703 ], [ -79.385865330998527, 43.673432386252479 ] ] ] } },
{ "type": "Feature", "properties": { "vor_id": 2183, "theft_count": 30, "bike_trips": 2553.0, "theft_per_1000_trips": "11.750881316098708" }, "geometry": { "type": "Polygon", "coordinates": [ [ [ -79.316819181925624, 43.685628352361377 ], [ -79.315018748521467, 43.68714869481753 ], [ -79.312669408080495, 43.685184028558609 ], [ -79.316381377081612, 43.683615786091224 ], [ -79.316819181925624, 43.685628352361377 ] ] ] } },
{ "type": "Feature", "properties": { "vor_id": 2185, "theft_count": 6, "bike_trips": 2535.0, "theft_per_1000_trips": "2.366863905325444" }, "geometry": { "type": "Polygon", "coordinates": [ [ [ -79.296621008857855, 43.681575778403435 ], [ -79.295138433777922, 43.675328543839974 ], [ -79.296193612808196, 43.675086943188532 ], [ -79.297430724010923, 43.680214093540322 ], [ -79.296621008857855, 43.681575778403435 ] ] ] } },
{ "type": "Feature", "properties": { "vor_id": 2190, "theft_count": 9, "bike_trips": 3538.0, "theft_per_1000_trips": "2.543810062182024" }, "geometry": { "type": "Polygon", "coordinates": [ [ [ -79.427393433306761, 43.67604118554835 ], [ -79.42819687895809, 43.677214274315425 ], [ -79.426386380078441, 43.677541383177491 ], [ -79.424472352974391, 43.676794217309748 ], [ -79.422158977238695, 43.674737180061875 ], [ -79.422282501179282, 43.674635596501105 ], [ -79.427393433306761, 43.67604118554835 ] ] ] } },
{ "type": "Feature", "properties": { "vor_id": 2199, "theft_count": 14, "bike_trips": 3933.0, "theft_per_1000_trips": "3.559623696923468" }, "geometry": { "type": "Polygon", "coordinates": [ [ [ -79.480588564441931, 43.624862962995685 ], [ -79.482522699125411, 43.625868162779355 ], [ -79.483458488853799, 43.631748465130592 ], [ -79.478181681950034, 43.628388369665984 ], [ -79.479185357712439, 43.625074117197457 ], [ -79.480588564441931, 43.624862962995685 ] ] ] } },
{ "type": "Feature", "properties": { "vor_id": 2200, "theft_count": 18, "bike_trips": 3576.0, "theft_per_1000_trips": "5.033557046979865" }, "geometry": { "type": "Polygon", "coordinates": [ [ [ -79.424483718861609, 43.700472575926177 ], [ -79.423344732975622, 43.699363027796728 ], [ -79.423258306283543, 43.698925470829813 ], [ -79.425281495463892, 43.69652256848741 ], [ -79.42758927893469, 43.69622039865375 ], [ -79.429239898180498, 43.697028315327515 ], [ -79.429336627898934, 43.697482216036136 ], [ -79.427336677844835, 43.701010196396567 ], [ -79.424483718861609, 43.700472575926177 ] ] ] } },
{ "type": "Feature", "properties": { "vor_id": 2204, "theft_count": 38, "bike_trips": 5172.0, "theft_per_1000_trips": "7.347254447022428" }, "geometry": { "type": "Polygon", "coordinates": [ [ [ -79.344546402311792, 43.678125896358218 ], [ -79.346337305099809, 43.679881571819259 ], [ -79.345553631935189, 43.680994765493381 ], [ -79.344066925763755, 43.681036921497522 ], [ -79.343888510695592, 43.680671172481659 ], [ -79.344346025965393, 43.678205927176066 ], [ -79.344546402311792, 43.678125896358218 ] ] ] } },
{ "type": "Feature", "properties": { "vor_id": 2206, "theft_count": 15, "bike_trips": 27907.0, "theft_per_1000_trips": "0.5374995520837066" }, "geometry": { "type": "Polygon", "coordinates": [ [ [ -79.34813023611737, 43.823399471776895 ], [ -79.348531970918657, 43.824673791982377 ], [ -79.336419071410333, 43.827391361848626 ], [ -79.322861077462591, 43.83043314352723 ], [ -79.312174811856138, 43.810484099739767 ], [ -79.319384866220204, 43.803198001740206 ], [ -79.329622903838768, 43.802859693233415 ], [ -79.34813023611737, 43.823399471776895 ] ] ] } },
{ "type": "Feature", "properties": { "vor_id": 2208, "theft_count": 9, "bike_trips": 2259.0, "theft_per_1000_trips": "3.9840637450199203" }, "geometry": { "type": "Polygon", "coordinates": [ [ [ -79.382135885798306, 43.679855141872828 ], [ -79.385542645070601, 43.673488973830224 ], [ -79.385865330998527, 43.673432386252479 ], [ -79.385972671755084, 43.673532914023703 ], [ -79.387697493289863, 43.675312983317617 ], [ -79.386348652926344, 43.678983760774592 ], [ -79.38621209190768, 43.679215043612665 ], [ -79.385512787945117, 43.679491126288795 ], [ -79.382135885798306, 43.679855141872828 ] ] ] } },
{ "type": "Feature", "properties": { "vor_id": 2217, "theft_count": 1, "bike_trips": 6857.0, "theft_per_1000_trips": "0.14583637159107482" }, "geometry": { "type": "Polygon", "coordinates": [ [ [ -79.416993467903126, 43.74989422074205 ], [ -79.41658037845373, 43.751185556439438 ], [ -79.407306847599571, 43.75517271509306 ], [ -79.407287647340567, 43.755174675277189 ], [ -79.407124572687934, 43.755148652587508 ], [ -79.404828116187929, 43.744710529473707 ], [ -79.410083625893932, 43.74399849312843 ], [ -79.416993467903126, 43.74989422074205 ] ] ] } },
{ "type": "Feature", "properties": { "vor_id": 2219, "theft_count": 15, "bike_trips": 2945.0, "theft_per_1000_trips": "5.093378607809847" }, "geometry": { "type": "Polygon", "coordinates": [ [ [ -79.411676315197823, 43.760906712269396 ], [ -79.409802684286404, 43.761372100831537 ], [ -79.410601585902796, 43.75850225219822 ], [ -79.411152540374033, 43.758372296119639 ], [ -79.411676315197823, 43.760906712269396 ] ] ] } },
{ "type": "Feature", "properties": { "vor_id": 2226, "theft_count": 8, "bike_trips": 1195.0, "theft_per_1000_trips": "6.694560669456067" }, "geometry": { "type": "Polygon", "coordinates": [ [ [ -79.438464943593061, 43.703209271272961 ], [ -79.43845785102566, 43.703222954521635 ], [ -79.435839244834568, 43.702438729557521 ], [ -79.435615636222195, 43.700893574891175 ], [ -79.437601615681046, 43.698893925416108 ], [ -79.438464943593061, 43.703209271272961 ] ] ] } },
{ "type": "Feature", "properties": { "vor_id": 2227, "theft_count": 28, "bike_trips": 7879.0, "theft_per_1000_trips": "3.5537504759487244" }, "geometry": { "type": "Polygon", "coordinates": [ [ [ -79.276298105335371, 43.77059588795818 ], [ -79.287974447554348, 43.776519890883513 ], [ -79.287406791680027, 43.777024797615809 ], [ -79.280499129198304, 43.783168881468789 ], [ -79.276241751750106, 43.783043478866503 ], [ -79.274964864057949, 43.782662349469888 ], [ -79.274338643792689, 43.782475433303873 ], [ -79.276298105335371, 43.77059588795818 ] ] ] } },
{ "type": "Feature", "properties": { "vor_id": 2228, "theft_count": 5, "bike_trips": 3490.0, "theft_per_1000_trips": "1.4326647564469914" }, "geometry": { "type": "Polygon", "coordinates": [ [ [ -79.45646229726357, 43.676901096007718 ], [ -79.456389984781666, 43.676894439878502 ], [ -79.455184303358521, 43.671146153313252 ], [ -79.455975763067414, 43.669585809868089 ], [ -79.459110311952657, 43.671278843951661 ], [ -79.459151785666322, 43.671653963237411 ], [ -79.45646229726357, 43.676901096007718 ] ] ] } },
{ "type": "Feature", "properties": { "vor_id": 2233, "theft_count": 4, "bike_trips": 4718.0, "theft_per_1000_trips": "0.8478168715557439" }, "geometry": { "type": "Polygon", "coordinates": [ [ [ -79.424862982673716, 43.679972204565104 ], [ -79.424508295629721, 43.680123392499596 ], [ -79.42024477958438, 43.676074057867098 ], [ -79.420224522320467, 43.675794834342106 ], [ -79.42050956703946, 43.675411189824608 ], [ -79.422158977238695, 43.674737180061875 ], [ -79.424472352974391, 43.676794217309748 ], [ -79.425020880689289, 43.679404252897037 ], [ -79.424862982673716, 43.679972204565104 ] ] ] } },
{ "type": "Feature", "properties": { "vor_id": 2235, "theft_count": 6, "bike_trips": 1108.0, "theft_per_1000_trips": "5.415162454873646" }, "geometry": { "type": "Polygon", "coordinates": [ [ [ -79.435451593249297, 43.65326597991406 ], [ -79.434979557654273, 43.656470236743687 ], [ -79.431787402320708, 43.655807070001622 ], [ -79.432339706627133, 43.654441520863003 ], [ -79.435451593249297, 43.65326597991406 ] ] ] } },
{ "type": "Feature", "properties": { "vor_id": 2241, "theft_count": 17, "bike_trips": 6030.0, "theft_per_1000_trips": "2.8192371475953566" }, "geometry": { "type": "Polygon", "coordinates": [ [ [ -79.416023598100239, 43.701953486503911 ], [ -79.419813288390429, 43.705709100526974 ], [ -79.420284692931332, 43.708191159406553 ], [ -79.411745090413319, 43.712231243201188 ], [ -79.411459002440338, 43.712253292732051 ], [ -79.415838691269414, 43.701960401856155 ], [ -79.416023598100239, 43.701953486503911 ] ] ] } },
{ "type": "Feature", "properties": { "vor_id": 2242, "theft_count": 10, "bike_trips": 2576.0, "theft_per_1000_trips": "3.8819875776397517" }, "geometry": { "type": "Polygon", "coordinates": [ [ [ -79.342562521617879, 43.680109469836694 ], [ -79.342052727191117, 43.677487810938651 ], [ -79.344346025965393, 43.678205927176066 ], [ -79.343888510695592, 43.680671172481659 ], [ -79.342562521617879, 43.680109469836694 ] ] ] } },
{ "type": "Feature", "properties": { "vor_id": 2246, "theft_count": 4, "bike_trips": 3991.0, "theft_per_1000_trips": "1.0022550739163116" }, "geometry": { "type": "Polygon", "coordinates": [ [ [ -79.513218024486264, 43.640338898651457 ], [ -79.512845568424595, 43.637796992716019 ], [ -79.513587309137179, 43.638062391786711 ], [ -79.518347026899093, 43.639254639020258 ], [ -79.523200685983426, 43.639974611333706 ], [ -79.524678968799776, 43.640047234711538 ], [ -79.522333138970239, 43.644827089030237 ], [ -79.517518825050615, 43.64492155498862 ], [ -79.513218024486264, 43.640338898651457 ] ] ] } },
{ "type": "Feature", "properties": { "vor_id": 2258, "theft_count": 13, "bike_trips": 2434.0, "theft_per_1000_trips": "5.341002465078061" }, "geometry": { "type": "Polygon", "coordinates": [ [ [ -79.394964683360712, 43.701505177230629 ], [ -79.398880849915471, 43.7021773571281 ], [ -79.39874391786509, 43.702608999379713 ], [ -79.396064608632642, 43.704106466137652 ], [ -79.394571633725192, 43.702655450286557 ], [ -79.394964683360712, 43.701505177230629 ] ] ] } },
{ "type": "Feature", "properties": { "vor_id": 2260, "theft_count": 16, "bike_trips": 3867.0, "theft_per_1000_trips": "4.137574347039048" }, "geometry": { "type": "Polygon", "coordinates": [ [ [ -79.335874811389374, 43.672356967292053 ], [ -79.339971257720777, 43.668829855907425 ], [ -79.34123249650618, 43.670528573713881 ], [ -79.341586338678454, 43.671226843245307 ], [ -79.341857595435599, 43.672112629993414 ], [ -79.34207220409202, 43.673892544480445 ], [ -79.341921245716762, 43.674050375749388 ], [ -79.336426196579467, 43.674911484539287 ], [ -79.335815923469895, 43.674568547095703 ], [ -79.335874811389374, 43.672356967292053 ] ] ] } },
{ "type": "Feature", "properties": { "vor_id": 2263, "theft_count": 16, "bike_trips": 3569.0, "theft_per_1000_trips": "4.483048472961614" }, "geometry": { "type": "Polygon", "coordinates": [ [ [ -79.440964748412398, 43.699037585619784 ], [ -79.438464943593061, 43.703209271272961 ], [ -79.437601615681046, 43.698893925416108 ], [ -79.43823480509235, 43.698104743436318 ], [ -79.440964748412398, 43.699037585619784 ] ] ] } },
{ "type": "Feature", "properties": { "vor_id": 2264, "theft_count": 2, "bike_trips": 2585.0, "theft_per_1000_trips": "0.7736943907156673" }, "geometry": { "type": "Polygon", "coordinates": [ [ [ -79.34544252438387, 43.670619197099064 ], [ -79.341857595435599, 43.672112629993414 ], [ -79.341586338678454, 43.671226843245307 ], [ -79.34496912881923, 43.669892083507811 ], [ -79.34544252438387, 43.670619197099064 ] ] ] } },
{ "type": "Feature", "properties": { "vor_id": 2265, "theft_count": 25, "bike_trips": 1195.0, "theft_per_1000_trips": "20.920502092050206" }, "geometry": { "type": "Polygon", "coordinates": [ [ [ -79.431401596138869, 43.701506192018478 ], [ -79.434842157065233, 43.700074013150925 ], [ -79.435615636222195, 43.700893574891175 ], [ -79.435839244834568, 43.702438729557521 ], [ -79.435280644087996, 43.702849926505735 ], [ -79.432930844879394, 43.703842680270647 ], [ -79.430720330317399, 43.703756719148572 ], [ -79.431401596138869, 43.701506192018478 ] ] ] } },
{ "type": "Feature", "properties": { "vor_id": 2266, "theft_count": 16, "bike_trips": 1024.0, "theft_per_1000_trips": "15.625" }, "geometry": { "type": "Polygon", "coordinates": [ [ [ -79.371603664938007, 43.656748290879698 ], [ -79.371285175751368, 43.655239391719455 ], [ -79.373099912529256, 43.654496563816032 ], [ -79.373512159660407, 43.656488490500159 ], [ -79.373121659969812, 43.656965713904789 ], [ -79.371603664938007, 43.656748290879698 ] ] ] } },
{ "type": "Feature", "properties": { "vor_id": 2269, "theft_count": 22, "bike_trips": 2174.0, "theft_per_1000_trips": "10.119595216191351" }, "geometry": { "type": "Polygon", "coordinates": [ [ [ -79.411853355236147, 43.669192219959335 ], [ -79.413136983930357, 43.668682700947656 ], [ -79.41341429928778, 43.668778814606412 ], [ -79.413844633930324, 43.670718411290174 ], [ -79.413450862582266, 43.670873908976553 ], [ -79.411853355236147, 43.669192219959335 ] ] ] } },
{ "type": "Feature", "properties": { "vor_id": 2272, "theft_count": 12, "bike_trips": 1184.0, "theft_per_1000_trips": "10.135135135135135" }, "geometry": { "type": "Polygon", "coordinates": [ [ [ -79.425313409632807, 43.690306582338472 ], [ -79.423860630004825, 43.687142859002854 ], [ -79.42686242419822, 43.685953383805931 ], [ -79.427344684092049, 43.690050982851588 ], [ -79.425313409632807, 43.690306582338472 ] ] ] } },
{ "type": "Feature", "properties": { "vor_id": 2275, "theft_count": 17, "bike_trips": 2151.0, "theft_per_1000_trips": "7.903300790330079" }, "geometry": { "type": "Polygon", "coordinates": [ [ [ -79.406685201455034, 43.663780889958247 ], [ -79.406951716522016, 43.663572862645637 ], [ -79.407642736309967, 43.663752351500911 ], [ -79.40826478487935, 43.666822428527006 ], [ -79.407311208528398, 43.667191953857774 ], [ -79.406624242568583, 43.66389264518515 ], [ -79.406685201455034, 43.663780889958247 ] ] ] } },
{ "type": "Feature", "properties": { "vor_id": 2278, "theft_count": 95, "bike_trips": 59633.0, "theft_per_1000_trips": "1.5930776583435347" }, "geometry": { "type": "MultiPolygon", "coordinates": [ [ [ [ -79.585000642983417, 43.709843746666394 ], [ -79.589901499999897, 43.709602983 ], [ -79.594802357016377, 43.709843746666394 ], [ -79.59965601610071, 43.710563718979841 ], [ -79.60335498392449, 43.711490262185862 ], [ -79.606782606472649, 43.736860271388778 ], [ -79.589021999174136, 43.74000295252344 ], [ -79.588008966088893, 43.738784453841646 ], [ -79.582155463196955, 43.71026578921974 ], [ -79.585000642983417, 43.709843746666394 ] ] ], [ [ [ -79.550410724264296, 43.729016268901127 ], [ -79.552862394319348, 43.730773659402175 ], [ -79.556439789588168, 43.733337985075167 ], [ -79.558709969126753, 43.745891217 ], [ -79.553819644399738, 43.747818685520123 ], [ -79.548910084796105, 43.756344859799285 ], [ -79.549548999979734, 43.760652076100804 ], [ -79.550741247213296, 43.765411793862725 ], [ -79.552394287374341, 43.770031731618253 ], [ -79.554492200782477, 43.774467396841295 ], [ -79.556366968722543, 43.777595258183155 ], [ -79.544465031886261, 43.780338771801055 ], [ -79.543707523374337, 43.778737154618256 ], [ -79.542054483213292, 43.774117216862727 ], [ -79.541030443112561, 43.770029019617112 ], [ -79.540862235979731, 43.769357499100806 ], [ -79.540142263666283, 43.764503840016481 ], [ -79.5399014999999, 43.759602983 ], [ -79.540142263666283, 43.75470212598352 ], [ -79.540862235979731, 43.749848466899195 ], [ -79.541763151838296, 43.746251809181459 ], [ -79.542054483213292, 43.745088749137274 ], [ -79.5431973130313, 43.741894753765145 ], [ -79.543707523374337, 43.740468811381746 ], [ -79.545805436782473, 43.736033146158704 ], [ -79.548273523827206, 43.731915391693967 ], [ -79.548328019384769, 43.731824471349022 ], [ -79.550410724264296, 43.729016268901127 ] ] ], [ [ [ -79.607531630592803, 43.74240427413536 ], [ -79.608498227546036, 43.74955867146312 ], [ -79.608583072670058, 43.750575380474032 ], [ -79.608563882239622, 43.751595443038454 ], [ -79.608440856007135, 43.752608241366879 ], [ -79.608215274547618, 43.753603233282966 ], [ -79.607889485929249, 43.754570061956564 ], [ -79.60746688127243, 43.755498663707577 ], [ -79.60695185945174, 43.756379372758374 ], [ -79.606349781308239, 43.757203021844489 ], [ -79.60566691384868, 43.757961037636292 ], [ -79.596980149848676, 43.766666460636294 ], [ -79.596291144154762, 43.76729534593828 ], [ -79.595546534143637, 43.767857290331094 ], [ -79.594752799601977, 43.768347403630941 ], [ -79.593916847810746, 43.768761420746571 ], [ -79.593045953436174, 43.769095738795187 ], [ -79.592147695223787, 43.76934744845564 ], [ -79.581595983442483, 43.771779721905112 ], [ -79.585217108795149, 43.756521495321927 ], [ -79.590538131244628, 43.753986922884849 ], [ -79.596538415576347, 43.757538889170227 ], [ -79.59703289768332, 43.747565580640547 ], [ -79.607531630592803, 43.74240427413536 ] ] ] ] } },
{ "type": "Feature", "properties": { "vor_id": 2279, "theft_count": 14, "bike_trips": 2945.0, "theft_per_1000_trips": "4.753820033955857" }, "geometry": { "type": "Polygon", "coordinates": [ [ [ -79.410568105706133, 43.758499079010896 ], [ -79.408178646305601, 43.759200995722139 ], [ -79.407287647340567, 43.755174675277189 ], [ -79.407306847599571, 43.75517271509306 ], [ -79.410568105706133, 43.758499079010896 ] ] ] } },
{ "type": "Feature", "properties": { "vor_id": 2282, "theft_count": 20, "bike_trips": 2104.0, "theft_per_1000_trips": "9.505703422053232" }, "geometry": { "type": "Polygon", "coordinates": [ [ [ -79.386653123022612, 43.6556116935324 ], [ -79.38638859873015, 43.654337716049774 ], [ -79.387094348747837, 43.654047286864262 ], [ -79.388180158442125, 43.654223810183971 ], [ -79.387963720478396, 43.655053917542595 ], [ -79.386653123022612, 43.6556116935324 ] ] ] } },
{ "type": "Feature", "properties": { "vor_id": 2293, "theft_count": 13, "bike_trips": 9012.0, "theft_per_1000_trips": "1.4425210830004438" }, "geometry": { "type": "Polygon", "coordinates": [ [ [ -79.352376607511061, 43.787896201321857 ], [ -79.357167792113898, 43.781318899964688 ], [ -79.364820422436281, 43.783720143974499 ], [ -79.362505964455138, 43.797172496542814 ], [ -79.356523681650643, 43.795596393787186 ], [ -79.352376607511061, 43.787896201321857 ] ] ] } },
{ "type": "Feature", "properties": { "vor_id": 2295, "theft_count": 12, "bike_trips": 1231.0, "theft_per_1000_trips": "9.74817221770918" }, "geometry": { "type": "Polygon", "coordinates": [ [ [ -79.363856984376696, 43.70757413769887 ], [ -79.366700774204318, 43.70513165071538 ], [ -79.367140913203457, 43.705142531173152 ], [ -79.36751294711128, 43.705481757549308 ], [ -79.366254736745148, 43.708795201754647 ], [ -79.365091966943424, 43.709262354137429 ], [ -79.363856984376696, 43.70757413769887 ] ] ] } },
{ "type": "Feature", "properties": { "vor_id": 2298, "theft_count": 28, "bike_trips": 2205.0, "theft_per_1000_trips": "12.698412698412698" }, "geometry": { "type": "Polygon", "coordinates": [ [ [ -79.420441503215372, 43.65107506205505 ], [ -79.419893409501384, 43.649889049821617 ], [ -79.419876853043675, 43.64975087073492 ], [ -79.420615037351709, 43.648894046729005 ], [ -79.422207794014724, 43.647592481831786 ], [ -79.42370954667085, 43.648891158730557 ], [ -79.423689702167991, 43.649674977448733 ], [ -79.420441503215372, 43.65107506205505 ] ] ] } },
{ "type": "Feature", "properties": { "vor_id": 2301, "theft_count": 12, "bike_trips": 2353.0, "theft_per_1000_trips": "5.099872503187421" }, "geometry": { "type": "Polygon", "coordinates": [ [ [ -79.448178724201227, 43.673962472740818 ], [ -79.446967767274472, 43.675389893800109 ], [ -79.44342811576216, 43.67105299591411 ], [ -79.444695289948157, 43.669680026417453 ], [ -79.44491613369496, 43.669614232635517 ], [ -79.447256864901291, 43.670846388131288 ], [ -79.448178724201227, 43.673962472740818 ] ] ] } },
{ "type": "Feature", "properties": { "vor_id": 2302, "theft_count": 15, "bike_trips": 2415.0, "theft_per_1000_trips": "6.211180124223602" }, "geometry": { "type": "Polygon", "coordinates": [ [ [ -79.411703544202751, 43.725683521588145 ], [ -79.406574904063234, 43.727745722299048 ], [ -79.406336352054581, 43.727141691835165 ], [ -79.406104804668914, 43.726051219482649 ], [ -79.406803073272854, 43.723767115944227 ], [ -79.410581183732063, 43.724334387421848 ], [ -79.411703544202751, 43.725683521588145 ] ] ] } },
{ "type": "Feature", "properties": { "vor_id": 2304, "theft_count": 5, "bike_trips": 2413.0, "theft_per_1000_trips": "2.0721094073767095" }, "geometry": { "type": "Polygon", "coordinates": [ [ [ -79.40973502534483, 43.736081839080271 ], [ -79.407225066920873, 43.733559915881116 ], [ -79.406775019242559, 43.731573298657473 ], [ -79.407524523426929, 43.730283375477313 ], [ -79.40853646523297, 43.730563125415181 ], [ -79.40973502534483, 43.736081839080271 ] ] ] } },
{ "type": "Feature", "properties": { "vor_id": 2305, "theft_count": 13, "bike_trips": 7515.0, "theft_per_1000_trips": "1.7298735861610113" }, "geometry": { "type": "Polygon", "coordinates": [ [ [ -79.343802773788454, 43.750641178691836 ], [ -79.330315708620986, 43.749428598833831 ], [ -79.329079969873064, 43.74898774133429 ], [ -79.3262319151805, 43.745348375282909 ], [ -79.342059482192212, 43.730159465325634 ], [ -79.342826973459182, 43.730078669806964 ], [ -79.344071743193979, 43.731783168841908 ], [ -79.343802773788454, 43.750641178691836 ] ] ] } },
{ "type": "Feature", "properties": { "vor_id": 2307, "theft_count": 39, "bike_trips": 1067.0, "theft_per_1000_trips": "36.551077788191186" }, "geometry": { "type": "Polygon", "coordinates": [ [ [ -79.389997052418579, 43.649393771497628 ], [ -79.389867222436294, 43.648752809985076 ], [ -79.391036974414519, 43.648284158251528 ], [ -79.391305352585533, 43.64841824297357 ], [ -79.391490789191494, 43.649272048272877 ], [ -79.391488083346502, 43.649278888605821 ], [ -79.390324274450379, 43.649732988431204 ], [ -79.389997052418579, 43.649393771497628 ] ] ] } },
{ "type": "Feature", "properties": { "vor_id": 2309, "theft_count": 6, "bike_trips": 15975.0, "theft_per_1000_trips": "0.3755868544600939" }, "geometry": { "type": "Polygon", "coordinates": [ [ [ -79.416966089677487, 43.796931881092718 ], [ -79.408654730415734, 43.811185048071572 ], [ -79.403862710079068, 43.812260153999468 ], [ -79.403967997963179, 43.793415668396307 ], [ -79.410338239618554, 43.789238769228447 ], [ -79.411456120681663, 43.789531950873638 ], [ -79.417986848106381, 43.792378830715755 ], [ -79.416966089677487, 43.796931881092718 ] ] ] } },
{ "type": "Feature", "properties": { "vor_id": 2311, "theft_count": 18, "bike_trips": 2243.0, "theft_per_1000_trips": "8.024966562639323" }, "geometry": { "type": "Polygon", "coordinates": [ [ [ -79.445780793019324, 43.636011279944519 ], [ -79.442799486820746, 43.638349548798587 ], [ -79.440788583732896, 43.638091623757134 ], [ -79.439715917774478, 43.637196593289346 ], [ -79.448842476180687, 43.597139014640064 ], [ -79.452085875796897, 43.606519101930019 ], [ -79.448285320962995, 43.632411327975738 ], [ -79.445780793019324, 43.636011279944519 ] ] ] } },
{ "type": "Feature", "properties": { "vor_id": 2316, "theft_count": 11, "bike_trips": 3013.0, "theft_per_1000_trips": "3.6508463325589116" }, "geometry": { "type": "Polygon", "coordinates": [ [ [ -79.326084280986834, 43.660335497926859 ], [ -79.330580538696395, 43.657901429147564 ], [ -79.330367074953102, 43.65912193857686 ], [ -79.326966810986264, 43.660718112781034 ], [ -79.326084280986834, 43.660335497926859 ] ] ] } },
{ "type": "Feature", "properties": { "vor_id": 2319, "theft_count": 12, "bike_trips": 3589.0, "theft_per_1000_trips": "3.3435497353023123" }, "geometry": { "type": "Polygon", "coordinates": [ [ [ -79.337949579373188, 43.657114954556711 ], [ -79.339033085416375, 43.65877097328589 ], [ -79.338988455793981, 43.659021782557758 ], [ -79.338517393845919, 43.660023111611387 ], [ -79.33759480428003, 43.661805808372961 ], [ -79.335576226074139, 43.660373937660978 ], [ -79.336905971677083, 43.656696087416229 ], [ -79.337949579373188, 43.657114954556711 ] ] ] } },
{ "type": "Feature", "properties": { "vor_id": 2320, "theft_count": 18, "bike_trips": 3510.0, "theft_per_1000_trips": "5.128205128205129" }, "geometry": { "type": "Polygon", "coordinates": [ [ [ -79.453754925662224, 43.667925357576038 ], [ -79.455442461503665, 43.668196790413276 ], [ -79.455975763067414, 43.669585809868089 ], [ -79.455184303358521, 43.671146153313252 ], [ -79.45138044041235, 43.67301667524967 ], [ -79.451236614860662, 43.670125613116475 ], [ -79.453754925662224, 43.667925357576038 ] ] ] } },
{ "type": "Feature", "properties": { "vor_id": 2322, "theft_count": 2, "bike_trips": 3017.0, "theft_per_1000_trips": "0.6629101756711965" }, "geometry": { "type": "Polygon", "coordinates": [ [ [ -79.343338904746801, 43.778508720398015 ], [ -79.345572972272151, 43.777312255908342 ], [ -79.348586269874957, 43.779883170646301 ], [ -79.347960691075457, 43.780237024453513 ], [ -79.344672613766022, 43.779923397238029 ], [ -79.343338904746801, 43.778508720398015 ] ] ] } },
{ "type": "Feature", "properties": { "vor_id": 2326, "theft_count": 2, "bike_trips": 1021.0, "theft_per_1000_trips": "1.9588638589618022" }, "geometry": { "type": "Polygon", "coordinates": [ [ [ -79.377525365501256, 43.671081734311699 ], [ -79.379305668702543, 43.670332452213273 ], [ -79.379699175861489, 43.671266393903487 ], [ -79.377846683008102, 43.671637418652026 ], [ -79.377520045626781, 43.671179831080991 ], [ -79.377525365501256, 43.671081734311699 ] ] ] } },
{ "type": "Feature", "properties": { "vor_id": 2328, "theft_count": 9, "bike_trips": 2201.0, "theft_per_1000_trips": "4.08905043162199" }, "geometry": { "type": "Polygon", "coordinates": [ [ [ -79.42490747751809, 43.661000295314288 ], [ -79.425373331405794, 43.663152941691557 ], [ -79.424754571608943, 43.663346072384527 ], [ -79.424251425525199, 43.660966316890899 ], [ -79.42490747751809, 43.661000295314288 ] ] ] } },
{ "type": "Feature", "properties": { "vor_id": 2329, "theft_count": 10, "bike_trips": 11194.0, "theft_per_1000_trips": "0.8933357155619082" }, "geometry": { "type": "Polygon", "coordinates": [ [ [ -79.607531630592803, 43.74240427413536 ], [ -79.59703289768332, 43.747565580640547 ], [ -79.590386452192632, 43.747370376689965 ], [ -79.588640765431592, 43.74485611063082 ], [ -79.589021999174136, 43.74000295252344 ], [ -79.606782606472649, 43.736860271388778 ], [ -79.607187070307177, 43.739853964848329 ], [ -79.607142519743405, 43.73952421785981 ], [ -79.607531630592803, 43.74240427413536 ] ] ] } },
{ "type": "Feature", "properties": { "vor_id": 2330, "theft_count": 36, "bike_trips": 1112.0, "theft_per_1000_trips": "32.37410071942446" }, "geometry": { "type": "Polygon", "coordinates": [ [ [ -79.444252570818207, 43.663519384006463 ], [ -79.444751221358644, 43.665938723656758 ], [ -79.44214496127826, 43.666947027855102 ], [ -79.440998634071491, 43.666586832064482 ], [ -79.440621217135785, 43.66604792681634 ], [ -79.441280637899879, 43.665140082676771 ], [ -79.442153007850564, 43.664377064790415 ], [ -79.444252570818207, 43.663519384006463 ] ] ] } },
{ "type": "Feature", "properties": { "vor_id": 2332, "theft_count": 16, "bike_trips": 2548.0, "theft_per_1000_trips": "6.279434850863423" }, "geometry": { "type": "Polygon", "coordinates": [ [ [ -79.308686116286623, 43.670451082671129 ], [ -79.309490325076936, 43.669322779816376 ], [ -79.312869013527333, 43.66849485790614 ], [ -79.312922010431777, 43.668551647503399 ], [ -79.311759703830248, 43.67288097736246 ], [ -79.308820059348236, 43.670719697020409 ], [ -79.308686116286623, 43.670451082671129 ] ] ] } },
{ "type": "Feature", "properties": { "vor_id": 2333, "theft_count": 16, "bike_trips": 2601.0, "theft_per_1000_trips": "6.151480199923107" }, "geometry": { "type": "Polygon", "coordinates": [ [ [ -79.354874499168758, 43.680169271042345 ], [ -79.357401251590247, 43.67919038704747 ], [ -79.357577138611362, 43.679283585322146 ], [ -79.359318166729054, 43.681392463437959 ], [ -79.355331684892931, 43.682510269128684 ], [ -79.354874499168758, 43.680169271042345 ] ] ] } },
{ "type": "Feature", "properties": { "vor_id": 2335, "theft_count": 9, "bike_trips": 3329.0, "theft_per_1000_trips": "2.703514568939622" }, "geometry": { "type": "Polygon", "coordinates": [ [ [ -79.432873841424509, 43.648112745887438 ], [ -79.433528898077469, 43.649749295216658 ], [ -79.431123847066772, 43.650652831453108 ], [ -79.431315564066551, 43.646614141941072 ], [ -79.432873841424509, 43.648112745887438 ] ] ] } },
{ "type": "Feature", "properties": { "vor_id": 2338, "theft_count": 14, "bike_trips": 3548.0, "theft_per_1000_trips": "3.9458850056369785" }, "geometry": { "type": "Polygon", "coordinates": [ [ [ -79.428527647115757, 43.680309703388467 ], [ -79.434264622777164, 43.681698410193654 ], [ -79.435635235873519, 43.683979014786516 ], [ -79.430800184735091, 43.683458645624761 ], [ -79.428780944555783, 43.682061868346658 ], [ -79.428456946339125, 43.680437133210965 ], [ -79.428527647115757, 43.680309703388467 ] ] ] } },
{ "type": "Feature", "properties": { "vor_id": 2343, "theft_count": 21, "bike_trips": 2407.0, "theft_per_1000_trips": "8.724553385957623" }, "geometry": { "type": "Polygon", "coordinates": [ [ [ -79.422292012886416, 43.719921672502238 ], [ -79.422891319595152, 43.717916988158883 ], [ -79.428357598104597, 43.713530081257993 ], [ -79.429688396276561, 43.720824616305563 ], [ -79.428202123999455, 43.72367376017538 ], [ -79.423524182941293, 43.723702223324892 ], [ -79.422292012886416, 43.719921672502238 ] ] ] } },
{ "type": "Feature", "properties": { "vor_id": 2344, "theft_count": 5, "bike_trips": 1219.0, "theft_per_1000_trips": "4.1017227235438884" }, "geometry": { "type": "Polygon", "coordinates": [ [ [ -79.381726158105252, 43.694401204370934 ], [ -79.381659443022272, 43.694338283596771 ], [ -79.378561314087236, 43.688990122269907 ], [ -79.378971499825511, 43.688470166779375 ], [ -79.384371215011555, 43.686373307830173 ], [ -79.386705356391147, 43.688278776861623 ], [ -79.381726158105252, 43.694401204370934 ] ] ] } },
{ "type": "Feature", "properties": { "vor_id": 2346, "theft_count": 0, "bike_trips": 1386.0, "theft_per_1000_trips": "0.0" }, "geometry": { "type": "Polygon", "coordinates": [ [ [ -79.548273523827206, 43.731915391693967 ], [ -79.548134852820169, 43.72775570239321 ], [ -79.548225874014491, 43.727450138472079 ], [ -79.550410724264296, 43.729016268901127 ], [ -79.548328019384769, 43.731824471349022 ], [ -79.548273523827206, 43.731915391693967 ] ] ] } },
{ "type": "Feature", "properties": { "vor_id": 2353, "theft_count": 9, "bike_trips": 2533.0, "theft_per_1000_trips": "3.5530990919857874" }, "geometry": { "type": "Polygon", "coordinates": [ [ [ -79.296229338313154, 43.685438120925397 ], [ -79.296902879061122, 43.686407983487307 ], [ -79.295916377858347, 43.688582976836045 ], [ -79.295236479722647, 43.689185052639885 ], [ -79.291383292986211, 43.689160616259556 ], [ -79.291879499850012, 43.687230011214709 ], [ -79.296229338313154, 43.685438120925397 ] ] ] } },
{ "type": "Feature", "properties": { "vor_id": 2356, "theft_count": 14, "bike_trips": 7620.0, "theft_per_1000_trips": "1.837270341207349" }, "geometry": { "type": "Polygon", "coordinates": [ [ [ -79.280926209586454, 43.761619411513756 ], [ -79.2903041701788, 43.759555094512713 ], [ -79.29271310394607, 43.769876258598487 ], [ -79.279987186406629, 43.76273754541149 ], [ -79.280926209586454, 43.761619411513756 ] ] ] } },
{ "type": "Feature", "properties": { "vor_id": 2357, "theft_count": 15, "bike_trips": 3740.0, "theft_per_1000_trips": "4.010695187165775" }, "geometry": { "type": "Polygon", "coordinates": [ [ [ -79.381659443022272, 43.694338283596771 ], [ -79.374209973893485, 43.693009755967182 ], [ -79.372072229781494, 43.692220641150293 ], [ -79.370691935847105, 43.690067933968713 ], [ -79.37307014644486, 43.687650444581429 ], [ -79.378561314087236, 43.688990122269907 ], [ -79.381659443022272, 43.694338283596771 ] ] ] } },
{ "type": "Feature", "properties": { "vor_id": 2363, "theft_count": 14, "bike_trips": 2558.0, "theft_per_1000_trips": "5.473025801407349" }, "geometry": { "type": "Polygon", "coordinates": [ [ [ -79.322981993117068, 43.676303740232221 ], [ -79.319063602716142, 43.675119473501347 ], [ -79.320473923866061, 43.673687315828822 ], [ -79.322370788315325, 43.673632720494609 ], [ -79.322981993117068, 43.676303740232221 ] ] ] } },
{ "type": "Feature", "properties": { "vor_id": 2365, "theft_count": 40, "bike_trips": 2380.0, "theft_per_1000_trips": "16.80672268907563" }, "geometry": { "type": "Polygon", "coordinates": [ [ [ -79.419609198702858, 43.684812640067754 ], [ -79.422785448361353, 43.685855294916955 ], [ -79.422804329144284, 43.686380626128383 ], [ -79.421910113109163, 43.687327533195315 ], [ -79.418044290216628, 43.688896802313444 ], [ -79.417639494602099, 43.687950624546019 ], [ -79.417614966937791, 43.686449971742576 ], [ -79.417667367289411, 43.686345963911272 ], [ -79.419321898095006, 43.684929504567833 ], [ -79.419609198702858, 43.684812640067754 ] ] ] } },
{ "type": "Feature", "properties": { "vor_id": 2366, "theft_count": 13, "bike_trips": 4822.0, "theft_per_1000_trips": "2.6959767731231854" }, "geometry": { "type": "Polygon", "coordinates": [ [ [ -79.411837885901946, 43.739786960610765 ], [ -79.40973502534483, 43.736081839080271 ], [ -79.40853646523297, 43.730563125415181 ], [ -79.4170713529425, 43.73127084515955 ], [ -79.417162919126056, 43.733392278961773 ], [ -79.411837885901946, 43.739786960610765 ] ] ] } },
{ "type": "Feature", "properties": { "vor_id": 2372, "theft_count": 13, "bike_trips": 4870.0, "theft_per_1000_trips": "2.6694045174537986" }, "geometry": { "type": "Polygon", "coordinates": [ [ [ -79.399652146894397, 43.707396398140354 ], [ -79.399409923520835, 43.707152737211068 ], [ -79.399032647596627, 43.705259391280606 ], [ -79.39925506062545, 43.705009211648544 ], [ -79.402330456783119, 43.704976603148857 ], [ -79.401853736970821, 43.706569472235095 ], [ -79.399652146894397, 43.707396398140354 ] ] ] } },
{ "type": "Feature", "properties": { "vor_id": 2375, "theft_count": 17, "bike_trips": 2175.0, "theft_per_1000_trips": "7.816091954022988" }, "geometry": { "type": "Polygon", "coordinates": [ [ [ -79.408984736553819, 43.658019220094545 ], [ -79.40931023577059, 43.658009323997774 ], [ -79.409840552712367, 43.660491956136248 ], [ -79.408967718301525, 43.660843645915271 ], [ -79.408614090779096, 43.660749981372469 ], [ -79.408245493349597, 43.658932313517433 ], [ -79.408911503934263, 43.658034667367943 ], [ -79.408984736553819, 43.658019220094545 ] ] ] } },
{ "type": "Feature", "properties": { "vor_id": 2377, "theft_count": 28, "bike_trips": 4082.0, "theft_per_1000_trips": "6.859382655560999" }, "geometry": { "type": "Polygon", "coordinates": [ [ [ -79.361854699068687, 43.652347545885043 ], [ -79.361386713957401, 43.651317838590245 ], [ -79.364189341391253, 43.650123514588287 ], [ -79.364466383853127, 43.65053862646792 ], [ -79.364406469755366, 43.651538187273793 ], [ -79.362172097196691, 43.652486553482738 ], [ -79.361854699068687, 43.652347545885043 ] ] ] } },
{ "type": "Feature", "properties": { "vor_id": 2381, "theft_count": 22, "bike_trips": 2205.0, "theft_per_1000_trips": "9.977324263038549" }, "geometry": { "type": "Polygon", "coordinates": [ [ [ -79.420079749511899, 43.646347559217993 ], [ -79.420615037351709, 43.648894046729005 ], [ -79.419876853043675, 43.64975087073492 ], [ -79.417939064568287, 43.64804727099871 ], [ -79.417913163363622, 43.64766050820139 ], [ -79.418743487756615, 43.646849679791181 ], [ -79.420079749511899, 43.646347559217993 ] ] ] } },
{ "type": "Feature", "properties": { "vor_id": 2383, "theft_count": 11, "bike_trips": 7787.0, "theft_per_1000_trips": "1.4126107615256196" }, "geometry": { "type": "Polygon", "coordinates": [ [ [ -79.238338913112017, 43.778928116054765 ], [ -79.24963394128757, 43.777172654507652 ], [ -79.255721816346835, 43.780923065995736 ], [ -79.253147067259434, 43.784408443245127 ], [ -79.249257914599852, 43.789673097679007 ], [ -79.241374732094457, 43.783252857143012 ], [ -79.240960398147521, 43.782775401998201 ], [ -79.240344724868194, 43.781871841183928 ], [ -79.238338913112017, 43.778928116054765 ] ] ] } },
{ "type": "Feature", "properties": { "vor_id": 2387, "theft_count": 21, "bike_trips": 2210.0, "theft_per_1000_trips": "9.502262443438914" }, "geometry": { "type": "Polygon", "coordinates": [ [ [ -79.427370901494271, 43.669069562644289 ], [ -79.426045252244151, 43.666688491042308 ], [ -79.426402718353543, 43.666406354535155 ], [ -79.42764164829633, 43.665888884243984 ], [ -79.429044053880588, 43.666379295413471 ], [ -79.429434572826793, 43.668200770377624 ], [ -79.427370901494271, 43.669069562644289 ] ] ] } },
{ "type": "Feature", "properties": { "vor_id": 2388, "theft_count": 8, "bike_trips": 2371.0, "theft_per_1000_trips": "3.374103753690426" }, "geometry": { "type": "Polygon", "coordinates": [ [ [ -79.434049743066225, 43.698610285817203 ], [ -79.433672180687935, 43.6983427811737 ], [ -79.433616415604476, 43.695572299245399 ], [ -79.437530613814957, 43.697019269091165 ], [ -79.437571843346348, 43.697192097006571 ], [ -79.434049743066225, 43.698610285817203 ] ] ] } },
{ "type": "Feature", "properties": { "vor_id": 2390, "theft_count": 36, "bike_trips": 5562.0, "theft_per_1000_trips": "6.472491909385114" }, "geometry": { "type": "Polygon", "coordinates": [ [ [ -79.436741526208891, 43.652061770036738 ], [ -79.435966359822118, 43.651951299241041 ], [ -79.435593609425226, 43.651536727871992 ], [ -79.437101642673341, 43.646494823582799 ], [ -79.437240090602643, 43.646296374534202 ], [ -79.440202438408633, 43.647280043527324 ], [ -79.437389324008322, 43.652095647075704 ], [ -79.436741526208891, 43.652061770036738 ] ] ] } },
{ "type": "Feature", "properties": { "vor_id": 2391, "theft_count": 7, "bike_trips": 1100.0, "theft_per_1000_trips": "6.363636363636364" }, "geometry": { "type": "Polygon", "coordinates": [ [ [ -79.426045252244151, 43.666688491042308 ], [ -79.425207005553673, 43.666812252467466 ], [ -79.424498718149181, 43.663456116595484 ], [ -79.424754571608943, 43.663346072384527 ], [ -79.425373331405794, 43.663152941691557 ], [ -79.425691095376635, 43.663199463492525 ], [ -79.426402718353543, 43.666406354535155 ], [ -79.426045252244151, 43.666688491042308 ] ] ] } },
{ "type": "Feature", "properties": { "vor_id": 2392, "theft_count": 11, "bike_trips": 4738.0, "theft_per_1000_trips": "2.3216547066272692" }, "geometry": { "type": "Polygon", "coordinates": [ [ [ -79.437720299502203, 43.687451033561132 ], [ -79.431737598790122, 43.693275281123569 ], [ -79.42886303978463, 43.690630577283194 ], [ -79.429682102478864, 43.689696365754031 ], [ -79.437679644487119, 43.686243984757553 ], [ -79.437720299502203, 43.687451033561132 ] ] ] } },
{ "type": "Feature", "properties": { "vor_id": 2394, "theft_count": 28, "bike_trips": 6504.0, "theft_per_1000_trips": "4.305043050430504" }, "geometry": { "type": "Polygon", "coordinates": [ [ [ -79.299957780885777, 43.793264818243465 ], [ -79.291036162083316, 43.783473741145087 ], [ -79.289674980593162, 43.777423679068299 ], [ -79.302330469293082, 43.788838794432294 ], [ -79.299957780885777, 43.793264818243465 ] ] ] } },
{ "type": "Feature", "properties": { "vor_id": 2395, "theft_count": 15, "bike_trips": 2215.0, "theft_per_1000_trips": "6.772009029345372" }, "geometry": { "type": "Polygon", "coordinates": [ [ [ -79.434405384938458, 43.650618093458888 ], [ -79.43556971092508, 43.651527730333562 ], [ -79.432026081682821, 43.65288697854561 ], [ -79.430138524463686, 43.652213810581522 ], [ -79.434405384938458, 43.650618093458888 ] ] ] } },
{ "type": "Feature", "properties": { "vor_id": 2397, "theft_count": 19, "bike_trips": 3989.0, "theft_per_1000_trips": "4.763098520932565" }, "geometry": { "type": "Polygon", "coordinates": [ [ [ -79.526270025588857, 43.647755543585006 ], [ -79.522333138970239, 43.644827089030237 ], [ -79.524678968799776, 43.640047234711538 ], [ -79.528101542999906, 43.640215375000096 ], [ -79.530972136349106, 43.640074351791881 ], [ -79.530817730487641, 43.640846543687275 ], [ -79.526270025588857, 43.647755543585006 ] ] ] } },
{ "type": "Feature", "properties": { "vor_id": 2400, "theft_count": 39, "bike_trips": 2147.0, "theft_per_1000_trips": "18.16488122962273" }, "geometry": { "type": "Polygon", "coordinates": [ [ [ -79.401946066372957, 43.666282760785528 ], [ -79.40259357590925, 43.669241818160252 ], [ -79.400779591110776, 43.667837897677245 ], [ -79.400571089962753, 43.666832121678048 ], [ -79.401946066372957, 43.666282760785528 ] ] ] } },
{ "type": "Feature", "properties": { "vor_id": 2402, "theft_count": 31, "bike_trips": 4766.0, "theft_per_1000_trips": "6.504406210658833" }, "geometry": { "type": "Polygon", "coordinates": [ [ [ -79.445415966650259, 43.714202499893446 ], [ -79.444930135196032, 43.718718543029873 ], [ -79.436636697633205, 43.718037860962276 ], [ -79.436532711172035, 43.717793811506482 ], [ -79.445415966650259, 43.714202499893446 ] ] ] } },
{ "type": "Feature", "properties": { "vor_id": 2404, "theft_count": 20, "bike_trips": 6430.0, "theft_per_1000_trips": "3.1104199066874028" }, "geometry": { "type": "Polygon", "coordinates": [ [ [ -79.494380980205321, 43.641259481924408 ], [ -79.48655464321358, 43.643023114772078 ], [ -79.482691254151916, 43.64187474006718 ], [ -79.481278025125349, 43.635802337462785 ], [ -79.483499753015579, 43.631822936839271 ], [ -79.487763887339057, 43.630846548461982 ], [ -79.491264991875411, 43.631937124796721 ], [ -79.494088493968817, 43.634198748583117 ], [ -79.494380980205321, 43.641259481924408 ] ] ] } },
{ "type": "Feature", "properties": { "vor_id": 2405, "theft_count": 11, "bike_trips": 3414.0, "theft_per_1000_trips": "3.222026947861746" }, "geometry": { "type": "Polygon", "coordinates": [ [ [ -79.496204808348708, 43.659759458644167 ], [ -79.491842057634003, 43.666360691763053 ], [ -79.489330224116301, 43.666503831443329 ], [ -79.488850073784633, 43.665984550945815 ], [ -79.487743148804796, 43.663091928417352 ], [ -79.495627666977697, 43.659371102585197 ], [ -79.496204808348708, 43.659759458644167 ] ] ] } },
{ "type": "Feature", "properties": { "vor_id": 2406, "theft_count": 20, "bike_trips": 1077.0, "theft_per_1000_trips": "18.570102135561743" }, "geometry": { "type": "Polygon", "coordinates": [ [ [ -79.406565618785066, 43.661581792356806 ], [ -79.406094380605481, 43.660997995082198 ], [ -79.406009992144504, 43.660569957525624 ], [ -79.406712826778318, 43.659557264694328 ], [ -79.408245493349597, 43.658932313517433 ], [ -79.408614090779096, 43.660749981372469 ], [ -79.406565618785066, 43.661581792356806 ] ] ] } },
{ "type": "Feature", "properties": { "vor_id": 2411, "theft_count": 1, "bike_trips": 4374.0, "theft_per_1000_trips": "0.22862368541380887" }, "geometry": { "type": "Polygon", "coordinates": [ [ [ -79.430098857349691, 43.790958574867503 ], [ -79.428127492559511, 43.784430258335803 ], [ -79.431228786356144, 43.780998856647933 ], [ -79.431047207999896, 43.784694969 ], [ -79.431287971666279, 43.78959582601648 ], [ -79.431617175757054, 43.791815139726125 ], [ -79.431317796019258, 43.792014353223983 ], [ -79.430098857349691, 43.790958574867503 ] ] ] } },
{ "type": "Feature", "properties": { "vor_id": 2414, "theft_count": 33, "bike_trips": 3915.0, "theft_per_1000_trips": "8.42911877394636" }, "geometry": { "type": "Polygon", "coordinates": [ [ [ -79.478844099223295, 43.619543934465298 ], [ -79.480588564441931, 43.624862962995685 ], [ -79.479185357712439, 43.625074117197457 ], [ -79.469654552483163, 43.622234493670419 ], [ -79.456317515022192, 43.612687140569008 ], [ -79.452508020302389, 43.607250223200786 ], [ -79.452085875796897, 43.606519101930019 ], [ -79.448842476180687, 43.597139014640064 ], [ -79.448127125782392, 43.594754168787375 ], [ -79.456713170516451, 43.593175284297736 ], [ -79.464706651763038, 43.600118470543578 ], [ -79.478844099223295, 43.619543934465298 ] ] ] } },
{ "type": "Feature", "properties": { "vor_id": 2416, "theft_count": 19, "bike_trips": 7882.0, "theft_per_1000_trips": "2.410555696523725" }, "geometry": { "type": "Polygon", "coordinates": [ [ [ -79.315404275790172, 43.769452272886703 ], [ -79.324703104336379, 43.775638990591148 ], [ -79.325918280242561, 43.781380481381994 ], [ -79.325080742841308, 43.780878480782583 ], [ -79.320645077618252, 43.778780567374433 ], [ -79.316025139862731, 43.777127527213388 ], [ -79.311265422100817, 43.775935279979841 ], [ -79.311040079100465, 43.775901853503349 ], [ -79.315404275790172, 43.769452272886703 ] ] ] } },
{ "type": "Feature", "properties": { "vor_id": 2417, "theft_count": 22, "bike_trips": 2385.0, "theft_per_1000_trips": "9.224318658280923" }, "geometry": { "type": "Polygon", "coordinates": [ [ [ -79.442092536580731, 43.728258752420309 ], [ -79.440557080526176, 43.728916757660031 ], [ -79.437923960584826, 43.728239322049994 ], [ -79.436919324789201, 43.725083222163548 ], [ -79.436636697633205, 43.718037860962276 ], [ -79.444930135196032, 43.718718543029873 ], [ -79.445430452573532, 43.720231867793117 ], [ -79.442092536580731, 43.728258752420309 ] ] ] } },
{ "type": "Feature", "properties": { "vor_id": 2418, "theft_count": 3, "bike_trips": 2623.0, "theft_per_1000_trips": "1.143728555089592" }, "geometry": { "type": "Polygon", "coordinates": [ [ [ -79.509266818147452, 43.604900868593226 ], [ -79.50678104403454, 43.601911614592531 ], [ -79.507208708825587, 43.601260544758212 ], [ -79.508363400600089, 43.600781831815887 ], [ -79.509266818147452, 43.604900868593226 ] ] ] } },
{ "type": "Feature", "properties": { "vor_id": 2419, "theft_count": 29, "bike_trips": 10678.0, "theft_per_1000_trips": "2.7158643940812888" }, "geometry": { "type": "Polygon", "coordinates": [ [ [ -79.478842167180332, 43.716948545226252 ], [ -79.491873102828336, 43.721604703194906 ], [ -79.487983942381618, 43.732671024334124 ], [ -79.469812833210455, 43.720711513663623 ], [ -79.478842167180332, 43.716948545226252 ] ] ] } },
{ "type": "Feature", "properties": { "vor_id": 2421, "theft_count": 2, "bike_trips": 1181.0, "theft_per_1000_trips": "1.6934801016088061" }, "geometry": { "type": "Polygon", "coordinates": [ [ [ -79.424472352974391, 43.676794217309748 ], [ -79.426386380078441, 43.677541383177491 ], [ -79.425020880689289, 43.679404252897037 ], [ -79.424472352974391, 43.676794217309748 ] ] ] } },
{ "type": "Feature", "properties": { "vor_id": 2425, "theft_count": 39, "bike_trips": 7363.0, "theft_per_1000_trips": "5.296754040472634" }, "geometry": { "type": "Polygon", "coordinates": [ [ [ -79.412747266814009, 43.777114368138328 ], [ -79.407641764433862, 43.7768606499979 ], [ -79.407049583410782, 43.774194695158663 ], [ -79.41194356032257, 43.772302473777955 ], [ -79.414472739564815, 43.772926340099318 ], [ -79.413461861495506, 43.776690370592782 ], [ -79.412747266814009, 43.777114368138328 ] ] ] } },
{ "type": "Feature", "properties": { "vor_id": 2427, "theft_count": 18, "bike_trips": 3399.0, "theft_per_1000_trips": "5.29567519858782" }, "geometry": { "type": "Polygon", "coordinates": [ [ [ -79.484535087970471, 43.654700863546523 ], [ -79.48239452252831, 43.654472359394681 ], [ -79.481576555145182, 43.654078896373413 ], [ -79.481300798221852, 43.651138724462569 ], [ -79.487603074208494, 43.648484699375487 ], [ -79.489291122323863, 43.653427749152883 ], [ -79.484535087970471, 43.654700863546523 ] ] ] } },
{ "type": "Feature", "properties": { "vor_id": 2428, "theft_count": 38, "bike_trips": 6868.0, "theft_per_1000_trips": "5.53290623179965" }, "geometry": { "type": "Polygon", "coordinates": [ [ [ -79.519735467765898, 43.716661534464762 ], [ -79.526482486639978, 43.720184895991117 ], [ -79.528705027690478, 43.723861710147681 ], [ -79.522857579889873, 43.735118633475849 ], [ -79.522553054112407, 43.735143280336573 ], [ -79.522240623135119, 43.735118577024288 ], [ -79.516780097397088, 43.731029776955694 ], [ -79.509049243844558, 43.723537710142892 ], [ -79.513633677767558, 43.71629261504043 ], [ -79.519735467765898, 43.716661534464762 ] ] ] } },
{ "type": "Feature", "properties": { "vor_id": 2429, "theft_count": 10, "bike_trips": 4338.0, "theft_per_1000_trips": "2.3052097740894424" }, "geometry": { "type": "Polygon", "coordinates": [ [ [ -79.461532367977355, 43.738681035120962 ], [ -79.460952003052469, 43.74009652510221 ], [ -79.457664264442798, 43.740803494128066 ], [ -79.457194716027772, 43.740768322748181 ], [ -79.45637182260262, 43.740706684168785 ], [ -79.451882362439775, 43.730118580163868 ], [ -79.452125753501619, 43.729844708064185 ], [ -79.466545912051089, 43.726453174506545 ], [ -79.461532367977355, 43.738681035120962 ] ] ] } },
{ "type": "Feature", "properties": { "vor_id": 2431, "theft_count": 10, "bike_trips": 4398.0, "theft_per_1000_trips": "2.2737608003638017" }, "geometry": { "type": "Polygon", "coordinates": [ [ [ -79.4181261555823, 43.661303547651464 ], [ -79.419493032031298, 43.66155281738402 ], [ -79.420281969325742, 43.665176181117189 ], [ -79.419821419605029, 43.665303645455012 ], [ -79.419012050830688, 43.665198629016778 ], [ -79.4181261555823, 43.661303547651464 ] ] ] } },
{ "type": "Feature", "properties": { "vor_id": 2437, "theft_count": 17, "bike_trips": 1103.0, "theft_per_1000_trips": "15.41251133272892" }, "geometry": { "type": "Polygon", "coordinates": [ [ [ -79.414399851627721, 43.649448202385706 ], [ -79.413735824645926, 43.648806148249783 ], [ -79.415570728615123, 43.646332066651077 ], [ -79.415794587433382, 43.645958580776529 ], [ -79.416363555362736, 43.645737217032391 ], [ -79.417520447900742, 43.646887629292173 ], [ -79.417913163363622, 43.64766050820139 ], [ -79.417939064568287, 43.64804727099871 ], [ -79.414399851627721, 43.649448202385706 ] ] ] } },
{ "type": "Feature", "properties": { "vor_id": 2439, "theft_count": 4, "bike_trips": 3735.0, "theft_per_1000_trips": "1.07095046854083" }, "geometry": { "type": "Polygon", "coordinates": [ [ [ -79.356444459482887, 43.764963433327928 ], [ -79.35258150708232, 43.763551691269754 ], [ -79.351679411210085, 43.762115790114848 ], [ -79.351288419340634, 43.758981835834753 ], [ -79.368284499775967, 43.754208590351844 ], [ -79.373318592424923, 43.759607569812601 ], [ -79.367323047996621, 43.76443329615882 ], [ -79.364987573231431, 43.764968145628792 ], [ -79.356444459482887, 43.764963433327928 ] ] ] } },
{ "type": "Feature", "properties": { "vor_id": 2440, "theft_count": 77, "bike_trips": 2093.0, "theft_per_1000_trips": "36.78929765886288" }, "geometry": { "type": "Polygon", "coordinates": [ [ [ -79.388021811532695, 43.667745116350794 ], [ -79.387683529492151, 43.667579804572703 ], [ -79.38717305921854, 43.666819597034568 ], [ -79.387186157786019, 43.666732548185948 ], [ -79.388511481862722, 43.66640057178671 ], [ -79.389075750496716, 43.666198673241105 ], [ -79.389655630949903, 43.666665007921054 ], [ -79.389446146671744, 43.667079556490783 ], [ -79.388021811532695, 43.667745116350794 ] ] ] } },
{ "type": "Feature", "properties": { "vor_id": 2442, "theft_count": 10, "bike_trips": 3153.0, "theft_per_1000_trips": "3.171582619727244" }, "geometry": { "type": "Polygon", "coordinates": [ [ [ -79.249277358937505, 43.718976506149637 ], [ -79.248993002888398, 43.722639474847895 ], [ -79.245124111874972, 43.725362551567272 ], [ -79.237574306189302, 43.727823196075654 ], [ -79.234447683104491, 43.699832878901816 ], [ -79.249277358937505, 43.718976506149637 ] ] ] } },
{ "type": "Feature", "properties": { "vor_id": 2444, "theft_count": 11, "bike_trips": 3407.0, "theft_per_1000_trips": "3.228646903434106" }, "geometry": { "type": "Polygon", "coordinates": [ [ [ -79.482244308880382, 43.657836555198102 ], [ -79.483115074803564, 43.661768196045941 ], [ -79.478985643516353, 43.661790765474862 ], [ -79.482244308880382, 43.657836555198102 ] ] ] } },
{ "type": "Feature", "properties": { "vor_id": 2445, "theft_count": 22, "bike_trips": 1124.0, "theft_per_1000_trips": "19.572953736654803" }, "geometry": { "type": "Polygon", "coordinates": [ [ [ -79.450123264921118, 43.652085616582468 ], [ -79.450297270184123, 43.65256564303975 ], [ -79.450309706192456, 43.652887268931202 ], [ -79.447540070202095, 43.653703758339759 ], [ -79.44601291204755, 43.651961693836171 ], [ -79.447340067788375, 43.650224527675448 ], [ -79.447647617993724, 43.650299882418999 ], [ -79.449521164824233, 43.651046854625491 ], [ -79.450123264921118, 43.652085616582468 ] ] ] } },
{ "type": "Feature", "properties": { "vor_id": 2448, "theft_count": 11, "bike_trips": 3490.0, "theft_per_1000_trips": "3.151862464183381" }, "geometry": { "type": "Polygon", "coordinates": [ [ [ -79.462824766534581, 43.680521628289682 ], [ -79.45646229726357, 43.676901096007718 ], [ -79.459151785666322, 43.671653963237411 ], [ -79.461401521676507, 43.673458769088519 ], [ -79.462976190070933, 43.680440502179557 ], [ -79.462824766534581, 43.680521628289682 ] ] ] } },
{ "type": "Feature", "properties": { "vor_id": 2454, "theft_count": 11, "bike_trips": 9338.0, "theft_per_1000_trips": "1.1779824373527523" }, "geometry": { "type": "Polygon", "coordinates": [ [ [ -79.470920640859617, 43.70013191412216 ], [ -79.46419989302052, 43.703726746423207 ], [ -79.460683326976337, 43.687689128944221 ], [ -79.471125761819181, 43.691874856420135 ], [ -79.470920640859617, 43.70013191412216 ] ] ] } },
{ "type": "Feature", "properties": { "vor_id": 2457, "theft_count": 4, "bike_trips": 1103.0, "theft_per_1000_trips": "3.626473254759746" }, "geometry": { "type": "Polygon", "coordinates": [ [ [ -79.416406546310043, 43.645364217461889 ], [ -79.418775937114489, 43.644422134267167 ], [ -79.418813789893676, 43.644484596110814 ], [ -79.417520447900742, 43.646887629292173 ], [ -79.416363555362736, 43.645737217032391 ], [ -79.416406546310043, 43.645364217461889 ] ] ] } },
{ "type": "Feature", "properties": { "vor_id": 2469, "theft_count": 11, "bike_trips": 2197.0, "theft_per_1000_trips": "5.006827492034593" }, "geometry": { "type": "Polygon", "coordinates": [ [ [ -79.414407086773892, 43.663116180606224 ], [ -79.415160384170719, 43.662814005008919 ], [ -79.415645137315607, 43.66505718179782 ], [ -79.414755073931957, 43.666289295873717 ], [ -79.414632036248761, 43.666244902286941 ], [ -79.414069385313283, 43.663700064591424 ], [ -79.414407086773892, 43.663116180606224 ] ] ] } },
{ "type": "Feature", "properties": { "vor_id": 2470, "theft_count": 3, "bike_trips": 11002.0, "theft_per_1000_trips": "0.2726776949645519" }, "geometry": { "type": "Polygon", "coordinates": [ [ [ -79.372306689876524, 43.801515120543392 ], [ -79.383441381755162, 43.794264715431531 ], [ -79.394912245097757, 43.814268221011453 ], [ -79.377728630043947, 43.818123423015841 ], [ -79.372306689876524, 43.801515120543392 ] ] ] } },
{ "type": "Feature", "properties": { "vor_id": 2472, "theft_count": 6, "bike_trips": 2369.0, "theft_per_1000_trips": "2.5327142254115658" }, "geometry": { "type": "Polygon", "coordinates": [ [ [ -79.43196910511675, 43.694045829860286 ], [ -79.429239898180498, 43.697028315327515 ], [ -79.42758927893469, 43.69622039865375 ], [ -79.427544273835593, 43.693387751181 ], [ -79.4286609103427, 43.690631626206951 ], [ -79.42886303978463, 43.690630577283194 ], [ -79.431737598790122, 43.693275281123569 ], [ -79.43196910511675, 43.694045829860286 ] ] ] } },
{ "type": "Feature", "properties": { "vor_id": 2473, "theft_count": 17, "bike_trips": 1231.0, "theft_per_1000_trips": "13.80991064175467" }, "geometry": { "type": "Polygon", "coordinates": [ [ [ -79.367365652996838, 43.710406022606193 ], [ -79.366452708908696, 43.709734563180923 ], [ -79.366254736745148, 43.708795201754647 ], [ -79.36751294711128, 43.705481757549308 ], [ -79.371851490171025, 43.707943386461437 ], [ -79.369781193100664, 43.710965553324321 ], [ -79.367365652996838, 43.710406022606193 ] ] ] } },
{ "type": "Feature", "properties": { "vor_id": 2474, "theft_count": 4, "bike_trips": 9421.0, "theft_per_1000_trips": "0.42458337756076847" }, "geometry": { "type": "Polygon", "coordinates": [ [ [ -79.263371454480051, 43.772656380569337 ], [ -79.271820743102083, 43.783325855279124 ], [ -79.266223605103278, 43.789235859167803 ], [ -79.25772584011159, 43.780414640349044 ], [ -79.260130855706379, 43.77284274257611 ], [ -79.263371454480051, 43.772656380569337 ] ] ] } },
{ "type": "Feature", "properties": { "vor_id": 2476, "theft_count": 14, "bike_trips": 1079.0, "theft_per_1000_trips": "12.974976830398516" }, "geometry": { "type": "Polygon", "coordinates": [ [ [ -79.400797489542811, 43.650989053754202 ], [ -79.398612520985878, 43.65080342248217 ], [ -79.3978669189773, 43.649924007355111 ], [ -79.397843534808786, 43.649832312206343 ], [ -79.400008021477618, 43.648997828489478 ], [ -79.400899778277051, 43.649915381148077 ], [ -79.400797489542811, 43.650989053754202 ] ] ] } },
{ "type": "Feature", "properties": { "vor_id": 2477, "theft_count": 22, "bike_trips": 1264.0, "theft_per_1000_trips": "17.40506329113924" }, "geometry": { "type": "Polygon", "coordinates": [ [ [ -79.295368497902103, 43.6999624996471 ], [ -79.29839659760178, 43.695970605649329 ], [ -79.303631014535952, 43.69676035249806 ], [ -79.304560451361809, 43.697289768329895 ], [ -79.305595600414676, 43.70128822562581 ], [ -79.304189443335375, 43.703647033462026 ], [ -79.300513001026431, 43.705517111056388 ], [ -79.299088969001062, 43.704678662994581 ], [ -79.295368497902103, 43.6999624996471 ] ] ] } },
{ "type": "Feature", "properties": { "vor_id": 2478, "theft_count": 11, "bike_trips": 2292.0, "theft_per_1000_trips": "4.799301919720768" }, "geometry": { "type": "Polygon", "coordinates": [ [ [ -79.479847635661784, 43.668966421799546 ], [ -79.472849708545738, 43.668378213284328 ], [ -79.473576488535855, 43.664497007640158 ], [ -79.473992989808735, 43.664335145799207 ], [ -79.479727280048394, 43.66793326225585 ], [ -79.47976020370271, 43.668008951865311 ], [ -79.479847635661784, 43.668966421799546 ] ] ] } },
{ "type": "Feature", "properties": { "vor_id": 2480, "theft_count": 12, "bike_trips": 2247.0, "theft_per_1000_trips": "5.34045393858478" }, "geometry": { "type": "Polygon", "coordinates": [ [ [ -79.446293957632633, 43.646884050662891 ], [ -79.445979104294835, 43.646525876199966 ], [ -79.445951527836726, 43.645524070014268 ], [ -79.45063694794537, 43.643679429178214 ], [ -79.450840474781259, 43.6441877530835 ], [ -79.451011879820754, 43.64505130696179 ], [ -79.446293957632633, 43.646884050662891 ] ] ] } },
{ "type": "Feature", "properties": { "vor_id": 2482, "theft_count": 6, "bike_trips": 7672.0, "theft_per_1000_trips": "0.7820646506777894" }, "geometry": { "type": "Polygon", "coordinates": [ [ [ -79.292564568511651, 43.75639609074382 ], [ -79.287119558739576, 43.74256113561065 ], [ -79.288935294059812, 43.742703269081183 ], [ -79.304398446332058, 43.750409466302102 ], [ -79.304537840848923, 43.750526638407145 ], [ -79.302656923723461, 43.758881134708965 ], [ -79.292564568511651, 43.75639609074382 ] ] ] } },
{ "type": "Feature", "properties": { "vor_id": 2493, "theft_count": 6, "bike_trips": 4418.0, "theft_per_1000_trips": "1.358080579447714" }, "geometry": { "type": "Polygon", "coordinates": [ [ [ -79.42370954667085, 43.648891158730557 ], [ -79.425356218651615, 43.648228472015042 ], [ -79.425814048512152, 43.649427791283607 ], [ -79.424085289767575, 43.650182615784033 ], [ -79.423689702167991, 43.649674977448733 ], [ -79.42370954667085, 43.648891158730557 ] ] ] } },
{ "type": "Feature", "properties": { "vor_id": 2496, "theft_count": 42, "bike_trips": 2151.0, "theft_per_1000_trips": "19.525801952580196" }, "geometry": { "type": "Polygon", "coordinates": [ [ [ -79.404712886306058, 43.665399800999694 ], [ -79.405536148850246, 43.665056739257473 ], [ -79.40602836305645, 43.667305525999559 ], [ -79.405196374662765, 43.667726923885553 ], [ -79.404712886306058, 43.665399800999694 ] ] ] } },
{ "type": "Feature", "properties": { "vor_id": 2499, "theft_count": 50, "bike_trips": 2088.0, "theft_per_1000_trips": "23.946360153256705" }, "geometry": { "type": "Polygon", "coordinates": [ [ [ -79.383894230481161, 43.668190245453474 ], [ -79.383813528119958, 43.667816582108223 ], [ -79.385281147061661, 43.667209728531425 ], [ -79.385941801516239, 43.66704424320536 ], [ -79.386304414096486, 43.667222017489095 ], [ -79.386152400398117, 43.667991162459749 ], [ -79.384235338994159, 43.668779537476915 ], [ -79.383894230481161, 43.668190245453474 ] ] ] } },
{ "type": "Feature", "properties": { "vor_id": 2504, "theft_count": 2, "bike_trips": 3118.0, "theft_per_1000_trips": "0.6414368184733803" }, "geometry": { "type": "Polygon", "coordinates": [ [ [ -79.226245011930985, 43.782954102931456 ], [ -79.222603372137272, 43.783866286213488 ], [ -79.21798343438175, 43.785519326374533 ], [ -79.216902582791931, 43.78603053110448 ], [ -79.216789646969801, 43.784847960980436 ], [ -79.224324253610533, 43.779123031112867 ], [ -79.226245011930985, 43.782954102931456 ] ] ] } },
{ "type": "Feature", "properties": { "vor_id": 2507, "theft_count": 21, "bike_trips": 2435.0, "theft_per_1000_trips": "8.62422997946612" }, "geometry": { "type": "Polygon", "coordinates": [ [ [ -79.404156735390586, 43.733390730514849 ], [ -79.401313157767774, 43.734058967738932 ], [ -79.401215412735439, 43.73045024226483 ], [ -79.406839430840307, 43.728977273895083 ], [ -79.407524523426929, 43.730283375477313 ], [ -79.406775019242559, 43.731573298657473 ], [ -79.404156735390586, 43.733390730514849 ] ] ] } },
{ "type": "Feature", "properties": { "vor_id": 2513, "theft_count": 24, "bike_trips": 8080.0, "theft_per_1000_trips": "2.9702970297029703" }, "geometry": { "type": "Polygon", "coordinates": [ [ [ -79.480580318508586, 43.678889346698526 ], [ -79.485400168995625, 43.678807780154777 ], [ -79.492100984631819, 43.687509585072085 ], [ -79.490894864296365, 43.690562695653426 ], [ -79.484868057874095, 43.692177818026181 ], [ -79.478746159919723, 43.684297311282414 ], [ -79.479752849160775, 43.679558330138043 ], [ -79.480580318508586, 43.678889346698526 ] ] ] } },
{ "type": "Feature", "properties": { "vor_id": 2514, "theft_count": 22, "bike_trips": 2226.0, "theft_per_1000_trips": "9.883198562443846" }, "geometry": { "type": "Polygon", "coordinates": [ [ [ -79.440694079201634, 43.656295397282101 ], [ -79.441760567911572, 43.656160053628412 ], [ -79.442656573009131, 43.660570134055938 ], [ -79.441446044183593, 43.66075615087999 ], [ -79.440392580571043, 43.660663800111557 ], [ -79.439423021182421, 43.660383203145102 ], [ -79.440694079201634, 43.656295397282101 ] ] ] } },
{ "type": "Feature", "properties": { "vor_id": 2515, "theft_count": 7, "bike_trips": 2239.0, "theft_per_1000_trips": "3.1263957123715946" }, "geometry": { "type": "Polygon", "coordinates": [ [ [ -79.449415405379597, 43.658291033278623 ], [ -79.452364438484352, 43.657081343424643 ], [ -79.452389653801319, 43.657228052030973 ], [ -79.451517571683468, 43.659775253196322 ], [ -79.448968003992604, 43.660790789146084 ], [ -79.44878099460945, 43.659156454972248 ], [ -79.449415405379597, 43.658291033278623 ] ] ] } },
{ "type": "Feature", "properties": { "vor_id": 2516, "theft_count": 15, "bike_trips": 4409.0, "theft_per_1000_trips": "3.4021320027217055" }, "geometry": { "type": "Polygon", "coordinates": [ [ [ -79.422000192652661, 43.644708540677996 ], [ -79.421590067207092, 43.642642710822834 ], [ -79.422426150169088, 43.642330205251739 ], [ -79.422789404250366, 43.642403254808983 ], [ -79.42317241185124, 43.644253678460544 ], [ -79.422000192652661, 43.644708540677996 ] ] ] } },
{ "type": "Feature", "properties": { "vor_id": 2519, "theft_count": 0, "bike_trips": 1295.0, "theft_per_1000_trips": "0.0" }, "geometry": { "type": "Polygon", "coordinates": [ [ [ -79.352060687934028, 43.66342210060153 ], [ -79.350987739454496, 43.663873784117229 ], [ -79.350904426109167, 43.663799896895888 ], [ -79.350663418197186, 43.662761241233582 ], [ -79.352060687934028, 43.66342210060153 ] ] ] } },
{ "type": "Feature", "properties": { "vor_id": 2520, "theft_count": 26, "bike_trips": 2163.0, "theft_per_1000_trips": "12.020342117429497" }, "geometry": { "type": "Polygon", "coordinates": [ [ [ -79.395715901303291, 43.641885856179307 ], [ -79.396967119463397, 43.640497679660058 ], [ -79.3980625014823, 43.641081583934714 ], [ -79.398659103276401, 43.643256585805183 ], [ -79.398570180825629, 43.643339368784545 ], [ -79.396272222672422, 43.643376883777975 ], [ -79.396037955870298, 43.643106663277614 ], [ -79.395715901303291, 43.641885856179307 ] ] ] } },
{ "type": "Feature", "properties": { "vor_id": 2523, "theft_count": 6, "bike_trips": 3545.0, "theft_per_1000_trips": "1.692524682651622" }, "geometry": { "type": "Polygon", "coordinates": [ [ [ -79.425116427625795, 43.683032394288034 ], [ -79.427436981087155, 43.680489159095792 ], [ -79.428456946339125, 43.680437133210965 ], [ -79.428780944555783, 43.682061868346658 ], [ -79.426619403065416, 43.684650163107122 ], [ -79.425946815114912, 43.684340020199912 ], [ -79.425116427625795, 43.683032394288034 ] ] ] } },
{ "type": "Feature", "properties": { "vor_id": 2524, "theft_count": 4, "bike_trips": 1301.0, "theft_per_1000_trips": "3.074558032282859" }, "geometry": { "type": "Polygon", "coordinates": [ [ [ -79.355034282557952, 43.687498306913831 ], [ -79.354799565594405, 43.684999498411315 ], [ -79.362366699668613, 43.687765181098086 ], [ -79.355034282557952, 43.687498306913831 ] ] ] } },
{ "type": "Feature", "properties": { "vor_id": 2529, "theft_count": 20, "bike_trips": 4394.0, "theft_per_1000_trips": "4.551661356395083" }, "geometry": { "type": "Polygon", "coordinates": [ [ [ -79.416369931173833, 43.754677344066785 ], [ -79.419086097362921, 43.76365080876981 ], [ -79.418068820103031, 43.763555145441281 ], [ -79.41536559026504, 43.76311437963458 ], [ -79.413271253177058, 43.762321058903517 ], [ -79.412197201021726, 43.761609023540501 ], [ -79.411676315197823, 43.760906712269396 ], [ -79.411152540374033, 43.758372296119639 ], [ -79.416369931173833, 43.754677344066785 ] ] ] } },
{ "type": "Feature", "properties": { "vor_id": 2539, "theft_count": 13, "bike_trips": 3754.0, "theft_per_1000_trips": "3.462972828982419" }, "geometry": { "type": "Polygon", "coordinates": [ [ [ -79.372479081802453, 43.695602694382643 ], [ -79.373778485874084, 43.699880885767392 ], [ -79.368718685314292, 43.700148568142936 ], [ -79.366496838580076, 43.69792657719649 ], [ -79.372479081802453, 43.695602694382643 ] ] ] } },
{ "type": "Feature", "properties": { "vor_id": 2543, "theft_count": 17, "bike_trips": 1098.0, "theft_per_1000_trips": "15.482695810564664" }, "geometry": { "type": "Polygon", "coordinates": [ [ [ -79.415105045251863, 43.659720914830515 ], [ -79.415562370928328, 43.66193484020355 ], [ -79.413095281493014, 43.660583034778966 ], [ -79.414040403078886, 43.659337975707793 ], [ -79.415105045251863, 43.659720914830515 ] ] ] } },
{ "type": "Feature", "properties": { "vor_id": 2545, "theft_count": 8, "bike_trips": 6623.0, "theft_per_1000_trips": "1.2079118224369623" }, "geometry": { "type": "Polygon", "coordinates": [ [ [ -79.497524235174907, 43.643696381392154 ], [ -79.494380980205321, 43.641259481924408 ], [ -79.494088493968817, 43.634198748583117 ], [ -79.499301119689676, 43.631030954274898 ], [ -79.500323031348927, 43.631788855615227 ], [ -79.504531706158602, 43.634311438217516 ], [ -79.506610343543542, 43.635294560482443 ], [ -79.497524235174907, 43.643696381392154 ] ] ] } },
{ "type": "Feature", "properties": { "vor_id": 2546, "theft_count": 38, "bike_trips": 5567.0, "theft_per_1000_trips": "6.825938566552901" }, "geometry": { "type": "Polygon", "coordinates": [ [ [ -79.312869013527333, 43.66849485790614 ], [ -79.312145048630668, 43.665239473613909 ], [ -79.316171593976307, 43.659086848226231 ], [ -79.317477820476, 43.666308101882805 ], [ -79.315214705116048, 43.669147827362636 ], [ -79.312922010431777, 43.668551647503399 ], [ -79.312869013527333, 43.66849485790614 ] ] ] } },
{ "type": "Feature", "properties": { "vor_id": 2552, "theft_count": 30, "bike_trips": 2205.0, "theft_per_1000_trips": "13.605442176870747" }, "geometry": { "type": "Polygon", "coordinates": [ [ [ -79.419893409501384, 43.649889049821617 ], [ -79.415786986485628, 43.651499764030106 ], [ -79.414655622614504, 43.650712925199862 ], [ -79.414399851627721, 43.649448202385706 ], [ -79.417939064568287, 43.64804727099871 ], [ -79.419876853043675, 43.64975087073492 ], [ -79.419893409501384, 43.649889049821617 ] ] ] } },
{ "type": "Feature", "properties": { "vor_id": 2554, "theft_count": 43, "bike_trips": 4794.0, "theft_per_1000_trips": "8.969545264914476" }, "geometry": { "type": "Polygon", "coordinates": [ [ [ -79.433045408468018, 43.713907061143082 ], [ -79.434357274072212, 43.714951183698133 ], [ -79.435641798469518, 43.716372963869318 ], [ -79.436532711172035, 43.717793811506482 ], [ -79.436636697633205, 43.718037860962276 ], [ -79.436919324789201, 43.725083222163548 ], [ -79.429688396276561, 43.720824616305563 ], [ -79.428357598104597, 43.713530081257993 ], [ -79.428512640906575, 43.713273253762054 ], [ -79.432455704494245, 43.713503069828647 ], [ -79.433045408468018, 43.713907061143082 ] ] ] } },
{ "type": "Feature", "properties": { "vor_id": 2555, "theft_count": 15, "bike_trips": 6094.0, "theft_per_1000_trips": "2.461437479488021" }, "geometry": { "type": "Polygon", "coordinates": [ [ [ -79.508438187671004, 43.666341573255018 ], [ -79.509797368833745, 43.670456796170349 ], [ -79.49885907947467, 43.659737895627373 ], [ -79.503086441571455, 43.656804155568636 ], [ -79.508438187671004, 43.666341573255018 ] ] ] } },
{ "type": "Feature", "properties": { "vor_id": 2563, "theft_count": 10, "bike_trips": 3392.0, "theft_per_1000_trips": "2.94811320754717" }, "geometry": { "type": "Polygon", "coordinates": [ [ [ -79.469389699829662, 43.660817028833307 ], [ -79.467499832221591, 43.660826069979748 ], [ -79.467150557241567, 43.659366304499713 ], [ -79.468177775337693, 43.657759130121775 ], [ -79.469841594919274, 43.657049281158578 ], [ -79.47026660527527, 43.659589208036031 ], [ -79.469389699829662, 43.660817028833307 ] ] ] } },
{ "type": "Feature", "properties": { "vor_id": 2568, "theft_count": 8, "bike_trips": 2278.0, "theft_per_1000_trips": "3.5118525021949076" }, "geometry": { "type": "Polygon", "coordinates": [ [ [ -79.4252067441912, 43.670303140039891 ], [ -79.427348033805117, 43.669447857902021 ], [ -79.428013449174529, 43.670536455836768 ], [ -79.427077865901481, 43.671558572251207 ], [ -79.425075421267664, 43.671466580374712 ], [ -79.4252067441912, 43.670303140039891 ] ] ] } },
{ "type": "Feature", "properties": { "vor_id": 2574, "theft_count": 11, "bike_trips": 2561.0, "theft_per_1000_trips": "4.295197188598204" }, "geometry": { "type": "Polygon", "coordinates": [ [ [ -79.328004579487356, 43.678396357474902 ], [ -79.326821574126228, 43.679744966255164 ], [ -79.325467575381325, 43.680310622457014 ], [ -79.324702034510523, 43.676726867416846 ], [ -79.326514125509789, 43.676033915624821 ], [ -79.327837349842511, 43.678040501584078 ], [ -79.328004579487356, 43.678396357474902 ] ] ] } },
{ "type": "Feature", "properties": { "vor_id": 2581, "theft_count": 23, "bike_trips": 6126.0, "theft_per_1000_trips": "3.7544890630101206" }, "geometry": { "type": "Polygon", "coordinates": [ [ [ -79.391379015662224, 43.706311321578035 ], [ -79.390211034826763, 43.708619133828137 ], [ -79.389413281394525, 43.708924575697345 ], [ -79.386499788335414, 43.708604381185751 ], [ -79.384908118198013, 43.706804702990986 ], [ -79.385760610844244, 43.704146732725405 ], [ -79.39093501260902, 43.704138659745098 ], [ -79.391379015662224, 43.706311321578035 ] ] ] } },
{ "type": "Feature", "properties": { "vor_id": 2586, "theft_count": 9, "bike_trips": 3399.0, "theft_per_1000_trips": "2.64783759929391" }, "geometry": { "type": "Polygon", "coordinates": [ [ [ -79.475409845752552, 43.649186330396475 ], [ -79.476459283515112, 43.649854743660057 ], [ -79.477552630652866, 43.654399740175307 ], [ -79.476547579770198, 43.654009355037871 ], [ -79.475409845752552, 43.649186330396475 ] ] ] } },
{ "type": "Feature", "properties": { "vor_id": 2587, "theft_count": 12, "bike_trips": 2364.0, "theft_per_1000_trips": "5.076142131979695" }, "geometry": { "type": "Polygon", "coordinates": [ [ [ -79.422930882032261, 43.685557380634727 ], [ -79.422560510154071, 43.68370409882904 ], [ -79.423850945968624, 43.682037444235988 ], [ -79.425116427625795, 43.683032394288034 ], [ -79.425946815114912, 43.684340020199912 ], [ -79.422930882032261, 43.685557380634727 ] ] ] } },
{ "type": "Feature", "properties": { "vor_id": 2592, "theft_count": 32, "bike_trips": 2272.0, "theft_per_1000_trips": "14.084507042253522" }, "geometry": { "type": "Polygon", "coordinates": [ [ [ -79.399045437096945, 43.67454686755363 ], [ -79.401515991154113, 43.674913861684864 ], [ -79.402483484344387, 43.676546423012262 ], [ -79.401228513466307, 43.679057433038615 ], [ -79.398350814789836, 43.678085405965071 ], [ -79.398269108571682, 43.677923818978194 ], [ -79.399045437096945, 43.67454686755363 ] ] ] } },
{ "type": "Feature", "properties": { "vor_id": 2593, "theft_count": 0, "bike_trips": 1290.0, "theft_per_1000_trips": "0.0" }, "geometry": { "type": "Polygon", "coordinates": [ [ [ -79.334730361133921, 43.6699065465723 ], [ -79.334711143302613, 43.669977249937695 ], [ -79.334701317766857, 43.669777246562631 ], [ -79.334730361133921, 43.6699065465723 ] ] ] } },
{ "type": "Feature", "properties": { "vor_id": 2597, "theft_count": 17, "bike_trips": 2591.0, "theft_per_1000_trips": "6.561173292165187" }, "geometry": { "type": "Polygon", "coordinates": [ [ [ -79.344890264422503, 43.667272026081406 ], [ -79.344017457683179, 43.666368453302148 ], [ -79.34407790693686, 43.666048460662395 ], [ -79.345919514319505, 43.663674911784291 ], [ -79.346028883504587, 43.663714268634898 ], [ -79.348259352795594, 43.664887920798634 ], [ -79.347971053799355, 43.667163707049397 ], [ -79.346720138811406, 43.667633854410333 ], [ -79.344890264422503, 43.667272026081406 ] ] ] } },
{ "type": "Feature", "properties": { "vor_id": 2599, "theft_count": 8, "bike_trips": 1296.0, "theft_per_1000_trips": "6.172839506172839" }, "geometry": { "type": "Polygon", "coordinates": [ [ [ -79.345717874197732, 43.672111378672817 ], [ -79.345458394878591, 43.670631840377908 ], [ -79.347231451153178, 43.669944332776851 ], [ -79.348740044033008, 43.670762503917118 ], [ -79.345717874197732, 43.672111378672817 ] ] ] } },
{ "type": "Feature", "properties": { "vor_id": 2600, "theft_count": 7, "bike_trips": 1106.0, "theft_per_1000_trips": "6.329113924050633" }, "geometry": { "type": "Polygon", "coordinates": [ [ [ -79.427360110758229, 43.646375732596766 ], [ -79.429657236569412, 43.647666592363535 ], [ -79.42876228589563, 43.649207383292016 ], [ -79.426527478013455, 43.647839789219816 ], [ -79.427360110758229, 43.646375732596766 ] ] ] } },
{ "type": "Feature", "properties": { "vor_id": 2602, "theft_count": 17, "bike_trips": 7081.0, "theft_per_1000_trips": "2.4007908487501766" }, "geometry": { "type": "Polygon", "coordinates": [ [ [ -79.321706506583865, 43.74237633582046 ], [ -79.309764454489169, 43.761168197380883 ], [ -79.303015150766228, 43.759600647603214 ], [ -79.302656923723461, 43.758881134708965 ], [ -79.304537840848923, 43.750526638407145 ], [ -79.321299299996127, 43.742128896420596 ], [ -79.321706506583865, 43.74237633582046 ] ] ] } },
{ "type": "Feature", "properties": { "vor_id": 2603, "theft_count": 16, "bike_trips": 6150.0, "theft_per_1000_trips": "2.6016260162601625" }, "geometry": { "type": "Polygon", "coordinates": [ [ [ -79.332096923556776, 43.784966513995577 ], [ -79.331440561639056, 43.784996460498739 ], [ -79.326729091580432, 43.785211421253145 ], [ -79.325918280242561, 43.781380481381994 ], [ -79.324703104336379, 43.775638990591148 ], [ -79.327741121911856, 43.769103206435148 ], [ -79.333636660553239, 43.770754695208261 ], [ -79.332096923556776, 43.784966513995577 ] ] ] } },
{ "type": "Feature", "properties": { "vor_id": 2606, "theft_count": 9, "bike_trips": 6271.0, "theft_per_1000_trips": "1.43517780258332" }, "geometry": { "type": "Polygon", "coordinates": [ [ [ -79.207933246809446, 43.7538064816546 ], [ -79.208938256409382, 43.767342365300557 ], [ -79.20329685809638, 43.769735649981619 ], [ -79.20186427440764, 43.759082251184815 ], [ -79.206462229228691, 43.754010167836213 ], [ -79.207933246809446, 43.7538064816546 ] ] ] } },
{ "type": "Feature", "properties": { "vor_id": 2608, "theft_count": 24, "bike_trips": 2563.0, "theft_per_1000_trips": "9.364026531408506" }, "geometry": { "type": "Polygon", "coordinates": [ [ [ -79.330601098447573, 43.679593836744417 ], [ -79.330959700126883, 43.68123328716289 ], [ -79.33069813290129, 43.682138110751922 ], [ -79.328249806912268, 43.683136040136134 ], [ -79.327803107572876, 43.682894955369989 ], [ -79.329791408705347, 43.679558663897247 ], [ -79.330601098447573, 43.679593836744417 ] ] ] } },
{ "type": "Feature", "properties": { "vor_id": 2612, "theft_count": 3, "bike_trips": 15125.0, "theft_per_1000_trips": "0.19834710743801653" }, "geometry": { "type": "Polygon", "coordinates": [ [ [ -79.540255391933911, 43.780768337801852 ], [ -79.530173972031292, 43.775530330060391 ], [ -79.530086472020059, 43.774940452899195 ], [ -79.528894224786498, 43.770180735137274 ], [ -79.527241184625453, 43.765560797381745 ], [ -79.525143271217317, 43.761125132158703 ], [ -79.522702167369545, 43.757052396438333 ], [ -79.532235734354288, 43.754990711083828 ], [ -79.532379395660868, 43.755187415415371 ], [ -79.539513527568218, 43.772663367163958 ], [ -79.540255391933911, 43.780768337801852 ] ] ] } },
{ "type": "Feature", "properties": { "vor_id": 2613, "theft_count": 8, "bike_trips": 3875.0, "theft_per_1000_trips": "2.064516129032258" }, "geometry": { "type": "Polygon", "coordinates": [ [ [ -79.514741115732875, 43.69704854965088 ], [ -79.513946731975679, 43.69515466605813 ], [ -79.513759545206725, 43.691145034828573 ], [ -79.520921684801294, 43.687368054273513 ], [ -79.524295535022318, 43.688811471655072 ], [ -79.527277337640086, 43.694295130405763 ], [ -79.520982343917808, 43.697467477416538 ], [ -79.517720889710574, 43.698466580951674 ], [ -79.514741115732875, 43.69704854965088 ] ] ] } },
{ "type": "Feature", "properties": { "vor_id": 2615, "theft_count": 12, "bike_trips": 1025.0, "theft_per_1000_trips": "11.707317073170731" }, "geometry": { "type": "Polygon", "coordinates": [ [ [ -79.37075700814961, 43.654231139949616 ], [ -79.370523328831055, 43.653672966924809 ], [ -79.372225260148198, 43.652952644389714 ], [ -79.372635305243151, 43.653458748344455 ], [ -79.37075700814961, 43.654231139949616 ] ] ] } },
{ "type": "Feature", "properties": { "vor_id": 2616, "theft_count": 3, "bike_trips": 2210.0, "theft_per_1000_trips": "1.3574660633484161" }, "geometry": { "type": "Polygon", "coordinates": [ [ [ -79.427348033805117, 43.669447857902021 ], [ -79.427370901494271, 43.669069562644289 ], [ -79.429434572826793, 43.668200770377624 ], [ -79.43004580174518, 43.668792349536041 ], [ -79.428978150861411, 43.67076549711787 ], [ -79.428013449174529, 43.670536455836768 ], [ -79.427348033805117, 43.669447857902021 ] ] ] } },
{ "type": "Feature", "properties": { "vor_id": 2617, "theft_count": 41, "bike_trips": 6669.0, "theft_per_1000_trips": "6.147848253111412" }, "geometry": { "type": "Polygon", "coordinates": [ [ [ -79.509332246389022, 43.653423676029384 ], [ -79.509044571117968, 43.644456652037633 ], [ -79.513218024486264, 43.640338898651457 ], [ -79.517518825050615, 43.64492155498862 ], [ -79.515467303976365, 43.65452015325711 ], [ -79.509332246389022, 43.653423676029384 ] ] ] } },
{ "type": "Feature", "properties": { "vor_id": 2619, "theft_count": 12, "bike_trips": 1112.0, "theft_per_1000_trips": "10.79136690647482" }, "geometry": { "type": "Polygon", "coordinates": [ [ [ -79.437329348334927, 43.663108123956029 ], [ -79.437210376360554, 43.662515049977074 ], [ -79.438374997672796, 43.660727624477268 ], [ -79.439423021182421, 43.660383203145102 ], [ -79.440392580571043, 43.660663800111557 ], [ -79.441280637899879, 43.665140082676771 ], [ -79.440621217135785, 43.66604792681634 ], [ -79.439403517250327, 43.665731786162297 ], [ -79.437329348334927, 43.663108123956029 ] ] ] } },
{ "type": "Feature", "properties": { "vor_id": 2620, "theft_count": 21, "bike_trips": 2537.0, "theft_per_1000_trips": "8.277493102089082" }, "geometry": { "type": "Polygon", "coordinates": [ [ [ -79.294353782933356, 43.675463187210688 ], [ -79.290548729915912, 43.657060304252788 ], [ -79.290979972104026, 43.656801010701905 ], [ -79.294736435458631, 43.663800444821 ], [ -79.297041651693547, 43.674695680750972 ], [ -79.296193612808196, 43.675086943188532 ], [ -79.295138433777922, 43.675328543839974 ], [ -79.294353782933356, 43.675463187210688 ] ] ] } },
{ "type": "Feature", "properties": { "vor_id": 2621, "theft_count": 0, "bike_trips": 2039.0, "theft_per_1000_trips": "0.0" }, "geometry": { "type": "Polygon", "coordinates": [ [ [ -79.360722466826502, 43.666711038523133 ], [ -79.359603330971396, 43.668543620625556 ], [ -79.358746863197155, 43.669031547589981 ], [ -79.357595503993949, 43.668231471538498 ], [ -79.35883261036949, 43.666167853597429 ], [ -79.359483014137268, 43.66640057178671 ], [ -79.360722466826502, 43.666711038523133 ] ] ] } },
{ "type": "Feature", "properties": { "vor_id": 2626, "theft_count": 6, "bike_trips": 2413.0, "theft_per_1000_trips": "2.4865312888520514" }, "geometry": { "type": "Polygon", "coordinates": [ [ [ -79.398462260552932, 43.685104691526291 ], [ -79.396780732051369, 43.684962979824064 ], [ -79.39656375559511, 43.684418556314519 ], [ -79.403293434211392, 43.681621265197492 ], [ -79.403962739921241, 43.682064562728399 ], [ -79.403412809039636, 43.683062688482416 ], [ -79.398462260552932, 43.685104691526291 ] ] ] } },
{ "type": "Feature", "properties": { "vor_id": 2628, "theft_count": 18, "bike_trips": 3470.0, "theft_per_1000_trips": "5.187319884726224" }, "geometry": { "type": "Polygon", "coordinates": [ [ [ -79.410363588372832, 43.67304426661218 ], [ -79.411243149507655, 43.676829356445396 ], [ -79.409341407524948, 43.676086624656072 ], [ -79.408293074546819, 43.672931101452839 ], [ -79.410363588372832, 43.67304426661218 ] ] ] } },
{ "type": "Feature", "properties": { "vor_id": 2629, "theft_count": 21, "bike_trips": 2531.0, "theft_per_1000_trips": "8.297115764519953" }, "geometry": { "type": "Polygon", "coordinates": [ [ [ -79.296951827928325, 43.693513120323026 ], [ -79.296129824433464, 43.693260773975972 ], [ -79.295236479722647, 43.689185052639885 ], [ -79.295916377858347, 43.688582976836045 ], [ -79.299121242236765, 43.691040827583684 ], [ -79.296951827928325, 43.693513120323026 ] ] ] } },
{ "type": "Feature", "properties": { "vor_id": 2632, "theft_count": 26, "bike_trips": 1280.0, "theft_per_1000_trips": "20.3125" }, "geometry": { "type": "Polygon", "coordinates": [ [ [ -79.323432039762665, 43.676918081395101 ], [ -79.322981993117068, 43.676303740232221 ], [ -79.322370788315325, 43.673632720494609 ], [ -79.32237490036448, 43.673626743788525 ], [ -79.323684558334449, 43.673046137940652 ], [ -79.327582350459124, 43.673186773901037 ], [ -79.327596963616358, 43.673236641065436 ], [ -79.326514125509789, 43.676033915624821 ], [ -79.324702034510523, 43.676726867416846 ], [ -79.323520646865546, 43.676927595337887 ], [ -79.323432039762665, 43.676918081395101 ] ] ] } },
{ "type": "Feature", "properties": { "vor_id": 2642, "theft_count": 1, "bike_trips": 6504.0, "theft_per_1000_trips": "0.15375153751537515" }, "geometry": { "type": "Polygon", "coordinates": [ [ [ -79.271820743102083, 43.783325855279124 ], [ -79.274338643792689, 43.782475433303873 ], [ -79.274964864057949, 43.782662349469888 ], [ -79.273732394349025, 43.783401063384872 ], [ -79.269791241791822, 43.786324021331865 ], [ -79.266155566940682, 43.789619204940671 ], [ -79.266054869816685, 43.789730307096058 ], [ -79.266223605103278, 43.789235859167803 ], [ -79.271820743102083, 43.783325855279124 ] ] ] } },
{ "type": "Feature", "properties": { "vor_id": 2643, "theft_count": 63, "bike_trips": 3678.0, "theft_per_1000_trips": "17.128874388254488" }, "geometry": { "type": "Polygon", "coordinates": [ [ [ -79.393232918035466, 43.710129005342004 ], [ -79.394543994048178, 43.709623974415855 ], [ -79.396245761809581, 43.710003071750172 ], [ -79.39665508655844, 43.71061646327783 ], [ -79.397098340440579, 43.71282748182378 ], [ -79.395527432969104, 43.718641358994432 ], [ -79.392169804396175, 43.718534083114221 ], [ -79.393042045102305, 43.710784834527438 ], [ -79.393232918035466, 43.710129005342004 ] ] ] } },
{ "type": "Feature", "properties": { "vor_id": 2644, "theft_count": 16, "bike_trips": 4004.0, "theft_per_1000_trips": "3.996003996003996" }, "geometry": { "type": "Polygon", "coordinates": [ [ [ -79.532264737470925, 43.640010850370757 ], [ -79.533239278244139, 43.643901435223832 ], [ -79.531346582978045, 43.642181755452 ], [ -79.530817730487641, 43.640846543687275 ], [ -79.530972136349106, 43.640074351791881 ], [ -79.532264737470925, 43.640010850370757 ] ] ] } },
{ "type": "Feature", "properties": { "vor_id": 2648, "theft_count": 14, "bike_trips": 3405.0, "theft_per_1000_trips": "4.1116005873715125" }, "geometry": { "type": "Polygon", "coordinates": [ [ [ -79.48239452252831, 43.654472359394681 ], [ -79.482244308880382, 43.657836555198102 ], [ -79.478985643516353, 43.661790765474862 ], [ -79.478397074858506, 43.661898426826255 ], [ -79.477513800053501, 43.66128414247806 ], [ -79.477227880402381, 43.660582200521993 ], [ -79.47864611258565, 43.655171968559905 ], [ -79.478692923596356, 43.655080048365654 ], [ -79.481576555145182, 43.654078896373413 ], [ -79.48239452252831, 43.654472359394681 ] ] ] } },
{ "type": "Feature", "properties": { "vor_id": 2649, "theft_count": 8, "bike_trips": 5042.0, "theft_per_1000_trips": "1.5866719555731852" }, "geometry": { "type": "Polygon", "coordinates": [ [ [ -79.364040749004573, 43.690576940732427 ], [ -79.370691935847105, 43.690067933968713 ], [ -79.372072229781494, 43.692220641150293 ], [ -79.372479081802453, 43.695602694382643 ], [ -79.366496838580076, 43.69792657719649 ], [ -79.362028940203658, 43.694473709320953 ], [ -79.364040749004573, 43.690576940732427 ] ] ] } },
{ "type": "Feature", "properties": { "vor_id": 2656, "theft_count": 24, "bike_trips": 2557.0, "theft_per_1000_trips": "9.385999217833398" }, "geometry": { "type": "Polygon", "coordinates": [ [ [ -79.319113384972496, 43.667560022851319 ], [ -79.319806203996961, 43.67033403281556 ], [ -79.319739354615379, 43.670402590106029 ], [ -79.316580989461514, 43.671707976067182 ], [ -79.315214705116048, 43.669147827362636 ], [ -79.317477820476, 43.666308101882805 ], [ -79.319113384972496, 43.667560022851319 ] ] ] } },
{ "type": "Feature", "properties": { "vor_id": 2658, "theft_count": 15, "bike_trips": 3566.0, "theft_per_1000_trips": "4.2063937184520475" }, "geometry": { "type": "Polygon", "coordinates": [ [ [ -79.434842157065233, 43.700074013150925 ], [ -79.434049743066225, 43.698610285817203 ], [ -79.437571843346348, 43.697192097006571 ], [ -79.43823480509235, 43.698104743436318 ], [ -79.437601615681046, 43.698893925416108 ], [ -79.435615636222195, 43.700893574891175 ], [ -79.434842157065233, 43.700074013150925 ] ] ] } },
{ "type": "Feature", "properties": { "vor_id": 2666, "theft_count": 4, "bike_trips": 2288.0, "theft_per_1000_trips": "1.7482517482517483" }, "geometry": { "type": "Polygon", "coordinates": [ [ [ -79.435899580003834, 43.669515478621967 ], [ -79.434693800049615, 43.669991363989681 ], [ -79.43407359966298, 43.666876483153068 ], [ -79.434257900326671, 43.666851077394696 ], [ -79.435463827614981, 43.66742850019304 ], [ -79.435899580003834, 43.669515478621967 ] ] ] } },
{ "type": "Feature", "properties": { "vor_id": 2667, "theft_count": 14, "bike_trips": 2199.0, "theft_per_1000_trips": "6.366530241018645" }, "geometry": { "type": "Polygon", "coordinates": [ [ [ -79.415786986485628, 43.651499764030106 ], [ -79.416342853350841, 43.652540260672744 ], [ -79.416044505760979, 43.653742089460238 ], [ -79.414613760908495, 43.65432537152698 ], [ -79.412589494372696, 43.653303341519894 ], [ -79.414655622614504, 43.650712925199862 ], [ -79.415786986485628, 43.651499764030106 ] ] ] } },
{ "type": "Feature", "properties": { "vor_id": 2668, "theft_count": 4, "bike_trips": 4408.0, "theft_per_1000_trips": "0.9074410163339383" }, "geometry": { "type": "Polygon", "coordinates": [ [ [ -79.279530593274302, 43.686610305480201 ], [ -79.278696935820946, 43.681161954477744 ], [ -79.279924579123559, 43.681263125462777 ], [ -79.28524119010099, 43.683328876392686 ], [ -79.285894473068851, 43.68390491898618 ], [ -79.279530593274302, 43.686610305480201 ] ] ] } },
{ "type": "Feature", "properties": { "vor_id": 2669, "theft_count": 7, "bike_trips": 4559.0, "theft_per_1000_trips": "1.535424435183154" }, "geometry": { "type": "Polygon", "coordinates": [ [ [ -79.448318761747259, 43.666734557663666 ], [ -79.449516352296655, 43.667434511666528 ], [ -79.449798073151342, 43.668704415157087 ], [ -79.448020945888885, 43.669464016602504 ], [ -79.447665787443754, 43.667451768537923 ], [ -79.448318761747259, 43.666734557663666 ] ] ] } },
{ "type": "Feature", "properties": { "vor_id": 2670, "theft_count": 9, "bike_trips": 1118.0, "theft_per_1000_trips": "8.050089445438283" }, "geometry": { "type": "Polygon", "coordinates": [ [ [ -79.430908987767879, 43.639764328169015 ], [ -79.431148279868793, 43.640934108313942 ], [ -79.429317455371532, 43.641176321769329 ], [ -79.428998568551023, 43.639526980002302 ], [ -79.429749292031573, 43.639238052718127 ], [ -79.430908987767879, 43.639764328169015 ] ] ] } },
{ "type": "Feature", "properties": { "vor_id": 2672, "theft_count": 4, "bike_trips": 3555.0, "theft_per_1000_trips": "1.1251758087201125" }, "geometry": { "type": "Polygon", "coordinates": [ [ [ -79.433616415604476, 43.695572299245399 ], [ -79.433298440003057, 43.694845363614903 ], [ -79.436656175909761, 43.693495654663209 ], [ -79.437791102351412, 43.695644515422607 ], [ -79.437530613814957, 43.697019269091165 ], [ -79.433616415604476, 43.695572299245399 ] ] ] } },
{ "type": "Feature", "properties": { "vor_id": 2673, "theft_count": 37, "bike_trips": 12442.0, "theft_per_1000_trips": "2.973798424690564" }, "geometry": { "type": "Polygon", "coordinates": [ [ [ -79.239749620600762, 43.741535107839262 ], [ -79.236860118397018, 43.728258121235008 ], [ -79.237574306189302, 43.727823196075654 ], [ -79.245124111874972, 43.725362551567272 ], [ -79.255158016494661, 43.749620852962856 ], [ -79.251600532881156, 43.751171738152514 ], [ -79.241580352015461, 43.74591521099709 ], [ -79.239749620600762, 43.741535107839262 ] ] ] } },
{ "type": "Feature", "properties": { "vor_id": 2674, "theft_count": 595, "bike_trips": 65810.0, "theft_per_1000_trips": "9.041179152104544" }, "geometry": { "type": "MultiPolygon", "coordinates": [ [ [ [ -79.334701317766857, 43.669777246562631 ], [ -79.334711143302613, 43.669977249937695 ], [ -79.334556231939459, 43.67054717661361 ], [ -79.334384892281037, 43.670495977664238 ], [ -79.333307880160078, 43.669553871378881 ], [ -79.332613996139941, 43.666452240843093 ], [ -79.331182823400596, 43.668174712958418 ], [ -79.328082936608297, 43.667283301842659 ], [ -79.327359121366527, 43.669865047794637 ], [ -79.327474409033698, 43.670407158665391 ], [ -79.32761100336549, 43.67195926428537 ], [ -79.327628766116732, 43.672010643248989 ], [ -79.330933874058147, 43.670826856656909 ], [ -79.33177960719469, 43.671116651867045 ], [ -79.332189240127121, 43.674961251489961 ], [ -79.332464958718205, 43.675134009517699 ], [ -79.333489293456211, 43.675631376740348 ], [ -79.334675825013775, 43.675089356347648 ], [ -79.334578291333614, 43.677074700016583 ], [ -79.334323242561993, 43.67879409917154 ], [ -79.333970249890925, 43.681173782462963 ], [ -79.333955358987765, 43.681274168777925 ], [ -79.333858319020166, 43.681928359100908 ], [ -79.332893570562618, 43.685779850838443 ], [ -79.332845241183932, 43.685972792533477 ], [ -79.332666071786605, 43.686688076862829 ], [ -79.33101303162556, 43.691308014618357 ], [ -79.330529174856011, 43.692331043804074 ], [ -79.328915118217424, 43.695743679841399 ], [ -79.326392535615128, 43.699952354651082 ], [ -79.323704126765293, 43.703577254360731 ], [ -79.323469577668135, 43.703893507208285 ], [ -79.322824195215176, 43.704605577014455 ], [ -79.323060234935383, 43.703701775128799 ], [ -79.319554179303083, 43.699060031400244 ], [ -79.311352157919202, 43.701066531964578 ], [ -79.305595600414676, 43.70128822562581 ], [ -79.304560451361809, 43.697289768329895 ], [ -79.303631014535952, 43.69676035249806 ], [ -79.301602824096747, 43.692127965695946 ], [ -79.303353180518926, 43.689598447238929 ], [ -79.303741459416941, 43.689426380670135 ], [ -79.303116323357997, 43.686455104465523 ], [ -79.304209584300651, 43.683979779134425 ], [ -79.303201439974387, 43.682853632368911 ], [ -79.302884792613241, 43.68279987401371 ], [ -79.300710853334337, 43.683795504841797 ], [ -79.297038368615432, 43.682520929421308 ], [ -79.300707790953254, 43.680691279088464 ], [ -79.300374458525496, 43.679841395560658 ], [ -79.302941859298329, 43.677749107503232 ], [ -79.30237772813814, 43.674981979009395 ], [ -79.305055375364788, 43.675129762828099 ], [ -79.306096641261192, 43.676032715906352 ], [ -79.305704611277719, 43.678896170920353 ], [ -79.305540394993145, 43.679255334199965 ], [ -79.308510361599943, 43.680626393268625 ], [ -79.308669473029752, 43.682937509778426 ], [ -79.306944107961485, 43.684556479558118 ], [ -79.309369761846341, 43.690828425594916 ], [ -79.309758901232385, 43.690835315195891 ], [ -79.312081894966354, 43.685138169344206 ], [ -79.312149112525418, 43.685109998315184 ], [ -79.312669408080495, 43.685184028558609 ], [ -79.315018748521467, 43.68714869481753 ], [ -79.312578791266475, 43.69169113802424 ], [ -79.319323265445689, 43.697152538013391 ], [ -79.322410952412966, 43.691025036670055 ], [ -79.323751858377634, 43.690055309352843 ], [ -79.322547039970203, 43.684272428278355 ], [ -79.325731264975602, 43.682973331588137 ], [ -79.326300528267296, 43.68343158186385 ], [ -79.32557410614271, 43.687019825467878 ], [ -79.32415112207002, 43.689893047059961 ], [ -79.327965050077282, 43.690305755059811 ], [ -79.332305830659763, 43.685986473902673 ], [ -79.331387076045289, 43.685371274815374 ], [ -79.330360704329166, 43.685018191931462 ], [ -79.328249806912268, 43.683136040136134 ], [ -79.33069813290129, 43.682138110751922 ], [ -79.330959700126883, 43.68123328716289 ], [ -79.330601098447573, 43.679593836744417 ], [ -79.329791408705347, 43.679558663897247 ], [ -79.328004579487356, 43.678396357474902 ], [ -79.327837349842511, 43.678040501584078 ], [ -79.326514125509789, 43.676033915624821 ], [ -79.327596963616358, 43.673236641065436 ], [ -79.327582350459124, 43.673186773901037 ], [ -79.323684558334449, 43.673046137940652 ], [ -79.32237490036448, 43.673626743788525 ], [ -79.321605015045535, 43.670269628959772 ], [ -79.322132740019157, 43.670024304942189 ], [ -79.321425304892713, 43.666717560093382 ], [ -79.322104168658768, 43.666437023167035 ], [ -79.322650816370881, 43.666447441733517 ], [ -79.323365611414829, 43.665743909320739 ], [ -79.32458738529462, 43.665687020687379 ], [ -79.325308183655011, 43.666335922379304 ], [ -79.327720933172657, 43.666414727057692 ], [ -79.327988294052687, 43.666547969256868 ], [ -79.329165980821784, 43.665271482805501 ], [ -79.33122134934068, 43.665011322773083 ], [ -79.332354395052107, 43.665219161722447 ], [ -79.331505373823646, 43.661369520802516 ], [ -79.330809286139768, 43.661200472976937 ], [ -79.330367074953102, 43.65912193857686 ], [ -79.330580538696395, 43.657901429147564 ], [ -79.33143812317914, 43.654227722685256 ], [ -79.331570688208743, 43.654598217123208 ], [ -79.332956175149477, 43.661130700728926 ], [ -79.33248356570212, 43.661329407231804 ], [ -79.333381560421884, 43.665388798942843 ], [ -79.33339432923195, 43.665388085048704 ], [ -79.333800727836632, 43.665767853077497 ], [ -79.334701317766857, 43.669777246562631 ] ] ], [ [ [ -79.307191359661971, 43.666045989132719 ], [ -79.306626425411977, 43.664697404379439 ], [ -79.305931886703178, 43.661953552844793 ], [ -79.311678295487837, 43.665307561911575 ], [ -79.308846962590607, 43.66647838663593 ], [ -79.307191359661971, 43.666045989132719 ] ] ], [ [ [ -79.306854705406977, 43.673363842079993 ], [ -79.308043134740259, 43.672878323825557 ], [ -79.310303417783246, 43.67543725588051 ], [ -79.309110801703071, 43.675924037370017 ], [ -79.306854705406977, 43.673363842079993 ] ] ], [ [ [ -79.318867422127326, 43.680189013343472 ], [ -79.31945520555692, 43.680235667468907 ], [ -79.319793070964508, 43.680470908285869 ], [ -79.320634332754111, 43.684508342467019 ], [ -79.319987957195593, 43.685519843782686 ], [ -79.318867422127326, 43.680189013343472 ] ] ], [ [ [ -79.303953226618248, 43.718367819625669 ], [ -79.30109985035584, 43.719388773977428 ], [ -79.299333288862726, 43.720020859786715 ], [ -79.294573571100813, 43.721213107020262 ], [ -79.294522412020896, 43.721220695752905 ], [ -79.28971991201648, 43.721933079333709 ], [ -79.28955155493081, 43.721941350186967 ], [ -79.284819055, 43.7221738430001 ], [ -79.283767715583082, 43.722122194006509 ], [ -79.28945569250962, 43.719102181538481 ], [ -79.289620807678602, 43.719211277927833 ], [ -79.294410826798384, 43.720764025509887 ], [ -79.300716012847246, 43.71846501608514 ], [ -79.302167650710345, 43.71671202625533 ], [ -79.305146511091991, 43.716435485166549 ], [ -79.309080265266729, 43.709884141484025 ], [ -79.311661333672419, 43.709850778063284 ], [ -79.316367107337939, 43.710951641705549 ], [ -79.312597566650979, 43.71374732361523 ], [ -79.308388891841304, 43.716269906217519 ], [ -79.30650188230635, 43.717162395259322 ], [ -79.303953226618248, 43.718367819625669 ] ] ], [ [ [ -79.279666088523044, 43.663603724186032 ], [ -79.287758797741205, 43.658737810397241 ], [ -79.28887050938981, 43.674375524421272 ], [ -79.287705576609639, 43.674619210089297 ], [ -79.283581630438277, 43.672252998371157 ], [ -79.276877671556704, 43.665534291220538 ], [ -79.279064371374631, 43.663995602579817 ], [ -79.279666088523044, 43.663603724186032 ] ] ], [ [ [ -79.292250064065556, 43.681450600593521 ], [ -79.29160506694933, 43.676628364985262 ], [ -79.294353782933356, 43.675463187210688 ], [ -79.295138433777922, 43.675328543839974 ], [ -79.296621008857855, 43.681575778403435 ], [ -79.296179928659868, 43.682522076708501 ], [ -79.29566347979943, 43.682828812786433 ], [ -79.292250064065556, 43.681450600593521 ] ] ], [ [ [ -79.290930210559935, 43.682832281475967 ], [ -79.291879499850012, 43.687230011214709 ], [ -79.291383292986211, 43.689160616259556 ], [ -79.291209336716747, 43.689327476132483 ], [ -79.286406377007836, 43.688012712593363 ], [ -79.286608534691311, 43.684266831594044 ], [ -79.285894473068851, 43.68390491898618 ], [ -79.28524119010099, 43.683328876392686 ], [ -79.284890117461757, 43.679301483468478 ], [ -79.28698481223833, 43.679358885792126 ], [ -79.287390260917533, 43.683743376581099 ], [ -79.290930210559935, 43.682832281475967 ] ] ], [ [ [ -79.267988488409486, 43.688224377106714 ], [ -79.276634062010473, 43.690369372252277 ], [ -79.28025343188061, 43.699489031031966 ], [ -79.278890874674332, 43.701775244957993 ], [ -79.272343323863353, 43.702462667033295 ], [ -79.268794531224458, 43.700831239922572 ], [ -79.267988488409486, 43.688224377106714 ] ] ], [ [ [ -79.240722991782576, 43.695743679841399 ], [ -79.239226980370887, 43.692580629466505 ], [ -79.257654366850161, 43.707363376779007 ], [ -79.257646445372288, 43.707646582263322 ], [ -79.266462193376043, 43.715398382951193 ], [ -79.271073159682373, 43.710025788054303 ], [ -79.277670730598572, 43.71416309214203 ], [ -79.27659522962486, 43.717614644323163 ], [ -79.27949981694627, 43.721871018369384 ], [ -79.275064538899187, 43.721213107020262 ], [ -79.270304821137273, 43.720020859786715 ], [ -79.267024899953583, 43.718847285221727 ], [ -79.265684883381752, 43.718367819625669 ], [ -79.261249218158696, 43.716269906217519 ], [ -79.257040543349021, 43.71374732361523 ], [ -79.254520548074794, 43.711878367743495 ], [ -79.253099390791817, 43.710824365668238 ], [ -79.249463715940678, 43.707529182059432 ], [ -79.246168532331865, 43.703893507208285 ], [ -79.243245574384872, 43.699952354651082 ], [ -79.240722991782576, 43.695743679841399 ] ] ], [ [ [ -79.2934147059635, 43.699579307034867 ], [ -79.295368497902103, 43.6999624996471 ], [ -79.299088969001062, 43.704678662994581 ], [ -79.290493301581819, 43.705988545690815 ], [ -79.291094061602962, 43.700224977249384 ], [ -79.2934147059635, 43.699579307034867 ] ] ] ] } },
{ "type": "Feature", "properties": { "vor_id": 2675, "theft_count": 15, "bike_trips": 6258.0, "theft_per_1000_trips": "2.3969319271332696" }, "geometry": { "type": "Polygon", "coordinates": [ [ [ -79.347448527375661, 43.751829436671208 ], [ -79.343802773788454, 43.750641178691836 ], [ -79.344071743193979, 43.731783168841908 ], [ -79.358740515893601, 43.73937265441333 ], [ -79.347448527375661, 43.751829436671208 ] ] ] } },
{ "type": "Feature", "properties": { "vor_id": 2677, "theft_count": 9, "bike_trips": 4633.0, "theft_per_1000_trips": "1.9425857975393912" }, "geometry": { "type": "Polygon", "coordinates": [ [ [ -79.358746863197155, 43.669031547589981 ], [ -79.359023753687836, 43.669784083595211 ], [ -79.355334958925795, 43.67337550976405 ], [ -79.353192333643378, 43.67183040454411 ], [ -79.354367162594087, 43.668118797104789 ], [ -79.356459131346284, 43.667732185071763 ], [ -79.357595503993949, 43.668231471538498 ], [ -79.358746863197155, 43.669031547589981 ] ] ] } },
{ "type": "Feature", "properties": { "vor_id": 2681, "theft_count": 0, "bike_trips": 1047.0, "theft_per_1000_trips": "0.0" }, "geometry": { "type": "Polygon", "coordinates": [ [ [ -79.39178625771811, 43.666601713064424 ], [ -79.391763745976576, 43.666624172350403 ], [ -79.390610369072789, 43.666343868446376 ], [ -79.390463798213787, 43.665702021826483 ], [ -79.392425333301432, 43.665000173349561 ], [ -79.39178625771811, 43.666601713064424 ] ] ] } },
{ "type": "Feature", "properties": { "vor_id": 2682, "theft_count": 14, "bike_trips": 5910.0, "theft_per_1000_trips": "2.3688663282571913" }, "geometry": { "type": "Polygon", "coordinates": [ [ [ -79.411326693948737, 43.768989653764507 ], [ -79.412047807428351, 43.769939950887832 ], [ -79.412235022042069, 43.770804675481529 ], [ -79.41194356032257, 43.772302473777955 ], [ -79.407049583410782, 43.774194695158663 ], [ -79.405353577737444, 43.77154937148881 ], [ -79.411326693948737, 43.768989653764507 ] ] ] } },
{ "type": "Feature", "properties": { "vor_id": 2683, "theft_count": 27, "bike_trips": 4361.0, "theft_per_1000_trips": "6.191240541160285" }, "geometry": { "type": "Polygon", "coordinates": [ [ [ -79.398513965469405, 43.673610497676151 ], [ -79.399045437096945, 43.67454686755363 ], [ -79.398269108571682, 43.677923818978194 ], [ -79.395894830703114, 43.677031687947462 ], [ -79.395255044477949, 43.676060279517593 ], [ -79.395407784462392, 43.674877858806404 ], [ -79.398513965469405, 43.673610497676151 ] ] ] } },
{ "type": "Feature", "properties": { "vor_id": 2684, "theft_count": 24, "bike_trips": 2120.0, "theft_per_1000_trips": "11.320754716981131" }, "geometry": { "type": "Polygon", "coordinates": [ [ [ -79.395176049938257, 43.666436839231828 ], [ -79.39178625771811, 43.666601713064424 ], [ -79.392425333301432, 43.665000173349561 ], [ -79.392624645447341, 43.664928858323428 ], [ -79.394639910459958, 43.665352605997782 ], [ -79.395176049938257, 43.666436839231828 ] ] ] } },
{ "type": "Feature", "properties": { "vor_id": 2687, "theft_count": 4, "bike_trips": 4566.0, "theft_per_1000_trips": "0.8760402978537013" }, "geometry": { "type": "Polygon", "coordinates": [ [ [ -79.225071206942573, 43.778125023680815 ], [ -79.234306542821471, 43.776053168245404 ], [ -79.238338913112017, 43.778928116054765 ], [ -79.240344724868194, 43.781871841183928 ], [ -79.237117606, 43.781713303000103 ], [ -79.232216748983518, 43.781954066666493 ], [ -79.227363089899185, 43.782674038979941 ], [ -79.226245011930985, 43.782954102931456 ], [ -79.224324253610533, 43.779123031112867 ], [ -79.225071206942573, 43.778125023680815 ] ] ] } },
{ "type": "Feature", "properties": { "vor_id": 2699, "theft_count": 38, "bike_trips": 2149.0, "theft_per_1000_trips": "17.682643089809215" }, "geometry": { "type": "Polygon", "coordinates": [ [ [ -79.406500112865118, 43.669235560176702 ], [ -79.405684478459449, 43.669273892666077 ], [ -79.404413036727718, 43.668539403540855 ], [ -79.404490598374593, 43.668425769038365 ], [ -79.405196374662765, 43.667726923885553 ], [ -79.40602836305645, 43.667305525999559 ], [ -79.406699376535769, 43.667267801235113 ], [ -79.407156594414872, 43.66732103039427 ], [ -79.407475546678498, 43.668917050957873 ], [ -79.406500112865118, 43.669235560176702 ] ] ] } },
{ "type": "Feature", "properties": { "vor_id": 2701, "theft_count": 21, "bike_trips": 12028.0, "theft_per_1000_trips": "1.7459261722647157" }, "geometry": { "type": "Polygon", "coordinates": [ [ [ -79.352376607511061, 43.787896201321857 ], [ -79.356523681650643, 43.795596393787186 ], [ -79.345699456957064, 43.801600256054414 ], [ -79.345488354780869, 43.801717347894801 ], [ -79.340000197556705, 43.794306374877984 ], [ -79.339834019489672, 43.792893639430886 ], [ -79.339617808646508, 43.79105555858402 ], [ -79.341845322360129, 43.789977702565125 ], [ -79.347090386403877, 43.788531452031002 ], [ -79.352376607511061, 43.787896201321857 ] ] ] } },
{ "type": "Feature", "properties": { "vor_id": 2707, "theft_count": 7, "bike_trips": 2353.0, "theft_per_1000_trips": "2.9749256268593287" }, "geometry": { "type": "Polygon", "coordinates": [ [ [ -79.441735695278737, 43.671683924189146 ], [ -79.441706327895048, 43.675222811553837 ], [ -79.440192674396386, 43.676003402127016 ], [ -79.439752991816491, 43.676023506161727 ], [ -79.438273454025719, 43.67155143112776 ], [ -79.439067116118892, 43.670910849763615 ], [ -79.440335267957394, 43.670782645326945 ], [ -79.441735695278737, 43.671683924189146 ] ] ] } },
{ "type": "Feature", "properties": { "vor_id": 2710, "theft_count": 7, "bike_trips": 7206.0, "theft_per_1000_trips": "0.971412711629198" }, "geometry": { "type": "Polygon", "coordinates": [ [ [ -79.378952801816496, 43.768885605983009 ], [ -79.377196234451461, 43.77399778554274 ], [ -79.373970842280428, 43.765819627080845 ], [ -79.374782713839778, 43.759970278193926 ], [ -79.376486029521672, 43.759807403452832 ], [ -79.377402658148085, 43.761584791569341 ], [ -79.378952801816496, 43.768885605983009 ] ] ] } },
{ "type": "Feature", "properties": { "vor_id": 2713, "theft_count": 34, "bike_trips": 3803.0, "theft_per_1000_trips": "8.940310281356822" }, "geometry": { "type": "Polygon", "coordinates": [ [ [ -79.2996054897378, 43.687511445809818 ], [ -79.303116323357997, 43.686455104465523 ], [ -79.303741459416941, 43.689426380670135 ], [ -79.303353180518926, 43.689598447238929 ], [ -79.302316329011163, 43.68937431660607 ], [ -79.299638043620206, 43.687651100542688 ], [ -79.2996054897378, 43.687511445809818 ] ] ] } },
{ "type": "Feature", "properties": { "vor_id": 2715, "theft_count": 10, "bike_trips": 2292.0, "theft_per_1000_trips": "4.363001745200698" }, "geometry": { "type": "Polygon", "coordinates": [ [ [ -79.473992989808735, 43.664335145799207 ], [ -79.477513800053501, 43.66128414247806 ], [ -79.478397074858506, 43.661898426826255 ], [ -79.479727280048394, 43.66793326225585 ], [ -79.473992989808735, 43.664335145799207 ] ] ] } },
{ "type": "Feature", "properties": { "vor_id": 2717, "theft_count": 19, "bike_trips": 4779.0, "theft_per_1000_trips": "3.9757271395689475" }, "geometry": { "type": "Polygon", "coordinates": [ [ [ -79.408543839035787, 43.693164757847178 ], [ -79.407850955363799, 43.689996494451684 ], [ -79.408889152591684, 43.686861016641465 ], [ -79.412259876416613, 43.686563849956386 ], [ -79.413747507139846, 43.687638258317854 ], [ -79.411801651897989, 43.694684592966311 ], [ -79.411206519618148, 43.694892649054367 ], [ -79.408543839035787, 43.693164757847178 ] ] ] } },
{ "type": "Feature", "properties": { "vor_id": 2726, "theft_count": 6, "bike_trips": 1295.0, "theft_per_1000_trips": "4.633204633204633" }, "geometry": { "type": "Polygon", "coordinates": [ [ [ -79.347822071990279, 43.661421310065471 ], [ -79.34841898762933, 43.661445815480953 ], [ -79.349728494254123, 43.662230703546349 ], [ -79.346028883504587, 43.663714268634898 ], [ -79.345919514319505, 43.663674911784291 ], [ -79.345686688857029, 43.662299585227615 ], [ -79.347822071990279, 43.661421310065471 ] ] ] } },
{ "type": "Feature", "properties": { "vor_id": 2737, "theft_count": 7, "bike_trips": 1297.0, "theft_per_1000_trips": "5.397070161912104" }, "geometry": { "type": "Polygon", "coordinates": [ [ [ -79.346151507752182, 43.675037442546305 ], [ -79.349160379036732, 43.673763297778535 ], [ -79.349618623717632, 43.674061083658614 ], [ -79.350305517241139, 43.675314006074395 ], [ -79.350439715698684, 43.676114508543868 ], [ -79.348451296448303, 43.678022742738548 ], [ -79.348326577166404, 43.67802966604448 ], [ -79.346358925153098, 43.676241362029046 ], [ -79.346151507752182, 43.675037442546305 ] ] ] } },
{ "type": "Feature", "properties": { "vor_id": 2743, "theft_count": 17, "bike_trips": 8613.0, "theft_per_1000_trips": "1.9737605944502497" }, "geometry": { "type": "Polygon", "coordinates": [ [ [ -79.491873102828336, 43.721604703194906 ], [ -79.493071176019413, 43.720859904290919 ], [ -79.500332579954502, 43.723534986274402 ], [ -79.502348146720863, 43.72795759406219 ], [ -79.504947594833766, 43.739421783571871 ], [ -79.503997078333725, 43.740305683462317 ], [ -79.500181379618141, 43.738500992374433 ], [ -79.49556144186262, 43.736847952213388 ], [ -79.490801724100706, 43.735655704979841 ], [ -79.487453608746875, 43.73515905898244 ], [ -79.487983942381618, 43.732671024334124 ], [ -79.491873102828336, 43.721604703194906 ] ] ] } },
{ "type": "Feature", "properties": { "vor_id": 2746, "theft_count": 16, "bike_trips": 2265.0, "theft_per_1000_trips": "7.06401766004415" }, "geometry": { "type": "Polygon", "coordinates": [ [ [ -79.472098769485854, 43.64611657645851 ], [ -79.475409845752552, 43.649186330396475 ], [ -79.476547579770198, 43.654009355037871 ], [ -79.473683797976292, 43.653314435752577 ], [ -79.472098769485854, 43.64611657645851 ] ] ] } },
{ "type": "Feature", "properties": { "vor_id": 2751, "theft_count": 4, "bike_trips": 9388.0, "theft_per_1000_trips": "0.42607584149978694" }, "geometry": { "type": "Polygon", "coordinates": [ [ [ -79.196770627829878, 43.764266567216367 ], [ -79.199958007261685, 43.759755261220043 ], [ -79.20186427440764, 43.759082251184815 ], [ -79.20329685809638, 43.769735649981619 ], [ -79.199517054481319, 43.775579510954771 ], [ -79.199336134878934, 43.775367151796885 ], [ -79.196770627829878, 43.764266567216367 ] ] ] } },
{ "type": "Feature", "properties": { "vor_id": 2752, "theft_count": 17, "bike_trips": 1296.0, "theft_per_1000_trips": "13.117283950617283" }, "geometry": { "type": "Polygon", "coordinates": [ [ [ -79.34475861361129, 43.66901667712095 ], [ -79.344890264422503, 43.667272026081406 ], [ -79.346720138811406, 43.667633854410333 ], [ -79.347231451153178, 43.669944332776851 ], [ -79.345458394878591, 43.670631840377908 ], [ -79.34544252438387, 43.670619197099064 ], [ -79.34496912881923, 43.669892083507811 ], [ -79.34475861361129, 43.66901667712095 ] ] ] } },
{ "type": "Feature", "properties": { "vor_id": 2757, "theft_count": 0, "bike_trips": 1457.0, "theft_per_1000_trips": "0.0" }, "geometry": { "type": "Polygon", "coordinates": [ [ [ -79.431775341580689, 43.792881407098285 ], [ -79.431317796019258, 43.792014353223983 ], [ -79.431617175757054, 43.791815139726125 ], [ -79.431775341580689, 43.792881407098285 ] ] ] } },
{ "type": "Feature", "properties": { "vor_id": 2758, "theft_count": 33, "bike_trips": 2586.0, "theft_per_1000_trips": "12.761020881670532" }, "geometry": { "type": "Polygon", "coordinates": [ [ [ -79.345186237859778, 43.674167908040616 ], [ -79.346151507752182, 43.675037442546305 ], [ -79.346358925153098, 43.676241362029046 ], [ -79.344546402311792, 43.678125896358218 ], [ -79.344346025965393, 43.678205927176066 ], [ -79.342052727191117, 43.677487810938651 ], [ -79.341966608064908, 43.677425415530863 ], [ -79.341921245716762, 43.674050375749388 ], [ -79.34207220409202, 43.673892544480445 ], [ -79.345186237859778, 43.674167908040616 ] ] ] } },
{ "type": "Feature", "properties": { "vor_id": 2760, "theft_count": 20, "bike_trips": 2249.0, "theft_per_1000_trips": "8.892841262783458" }, "geometry": { "type": "Polygon", "coordinates": [ [ [ -79.450297270184123, 43.65256564303975 ], [ -79.455216119707885, 43.650820077016213 ], [ -79.455007182470311, 43.65192862293744 ], [ -79.450606484975808, 43.653364371160301 ], [ -79.450309706192456, 43.652887268931202 ], [ -79.450297270184123, 43.65256564303975 ] ] ] } },
{ "type": "Feature", "properties": { "vor_id": 2764, "theft_count": 13, "bike_trips": 3064.0, "theft_per_1000_trips": "4.242819843342037" }, "geometry": { "type": "Polygon", "coordinates": [ [ [ -79.366976921948662, 43.659772732765688 ], [ -79.365245165287533, 43.658292240079618 ], [ -79.366788342870052, 43.657088975659789 ], [ -79.367375988091439, 43.659767319041308 ], [ -79.366976921948662, 43.659772732765688 ] ] ] } },
{ "type": "Feature", "properties": { "vor_id": 2765, "theft_count": 42, "bike_trips": 10287.0, "theft_per_1000_trips": "4.082822980460776" }, "geometry": { "type": "Polygon", "coordinates": [ [ [ -79.296592705607821, 43.729693515487575 ], [ -79.294522412020896, 43.721220695752905 ], [ -79.294573571100813, 43.721213107020262 ], [ -79.299333288862726, 43.720020859786715 ], [ -79.30109985035584, 43.719388773977428 ], [ -79.305814354607406, 43.730734878548155 ], [ -79.296592705607821, 43.729693515487575 ] ] ] } },
{ "type": "Feature", "properties": { "vor_id": 2768, "theft_count": 10, "bike_trips": 2425.0, "theft_per_1000_trips": "4.123711340206186" }, "geometry": { "type": "Polygon", "coordinates": [ [ [ -79.398198679191566, 43.69675614266032 ], [ -79.397503049730403, 43.696479414594236 ], [ -79.396253139794695, 43.695059470370978 ], [ -79.398310710889206, 43.694677875816495 ], [ -79.398447010409157, 43.695396754009437 ], [ -79.398438155855416, 43.696055754526412 ], [ -79.398198679191566, 43.69675614266032 ] ] ] } },
{ "type": "Feature", "properties": { "vor_id": 2776, "theft_count": 15, "bike_trips": 3455.0, "theft_per_1000_trips": "4.341534008683069" }, "geometry": { "type": "Polygon", "coordinates": [ [ [ -79.485400168995625, 43.678807780154777 ], [ -79.48927885305433, 43.677132770392284 ], [ -79.496567348559012, 43.684359631521524 ], [ -79.492100984631819, 43.687509585072085 ], [ -79.485400168995625, 43.678807780154777 ] ] ] } },
{ "type": "Feature", "properties": { "vor_id": 2777, "theft_count": 7, "bike_trips": 2249.0, "theft_per_1000_trips": "3.1124944419742104" }, "geometry": { "type": "Polygon", "coordinates": [ [ [ -79.454703929629986, 43.650320420555175 ], [ -79.450123264921118, 43.652085616582468 ], [ -79.449521164824233, 43.651046854625491 ], [ -79.452666464592809, 43.649824570688452 ], [ -79.454703929629986, 43.650320420555175 ] ] ] } },
{ "type": "Feature", "properties": { "vor_id": 2781, "theft_count": 0, "bike_trips": 1097.0, "theft_per_1000_trips": "0.0" }, "geometry": { "type": "Polygon", "coordinates": [ [ [ -79.410739801622384, 43.653557328468494 ], [ -79.410335040397868, 43.65371917067398 ], [ -79.409527759977294, 43.653799252183539 ], [ -79.409513802343895, 43.653731020403413 ], [ -79.41054377618272, 43.652594619392808 ], [ -79.410739801622384, 43.653557328468494 ] ] ] } },
{ "type": "Feature", "properties": { "vor_id": 2784, "theft_count": 11, "bike_trips": 2433.0, "theft_per_1000_trips": "4.521167283189478" }, "geometry": { "type": "Polygon", "coordinates": [ [ [ -79.393696502379242, 43.698412262757238 ], [ -79.398474565852212, 43.697438908826484 ], [ -79.399441923078101, 43.69880543998709 ], [ -79.394652638477965, 43.699701358661507 ], [ -79.393696502379242, 43.698412262757238 ] ] ] } },
{ "type": "Feature", "properties": { "vor_id": 2791, "theft_count": 18, "bike_trips": 1080.0, "theft_per_1000_trips": "16.666666666666668" }, "geometry": { "type": "Polygon", "coordinates": [ [ [ -79.400156263790464, 43.646742613825239 ], [ -79.399142341895242, 43.646573015863538 ], [ -79.398482341558065, 43.645717353868498 ], [ -79.398891074106743, 43.644892315866187 ], [ -79.399984565617146, 43.645227845574681 ], [ -79.400257747851995, 43.64659626161577 ], [ -79.400156263790464, 43.646742613825239 ] ] ] } },
{ "type": "Feature", "properties": { "vor_id": 2802, "theft_count": 10, "bike_trips": 4010.0, "theft_per_1000_trips": "2.493765586034913" }, "geometry": { "type": "Polygon", "coordinates": [ [ [ -79.505252471921636, 43.654649894602727 ], [ -79.509332246389022, 43.653423676029384 ], [ -79.515467303976365, 43.65452015325711 ], [ -79.517449377525196, 43.657141399522359 ], [ -79.509291837872482, 43.660185032073066 ], [ -79.505252471921636, 43.654649894602727 ] ] ] } },
{ "type": "Feature", "properties": { "vor_id": 2806, "theft_count": 13, "bike_trips": 1102.0, "theft_per_1000_trips": "11.796733212341199" }, "geometry": { "type": "Polygon", "coordinates": [ [ [ -79.420600183152246, 43.651880492690793 ], [ -79.420441503215372, 43.65107506205505 ], [ -79.423689702167991, 43.649674977448733 ], [ -79.424085289767575, 43.650182615784033 ], [ -79.42429772067392, 43.651239841483203 ], [ -79.4238704543111, 43.65242610668696 ], [ -79.423041662184062, 43.652924693016033 ], [ -79.420600183152246, 43.651880492690793 ] ] ] } },
{ "type": "Feature", "properties": { "vor_id": 2807, "theft_count": 28, "bike_trips": 3965.0, "theft_per_1000_trips": "7.061790668348046" }, "geometry": { "type": "Polygon", "coordinates": [ [ [ -79.404730069876933, 43.758253772961623 ], [ -79.397601110135824, 43.751849692659704 ], [ -79.398092986383745, 43.751509808651797 ], [ -79.40644278228514, 43.755430465988503 ], [ -79.404730069876933, 43.758253772961623 ] ] ] } },
{ "type": "Feature", "properties": { "vor_id": 2810, "theft_count": 5, "bike_trips": 2537.0, "theft_per_1000_trips": "1.970831690973591" }, "geometry": { "type": "Polygon", "coordinates": [ [ [ -79.287705576609639, 43.674619210089297 ], [ -79.284338449713189, 43.675995992153801 ], [ -79.283581630438277, 43.672252998371157 ], [ -79.287705576609639, 43.674619210089297 ] ] ] } },
{ "type": "Feature", "properties": { "vor_id": 2816, "theft_count": 45, "bike_trips": 1117.0, "theft_per_1000_trips": "40.286481647269476" }, "geometry": { "type": "Polygon", "coordinates": [ [ [ -79.439804621760402, 43.641961998974253 ], [ -79.439881899826005, 43.641986080332167 ], [ -79.441417446729503, 43.644761398117382 ], [ -79.44064351522114, 43.64726229034499 ], [ -79.440202438408633, 43.647280043527324 ], [ -79.437240090602643, 43.646296374534202 ], [ -79.436968346514604, 43.645656283111521 ], [ -79.438422033430086, 43.642496450123751 ], [ -79.439804621760402, 43.641961998974253 ] ] ] } },
{ "type": "Feature", "properties": { "vor_id": 2821, "theft_count": 25, "bike_trips": 3375.0, "theft_per_1000_trips": "7.407407407407407" }, "geometry": { "type": "Polygon", "coordinates": [ [ [ -79.452391688119533, 43.656964530110471 ], [ -79.450793912425127, 43.655664579336666 ], [ -79.450606484975808, 43.653364371160301 ], [ -79.455007182470311, 43.65192862293744 ], [ -79.454982267723935, 43.652593482150913 ], [ -79.453778103974727, 43.655942990248363 ], [ -79.452391688119533, 43.656964530110471 ] ] ] } },
{ "type": "Feature", "properties": { "vor_id": 2823, "theft_count": 13, "bike_trips": 4668.0, "theft_per_1000_trips": "2.784918594687232" }, "geometry": { "type": "Polygon", "coordinates": [ [ [ -79.406411948918802, 43.675921764825262 ], [ -79.407147516930152, 43.68200476584375 ], [ -79.405140463615197, 43.681919590265458 ], [ -79.404193175162348, 43.676271713949724 ], [ -79.405779128376821, 43.675298656650646 ], [ -79.406411948918802, 43.675921764825262 ] ] ] } },
{ "type": "Feature", "properties": { "vor_id": 2826, "theft_count": 15, "bike_trips": 2464.0, "theft_per_1000_trips": "6.087662337662338" }, "geometry": { "type": "Polygon", "coordinates": [ [ [ -79.371827810637058, 43.717891509757372 ], [ -79.366835267259034, 43.714832575590606 ], [ -79.369735275274138, 43.711129683857457 ], [ -79.372898446508728, 43.715931061670922 ], [ -79.371827810637058, 43.717891509757372 ] ] ] } },
{ "type": "Feature", "properties": { "vor_id": 2827, "theft_count": 6, "bike_trips": 2413.0, "theft_per_1000_trips": "2.4865312888520514" }, "geometry": { "type": "Polygon", "coordinates": [ [ [ -79.402425407582641, 43.687024945442218 ], [ -79.398462260552932, 43.685104691526291 ], [ -79.403412809039636, 43.683062688482416 ], [ -79.402425407582641, 43.687024945442218 ] ] ] } },
{ "type": "Feature", "properties": { "vor_id": 2830, "theft_count": 0, "bike_trips": 1021.0, "theft_per_1000_trips": "0.0" }, "geometry": { "type": "Polygon", "coordinates": [ [ [ -79.372409642761937, 43.668475560956068 ], [ -79.371093378831603, 43.668986995111773 ], [ -79.37097486401467, 43.668405074796105 ], [ -79.372409642761937, 43.668475560956068 ] ] ] } },
{ "type": "Feature", "properties": { "vor_id": 2832, "theft_count": 3, "bike_trips": 2942.0, "theft_per_1000_trips": "1.0197144799456153" }, "geometry": { "type": "Polygon", "coordinates": [ [ [ -79.42215782091489, 43.788154783515523 ], [ -79.421587617183803, 43.792909451140162 ], [ -79.418387188656396, 43.792279996390334 ], [ -79.419559238450461, 43.787941908538365 ], [ -79.42215782091489, 43.788154783515523 ] ] ] } },
{ "type": "Feature", "properties": { "vor_id": 2836, "theft_count": 23, "bike_trips": 5260.0, "theft_per_1000_trips": "4.372623574144487" }, "geometry": { "type": "Polygon", "coordinates": [ [ [ -79.330315708620986, 43.749428598833831 ], [ -79.33533300113281, 43.765263132858692 ], [ -79.33612479230618, 43.769089271298945 ], [ -79.333636660553239, 43.770754695208261 ], [ -79.327741121911856, 43.769103206435148 ], [ -79.322658156759218, 43.762749325881487 ], [ -79.329079969873064, 43.74898774133429 ], [ -79.330315708620986, 43.749428598833831 ] ] ] } },
{ "type": "Feature", "properties": { "vor_id": 2837, "theft_count": 20, "bike_trips": 2265.0, "theft_per_1000_trips": "8.830022075055188" }, "geometry": { "type": "Polygon", "coordinates": [ [ [ -79.471758777082172, 43.64542611137005 ], [ -79.472098769485854, 43.64611657645851 ], [ -79.473683797976292, 43.653314435752577 ], [ -79.471620267575105, 43.655123396594561 ], [ -79.471047222326945, 43.65529589508867 ], [ -79.469697438678438, 43.654301075896356 ], [ -79.467315118539432, 43.648741270495208 ], [ -79.466580200025888, 43.645370103366034 ], [ -79.47004499495317, 43.644856398724045 ], [ -79.471758777082172, 43.64542611137005 ] ] ] } },
{ "type": "Feature", "properties": { "vor_id": 2838, "theft_count": 17, "bike_trips": 2147.0, "theft_per_1000_trips": "7.918025151374011" }, "geometry": { "type": "Polygon", "coordinates": [ [ [ -79.396742263743377, 43.648230195822052 ], [ -79.395999360432626, 43.648342003619945 ], [ -79.396008496531493, 43.647617815540208 ], [ -79.397155834443197, 43.647117255290254 ], [ -79.397236851271586, 43.647303355431227 ], [ -79.396742263743377, 43.648230195822052 ] ] ] } },
{ "type": "Feature", "properties": { "vor_id": 2843, "theft_count": 18, "bike_trips": 18003.0, "theft_per_1000_trips": "0.9998333611064822" }, "geometry": { "type": "Polygon", "coordinates": [ [ [ -79.580646281266311, 43.710489655211795 ], [ -79.572309415961243, 43.728586903922718 ], [ -79.570806185750214, 43.730395277195036 ], [ -79.556439789588168, 43.733337985075167 ], [ -79.552862394319348, 43.730773659402175 ], [ -79.550410724264296, 43.729016268901127 ], [ -79.548225874014491, 43.727450138472079 ], [ -79.548215237599919, 43.727422418611035 ], [ -79.572197924335583, 43.704970797660962 ], [ -79.577579565237073, 43.705590168685269 ], [ -79.582143932844716, 43.706115480034015 ], [ -79.581722086892981, 43.708154350360637 ], [ -79.580646281266311, 43.710489655211795 ] ] ] } },
{ "type": "Feature", "properties": { "vor_id": 2846, "theft_count": 15, "bike_trips": 2269.0, "theft_per_1000_trips": "6.610841780520053" }, "geometry": { "type": "Polygon", "coordinates": [ [ [ -79.47405933937749, 43.659595517382151 ], [ -79.473935240787142, 43.657124159318272 ], [ -79.47864611258565, 43.655171968559905 ], [ -79.477227880402381, 43.660582200521993 ], [ -79.47405933937749, 43.659595517382151 ] ] ] } },
{ "type": "Feature", "properties": { "vor_id": 2849, "theft_count": 16, "bike_trips": 2248.0, "theft_per_1000_trips": "7.117437722419928" }, "geometry": { "type": "Polygon", "coordinates": [ [ [ -79.455321715293479, 43.65043801369648 ], [ -79.454703929629986, 43.650320420555175 ], [ -79.452666464592809, 43.649824570688452 ], [ -79.451428506135898, 43.64882369378445 ], [ -79.450654056924805, 43.647709342481214 ], [ -79.450896957004232, 43.646104022815656 ], [ -79.451178124358321, 43.645445674510363 ], [ -79.454508453755437, 43.64682952952753 ], [ -79.456240643227986, 43.649534698965383 ], [ -79.455321715293479, 43.65043801369648 ] ] ] } },
{ "type": "Feature", "properties": { "vor_id": 2851, "theft_count": 12, "bike_trips": 6018.0, "theft_per_1000_trips": "1.9940179461615153" }, "geometry": { "type": "Polygon", "coordinates": [ [ [ -79.422891319595152, 43.717916988158883 ], [ -79.411745090413319, 43.712231243201188 ], [ -79.420284692931332, 43.708191159406553 ], [ -79.425213376192872, 43.709437326166757 ], [ -79.427113524769766, 43.710517647200177 ], [ -79.428512640906575, 43.713273253762054 ], [ -79.428357598104597, 43.713530081257993 ], [ -79.422891319595152, 43.717916988158883 ] ] ] } },
{ "type": "Feature", "properties": { "vor_id": 2855, "theft_count": 11, "bike_trips": 9947.0, "theft_per_1000_trips": "1.1058610636372777" }, "geometry": { "type": "Polygon", "coordinates": [ [ [ -79.548134852820169, 43.72775570239321 ], [ -79.54121293724468, 43.738711762555319 ], [ -79.526951814475893, 43.742026393247109 ], [ -79.522857579889873, 43.735118633475849 ], [ -79.528705027690478, 43.723861710147681 ], [ -79.538476711198825, 43.722306431064311 ], [ -79.548215237599919, 43.727422418611035 ], [ -79.548225874014491, 43.727450138472079 ], [ -79.548134852820169, 43.72775570239321 ] ] ] } },
{ "type": "Feature", "properties": { "vor_id": 2857, "theft_count": 15, "bike_trips": 1296.0, "theft_per_1000_trips": "11.574074074074073" }, "geometry": { "type": "Polygon", "coordinates": [ [ [ -79.348945710813808, 43.670818348077589 ], [ -79.348740044033008, 43.670762503917118 ], [ -79.347231451153178, 43.669944332776851 ], [ -79.346720138811406, 43.667633854410333 ], [ -79.347971053799355, 43.667163707049397 ], [ -79.35060638559753, 43.668512352260571 ], [ -79.348945710813808, 43.670818348077589 ] ] ] } },
{ "type": "Feature", "properties": { "vor_id": 2863, "theft_count": 19, "bike_trips": 4716.0, "theft_per_1000_trips": "4.028837998303647" }, "geometry": { "type": "Polygon", "coordinates": [ [ [ -79.447574334537407, 43.710982476992335 ], [ -79.444420340263477, 43.703788121372575 ], [ -79.444554170150781, 43.703471927584204 ], [ -79.448554457896805, 43.701710770199945 ], [ -79.455231972529234, 43.706579372198043 ], [ -79.452904628781866, 43.708364112654991 ], [ -79.447574334537407, 43.710982476992335 ] ] ] } },
{ "type": "Feature", "properties": { "vor_id": 2865, "theft_count": 38, "bike_trips": 1123.0, "theft_per_1000_trips": "33.83793410507569" }, "geometry": { "type": "Polygon", "coordinates": [ [ [ -79.445170239408171, 43.642794829406704 ], [ -79.445175576537721, 43.64278931553244 ], [ -79.4504735634046, 43.640737405444071 ], [ -79.450593706996486, 43.640861625814686 ], [ -79.45063694794537, 43.643679429178214 ], [ -79.445951527836726, 43.645524070014268 ], [ -79.445099945188758, 43.643343378846431 ], [ -79.445170239408171, 43.642794829406704 ] ] ] } },
{ "type": "Feature", "properties": { "vor_id": 2867, "theft_count": 9, "bike_trips": 1101.0, "theft_per_1000_trips": "8.174386920980925" }, "geometry": { "type": "Polygon", "coordinates": [ [ [ -79.420547368260728, 43.658159508648978 ], [ -79.419232312768386, 43.656309287763264 ], [ -79.421037275162064, 43.655588962546723 ], [ -79.421380778652491, 43.655682157835251 ], [ -79.421775076199353, 43.657685792122237 ], [ -79.420547368260728, 43.658159508648978 ] ] ] } },
{ "type": "Feature", "properties": { "vor_id": 2868, "theft_count": 8, "bike_trips": 2369.0, "theft_per_1000_trips": "3.3769523005487545" }, "geometry": { "type": "Polygon", "coordinates": [ [ [ -79.439593708821391, 43.690617709704298 ], [ -79.440606619785939, 43.694497289901172 ], [ -79.437791102351412, 43.695644515422607 ], [ -79.436656175909761, 43.693495654663209 ], [ -79.438292048212418, 43.689243538351839 ], [ -79.439593708821391, 43.690617709704298 ] ] ] } },
{ "type": "Feature", "properties": { "vor_id": 2869, "theft_count": 9, "bike_trips": 4297.0, "theft_per_1000_trips": "2.094484524086572" }, "geometry": { "type": "Polygon", "coordinates": [ [ [ -79.516780097397088, 43.731029776955694 ], [ -79.502348146720863, 43.72795759406219 ], [ -79.500332579954502, 43.723534986274402 ], [ -79.500548549271215, 43.723475429942745 ], [ -79.509049243844558, 43.723537710142892 ], [ -79.516780097397088, 43.731029776955694 ] ] ] } },
{ "type": "Feature", "properties": { "vor_id": 2874, "theft_count": 30, "bike_trips": 3580.0, "theft_per_1000_trips": "8.379888268156424" }, "geometry": { "type": "Polygon", "coordinates": [ [ [ -79.407915505780636, 43.682299939384976 ], [ -79.410319528916958, 43.680857944497532 ], [ -79.41380086410777, 43.682622194963464 ], [ -79.414174128899205, 43.684435882713963 ], [ -79.412259876416613, 43.686563849956386 ], [ -79.408889152591684, 43.686861016641465 ], [ -79.407915505780636, 43.682299939384976 ] ] ] } },
{ "type": "Feature", "properties": { "vor_id": 2876, "theft_count": 29, "bike_trips": 3681.0, "theft_per_1000_trips": "7.878293941863623" }, "geometry": { "type": "Polygon", "coordinates": [ [ [ -79.376132361835346, 43.703181388940074 ], [ -79.373366928167513, 43.707643358084447 ], [ -79.371851490171025, 43.707943386461437 ], [ -79.36751294711128, 43.705481757549308 ], [ -79.367140913203457, 43.705142531173152 ], [ -79.368718685314292, 43.700148568142936 ], [ -79.373778485874084, 43.699880885767392 ], [ -79.37604280959188, 43.701292635597945 ], [ -79.376197669687997, 43.701929123713938 ], [ -79.376132361835346, 43.703181388940074 ] ] ] } },
{ "type": "Feature", "properties": { "vor_id": 2883, "theft_count": 13, "bike_trips": 2435.0, "theft_per_1000_trips": "5.338809034907597" }, "geometry": { "type": "Polygon", "coordinates": [ [ [ -79.371303613326717, 43.675592720713972 ], [ -79.374008259102538, 43.675494727094559 ], [ -79.376312690486046, 43.677611672130212 ], [ -79.372145244529392, 43.679183994816256 ], [ -79.371303613326717, 43.675592720713972 ] ] ] } },
{ "type": "Feature", "properties": { "vor_id": 2884, "theft_count": 3, "bike_trips": 3887.0, "theft_per_1000_trips": "0.7718034473887316" }, "geometry": { "type": "Polygon", "coordinates": [ [ [ -79.34789835915781, 43.682397614478724 ], [ -79.345715421008748, 43.681191825168504 ], [ -79.345553631935189, 43.680994765493381 ], [ -79.346337305099809, 43.679881571819259 ], [ -79.347594369596877, 43.67941393910619 ], [ -79.348426856173973, 43.681936101796708 ], [ -79.34789835915781, 43.682397614478724 ] ] ] } },
{ "type": "Feature", "properties": { "vor_id": 2885, "theft_count": 13, "bike_trips": 3258.0, "theft_per_1000_trips": "3.9901780233271946" }, "geometry": { "type": "Polygon", "coordinates": [ [ [ -79.373363549949815, 43.6731103410633 ], [ -79.369681312464166, 43.6717787366156 ], [ -79.3704933810711, 43.670825065463042 ], [ -79.373462361952278, 43.67019738752392 ], [ -79.373531979967723, 43.672977265124473 ], [ -79.373363549949815, 43.6731103410633 ] ] ] } },
{ "type": "Feature", "properties": { "vor_id": 2892, "theft_count": 28, "bike_trips": 5901.0, "theft_per_1000_trips": "4.744958481613287" }, "geometry": { "type": "Polygon", "coordinates": [ [ [ -79.442708293911821, 43.6915765123996 ], [ -79.439593708821391, 43.690617709704298 ], [ -79.438292048212418, 43.689243538351839 ], [ -79.437720299502203, 43.687451033561132 ], [ -79.437679644487119, 43.686243984757553 ], [ -79.437878515569167, 43.685364997418688 ], [ -79.442436075187928, 43.684015154915166 ], [ -79.447621977262429, 43.683539938863589 ], [ -79.44776901180991, 43.689507283680918 ], [ -79.442708293911821, 43.6915765123996 ] ] ] } },
{ "type": "Feature", "properties": { "vor_id": 2894, "theft_count": 19, "bike_trips": 2217.0, "theft_per_1000_trips": "8.570139828597204" }, "geometry": { "type": "Polygon", "coordinates": [ [ [ -79.426715822079501, 43.659777764508789 ], [ -79.426432229992727, 43.658457594729583 ], [ -79.426462411429071, 43.658163660095603 ], [ -79.429033748726496, 43.657149372930192 ], [ -79.429582011940326, 43.659830572229254 ], [ -79.429032290800194, 43.660363583808405 ], [ -79.427109513087274, 43.660013130104893 ], [ -79.426715822079501, 43.659777764508789 ] ] ] } },
{ "type": "Feature", "properties": { "vor_id": 2897, "theft_count": 11, "bike_trips": 1230.0, "theft_per_1000_trips": "8.94308943089431" }, "geometry": { "type": "Polygon", "coordinates": [ [ [ -79.385555551379952, 43.703131511816494 ], [ -79.385760610844244, 43.704146732725405 ], [ -79.384908118198013, 43.706804702990986 ], [ -79.38244217299453, 43.707440018035129 ], [ -79.376132361835346, 43.703181388940074 ], [ -79.376197669687997, 43.701929123713938 ], [ -79.384540755401929, 43.702061073795335 ], [ -79.385555551379952, 43.703131511816494 ] ] ] } },
{ "type": "Feature", "properties": { "vor_id": 2901, "theft_count": 25, "bike_trips": 4712.0, "theft_per_1000_trips": "5.305602716468591" }, "geometry": { "type": "Polygon", "coordinates": [ [ [ -79.430595219338969, 43.677187480162267 ], [ -79.431194647307237, 43.67589098173805 ], [ -79.433363477937547, 43.674055469560955 ], [ -79.434775584252847, 43.673890473517126 ], [ -79.436481014269319, 43.675944811360999 ], [ -79.433396391678116, 43.679614165516853 ], [ -79.430595219338969, 43.677187480162267 ] ] ] } },
{ "type": "Feature", "properties": { "vor_id": 2903, "theft_count": 16, "bike_trips": 3330.0, "theft_per_1000_trips": "4.804804804804805" }, "geometry": { "type": "Polygon", "coordinates": [ [ [ -79.427371540548222, 43.637216266454146 ], [ -79.426605427601643, 43.636320924796266 ], [ -79.426647042271952, 43.636059918621179 ], [ -79.428740935989666, 43.632756635853845 ], [ -79.429521550735998, 43.636424671572911 ], [ -79.429217447651737, 43.636670253914637 ], [ -79.427371540548222, 43.637216266454146 ] ] ] } },
{ "type": "Feature", "properties": { "vor_id": 2904, "theft_count": 5, "bike_trips": 8952.0, "theft_per_1000_trips": "0.5585344057193923" }, "geometry": { "type": "Polygon", "coordinates": [ [ [ -79.365643047227465, 43.772841112254497 ], [ -79.371678675073937, 43.77954308760394 ], [ -79.372006152396864, 43.780628692618556 ], [ -79.361875327797449, 43.77301071761898 ], [ -79.361805984371358, 43.771338911509382 ], [ -79.363565291704305, 43.77129475843077 ], [ -79.365643047227465, 43.772841112254497 ] ] ] } },
{ "type": "Feature", "properties": { "vor_id": 2905, "theft_count": 17, "bike_trips": 2361.0, "theft_per_1000_trips": "7.2003388394747985" }, "geometry": { "type": "Polygon", "coordinates": [ [ [ -79.427436981087155, 43.680489159095792 ], [ -79.424862982673716, 43.679972204565104 ], [ -79.425020880689289, 43.679404252897037 ], [ -79.426386380078441, 43.677541383177491 ], [ -79.42819687895809, 43.677214274315425 ], [ -79.42938519642739, 43.677808110265396 ], [ -79.428527647115757, 43.680309703388467 ], [ -79.428456946339125, 43.680437133210965 ], [ -79.427436981087155, 43.680489159095792 ] ] ] } },
{ "type": "Feature", "properties": { "vor_id": 2910, "theft_count": 2, "bike_trips": 4386.0, "theft_per_1000_trips": "0.45599635202918376" }, "geometry": { "type": "Polygon", "coordinates": [ [ [ -79.428040362274956, 43.762250440245182 ], [ -79.425091993977674, 43.773267288527009 ], [ -79.42194309476703, 43.773341321634767 ], [ -79.420966211102794, 43.772882943228907 ], [ -79.41927943847891, 43.770163253375792 ], [ -79.419105733321771, 43.76915509411802 ], [ -79.41901703651088, 43.768272771931898 ], [ -79.418977066929685, 43.766775745258066 ], [ -79.419203559130779, 43.764805568044352 ], [ -79.419393100598427, 43.764044529171919 ], [ -79.428040362274956, 43.762250440245182 ] ] ] } },
{ "type": "Feature", "properties": { "vor_id": 2911, "theft_count": 11, "bike_trips": 2276.0, "theft_per_1000_trips": "4.833040421792618" }, "geometry": { "type": "Polygon", "coordinates": [ [ [ -79.484317094939286, 43.662410235104367 ], [ -79.486167017632368, 43.662132044152607 ], [ -79.487069055773361, 43.66241656137607 ], [ -79.487743148804796, 43.663091928417352 ], [ -79.488850073784633, 43.665984550945815 ], [ -79.484184191196789, 43.667367731033224 ], [ -79.484212491618052, 43.662607572262338 ], [ -79.484317094939286, 43.662410235104367 ] ] ] } },
{ "type": "Feature", "properties": { "vor_id": 2916, "theft_count": 19, "bike_trips": 3420.0, "theft_per_1000_trips": "5.555555555555555" }, "geometry": { "type": "Polygon", "coordinates": [ [ [ -79.468466341410547, 43.665360012095171 ], [ -79.471708726471604, 43.663106495631787 ], [ -79.473576488535855, 43.664497007640158 ], [ -79.472849708545738, 43.668378213284328 ], [ -79.472343603149312, 43.668768389834405 ], [ -79.468762249072498, 43.669293096784934 ], [ -79.468538742530086, 43.668734205757971 ], [ -79.468429198967172, 43.668129649436906 ], [ -79.468466341410547, 43.665360012095171 ] ] ] } },
{ "type": "Feature", "properties": { "vor_id": 2918, "theft_count": 8, "bike_trips": 3396.0, "theft_per_1000_trips": "2.3557126030624262" }, "geometry": { "type": "Polygon", "coordinates": [ [ [ -79.477280509024851, 43.650002085922402 ], [ -79.480985782644808, 43.649713884246722 ], [ -79.481300798221852, 43.651138724462569 ], [ -79.481576555145182, 43.654078896373413 ], [ -79.478692923596356, 43.655080048365654 ], [ -79.478169815336784, 43.654745747310216 ], [ -79.477280509024851, 43.650002085922402 ] ] ] } },
{ "type": "Feature", "properties": { "vor_id": 2920, "theft_count": 3, "bike_trips": 1107.0, "theft_per_1000_trips": "2.710027100271003" }, "geometry": { "type": "Polygon", "coordinates": [ [ [ -79.428045251960185, 43.652618074509022 ], [ -79.427156018139328, 43.652901534688425 ], [ -79.42649340128888, 43.652319051212416 ], [ -79.426554868188077, 43.652096797461375 ], [ -79.429436309776094, 43.650974801208406 ], [ -79.429876927944548, 43.651542471800774 ], [ -79.429943766191528, 43.651875306303467 ], [ -79.428045251960185, 43.652618074509022 ] ] ] } },
{ "type": "Feature", "properties": { "vor_id": 2922, "theft_count": 8, "bike_trips": 6761.0, "theft_per_1000_trips": "1.183256914657595" }, "geometry": { "type": "Polygon", "coordinates": [ [ [ -79.33533300113281, 43.765263132858692 ], [ -79.350218210556591, 43.757100019615393 ], [ -79.351288419340634, 43.758981835834753 ], [ -79.351679411210085, 43.762115790114848 ], [ -79.339789726135152, 43.769546511980707 ], [ -79.33612479230618, 43.769089271298945 ], [ -79.33533300113281, 43.765263132858692 ] ] ] } },
{ "type": "Feature", "properties": { "vor_id": 2926, "theft_count": 84, "bike_trips": 76298.0, "theft_per_1000_trips": "1.1009462895488742" }, "geometry": { "type": "MultiPolygon", "coordinates": [ [ [ [ -79.311040079100465, 43.775901853503349 ], [ -79.311265422100817, 43.775935279979841 ], [ -79.316025139862731, 43.777127527213388 ], [ -79.320645077618252, 43.778780567374433 ], [ -79.325080742841308, 43.780878480782583 ], [ -79.325918280242561, 43.781380481381994 ], [ -79.326729091580432, 43.785211421253145 ], [ -79.32280149396388, 43.787012615146864 ], [ -79.30807976157628, 43.780276726562612 ], [ -79.311040079100465, 43.775901853503349 ] ] ], [ [ [ -79.287406791680027, 43.777024797615809 ], [ -79.28932437154117, 43.776544468865467 ], [ -79.291756389899192, 43.775935279979841 ], [ -79.296610048983524, 43.775215307666393 ], [ -79.301510906, 43.774974544 ], [ -79.302284310120598, 43.775012538908044 ], [ -79.307884167359617, 43.780317417094096 ], [ -79.302330469293082, 43.788838794432294 ], [ -79.289674980593162, 43.777423679068299 ], [ -79.291036162083316, 43.783473741145087 ], [ -79.284210463888783, 43.786781499601823 ], [ -79.280499129198304, 43.783168881468789 ], [ -79.287406791680027, 43.777024797615809 ] ] ], [ [ [ -79.273732394349025, 43.783401063384872 ], [ -79.274964864057949, 43.782662349469888 ], [ -79.276241751750106, 43.783043478866503 ], [ -79.281214267802625, 43.8012699219098 ], [ -79.290721247960732, 43.808223421150331 ], [ -79.295350873423018, 43.805411144112696 ], [ -79.296562065095685, 43.805038986420108 ], [ -79.312174811856138, 43.810484099739767 ], [ -79.322861077462591, 43.83043314352723 ], [ -79.303700022133981, 43.834731990927956 ], [ -79.302551722229921, 43.834920231586864 ], [ -79.286879486780464, 43.836560331064398 ], [ -79.278787755287482, 43.837407130784626 ], [ -79.277262478409497, 43.837566751013583 ], [ -79.285540026748933, 43.819496210521052 ], [ -79.284964622786603, 43.817199069137374 ], [ -79.283311582625558, 43.812579131381845 ], [ -79.281213669217422, 43.808143466158803 ], [ -79.281074289036383, 43.807910924375477 ], [ -79.278691086615126, 43.803934791349121 ], [ -79.275768128668133, 43.799993638791918 ], [ -79.27423085105039, 43.798297514315244 ], [ -79.264538997762827, 43.794172293189341 ], [ -79.265709304571786, 43.790742922909011 ], [ -79.266054869816685, 43.789730307096058 ], [ -79.266155566940682, 43.789619204940671 ], [ -79.269791241791822, 43.786324021331865 ], [ -79.273732394349025, 43.783401063384872 ] ] ], [ [ [ -79.340000197556705, 43.794306374877984 ], [ -79.345488354780869, 43.801717347894801 ], [ -79.34813023611737, 43.823399471776895 ], [ -79.329622903838768, 43.802859693233415 ], [ -79.340000197556705, 43.794306374877984 ] ] ] ] } },
{ "type": "Feature", "properties": { "vor_id": 2928, "theft_count": 9, "bike_trips": 5013.0, "theft_per_1000_trips": "1.7953321364452424" }, "geometry": { "type": "Polygon", "coordinates": [ [ [ -79.333928089600633, 43.725011357523762 ], [ -79.333222283183289, 43.725166460093902 ], [ -79.325481864859896, 43.720399705161284 ], [ -79.33278600814397, 43.7162548171816 ], [ -79.334570925014745, 43.723665017698274 ], [ -79.333928089600633, 43.725011357523762 ] ] ] } },
{ "type": "Feature", "properties": { "vor_id": 2933, "theft_count": 13, "bike_trips": 2259.0, "theft_per_1000_trips": "5.754758742806552" }, "geometry": { "type": "Polygon", "coordinates": [ [ [ -79.381789339665289, 43.673817439892545 ], [ -79.381862215906494, 43.673290784745795 ], [ -79.382895934404814, 43.671739118908654 ], [ -79.383764580445629, 43.671354132232473 ], [ -79.384009944271085, 43.671477105106483 ], [ -79.384386345530473, 43.673297567444699 ], [ -79.381789339665289, 43.673817439892545 ] ] ] } },
{ "type": "Feature", "properties": { "vor_id": 2934, "theft_count": 24, "bike_trips": 3935.0, "theft_per_1000_trips": "6.099110546378653" }, "geometry": { "type": "Polygon", "coordinates": [ [ [ -79.490690113282966, 43.623708953030565 ], [ -79.491076605223512, 43.624524786716769 ], [ -79.488022323437903, 43.629238574215123 ], [ -79.487489280883025, 43.625380572258258 ], [ -79.490690113282966, 43.623708953030565 ] ] ] } },
{ "type": "Feature", "properties": { "vor_id": 2936, "theft_count": 28, "bike_trips": 4912.0, "theft_per_1000_trips": "5.700325732899023" }, "geometry": { "type": "Polygon", "coordinates": [ [ [ -79.389814388133587, 43.718989573361888 ], [ -79.384975857868824, 43.720912278523286 ], [ -79.386499788335414, 43.708604381185751 ], [ -79.389413281394525, 43.708924575697345 ], [ -79.390024402679728, 43.711909868905273 ], [ -79.389814388133587, 43.718989573361888 ] ] ] } },
{ "type": "Feature", "properties": { "vor_id": 2937, "theft_count": 8, "bike_trips": 1293.0, "theft_per_1000_trips": "6.187161639597835" }, "geometry": { "type": "Polygon", "coordinates": [ [ [ -79.338867188071887, 43.665370838549961 ], [ -79.33946625305822, 43.668070934866982 ], [ -79.336625491029977, 43.667294082349144 ], [ -79.336385155878844, 43.667014607340896 ], [ -79.337227274013372, 43.664327494217879 ], [ -79.338867188071887, 43.665370838549961 ] ] ] } },
{ "type": "Feature", "properties": { "vor_id": 2949, "theft_count": 13, "bike_trips": 7681.0, "theft_per_1000_trips": "1.692487957297227" }, "geometry": { "type": "Polygon", "coordinates": [ [ [ -79.222044717561673, 43.754662275326474 ], [ -79.223313064708194, 43.77470980865867 ], [ -79.217912777638844, 43.770760397823317 ], [ -79.208689896083257, 43.75377712091116 ], [ -79.222044717561673, 43.754662275326474 ] ] ] } },
{ "type": "Feature", "properties": { "vor_id": 2951, "theft_count": 19, "bike_trips": 1098.0, "theft_per_1000_trips": "17.304189435336976" }, "geometry": { "type": "Polygon", "coordinates": [ [ [ -79.41240601277768, 43.660612613794221 ], [ -79.412611389499489, 43.660777930818639 ], [ -79.412331664530882, 43.66200432406086 ], [ -79.411765300137219, 43.662593854305591 ], [ -79.410464880703302, 43.661900194133764 ], [ -79.410184279733684, 43.660584384119659 ], [ -79.411041505032841, 43.660238471322032 ], [ -79.41240601277768, 43.660612613794221 ] ] ] } },
{ "type": "Feature", "properties": { "vor_id": 2953, "theft_count": 24, "bike_trips": 3569.0, "theft_per_1000_trips": "6.724572709442421" }, "geometry": { "type": "Polygon", "coordinates": [ [ [ -79.44271262661016, 43.696258338977017 ], [ -79.441595437527397, 43.698878977664023 ], [ -79.440964748412398, 43.699037585619784 ], [ -79.43823480509235, 43.698104743436318 ], [ -79.437571843346348, 43.697192097006571 ], [ -79.437530613814957, 43.697019269091165 ], [ -79.437791102351412, 43.695644515422607 ], [ -79.440606619785939, 43.694497289901172 ], [ -79.44271262661016, 43.696258338977017 ] ] ] } },
{ "type": "Feature", "properties": { "vor_id": 2954, "theft_count": 16, "bike_trips": 5653.0, "theft_per_1000_trips": "2.8303555634176543" }, "geometry": { "type": "Polygon", "coordinates": [ [ [ -79.294804751685817, 43.71078385469589 ], [ -79.289869342800301, 43.706861745764229 ], [ -79.290493301581819, 43.705988545690815 ], [ -79.299088969001062, 43.704678662994581 ], [ -79.300513001026431, 43.705517111056388 ], [ -79.299352150438253, 43.709736233879056 ], [ -79.294804751685817, 43.71078385469589 ] ] ] } },
{ "type": "Feature", "properties": { "vor_id": 2955, "theft_count": 8, "bike_trips": 2035.0, "theft_per_1000_trips": "3.9312039312039313" }, "geometry": { "type": "Polygon", "coordinates": [ [ [ -79.362335910738281, 43.659975216961435 ], [ -79.364091627666269, 43.65926584445679 ], [ -79.363921658550083, 43.660100981103945 ], [ -79.362499317384234, 43.660704827934993 ], [ -79.362335910738281, 43.659975216961435 ] ] ] } },
{ "type": "Feature", "properties": { "vor_id": 2956, "theft_count": 25, "bike_trips": 4505.0, "theft_per_1000_trips": "5.549389567147614" }, "geometry": { "type": "Polygon", "coordinates": [ [ [ -79.4504735634046, 43.640737405444071 ], [ -79.448285320962995, 43.632411327975738 ], [ -79.452085875796897, 43.606519101930019 ], [ -79.452508020302389, 43.607250223200786 ], [ -79.456570731883687, 43.640929991940183 ], [ -79.456051046239764, 43.641147360919888 ], [ -79.450593706996486, 43.640861625814686 ], [ -79.4504735634046, 43.640737405444071 ] ] ] } },
{ "type": "Feature", "properties": { "vor_id": 2959, "theft_count": 35, "bike_trips": 2445.0, "theft_per_1000_trips": "14.314928425357873" }, "geometry": { "type": "Polygon", "coordinates": [ [ [ -79.393961686912888, 43.70674223034618 ], [ -79.391379015662224, 43.706311321578035 ], [ -79.39093501260902, 43.704138659745098 ], [ -79.391504284718124, 43.703404402258151 ], [ -79.393510845000705, 43.703161331432263 ], [ -79.394184948470127, 43.706502290037392 ], [ -79.393961686912888, 43.70674223034618 ] ] ] } },
{ "type": "Feature", "properties": { "vor_id": 2960, "theft_count": 22, "bike_trips": 3561.0, "theft_per_1000_trips": "6.178039876439202" }, "geometry": { "type": "Polygon", "coordinates": [ [ [ -79.418871194504035, 43.682855331793156 ], [ -79.419321898095006, 43.684929504567833 ], [ -79.417667367289411, 43.686345963911272 ], [ -79.416916831549983, 43.682512480057447 ], [ -79.417720430848135, 43.682199889282352 ], [ -79.418871194504035, 43.682855331793156 ] ] ] } },
{ "type": "Feature", "properties": { "vor_id": 2962, "theft_count": 22, "bike_trips": 1124.0, "theft_per_1000_trips": "19.572953736654803" }, "geometry": { "type": "Polygon", "coordinates": [ [ [ -79.450793912425127, 43.655664579336666 ], [ -79.448210365520254, 43.655219977826391 ], [ -79.447540070202095, 43.653703758339759 ], [ -79.450309706192456, 43.652887268931202 ], [ -79.450606484975808, 43.653364371160301 ], [ -79.450793912425127, 43.655664579336666 ] ] ] } },
{ "type": "Feature", "properties": { "vor_id": 2964, "theft_count": 15, "bike_trips": 2088.0, "theft_per_1000_trips": "7.183908045977011" }, "geometry": { "type": "Polygon", "coordinates": [ [ [ -79.388789828245947, 43.671511154462905 ], [ -79.388844107352597, 43.671689487358094 ], [ -79.388721092749748, 43.671989545757349 ], [ -79.385950584029317, 43.673127851097867 ], [ -79.386005911295214, 43.672665914062883 ], [ -79.388789828245947, 43.671511154462905 ] ] ] } },
{ "type": "Feature", "properties": { "vor_id": 2967, "theft_count": 10, "bike_trips": 3408.0, "theft_per_1000_trips": "2.9342723004694835" }, "geometry": { "type": "Polygon", "coordinates": [ [ [ -79.491320926383523, 43.654164716615057 ], [ -79.491385098109845, 43.654167709568675 ], [ -79.495627666977697, 43.659371102585197 ], [ -79.487743148804796, 43.663091928417352 ], [ -79.487069055773361, 43.66241656137607 ], [ -79.491320926383523, 43.654164716615057 ] ] ] } },
{ "type": "Feature", "properties": { "vor_id": 2973, "theft_count": 9, "bike_trips": 5921.0, "theft_per_1000_trips": "1.520013511231211" }, "geometry": { "type": "Polygon", "coordinates": [ [ [ -79.407641764433862, 43.7768606499979 ], [ -79.407632146186458, 43.776887444354749 ], [ -79.402255151162862, 43.78169034457347 ], [ -79.397990717898068, 43.775054619115643 ], [ -79.400654439279549, 43.770249896646924 ], [ -79.401692741970564, 43.770052791234527 ], [ -79.404971088772811, 43.771184431102007 ], [ -79.405353577737444, 43.77154937148881 ], [ -79.407049583410782, 43.774194695158663 ], [ -79.407641764433862, 43.7768606499979 ] ] ] } },
{ "type": "Feature", "properties": { "vor_id": 2980, "theft_count": 25, "bike_trips": 11087.0, "theft_per_1000_trips": "2.2548931180662035" }, "geometry": { "type": "Polygon", "coordinates": [ [ [ -79.538476711198825, 43.722306431064311 ], [ -79.543841877354438, 43.707029071009785 ], [ -79.565537213209822, 43.701719853798835 ], [ -79.572197924335583, 43.704970797660962 ], [ -79.548215237599919, 43.727422418611035 ], [ -79.538476711198825, 43.722306431064311 ] ] ] } },
{ "type": "Feature", "properties": { "vor_id": 2981, "theft_count": 14, "bike_trips": 2089.0, "theft_per_1000_trips": "6.701771182383916" }, "geometry": { "type": "Polygon", "coordinates": [ [ [ -79.390982225564301, 43.672462302864425 ], [ -79.392456641835494, 43.672389107991485 ], [ -79.39343636971482, 43.672925308385572 ], [ -79.391592068719618, 43.676023707729939 ], [ -79.389743030039114, 43.674935292203799 ], [ -79.390736211618162, 43.672586949091631 ], [ -79.390982225564301, 43.672462302864425 ] ] ] } },
{ "type": "Feature", "properties": { "vor_id": 2985, "theft_count": 19, "bike_trips": 2219.0, "theft_per_1000_trips": "8.562415502478594" }, "geometry": { "type": "Polygon", "coordinates": [ [ [ -79.429200689432037, 43.661106126911307 ], [ -79.428908696923131, 43.661725730275393 ], [ -79.427582614784498, 43.662246115757839 ], [ -79.427109513087274, 43.660013130104893 ], [ -79.429032290800194, 43.660363583808405 ], [ -79.429200689432037, 43.661106126911307 ] ] ] } },
{ "type": "Feature", "properties": { "vor_id": 2986, "theft_count": 3, "bike_trips": 3737.0, "theft_per_1000_trips": "0.8027829810008028" }, "geometry": { "type": "Polygon", "coordinates": [ [ [ -79.370580754822285, 43.67526433124798 ], [ -79.371303613326717, 43.675592720713972 ], [ -79.372145244529392, 43.679183994816256 ], [ -79.370103545716873, 43.680659327569302 ], [ -79.367120856398842, 43.67979459469953 ], [ -79.370580754822285, 43.67526433124798 ] ] ] } },
{ "type": "Feature", "properties": { "vor_id": 2987, "theft_count": 25, "bike_trips": 3312.0, "theft_per_1000_trips": "7.548309178743961" }, "geometry": { "type": "Polygon", "coordinates": [ [ [ -79.420338126260333, 43.652214991994569 ], [ -79.420600183152246, 43.651880492690793 ], [ -79.423041662184062, 43.652924693016033 ], [ -79.423460580581349, 43.654890759346905 ], [ -79.421380778652491, 43.655682157835251 ], [ -79.421037275162064, 43.655588962546723 ], [ -79.420338126260333, 43.652214991994569 ] ] ] } },
{ "type": "Feature", "properties": { "vor_id": 2988, "theft_count": 9, "bike_trips": 4459.0, "theft_per_1000_trips": "2.018389773491814" }, "geometry": { "type": "Polygon", "coordinates": [ [ [ -79.382629830601473, 43.784131875951665 ], [ -79.38341422569458, 43.776479580857021 ], [ -79.386065001376963, 43.769122278576233 ], [ -79.389659227116681, 43.771041306259718 ], [ -79.3877378603636, 43.781249577950739 ], [ -79.385725026644565, 43.783785660084348 ], [ -79.383074403464221, 43.784374507316521 ], [ -79.382629830601473, 43.784131875951665 ] ] ] } },
{ "type": "Feature", "properties": { "vor_id": 2997, "theft_count": 11, "bike_trips": 2369.0, "theft_per_1000_trips": "4.6433094132545385" }, "geometry": { "type": "Polygon", "coordinates": [ [ [ -79.424495652632515, 43.69409345960625 ], [ -79.423698691449829, 43.691287835232046 ], [ -79.423780582999981, 43.691211245937374 ], [ -79.425313409632807, 43.690306582338472 ], [ -79.427344684092049, 43.690050982851588 ], [ -79.4286609103427, 43.690631626206951 ], [ -79.427544273835593, 43.693387751181 ], [ -79.42460662421999, 43.694239272432959 ], [ -79.424495652632515, 43.69409345960625 ] ] ] } },
{ "type": "Feature", "properties": { "vor_id": 2999, "theft_count": 182, "bike_trips": 39390.0, "theft_per_1000_trips": "4.62046204620462" }, "geometry": { "type": "MultiPolygon", "coordinates": [ [ [ [ -79.545745346944742, 43.592165337537551 ], [ -79.54469942647512, 43.591623911953334 ], [ -79.54395634260338, 43.591527428891403 ], [ -79.542368800104867, 43.589650303938654 ], [ -79.540673013431828, 43.590966463538237 ], [ -79.537506243503429, 43.590599118025239 ], [ -79.533297756860236, 43.584406941793631 ], [ -79.532647382961372, 43.586727459477331 ], [ -79.530220721030773, 43.592209338703398 ], [ -79.526514264787991, 43.592589168006334 ], [ -79.520140666985398, 43.58151162617655 ], [ -79.526292971367312, 43.58038028127153 ], [ -79.526702430425118, 43.580313734529803 ], [ -79.538500768425209, 43.578646616529802 ], [ -79.539532665414839, 43.578555001638904 ], [ -79.540568503379347, 43.578570634832779 ], [ -79.541597165657137, 43.578693348335243 ], [ -79.54260761259647, 43.578921825179251 ], [ -79.543589000033435, 43.579253613340597 ], [ -79.548610581033344, 43.581246719340498 ], [ -79.549399830702725, 43.581600210179388 ], [ -79.550155587959651, 43.582020569290634 ], [ -79.550798784959738, 43.582415670290636 ], [ -79.551569574489406, 43.58294015297772 ], [ -79.552288169378414, 43.583534139487313 ], [ -79.552948323610153, 43.584192466897051 ], [ -79.555624581597044, 43.587122567708747 ], [ -79.553459687349019, 43.588420155384874 ], [ -79.549518534791815, 43.591343113331867 ], [ -79.547860030385891, 43.59284629410498 ], [ -79.545745346944742, 43.592165337537551 ] ] ], [ [ [ -79.571700685126075, 43.604723488184362 ], [ -79.567575687921675, 43.600207235373119 ], [ -79.565562230868849, 43.598002802103338 ], [ -79.569885650056946, 43.60273629720524 ], [ -79.574754455082498, 43.6080669079413 ], [ -79.574485331811374, 43.607772258352583 ], [ -79.57215776636329, 43.605223923535043 ], [ -79.571700685126075, 43.604723488184362 ] ] ], [ [ [ -79.495803817782573, 43.612118093841396 ], [ -79.49709177686276, 43.614266923747593 ], [ -79.497964444201557, 43.615722881242377 ], [ -79.498326400384869, 43.616326768651078 ], [ -79.501249358331862, 43.620267921208281 ], [ -79.504544541940675, 43.623903596059428 ], [ -79.505053619843295, 43.624364997375281 ], [ -79.50604493632062, 43.625263474258098 ], [ -79.506303140719396, 43.626775716405952 ], [ -79.510034485542803, 43.632128295379715 ], [ -79.512234552670648, 43.633626985213269 ], [ -79.516216324320922, 43.632576159169851 ], [ -79.516330044158693, 43.632644320217516 ], [ -79.520765709381749, 43.634742233625666 ], [ -79.52329293972771, 43.635646491102534 ], [ -79.526170747122961, 43.637007592632287 ], [ -79.526430487381745, 43.637130440625569 ], [ -79.529312681707893, 43.638161706245405 ], [ -79.531018907269043, 43.639840447942788 ], [ -79.532224160157398, 43.639848856654645 ], [ -79.532264737470925, 43.640010850370757 ], [ -79.530972136349106, 43.640074351791881 ], [ -79.528101542999906, 43.640215375000096 ], [ -79.524678968799776, 43.640047234711538 ], [ -79.523200685983426, 43.639974611333706 ], [ -79.518347026899093, 43.639254639020258 ], [ -79.513587309137179, 43.638062391786711 ], [ -79.512845568424595, 43.637796992716019 ], [ -79.508967371381658, 43.636409351625666 ], [ -79.506610343543542, 43.635294560482443 ], [ -79.504531706158602, 43.634311438217516 ], [ -79.500323031348927, 43.631788855615227 ], [ -79.499301119689676, 43.631030954274898 ], [ -79.496381878791723, 43.628865897668234 ], [ -79.493633872996369, 43.626375250395171 ], [ -79.492746203940584, 43.625570714059428 ], [ -79.492182041454768, 43.624948256677641 ], [ -79.493952743833106, 43.625626576462778 ], [ -79.4990860365684, 43.622726574405156 ], [ -79.493532216755511, 43.618219412487512 ], [ -79.492785578156429, 43.61816364382684 ], [ -79.491648861456667, 43.618694047282737 ], [ -79.489997689100377, 43.620463937054048 ], [ -79.490576585223977, 43.623176908693488 ], [ -79.489451020331771, 43.621935039208282 ], [ -79.488671921742807, 43.62088454636784 ], [ -79.486528062384778, 43.617993886651078 ], [ -79.484585715969303, 43.614753277434524 ], [ -79.484005479782482, 43.613785211841396 ], [ -79.48250734935732, 43.610617681188948 ], [ -79.482170667142086, 43.609905826453875 ], [ -79.481907566374346, 43.609349546618354 ], [ -79.480254526213301, 43.604729608862826 ], [ -79.479111895824857, 43.600167972650027 ], [ -79.47906227897974, 43.599969891100905 ], [ -79.478342306666292, 43.595116232016579 ], [ -79.478113589125641, 43.590460579522407 ], [ -79.491991040468761, 43.602815676639089 ], [ -79.495671227988382, 43.606092148167498 ], [ -79.496322326609885, 43.609009155334491 ], [ -79.495348102221726, 43.609963387263718 ], [ -79.49484085462818, 43.610082079314545 ], [ -79.49530326422223, 43.611059762257618 ], [ -79.495803817782573, 43.612118093841396 ] ] ] ] } }
]
}
