{
"type": "FeatureCollection",
"name": "voronoi_theft_rates_disjoint_bikeest_quantiles_clipped_buf3m",
"crs": { "type": "name", "properties": { "name": "urn:ogc:def:crs:OGC:1.3:CRS84" } },
"features": [
{ "type": "Feature", "properties": { "vor_id": 0, "theft_count": 11, "bike_trips": 7315, "theft_per_1000_trips": 1.5037593984962407 }, "geometry": { "type": "Polygon", "coordinates": [ [ [ -79.421587617183803, 43.792909451140147 ], [ -79.422157820914876, 43.788154783515523 ], [ -79.427702341030141, 43.784360749269212 ], [ -79.428127492559497, 43.784430258335796 ], [ -79.430098857349648, 43.790958574867489 ], [ -79.423234524592672, 43.794102832400966 ], [ -79.421587617183803, 43.792909451140147 ] ] ] } },
{ "type": "Feature", "properties": { "vor_id": 1, "theft_count": 19, "bike_trips": 2149, "theft_per_1000_trips": 8.8413215449046074 }, "geometry": { "type": "Polygon", "coordinates": [ [ [ -79.400132062051938, 43.657258318595233 ], [ -79.398942328533039, 43.657508118503877 ], [ -79.398509158791114, 43.657093045003911 ], [ -79.398529847850966, 43.656890335373774 ], [ -79.399276815827619, 43.656358636662908 ], [ -79.400464225822247, 43.655891881651691 ], [ -79.400591451040526, 43.655958910444149 ], [ -79.400805048438613, 43.656984522769001 ], [ -79.400132062051938, 43.657258318595233 ] ] ] } },
{ "type": "Feature", "properties": { "vor_id": 2, "theft_count": 32, "bike_trips": 2169, "theft_per_1000_trips": 14.753342554172429 }, "geometry": { "type": "Polygon", "coordinates": [ [ [ -79.388640550003089, 43.622762471862096 ], [ -79.395554518994217, 43.610922033897111 ], [ -79.39998104498531, 43.616488335130619 ], [ -79.399982063164259, 43.616489515903275 ], [ -79.405988687352504, 43.622931421860905 ], [ -79.405299382012132, 43.62855814550641 ], [ -79.399856305164903, 43.634171361524423 ], [ -79.399031690027911, 43.634292232663718 ], [ -79.396857926409368, 43.633929033345765 ], [ -79.392810296669623, 43.630327862498305 ], [ -79.388640550003089, 43.622762471862096 ] ] ] } },
{ "type": "Feature", "properties": { "vor_id": 3, "theft_count": 10, "bike_trips": 1291, "theft_per_1000_trips": 7.7459333849728891 }, "geometry": { "type": "Polygon", "coordinates": [ [ [ -79.331182823400596, 43.668174712958404 ], [ -79.332613996139926, 43.666452240843057 ], [ -79.333307880160049, 43.669553871378866 ], [ -79.33140929171671, 43.668999378313679 ], [ -79.331315236135083, 43.668830465845453 ], [ -79.331182823400596, 43.668174712958404 ] ] ] } },
{ "type": "Feature", "properties": { "vor_id": 4, "theft_count": 86, "bike_trips": 1046, "theft_per_1000_trips": 82.217973231357561 }, "geometry": { "type": "Polygon", "coordinates": [ [ [ -79.387683529492136, 43.667579804572689 ], [ -79.388021811532653, 43.667745116350794 ], [ -79.388262660966376, 43.669015191343966 ], [ -79.387572175137535, 43.669288472485874 ], [ -79.387241129599687, 43.669288249626049 ], [ -79.386815593763885, 43.668817043590174 ], [ -79.386740012986976, 43.668445570238021 ], [ -79.387683529492136, 43.667579804572689 ] ] ] } },
{ "type": "Feature", "properties": { "vor_id": 5, "theft_count": 58, "bike_trips": 3125, "theft_per_1000_trips": 18.56 }, "geometry": { "type": "Polygon", "coordinates": [ [ [ -79.376422587654005, 43.642638596436214 ], [ -79.376680534633351, 43.643053314083019 ], [ -79.376697382267963, 43.64335586824653 ], [ -79.373721143277251, 43.644531266873287 ], [ -79.37399147236215, 43.643694271966446 ], [ -79.376422587654005, 43.642638596436214 ] ] ] } },
{ "type": "Feature", "properties": { "vor_id": 6, "theft_count": 13, "bike_trips": 1184, "theft_per_1000_trips": 10.97972972972973 }, "geometry": { "type": "Polygon", "coordinates": [ [ [ -79.422785448361353, 43.685855294916976 ], [ -79.419609198702872, 43.684812640067726 ], [ -79.420320375136995, 43.683903210807117 ], [ -79.42109057873472, 43.683278721379466 ], [ -79.422560510154099, 43.683704098829033 ], [ -79.422930882032261, 43.685557380634719 ], [ -79.422785448361353, 43.685855294916976 ] ] ] } },
{ "type": "Feature", "properties": { "vor_id": 7, "theft_count": 27, "bike_trips": 2089, "theft_per_1000_trips": 12.924844423168981 }, "geometry": { "type": "Polygon", "coordinates": [ [ [ -79.382197010325996, 43.65544638494336 ], [ -79.380238471307976, 43.656285355433084 ], [ -79.380076495773068, 43.655937044157177 ], [ -79.379896361891937, 43.655099021696273 ], [ -79.380736682110353, 43.65474300877716 ], [ -79.382196713039463, 43.655428010962282 ], [ -79.382197010325996, 43.65544638494336 ] ] ] } },
{ "type": "Feature", "properties": { "vor_id": 8, "theft_count": 15, "bike_trips": 2199, "theft_per_1000_trips": 6.8212824010914055 }, "geometry": { "type": "Polygon", "coordinates": [ [ [ -79.417598427788803, 43.659427751318965 ], [ -79.420501207459679, 43.658293515684683 ], [ -79.421070218593925, 43.660948633014954 ], [ -79.419493032031298, 43.66155281738402 ], [ -79.418126155582257, 43.66130354765145 ], [ -79.417969149314345, 43.661259652374994 ], [ -79.417598427788803, 43.659427751318965 ] ] ] } },
{ "type": "Feature", "properties": { "vor_id": 9, "theft_count": 14, "bike_trips": 8738, "theft_per_1000_trips": 1.6021972991531241 }, "geometry": { "type": "Polygon", "coordinates": [ [ [ -79.34380277378844, 43.750641178691829 ], [ -79.347448527375661, 43.751829436671208 ], [ -79.350218210556633, 43.75710001961555 ], [ -79.335333001132781, 43.765263132858635 ], [ -79.330315708620986, 43.749428598833823 ], [ -79.34380277378844, 43.750641178691829 ] ] ] } },
{ "type": "Feature", "properties": { "vor_id": 10, "theft_count": 52, "bike_trips": 3182, "theft_per_1000_trips": 16.341923318667504 }, "geometry": { "type": "Polygon", "coordinates": [ [ [ -79.380336733049845, 43.64269223918803 ], [ -79.380063879788338, 43.642050848813788 ], [ -79.382152403131386, 43.641131898541381 ], [ -79.382307816972741, 43.64135530029008 ], [ -79.381970411412112, 43.642036018207719 ], [ -79.380336733049845, 43.64269223918803 ] ] ] } },
{ "type": "Feature", "properties": { "vor_id": 11, "theft_count": 30, "bike_trips": 2033, "theft_per_1000_trips": 14.756517461878998 }, "geometry": { "type": "Polygon", "coordinates": [ [ [ -79.358210250572469, 43.6583081871267 ], [ -79.358187959996314, 43.659093008107931 ], [ -79.357876368053752, 43.65941344993999 ], [ -79.355321158652345, 43.658775886816649 ], [ -79.355217715683395, 43.658122833979256 ], [ -79.356673122386923, 43.65717867973261 ], [ -79.358210250572469, 43.6583081871267 ] ] ] } },
{ "type": "Feature", "properties": { "vor_id": 12, "theft_count": 41, "bike_trips": 4295, "theft_per_1000_trips": 9.5459837019790452 }, "geometry": { "type": "Polygon", "coordinates": [ [ [ -79.396742263743349, 43.648230195822038 ], [ -79.396883326815299, 43.648904756938798 ], [ -79.395080827282257, 43.649654761989019 ], [ -79.394900403855374, 43.648790729807942 ], [ -79.395999360432654, 43.648342003619938 ], [ -79.396742263743349, 43.648230195822038 ] ] ] } },
{ "type": "Feature", "properties": { "vor_id": 13, "theft_count": 22, "bike_trips": 4595, "theft_per_1000_trips": 4.787812840043526 }, "geometry": { "type": "Polygon", "coordinates": [ [ [ -79.343151117381581, 43.65940763184075 ], [ -79.343149568051857, 43.659408272056289 ], [ -79.340284361067603, 43.659281335837882 ], [ -79.339033085416347, 43.658770973285883 ], [ -79.337949579373188, 43.657114954556697 ], [ -79.34084832981047, 43.655908677368437 ], [ -79.342277583791812, 43.65720407766824 ], [ -79.343709496889062, 43.658266056799022 ], [ -79.343151117381581, 43.65940763184075 ] ] ] } },
{ "type": "Feature", "properties": { "vor_id": 14, "theft_count": 36, "bike_trips": 2149, "theft_per_1000_trips": 16.751977664029781 }, "geometry": { "type": "Polygon", "coordinates": [ [ [ -79.405898755699653, 43.67453444405654 ], [ -79.405266706854164, 43.67140244750918 ], [ -79.406065709066127, 43.671085123614134 ], [ -79.406956636854744, 43.671263871636988 ], [ -79.407699878906953, 43.671550109930052 ], [ -79.40785900967488, 43.672748283191616 ], [ -79.405898755699653, 43.67453444405654 ] ] ] } },
{ "type": "Feature", "properties": { "vor_id": 15, "theft_count": 39, "bike_trips": 20929, "theft_per_1000_trips": 1.8634430694251995 }, "geometry": { "type": "MultiPolygon", "coordinates": [ [ [ [ -79.170158563208062, 43.758382826331953 ], [ -79.166217410650844, 43.755459868384982 ], [ -79.164940782456654, 43.754694686988152 ], [ -79.168030686909404, 43.754028727775719 ], [ -79.169245532615108, 43.755666757349026 ], [ -79.171723770582091, 43.759801447604339 ], [ -79.170158563208062, 43.758382826331953 ] ] ], [ [ [ -79.152328686117627, 43.767229088285923 ], [ -79.158478384532103, 43.77403377938009 ], [ -79.165547625501063, 43.776966298708501 ], [ -79.176422126135648, 43.783261149776841 ], [ -79.176458796271675, 43.784859418694957 ], [ -79.177514524291396, 43.786651819172214 ], [ -79.17743128833358, 43.788346126016492 ], [ -79.17671131602016, 43.793199785100803 ], [ -79.175519068786571, 43.797959502862724 ], [ -79.173866028625525, 43.802579440618253 ], [ -79.171768115217418, 43.807015105841288 ], [ -79.169245532615108, 43.81122378065097 ], [ -79.166322574668129, 43.81516493320818 ], [ -79.164043446043522, 43.817679564138238 ], [ -79.163027391059316, 43.818800608059327 ], [ -79.159391716208177, 43.822095791668133 ], [ -79.156386714016222, 43.824324453481594 ], [ -79.156327745266978, 43.824186952904697 ], [ -79.156327522432122, 43.824186456955914 ], [ -79.156092511010186, 43.823686364211994 ], [ -79.156111674116673, 43.823674878286702 ], [ -79.155615147347504, 43.806430873788038 ], [ -79.14515084093847, 43.791793623367042 ], [ -79.131126673317013, 43.791767642509747 ], [ -79.132737306224953, 43.786134072387284 ], [ -79.134201600830281, 43.783906970902429 ], [ -79.145624269367772, 43.781046957332741 ], [ -79.152328686117627, 43.767229088285923 ] ] ] ] } },
{ "type": "Feature", "properties": { "vor_id": 16, "theft_count": 15, "bike_trips": 1036, "theft_per_1000_trips": 14.478764478764479 }, "geometry": { "type": "Polygon", "coordinates": [ [ [ -79.374962058461193, 43.653086517949731 ], [ -79.37445628574045, 43.652504087432391 ], [ -79.37581781969304, 43.651927927989483 ], [ -79.375989340413483, 43.652657636939672 ], [ -79.374962058461193, 43.653086517949731 ] ] ] } },
{ "type": "Feature", "properties": { "vor_id": 17, "theft_count": 10, "bike_trips": 1102, "theft_per_1000_trips": 9.0744101633393832 }, "geometry": { "type": "Polygon", "coordinates": [ [ [ -79.420600183152231, 43.651880492690786 ], [ -79.420338126260333, 43.652214991994555 ], [ -79.419279789907975, 43.65305706271829 ], [ -79.416342853350841, 43.652540260672751 ], [ -79.415786986485614, 43.651499764030078 ], [ -79.41989340950137, 43.649889049821624 ], [ -79.420441503215329, 43.65107506205505 ], [ -79.420600183152231, 43.651880492690786 ] ] ] } },
{ "type": "Feature", "properties": { "vor_id": 18, "theft_count": 8, "bike_trips": 7513, "theft_per_1000_trips": 1.0648209769732464 }, "geometry": { "type": "Polygon", "coordinates": [ [ [ -79.494315448111763, 43.706375134647459 ], [ -79.495689440649386, 43.710476974029916 ], [ -79.493071176019384, 43.720859904290911 ], [ -79.491873102828322, 43.721604703194899 ], [ -79.478842167180332, 43.716948545226231 ], [ -79.479857158836921, 43.702638864673887 ], [ -79.48212201220467, 43.701734863204848 ], [ -79.494069009894076, 43.705800718835526 ], [ -79.494315448111763, 43.706375134647459 ] ] ] } },
{ "type": "Feature", "properties": { "vor_id": 19, "theft_count": 16, "bike_trips": 3819, "theft_per_1000_trips": 4.1895784236711187 }, "geometry": { "type": "Polygon", "coordinates": [ [ [ -79.306096641261178, 43.676032715906373 ], [ -79.305055375364788, 43.675129762828099 ], [ -79.306342826372301, 43.673377298841302 ], [ -79.306854705406963, 43.673363842079993 ], [ -79.309110801703085, 43.675924037370002 ], [ -79.308634587946287, 43.676231107714649 ], [ -79.306096641261178, 43.676032715906373 ] ] ] } },
{ "type": "Feature", "properties": { "vor_id": 20, "theft_count": 46, "bike_trips": 1074, "theft_per_1000_trips": 42.830540037243949 }, "geometry": { "type": "Polygon", "coordinates": [ [ [ -79.401515991154099, 43.674913861684871 ], [ -79.399045437096945, 43.67454686755363 ], [ -79.398513965469405, 43.673610497676123 ], [ -79.398495702140693, 43.672843145102583 ], [ -79.400459056444433, 43.671011065351692 ], [ -79.401890069531447, 43.670793220746958 ], [ -79.402458515244291, 43.67349920970819 ], [ -79.401515991154099, 43.674913861684871 ] ] ] } },
{ "type": "Feature", "properties": { "vor_id": 21, "theft_count": 10, "bike_trips": 3291, "theft_per_1000_trips": 3.0385900941962931 }, "geometry": { "type": "Polygon", "coordinates": [ [ [ -79.421786075855792, 43.638327696635621 ], [ -79.421769654971555, 43.639722453093057 ], [ -79.419446263836932, 43.641819251704206 ], [ -79.419399166640829, 43.641819184625227 ], [ -79.418810781011288, 43.640606429415335 ], [ -79.4194701408139, 43.639212330242984 ], [ -79.421786075855792, 43.638327696635621 ] ] ] } },
{ "type": "Feature", "properties": { "vor_id": 22, "theft_count": 3, "bike_trips": 1075, "theft_per_1000_trips": 2.7906976744186047 }, "geometry": { "type": "Polygon", "coordinates": [ [ [ -79.406065709066127, 43.671085123614134 ], [ -79.405684478459449, 43.66927389266607 ], [ -79.406500112865132, 43.669235560176695 ], [ -79.406956636854744, 43.671263871636988 ], [ -79.406065709066127, 43.671085123614134 ] ] ] } },
{ "type": "Feature", "properties": { "vor_id": 23, "theft_count": 44, "bike_trips": 1063, "theft_per_1000_trips": 41.392285983066799 }, "geometry": { "type": "Polygon", "coordinates": [ [ [ -79.382307816972741, 43.64135530029008 ], [ -79.382332639487672, 43.641359046941218 ], [ -79.383323387457324, 43.642197858883719 ], [ -79.383637552226475, 43.643736664116418 ], [ -79.382640872540719, 43.643966328507894 ], [ -79.382365435600263, 43.643934419922275 ], [ -79.381970411412112, 43.642036018207719 ], [ -79.382307816972741, 43.64135530029008 ] ] ] } },
{ "type": "Feature", "properties": { "vor_id": 24, "theft_count": 91, "bike_trips": 8504, "theft_per_1000_trips": 10.700846660395108 }, "geometry": { "type": "Polygon", "coordinates": [ [ [ -79.284964911031395, 43.696923436594624 ], [ -79.284948035186673, 43.689389249901559 ], [ -79.286406377007822, 43.688012712593363 ], [ -79.291209336716747, 43.689327476132483 ], [ -79.2913669309591, 43.692738399761829 ], [ -79.285142525622859, 43.696930382978557 ], [ -79.284964911031395, 43.696923436594624 ] ] ] } },
{ "type": "Feature", "properties": { "vor_id": 25, "theft_count": 14, "bike_trips": 3125, "theft_per_1000_trips": 4.48 }, "geometry": { "type": "Polygon", "coordinates": [ [ [ -79.375176793676729, 43.648575380173774 ], [ -79.374984962006835, 43.648403738146996 ], [ -79.37446758879075, 43.647364495329654 ], [ -79.37611907653428, 43.646621260226112 ], [ -79.377377881934692, 43.647185744857403 ], [ -79.377278383498762, 43.647484680019119 ], [ -79.375176793676729, 43.648575380173774 ] ] ] } },
{ "type": "Feature", "properties": { "vor_id": 26, "theft_count": 18, "bike_trips": 1104, "theft_per_1000_trips": 16.304347826086957 }, "geometry": { "type": "Polygon", "coordinates": [ [ [ -79.421475359041139, 43.636249946651894 ], [ -79.42172311207726, 43.635650790414019 ], [ -79.423143049758565, 43.635132823160966 ], [ -79.424380519299731, 43.635895835337003 ], [ -79.424906111403928, 43.638367776697152 ], [ -79.424008269091019, 43.638714178377704 ], [ -79.421846811611019, 43.638127213770105 ], [ -79.421475359041139, 43.636249946651894 ] ] ] } },
{ "type": "Feature", "properties": { "vor_id": 27, "theft_count": 8, "bike_trips": 2262, "theft_per_1000_trips": 3.5366931918656053 }, "geometry": { "type": "Polygon", "coordinates": [ [ [ -79.480985782644808, 43.649713884246715 ], [ -79.477280509024851, 43.650002085922402 ], [ -79.476459283515098, 43.649854743660057 ], [ -79.475409845752466, 43.649186330396425 ], [ -79.472098769485868, 43.646116576458546 ], [ -79.471758777082172, 43.645426111370043 ], [ -79.481154870686794, 43.64330952720416 ], [ -79.480985782644808, 43.649713884246715 ] ] ] } },
{ "type": "Feature", "properties": { "vor_id": 28, "theft_count": 29, "bike_trips": 2062, "theft_per_1000_trips": 14.064015518913676 }, "geometry": { "type": "Polygon", "coordinates": [ [ [ -79.380033431780802, 43.667016780579694 ], [ -79.377833586361859, 43.66797278315773 ], [ -79.377246284949379, 43.667805328342652 ], [ -79.377454795913096, 43.667140212995925 ], [ -79.3796847092229, 43.666215206447831 ], [ -79.379981391575058, 43.66669081134193 ], [ -79.380033431780802, 43.667016780579694 ] ] ] } },
{ "type": "Feature", "properties": { "vor_id": 29, "theft_count": 33, "bike_trips": 3626, "theft_per_1000_trips": 9.1009376723662445 }, "geometry": { "type": "Polygon", "coordinates": [ [ [ -79.402595966574353, 43.687919406076077 ], [ -79.4002802825554, 43.689766750422081 ], [ -79.396602726520513, 43.686508856183863 ], [ -79.396780732051354, 43.684962979824064 ], [ -79.398462260552904, 43.68510469152627 ], [ -79.402425407582626, 43.687024945442204 ], [ -79.402595966574353, 43.687919406076077 ] ] ] } },
{ "type": "Feature", "properties": { "vor_id": 30, "theft_count": 21, "bike_trips": 4321, "theft_per_1000_trips": 4.8599861143253875 }, "geometry": { "type": "Polygon", "coordinates": [ [ [ -79.381588523039895, 43.674043610501798 ], [ -79.37977611896973, 43.671629451234601 ], [ -79.379703293935037, 43.671269137989121 ], [ -79.381285483661784, 43.670589304954966 ], [ -79.381862215906466, 43.673290784745774 ], [ -79.381789339665275, 43.673817439892538 ], [ -79.381588523039895, 43.674043610501798 ] ] ] } },
{ "type": "Feature", "properties": { "vor_id": 31, "theft_count": 41, "bike_trips": 2088, "theft_per_1000_trips": 19.636015325670499 }, "geometry": { "type": "Polygon", "coordinates": [ [ [ -79.385383649911077, 43.66339608663089 ], [ -79.384869878575273, 43.664193042885188 ], [ -79.383900597694605, 43.664597099354886 ], [ -79.383753089273426, 43.663553743236001 ], [ -79.385121382343385, 43.662985011841243 ], [ -79.385383649911077, 43.66339608663089 ] ] ] } },
{ "type": "Feature", "properties": { "vor_id": 33, "theft_count": 10, "bike_trips": 3399, "theft_per_1000_trips": 2.9420417769932334 }, "geometry": { "type": "Polygon", "coordinates": [ [ [ -79.471600517132259, 43.662653813740462 ], [ -79.47170872647159, 43.66310649563178 ], [ -79.468466341410533, 43.665360012095157 ], [ -79.467355635601479, 43.663879949708885 ], [ -79.466867433229424, 43.661680243520088 ], [ -79.467499832221606, 43.660826069979748 ], [ -79.469389699829648, 43.6608170288333 ], [ -79.471600517132259, 43.662653813740462 ] ] ] } },
{ "type": "Feature", "properties": { "vor_id": 34, "theft_count": 24, "bike_trips": 5337, "theft_per_1000_trips": 4.4969083754918495 }, "geometry": { "type": "Polygon", "coordinates": [ [ [ -79.50904457111794, 43.64445665203764 ], [ -79.509332246389008, 43.653423676029362 ], [ -79.50525247192158, 43.654649894602741 ], [ -79.504242876959182, 43.654778408668896 ], [ -79.498878823130426, 43.64643788871517 ], [ -79.50904457111794, 43.64445665203764 ] ] ] } },
{ "type": "Feature", "properties": { "vor_id": 35, "theft_count": 30, "bike_trips": 3226, "theft_per_1000_trips": 9.299442033477991 }, "geometry": { "type": "Polygon", "coordinates": [ [ [ -79.397614345287693, 43.651953938959636 ], [ -79.397614955830633, 43.65188979230026 ], [ -79.398612520985864, 43.650803422482149 ], [ -79.400797489542796, 43.650989053754181 ], [ -79.400834060386444, 43.651062026895247 ], [ -79.400224014640202, 43.652450671483969 ], [ -79.399363131353155, 43.653221230830816 ], [ -79.399142470166666, 43.653225134727748 ], [ -79.397614345287693, 43.651953938959636 ] ] ] } },
{ "type": "Feature", "properties": { "vor_id": 36, "theft_count": 86, "bike_trips": 4162, "theft_per_1000_trips": 20.663142719846228 }, "geometry": { "type": "Polygon", "coordinates": [ [ [ -79.3796847092229, 43.666215206447831 ], [ -79.379673178858582, 43.666162115503283 ], [ -79.379725679234511, 43.666034929698057 ], [ -79.380308743579747, 43.665350736308113 ], [ -79.382052930638991, 43.664621482856717 ], [ -79.382692946695144, 43.665564144645614 ], [ -79.379981391575058, 43.66669081134193 ], [ -79.3796847092229, 43.666215206447831 ] ] ] } },
{ "type": "Feature", "properties": { "vor_id": 37, "theft_count": 28, "bike_trips": 5899, "theft_per_1000_trips": 4.746567214782166 }, "geometry": { "type": "Polygon", "coordinates": [ [ [ -79.413877199361266, 43.779669160269599 ], [ -79.414018730785287, 43.781098046063491 ], [ -79.412233166908322, 43.785449352539665 ], [ -79.412015387013639, 43.785608684354571 ], [ -79.407632146186444, 43.77688744435472 ], [ -79.407641764433848, 43.776860649997872 ], [ -79.41274726681398, 43.777114368138328 ], [ -79.413877199361266, 43.779669160269599 ] ] ] } },
{ "type": "Feature", "properties": { "vor_id": 38, "theft_count": 40, "bike_trips": 2075, "theft_per_1000_trips": 19.277108433734941 }, "geometry": { "type": "Polygon", "coordinates": [ [ [ -79.375456694332271, 43.658630527960185 ], [ -79.374905872477328, 43.656141256442254 ], [ -79.375577932842162, 43.655864222422764 ], [ -79.375906860474601, 43.655903575671367 ], [ -79.376296236314275, 43.657725836214901 ], [ -79.375456694332271, 43.658630527960185 ] ] ] } },
{ "type": "Feature", "properties": { "vor_id": 39, "theft_count": 17, "bike_trips": 2255, "theft_per_1000_trips": 7.5388026607538805 }, "geometry": { "type": "Polygon", "coordinates": [ [ [ -79.467355635601479, 43.663879949708885 ], [ -79.464235924312078, 43.665122883828481 ], [ -79.463174615700552, 43.665055209000521 ], [ -79.463176259536368, 43.661866290782712 ], [ -79.466867433229424, 43.661680243520088 ], [ -79.467355635601479, 43.663879949708885 ] ] ] } },
{ "type": "Feature", "properties": { "vor_id": 40, "theft_count": 271, "bike_trips": 4177, "theft_per_1000_trips": 64.879099832415605 }, "geometry": { "type": "Polygon", "coordinates": [ [ [ -79.382197010325996, 43.65544638494336 ], [ -79.382346805741733, 43.656144297724076 ], [ -79.380406908786853, 43.656938258144216 ], [ -79.380223093363782, 43.656837529559184 ], [ -79.380238471307976, 43.656285355433084 ], [ -79.382197010325996, 43.65544638494336 ] ] ] } },
{ "type": "Feature", "properties": { "vor_id": 41, "theft_count": 4, "bike_trips": 2455, "theft_per_1000_trips": 1.629327902240326 }, "geometry": { "type": "Polygon", "coordinates": [ [ [ -79.401705333775084, 43.727105387299474 ], [ -79.401386760816806, 43.72842848090572 ], [ -79.400658988589939, 43.729536903096417 ], [ -79.399754631779388, 43.729150766463498 ], [ -79.39871662598766, 43.724200414155618 ], [ -79.401038026591181, 43.724958117359293 ], [ -79.401705333775084, 43.727105387299474 ] ] ] } },
{ "type": "Feature", "properties": { "vor_id": 42, "theft_count": 18, "bike_trips": 2047, "theft_per_1000_trips": 8.7933561309233017 }, "geometry": { "type": "Polygon", "coordinates": [ [ [ -79.371581450120999, 43.660001682475404 ], [ -79.370591966064026, 43.65990532444583 ], [ -79.370007886909661, 43.65745977573927 ], [ -79.37155375027551, 43.65680504667035 ], [ -79.371832182136686, 43.659726771086348 ], [ -79.371581450120999, 43.660001682475404 ] ] ] } },
{ "type": "Feature", "properties": { "vor_id": 43, "theft_count": 51, "bike_trips": 1037, "theft_per_1000_trips": 49.180327868852459 }, "geometry": { "type": "Polygon", "coordinates": [ [ [ -79.375577932842162, 43.655864222422764 ], [ -79.375198680470348, 43.654089346490061 ], [ -79.375984915167578, 43.654044971562726 ], [ -79.37632495089629, 43.655737927698546 ], [ -79.375906860474601, 43.655903575671367 ], [ -79.375577932842162, 43.655864222422764 ] ] ] } },
{ "type": "Feature", "properties": { "vor_id": 44, "theft_count": 24, "bike_trips": 2104, "theft_per_1000_trips": 11.406844106463879 }, "geometry": { "type": "Polygon", "coordinates": [ [ [ -79.385566183681945, 43.654634042307997 ], [ -79.38631685777537, 43.654321583796772 ], [ -79.38638859873015, 43.654337716049781 ], [ -79.386653123022612, 43.6556116935324 ], [ -79.386482676911726, 43.656117386279305 ], [ -79.385665479854879, 43.65563162148613 ], [ -79.385476217388103, 43.654787513451609 ], [ -79.385566183681945, 43.654634042307997 ] ] ] } },
{ "type": "Feature", "properties": { "vor_id": 45, "theft_count": 52, "bike_trips": 2147, "theft_per_1000_trips": 24.219841639496973 }, "geometry": { "type": "Polygon", "coordinates": [ [ [ -79.39562913937543, 43.666816116989487 ], [ -79.39709805764852, 43.666074679722755 ], [ -79.397520175986173, 43.666331087450018 ], [ -79.397992844249558, 43.668497916091106 ], [ -79.395336708867219, 43.669589977721877 ], [ -79.395134533838998, 43.669267004818707 ], [ -79.39562913937543, 43.666816116989487 ] ] ] } },
{ "type": "Feature", "properties": { "vor_id": 46, "theft_count": 33, "bike_trips": 2122, "theft_per_1000_trips": 15.551366635249765 }, "geometry": { "type": "Polygon", "coordinates": [ [ [ -79.38195080612509, 43.640783932985258 ], [ -79.379856945567596, 43.641682480790308 ], [ -79.379346478389763, 43.64118642321683 ], [ -79.381432965482531, 43.639889616404162 ], [ -79.381589112026518, 43.640093246922071 ], [ -79.381873422021201, 43.64052258260093 ], [ -79.38195080612509, 43.640783932985258 ] ] ] } },
{ "type": "Feature", "properties": { "vor_id": 47, "theft_count": 16, "bike_trips": 2039, "theft_per_1000_trips": 7.8469838155958804 }, "geometry": { "type": "Polygon", "coordinates": [ [ [ -79.36442182578611, 43.667385436604356 ], [ -79.363882272457559, 43.664998089234942 ], [ -79.364879665579195, 43.663913388702753 ], [ -79.365281907516533, 43.663713399030513 ], [ -79.365465203960426, 43.663898646877279 ], [ -79.365777796640756, 43.665341960317647 ], [ -79.36442182578611, 43.667385436604356 ] ] ] } },
{ "type": "Feature", "properties": { "vor_id": 48, "theft_count": 83, "bike_trips": 2583, "theft_per_1000_trips": 32.133178474641888 }, "geometry": { "type": "Polygon", "coordinates": [ [ [ -79.340116365172847, 43.66368211307514 ], [ -79.340655319699181, 43.663729950576382 ], [ -79.341571878406612, 43.667360366543498 ], [ -79.339976765512318, 43.668570202986047 ], [ -79.339466253058234, 43.668070934866996 ], [ -79.338867188071887, 43.665370838549983 ], [ -79.340116365172847, 43.66368211307514 ] ] ] } },
{ "type": "Feature", "properties": { "vor_id": 49, "theft_count": 231, "bike_trips": 69269, "theft_per_1000_trips": 3.3348251021380415 }, "geometry": { "type": "MultiPolygon", "coordinates": [ [ [ [ -79.565777328634681, 43.623079215921855 ], [ -79.565726894644499, 43.62355774081518 ], [ -79.565563108585991, 43.624047005590818 ], [ -79.565562697412091, 43.624048480106595 ], [ -79.565562444410872, 43.624049973172475 ], [ -79.565542281309277, 43.624224388973907 ], [ -79.56550192412378, 43.624364774339575 ], [ -79.565356513777502, 43.624496809252413 ], [ -79.565269183306441, 43.624537241723644 ], [ -79.565188514627835, 43.624546185427846 ], [ -79.565121160765955, 43.624532732469667 ], [ -79.564912643763051, 43.624454958569252 ], [ -79.564910416583999, 43.624454218592149 ], [ -79.564908105754398, 43.624453628123987 ], [ -79.564602705754396, 43.624386728103204 ], [ -79.564600441580822, 43.624386308762261 ], [ -79.564598135730776, 43.624386033000384 ], [ -79.564535578378212, 43.624380556294227 ], [ -79.565803183152198, 43.622981970237973 ], [ -79.565777742891981, 43.623076987986728 ], [ -79.565777328634681, 43.623079215921855 ] ] ], [ [ [ -79.558174070095475, 43.63008749780758 ], [ -79.555880054650871, 43.631788855615234 ], [ -79.554975660225836, 43.632330928772532 ], [ -79.556023022520421, 43.626216341332103 ], [ -79.558174070095475, 43.63008749780758 ] ] ], [ [ [ -79.580494046096376, 43.627615250805839 ], [ -79.580495876958139, 43.627616366419055 ], [ -79.580497837334235, 43.627617360062025 ], [ -79.580877537334246, 43.627792160014167 ], [ -79.580879606892097, 43.62779302202226 ], [ -79.580881773736436, 43.627793748051651 ], [ -79.581306873736452, 43.627919948013762 ], [ -79.581309644831578, 43.62792064572394 ], [ -79.581312504288377, 43.627921121252243 ], [ -79.581865704288376, 43.627990421230074 ], [ -79.581868319018909, 43.627990654188572 ], [ -79.581870952680063, 43.627990701239419 ], [ -79.582492339586778, 43.62797980493184 ], [ -79.583573609999618, 43.628318006550174 ], [ -79.583574635318357, 43.628318309310934 ], [ -79.584590433476706, 43.628600780905444 ], [ -79.585086018892653, 43.628741935543665 ], [ -79.5854394400003, 43.62888814479264 ], [ -79.585633878682557, 43.629053324673009 ], [ -79.585773918318182, 43.629212285892557 ], [ -79.585914012123581, 43.629438285306243 ], [ -79.585915353961809, 43.629440168768213 ], [ -79.58591697015288, 43.629441935757633 ], [ -79.586021168578995, 43.629543415102404 ], [ -79.586049384879885, 43.629620826700553 ], [ -79.58604068883399, 43.629681236466979 ], [ -79.586016893740137, 43.62975102917018 ], [ -79.585925711259364, 43.629848135128867 ], [ -79.585924363322334, 43.629849730031161 ], [ -79.585861863322307, 43.629932330044049 ], [ -79.585764953242645, 43.630060643397641 ], [ -79.585763460378132, 43.630062972229972 ], [ -79.585210760378146, 43.631098772351088 ], [ -79.585210019715106, 43.631100360231933 ], [ -79.58513081971509, 43.631297760249787 ], [ -79.585130000356443, 43.631300550243076 ], [ -79.585095200356434, 43.631484250251177 ], [ -79.585094962770924, 43.631486312431441 ], [ -79.58507746277094, 43.63190661243555 ], [ -79.585077485511732, 43.631908193366755 ], [ -79.585077685074651, 43.631909767771731 ], [ -79.58519028507466, 43.632523467745514 ], [ -79.585190720395389, 43.63252522186518 ], [ -79.58529052039539, 43.63284312184232 ], [ -79.585291521364681, 43.632845561168899 ], [ -79.5853953213647, 43.63304886114603 ], [ -79.585396295479654, 43.633050527029731 ], [ -79.585397478633581, 43.633052120433959 ], [ -79.585582878633588, 43.633276220396596 ], [ -79.585584212718231, 43.633277680109138 ], [ -79.58578803350197, 43.633480311820158 ], [ -79.585841339035838, 43.633573262139222 ], [ -79.585860109278926, 43.63366393828565 ], [ -79.58580468657189, 43.633811539741131 ], [ -79.585626161137526, 43.634071827275278 ], [ -79.58562484260132, 43.634074099959797 ], [ -79.585569842601302, 43.634188699971986 ], [ -79.585569068717419, 43.634190627119352 ], [ -79.585568572534925, 43.634192601619482 ], [ -79.585568359306762, 43.634194602569025 ], [ -79.585565659306766, 43.634271202569657 ], [ -79.585565703948859, 43.634272927353166 ], [ -79.585565958979359, 43.634274642535935 ], [ -79.585566422403275, 43.634276334701319 ], [ -79.585567090595688, 43.63427799061273 ], [ -79.585567958329719, 43.634279597317189 ], [ -79.58571705832972, 43.634523297285163 ], [ -79.585718287234855, 43.634525059251494 ], [ -79.585719755881442, 43.634526722309211 ], [ -79.585914907788975, 43.634724847548135 ], [ -79.58598212756128, 43.634840963180629 ], [ -79.586032399445557, 43.635089661135076 ], [ -79.586041629759933, 43.635357240998268 ], [ -79.586027202556679, 43.635526147240256 ], [ -79.585945297880883, 43.635716469673454 ], [ -79.585749184102497, 43.636094845742178 ], [ -79.585589833810374, 43.636335515540267 ], [ -79.585393371306139, 43.636627459862723 ], [ -79.585391908472161, 43.636630110649349 ], [ -79.585317508472158, 43.636800110666009 ], [ -79.585316644567087, 43.636802676966006 ], [ -79.585274644567093, 43.63697847697572 ], [ -79.585274595391766, 43.636978689816054 ], [ -79.585246495391758, 43.63710458982257 ], [ -79.585246170738088, 43.637106945044017 ], [ -79.585246242674131, 43.637109311383682 ], [ -79.585259942674156, 43.637228911380468 ], [ -79.585260342839661, 43.637231010943985 ], [ -79.585261055426969, 43.637233066686413 ], [ -79.585294455426961, 43.637311166678927 ], [ -79.58529447740068, 43.637311217811948 ], [ -79.585349577400692, 43.637438817799584 ], [ -79.585350348922859, 43.637440370489841 ], [ -79.58535129902549, 43.637441870427807 ], [ -79.585447899025482, 43.637578770407607 ], [ -79.585449952608244, 43.637581218410055 ], [ -79.585615703698991, 43.637749560888011 ], [ -79.585714010147399, 43.637865876898303 ], [ -79.585909312260355, 43.638096879358756 ], [ -79.585910920895515, 43.638098574349897 ], [ -79.586209715220221, 43.63838033734509 ], [ -79.586452477690059, 43.63869599812049 ], [ -79.586654342601719, 43.638997848424587 ], [ -79.586830296980793, 43.639299271084326 ], [ -79.586955230388938, 43.639582857956142 ], [ -79.587049392324204, 43.639865045445532 ], [ -79.58710010910535, 43.640128095141364 ], [ -79.587100558264623, 43.640129840208523 ], [ -79.587101224807114, 43.640131548493514 ], [ -79.587102103211222, 43.640133205845132 ], [ -79.587164203211231, 43.640236105831747 ], [ -79.587165125519036, 43.640237483914888 ], [ -79.587166194375328, 43.640238805387334 ], [ -79.587288143890717, 43.640376844761427 ], [ -79.587349402164349, 43.640552076416419 ], [ -79.587351801766246, 43.640664857705183 ], [ -79.587310983862452, 43.640788881342779 ], [ -79.587310517181763, 43.640790663326413 ], [ -79.587310281266582, 43.640792468978034 ], [ -79.58731027815719, 43.640794282681512 ], [ -79.587310507880517, 43.640796088751095 ], [ -79.587332107880528, 43.640908388746062 ], [ -79.587332557130253, 43.640910136638269 ], [ -79.587333224461787, 43.64091184766135 ], [ -79.587334104329543, 43.640913507596494 ], [ -79.587335189421665, 43.640915102649402 ], [ -79.587400889421644, 43.641001502635881 ], [ -79.587402324800507, 43.641003182768543 ], [ -79.587403987661503, 43.641004749209664 ], [ -79.587405860946362, 43.641006185890056 ], [ -79.5874729609464, 43.64105268587916 ], [ -79.587474885286611, 43.641053898409538 ], [ -79.587476959460062, 43.641054973802611 ], [ -79.587479164873585, 43.641055902418408 ], [ -79.587481481757479, 43.641056675932681 ], [ -79.587483889342863, 43.641057287411542 ], [ -79.587486366047742, 43.641057731373586 ], [ -79.587488889670595, 43.641058003839099 ], [ -79.587611751397958, 43.641066991386701 ], [ -79.587674093121635, 43.641092539911078 ], [ -79.587750582610127, 43.641227853220016 ], [ -79.58772955860897, 43.641349581226464 ], [ -79.587729361055452, 43.641351455279221 ], [ -79.587729413696735, 43.641353334390992 ], [ -79.587729716043924, 43.641355201109583 ], [ -79.587805616043909, 43.641685301092004 ], [ -79.587806113140005, 43.64168699476204 ], [ -79.58780681585435, 43.641688649851218 ], [ -79.587807718648108, 43.641690253314032 ], [ -79.587808814405349, 43.641691792511871 ], [ -79.587952554828377, 43.641873415720916 ], [ -79.587944873197074, 43.642008900488619 ], [ -79.587944881778697, 43.642010638725225 ], [ -79.587945104202433, 43.642012369504428 ], [ -79.587945538701305, 43.642014079076652 ], [ -79.587946181823597, 43.642015753860846 ], [ -79.588047981823593, 43.642241353838102 ], [ -79.588048803153143, 43.642242937637612 ], [ -79.588049811054589, 43.642244463971373 ], [ -79.588050997944478, 43.642245921355219 ], [ -79.588280897944458, 43.642502121309924 ], [ -79.588282484042182, 43.642503708274049 ], [ -79.588284282096026, 43.642505172111768 ], [ -79.588286273971747, 43.642506498059603 ], [ -79.588288439580339, 43.642507672744721 ], [ -79.588393839580348, 43.642559072730883 ], [ -79.588395671536048, 43.642559891073034 ], [ -79.588397587911814, 43.642560600983266 ], [ -79.588522487911803, 43.642602400970951 ], [ -79.588525237856061, 43.642603191760202 ], [ -79.588691955136113, 43.642643616999976 ], [ -79.58889202558295, 43.642730454810355 ], [ -79.589064349633134, 43.642825992976157 ], [ -79.589251437606308, 43.642952837224378 ], [ -79.58953614342461, 43.643337507674438 ], [ -79.58953791143459, 43.643339575394982 ], [ -79.589825311434581, 43.643633075339899 ], [ -79.589826673148096, 43.643634350757836 ], [ -79.589828175748139, 43.643635540450973 ], [ -79.589829808971544, 43.643636636293429 ], [ -79.590443708971563, 43.644015636199832 ], [ -79.590445608859241, 43.644016706789941 ], [ -79.5904476332217, 43.644017650385244 ], [ -79.591095024005199, 43.644290598327935 ], [ -79.591690308544131, 43.644611243544219 ], [ -79.591692395143127, 43.64461226148147 ], [ -79.591694603856723, 43.644613134139817 ], [ -79.591972503856695, 43.644711034111246 ], [ -79.591974035753367, 43.64471153167375 ], [ -79.592150835753387, 43.644764231657916 ], [ -79.59215363485049, 43.64476493838923 ], [ -79.592302234850507, 43.644795938379559 ], [ -79.592305303367397, 43.644796440231424 ], [ -79.592308431796184, 43.644796679901035 ], [ -79.592475631796191, 43.64480237989919 ], [ -79.592478505597143, 43.644802366862777 ], [ -79.592659105597136, 43.644794566865315 ], [ -79.592661316239557, 43.644794404988531 ], [ -79.592663500940375, 43.644794111882419 ], [ -79.592665644848637, 43.644793689539426 ], [ -79.592918444848621, 43.644735689557365 ], [ -79.592921129460308, 43.644734957711741 ], [ -79.592923691354954, 43.644734023506544 ], [ -79.592926101501789, 43.644732897527973 ], [ -79.593866001501809, 43.644240597657443 ], [ -79.593866298881167, 43.644240439639759 ], [ -79.594190398881182, 43.644065739685239 ], [ -79.594191960486199, 43.644064830689047 ], [ -79.594193424423594, 43.644063840227844 ], [ -79.594731877653075, 43.643671384608723 ], [ -79.595073626792825, 43.643458659211277 ], [ -79.595465592234419, 43.643299767766344 ], [ -79.595843377749361, 43.643157986542533 ], [ -79.596139592658858, 43.643095346485111 ], [ -79.596596652869096, 43.643076822377694 ], [ -79.597085040809702, 43.643089976262054 ], [ -79.597956970185351, 43.643134931359654 ], [ -79.598098416328682, 43.64314540522296 ], [ -79.598245029782333, 43.643178028625371 ], [ -79.598404649077509, 43.643253673428205 ], [ -79.59857907506003, 43.643372582308736 ], [ -79.598739140065106, 43.643507693050672 ], [ -79.598740717618014, 43.643508914549116 ], [ -79.598742433951671, 43.643510033779108 ], [ -79.598744276451498, 43.643511042514582 ], [ -79.598997776451498, 43.643637842480715 ], [ -79.598999532046378, 43.643638649995985 ], [ -79.599001368482945, 43.643639357114239 ], [ -79.599218568482925, 43.643715357092034 ], [ -79.599221595098811, 43.643716256481184 ], [ -79.599453595098808, 43.643773556463572 ], [ -79.599456340022996, 43.643774118951626 ], [ -79.599871940022979, 43.643842318930041 ], [ -79.599875328793104, 43.643842712852582 ], [ -79.600163589035787, 43.643862706051372 ], [ -79.600462909576194, 43.64390892319102 ], [ -79.601017760584881, 43.644025923043188 ], [ -79.601019817035549, 43.644026293868926 ], [ -79.601021907395236, 43.64402654660995 ], [ -79.601140607395237, 43.644037446606447 ], [ -79.601144523690579, 43.644037598070163 ], [ -79.601286723690563, 43.644035598070815 ], [ -79.601289907853186, 43.644035416289682 ], [ -79.601537278414511, 43.644010550968083 ], [ -79.601638816332212, 43.644018677735325 ], [ -79.601718661462854, 43.644042667893558 ], [ -79.601786169280857, 43.644083556765011 ], [ -79.601820139440861, 43.644121660852903 ], [ -79.60187111028749, 43.644221838157762 ], [ -79.601871151730037, 43.644221919055859 ], [ -79.60194805173002, 43.644371019038935 ], [ -79.601948958354399, 43.644372569131214 ], [ -79.601950046315778, 43.644374056876266 ], [ -79.601951307509239, 43.644375471190898 ], [ -79.601952732539331, 43.64437680153894 ], [ -79.602039432539314, 43.644450901523399 ], [ -79.602041171164572, 43.644452252276025 ], [ -79.602043078487583, 43.644453478022612 ], [ -79.602167778487583, 43.644526278004228 ], [ -79.60217025147935, 43.644527561936236 ], [ -79.602172908764757, 43.644528635893089 ], [ -79.602503208764759, 43.644644935859127 ], [ -79.602505412221078, 43.644645625645602 ], [ -79.602507691768025, 43.644646170789507 ], [ -79.602946191768041, 43.644735570761576 ], [ -79.602949367569082, 43.644736070890694 ], [ -79.602952603474805, 43.644736290731736 ], [ -79.60307300347479, 43.644739190730796 ], [ -79.603075500272183, 43.64473916711286 ], [ -79.603077983331247, 43.644738976369624 ], [ -79.603080431334831, 43.644738620138625 ], [ -79.603082823266888, 43.64473810147809 ], [ -79.603159223266886, 43.644718701484038 ], [ -79.603161723401882, 43.644717962872882 ], [ -79.60316410883469, 43.644717046909108 ], [ -79.603166355613197, 43.64471596278986 ], [ -79.60346554351166, 43.644555364955693 ], [ -79.603609376508231, 43.644511602199586 ], [ -79.603875237958164, 43.644486754425181 ], [ -79.604675060534618, 43.644464946520877 ], [ -79.60483073963367, 43.644478756759092 ], [ -79.60492229495415, 43.644504717442594 ], [ -79.60514278597914, 43.644644247647626 ], [ -79.60525951416993, 43.644743070899302 ], [ -79.605262279778245, 43.644745092908806 ], [ -79.605384679778254, 43.6448223928899 ], [ -79.605386938468101, 43.644823672685369 ], [ -79.605389372355191, 43.644824771491649 ], [ -79.60539195386076, 43.644825676857955 ], [ -79.605394653733299, 43.644826378525444 ], [ -79.60556595373329, 43.644863578513878 ], [ -79.605569163653314, 43.644864123218561 ], [ -79.605572441469263, 43.644864380207586 ], [ -79.605746841469269, 43.64487028020568 ], [ -79.605749785988905, 43.644870263281469 ], [ -79.605752710380045, 43.644870013991458 ], [ -79.605907110380059, 43.644850613997669 ], [ -79.605909698258316, 43.644850192964917 ], [ -79.605912216404732, 43.644849589878696 ], [ -79.605914640425198, 43.644848810581294 ], [ -79.606241283281832, 43.644729541022457 ], [ -79.606384562802219, 43.644681029845096 ], [ -79.606533322962221, 43.644655962265865 ], [ -79.606838679631934, 43.644642163643184 ], [ -79.606842458708243, 43.644641797312318 ], [ -79.607069962308302, 43.644607745171605 ], [ -79.607208289143543, 43.644624953739054 ], [ -79.607363266456943, 43.644679181334901 ], [ -79.607492045910988, 43.644750896820938 ], [ -79.607637752985752, 43.644883730151008 ], [ -79.607745156718721, 43.645034521485073 ], [ -79.607767811534615, 43.645183828430113 ], [ -79.607768146309937, 43.645185423386486 ], [ -79.607768662118531, 43.645186992862186 ], [ -79.607827662118524, 43.645338392848842 ], [ -79.607828059530632, 43.645339323088159 ], [ -79.607956859530631, 43.645616123059469 ], [ -79.607957529383327, 43.645617410552376 ], [ -79.608139829383319, 43.645933510512869 ], [ -79.608140401830497, 43.645934434809305 ], [ -79.608235601830501, 43.646078034789134 ], [ -79.608236597479703, 43.646079396018372 ], [ -79.608237738475097, 43.646080696146299 ], [ -79.608373138475116, 43.646222296120158 ], [ -79.608374655853908, 43.646223735318507 ], [ -79.608376351119418, 43.646225066502346 ], [ -79.608378209663897, 43.646226278201119 ], [ -79.60868662969915, 43.646409323448481 ], [ -79.602717166312374, 43.651865518361127 ], [ -79.580768389505138, 43.642624182518418 ], [ -79.573780074266381, 43.642037377790821 ], [ -79.571828754286528, 43.643306886672406 ], [ -79.5676237523612, 43.647335388745525 ], [ -79.56030440379881, 43.657986971181273 ], [ -79.560214888185769, 43.657969693857822 ], [ -79.553417733213792, 43.65713385463475 ], [ -79.548437833426561, 43.667664668045191 ], [ -79.545882859940676, 43.665348975059331 ], [ -79.542587676331863, 43.661713300208184 ], [ -79.539664718384856, 43.657772147650981 ], [ -79.537853515636598, 43.654750338424655 ], [ -79.537142135782545, 43.653563472841299 ], [ -79.536133885363228, 43.651431706437648 ], [ -79.535044222374438, 43.64912780761825 ], [ -79.533391182213379, 43.644507869862721 ], [ -79.533239278244139, 43.643901435223839 ], [ -79.532264737470925, 43.640010850370757 ], [ -79.532224160157398, 43.639848856654652 ], [ -79.532198934979832, 43.639748152100807 ], [ -79.532094638541821, 43.639045042628112 ], [ -79.532058590200407, 43.638802024450008 ], [ -79.531917427325936, 43.637850381650289 ], [ -79.532936457234285, 43.638001540458077 ], [ -79.532708499, 43.633361344 ], [ -79.532949262666378, 43.628460486983521 ], [ -79.533559876338288, 43.624344063976061 ], [ -79.533669234979826, 43.623606827899195 ], [ -79.534861482213387, 43.618847110137267 ], [ -79.535066250842476, 43.618274820157239 ], [ -79.534487446706521, 43.61707432845192 ], [ -79.536846533983422, 43.613525192813874 ], [ -79.538612435782568, 43.609791507158697 ], [ -79.541135018384864, 43.605582832349022 ], [ -79.541288894933587, 43.605375353841119 ], [ -79.544057976331828, 43.601641679791825 ], [ -79.547353159940656, 43.598006004940672 ], [ -79.548185338003776, 43.59725176270905 ], [ -79.550270001700127, 43.595362333969604 ], [ -79.551203464557517, 43.595380388999345 ], [ -79.553073262836591, 43.595529266815809 ], [ -79.553336546623044, 43.595614409290057 ], [ -79.553591163132538, 43.595714760436771 ], [ -79.553752213233565, 43.5958282384927 ], [ -79.553857873062569, 43.595978366296457 ], [ -79.553908587308797, 43.596151769995053 ], [ -79.553913531793853, 43.596426485581333 ], [ -79.553849092601112, 43.596862590230714 ], [ -79.553635836410194, 43.597253427454241 ], [ -79.553634965135828, 43.597255295174136 ], [ -79.553634358480636, 43.597257217020278 ], [ -79.553549858480622, 43.597604917039831 ], [ -79.553549505309746, 43.597607056365611 ], [ -79.553518805309764, 43.597955256372813 ], [ -79.553518755750886, 43.597956883724386 ], [ -79.553518893616868, 43.597958508406712 ], [ -79.553570393616837, 43.598319008394675 ], [ -79.553570826090848, 43.598321011934708 ], [ -79.553571543304386, 43.598322972160787 ], [ -79.553726043304394, 43.598671072126237 ], [ -79.553727183505927, 43.598673203621367 ], [ -79.553728660024731, 43.598675223950949 ], [ -79.553914160024718, 43.598896623913696 ], [ -79.553915972545013, 43.598898523839978 ], [ -79.553918082259869, 43.598900255426685 ], [ -79.55409808225987, 43.599031455396698 ], [ -79.554099861949709, 43.599032641108529 ], [ -79.554316761949721, 43.599164641075753 ], [ -79.554319184349694, 43.599165954566068 ], [ -79.554321794824361, 43.599167063099031 ], [ -79.55472699482435, 43.599317663055579 ], [ -79.554730178027611, 43.599318664257297 ], [ -79.55516481399151, 43.599431887041227 ], [ -79.555472554257747, 43.599533872432914 ], [ -79.555639856724113, 43.599611573934091 ], [ -79.551403463404483, 43.605465290529636 ], [ -79.551834094020037, 43.62442996260642 ], [ -79.545916042146658, 43.624770350889101 ], [ -79.543457681519598, 43.637761153483638 ], [ -79.547235714618111, 43.636409351625666 ], [ -79.551671379841167, 43.634311438217509 ], [ -79.554975660225836, 43.632330928772532 ], [ -79.554273446684476, 43.63643050933107 ], [ -79.554414114862709, 43.636395273786704 ], [ -79.559034052618216, 43.634742233625651 ], [ -79.56022560925841, 43.634178669306372 ], [ -79.559912157038497, 43.633215465130377 ], [ -79.5607542953245, 43.633928619419621 ], [ -79.563469717841301, 43.632644320217487 ], [ -79.567678392650961, 43.630121737615205 ], [ -79.569735172278257, 43.628596325881084 ], [ -79.571619545208179, 43.62719877966822 ], [ -79.572790778809747, 43.626137235640897 ], [ -79.572841196003338, 43.626126855626531 ], [ -79.573360109950357, 43.626105776929215 ], [ -79.573362575654329, 43.62610559413433 ], [ -79.573365007728697, 43.62610524813249 ], [ -79.573367385600761, 43.626104741850469 ], [ -79.573597349850814, 43.626047338951153 ], [ -79.576549065150047, 43.629260162802112 ], [ -79.577025609239399, 43.629778862024388 ], [ -79.577284323208175, 43.629586986668137 ], [ -79.579943403309301, 43.627176937255747 ], [ -79.580492359187303, 43.627614022020225 ], [ -79.580494046096376, 43.627615250805839 ] ], [ [ -79.564063985706611, 43.636731389381922 ], [ -79.564583809641888, 43.637171595788978 ], [ -79.564698830618212, 43.637130440625555 ], [ -79.569134495841269, 43.635032527217419 ], [ -79.571284291630633, 43.633743989209144 ], [ -79.571085272973548, 43.633082657955931 ], [ -79.568491298841209, 43.634637426217409 ], [ -79.564063985706611, 43.636731389381922 ] ] ], [ [ [ -79.581238199, 43.679993636 ], [ -79.576337341983532, 43.679752872333609 ], [ -79.571483682899185, 43.679032900020154 ], [ -79.566723965137271, 43.677840652786607 ], [ -79.566004871233318, 43.677583356873612 ], [ -79.562104027381736, 43.676187612625569 ], [ -79.560410576967612, 43.675386670229983 ], [ -79.560594755441059, 43.65823192154317 ], [ -79.593303728703077, 43.672114991799575 ], [ -79.594407046829133, 43.67401823716532 ], [ -79.59440706130593, 43.67401826208922 ], [ -79.594574260877863, 43.674305561317468 ], [ -79.595272260556584, 43.675505160614172 ], [ -79.595272303934294, 43.675505234735006 ], [ -79.596491333662172, 43.677576269872212 ], [ -79.595752432862724, 43.677840652786607 ], [ -79.590992715100811, 43.679032900020154 ], [ -79.586139056016449, 43.679752872333609 ], [ -79.581238199, 43.679993636 ] ] ] ] } },
{ "type": "Feature", "properties": { "vor_id": 50, "theft_count": 48, "bike_trips": 4242, "theft_per_1000_trips": 11.315417256011315 }, "geometry": { "type": "Polygon", "coordinates": [ [ [ -79.388746337505992, 43.659585158440734 ], [ -79.390892150172633, 43.659152526371614 ], [ -79.391430150313823, 43.659526057255903 ], [ -79.389803487413531, 43.661389799517323 ], [ -79.388746337505992, 43.659585158440734 ] ] ] } },
{ "type": "Feature", "properties": { "vor_id": 52, "theft_count": 6, "bike_trips": 6188, "theft_per_1000_trips": 0.9696186166774402 }, "geometry": { "type": "Polygon", "coordinates": [ [ [ -79.286821821847823, 43.742384007068068 ], [ -79.285361302613978, 43.742443649881551 ], [ -79.281631489176775, 43.72294816136187 ], [ -79.28275769052874, 43.722658463456348 ], [ -79.289278411745684, 43.732709163107963 ], [ -79.289928927804269, 43.735688704296905 ], [ -79.286821821847823, 43.742384007068068 ] ] ] } },
{ "type": "Feature", "properties": { "vor_id": 53, "theft_count": 22, "bike_trips": 2135, "theft_per_1000_trips": 10.304449648711945 }, "geometry": { "type": "Polygon", "coordinates": [ [ [ -79.387643436527341, 43.649479468170597 ], [ -79.387806140574355, 43.649296148664732 ], [ -79.389103503886972, 43.650058342005927 ], [ -79.389436642862876, 43.651617112544258 ], [ -79.38890033557584, 43.652165885973176 ], [ -79.387314344329099, 43.651469040272978 ], [ -79.387643436527341, 43.649479468170597 ] ] ] } },
{ "type": "Feature", "properties": { "vor_id": 54, "theft_count": 7, "bike_trips": 2570, "theft_per_1000_trips": 2.7237354085603109 }, "geometry": { "type": "Polygon", "coordinates": [ [ [ -79.331315236135083, 43.668830465845453 ], [ -79.327474409033684, 43.67040715866532 ], [ -79.327359121366499, 43.66986504779463 ], [ -79.328082936608297, 43.667283301842659 ], [ -79.331182823400596, 43.668174712958404 ], [ -79.331315236135083, 43.668830465845453 ] ] ] } },
{ "type": "Feature", "properties": { "vor_id": 55, "theft_count": 127, "bike_trips": 4176, "theft_per_1000_trips": 30.411877394636015 }, "geometry": { "type": "Polygon", "coordinates": [ [ [ -79.383603185023915, 43.659786510952216 ], [ -79.384354517383045, 43.660519875045935 ], [ -79.384488057035583, 43.661178609635833 ], [ -79.382001426894263, 43.662202402994623 ], [ -79.38160985075649, 43.662200602485441 ], [ -79.383493133243533, 43.65983514508676 ], [ -79.383603185023915, 43.659786510952216 ] ] ] } },
{ "type": "Feature", "properties": { "vor_id": 56, "theft_count": 36, "bike_trips": 3177, "theft_per_1000_trips": 11.3314447592068 }, "geometry": { "type": "Polygon", "coordinates": [ [ [ -79.380336733049845, 43.64269223918803 ], [ -79.38007313326743, 43.644250491552562 ], [ -79.379255746989386, 43.644223902859501 ], [ -79.378308480421367, 43.642356494269542 ], [ -79.378665218710637, 43.64096127360979 ], [ -79.379106169343046, 43.641097579539185 ], [ -79.379346478389763, 43.64118642321683 ], [ -79.379856945567596, 43.641682480790308 ], [ -79.380063879788338, 43.642050848813788 ], [ -79.380336733049845, 43.64269223918803 ] ] ] } },
{ "type": "Feature", "properties": { "vor_id": 57, "theft_count": 20, "bike_trips": 3366, "theft_per_1000_trips": 5.9417706476530006 }, "geometry": { "type": "Polygon", "coordinates": [ [ [ -79.445175576537721, 43.642789315532433 ], [ -79.445170239408142, 43.642794829406697 ], [ -79.445165363755223, 43.642791576797123 ], [ -79.442701480263452, 43.639422373959249 ], [ -79.442799486820746, 43.638349548798587 ], [ -79.445780793019296, 43.636011279944547 ], [ -79.445175576537721, 43.642789315532433 ] ] ] } },
{ "type": "Feature", "properties": { "vor_id": 58, "theft_count": 6, "bike_trips": 4582, "theft_per_1000_trips": 1.3094718463553032 }, "geometry": { "type": "Polygon", "coordinates": [ [ [ -79.501032778814434, 43.69581371317792 ], [ -79.503029205262123, 43.684849132208406 ], [ -79.507984987492392, 43.686874039499827 ], [ -79.512609512137914, 43.69089975397798 ], [ -79.504827645704765, 43.696396689564814 ], [ -79.502516920594019, 43.696265700706022 ], [ -79.501032778814434, 43.69581371317792 ] ] ] } },
{ "type": "Feature", "properties": { "vor_id": 59, "theft_count": 9, "bike_trips": 3821, "theft_per_1000_trips": 2.3554043444124577 }, "geometry": { "type": "Polygon", "coordinates": [ [ [ -79.309177770112896, 43.68297917203865 ], [ -79.313611024496382, 43.681135639259914 ], [ -79.312149112525418, 43.685109998315177 ], [ -79.312081894966354, 43.685138169344214 ], [ -79.309177770112896, 43.68297917203865 ] ] ] } },
{ "type": "Feature", "properties": { "vor_id": 60, "theft_count": 7, "bike_trips": 3656, "theft_per_1000_trips": 1.9146608315098468 }, "geometry": { "type": "Polygon", "coordinates": [ [ [ -79.509885088326612, 43.700821148090405 ], [ -79.508109293157759, 43.69842113035493 ], [ -79.513946731975636, 43.695154666058144 ], [ -79.514741115732875, 43.697048549650887 ], [ -79.511897353933733, 43.701580566593336 ], [ -79.509885088326612, 43.700821148090405 ] ] ] } },
{ "type": "Feature", "properties": { "vor_id": 61, "theft_count": 24, "bike_trips": 2101, "theft_per_1000_trips": 11.423131841980009 }, "geometry": { "type": "Polygon", "coordinates": [ [ [ -79.385360899126084, 43.657633530670267 ], [ -79.38544594544976, 43.658016746489047 ], [ -79.383479865497378, 43.658828058711833 ], [ -79.38324669368545, 43.65822681438511 ], [ -79.385176136794414, 43.657432789615939 ], [ -79.385360899126084, 43.657633530670267 ] ] ] } },
{ "type": "Feature", "properties": { "vor_id": 62, "theft_count": 53, "bike_trips": 3804, "theft_per_1000_trips": 13.932702418506835 }, "geometry": { "type": "Polygon", "coordinates": [ [ [ -79.303201439974373, 43.682853632368911 ], [ -79.304209584300636, 43.68397977913444 ], [ -79.303116323357983, 43.686455104465509 ], [ -79.299605489737758, 43.687511445809818 ], [ -79.29883360009525, 43.686757832841458 ], [ -79.300710853334337, 43.683795504841775 ], [ -79.302884792613227, 43.68279987401371 ], [ -79.303201439974373, 43.682853632368911 ] ] ] } },
{ "type": "Feature", "properties": { "vor_id": 63, "theft_count": 21, "bike_trips": 2075, "theft_per_1000_trips": 10.120481927710843 }, "geometry": { "type": "Polygon", "coordinates": [ [ [ -79.380076495773068, 43.655937044157177 ], [ -79.378930868333143, 43.656387702280639 ], [ -79.378723455710428, 43.655333059649685 ], [ -79.379247881305901, 43.655117105543937 ], [ -79.379845437366654, 43.655086165106958 ], [ -79.379896361891937, 43.655099021696273 ], [ -79.380076495773068, 43.655937044157177 ] ] ] } },
{ "type": "Feature", "properties": { "vor_id": 65, "theft_count": 20, "bike_trips": 2537, "theft_per_1000_trips": 7.883326763894364 }, "geometry": { "type": "Polygon", "coordinates": [ [ [ -79.290582909599578, 43.676124023263291 ], [ -79.28887050938981, 43.674375524421272 ], [ -79.288157563048301, 43.664346980786718 ], [ -79.291650937081428, 43.662391057494496 ], [ -79.294353782933342, 43.675463187210688 ], [ -79.291605066949316, 43.676628364985248 ], [ -79.290582909599578, 43.676124023263291 ] ] ] } },
{ "type": "Feature", "properties": { "vor_id": 66, "theft_count": 11, "bike_trips": 1087, "theft_per_1000_trips": 10.119595216191351 }, "geometry": { "type": "Polygon", "coordinates": [ [ [ -79.403457142857022, 43.639576889500724 ], [ -79.403146453587098, 43.638792527726665 ], [ -79.403295987058343, 43.636853780498782 ], [ -79.403748824989421, 43.635994170361698 ], [ -79.404442717203494, 43.636727140620174 ], [ -79.40460784230126, 43.639408992371251 ], [ -79.403457142857022, 43.639576889500724 ] ] ] } },
{ "type": "Feature", "properties": { "vor_id": 67, "theft_count": 48, "bike_trips": 1037, "theft_per_1000_trips": 46.287367405978792 }, "geometry": { "type": "Polygon", "coordinates": [ [ [ -79.378723455710428, 43.655333059649685 ], [ -79.378356180754338, 43.655247443814361 ], [ -79.377973977709445, 43.653446200884446 ], [ -79.378189155376376, 43.653167623687494 ], [ -79.378205369264094, 43.653161005891484 ], [ -79.378864577473436, 43.653337980676852 ], [ -79.379247881305901, 43.655117105543937 ], [ -79.378723455710428, 43.655333059649685 ] ] ] } },
{ "type": "Feature", "properties": { "vor_id": 68, "theft_count": 25, "bike_trips": 3470, "theft_per_1000_trips": 7.2046109510086449 }, "geometry": { "type": "Polygon", "coordinates": [ [ [ -79.412265647371299, 43.672034315138966 ], [ -79.414785122446446, 43.675505168856027 ], [ -79.414816422551397, 43.675651711656954 ], [ -79.413544744696694, 43.676839051117049 ], [ -79.411890138159322, 43.677473131571254 ], [ -79.411243149507641, 43.676829356445396 ], [ -79.410363588372817, 43.673044266612173 ], [ -79.411295728046127, 43.671921729946625 ], [ -79.412265647371299, 43.672034315138966 ] ] ] } },
{ "type": "Feature", "properties": { "vor_id": 69, "theft_count": 25, "bike_trips": 4206, "theft_per_1000_trips": 5.9438896814075131 }, "geometry": { "type": "Polygon", "coordinates": [ [ [ -79.395603854542117, 43.758985139251919 ], [ -79.395218136019693, 43.767000927162385 ], [ -79.393647992400275, 43.767646691897518 ], [ -79.392859352757952, 43.767704639666682 ], [ -79.388040708806514, 43.765501725176321 ], [ -79.387504358326424, 43.764293401074177 ], [ -79.387226969974293, 43.76321570111547 ], [ -79.395603854542117, 43.758985139251919 ] ] ] } },
{ "type": "Feature", "properties": { "vor_id": 70, "theft_count": 10, "bike_trips": 3064, "theft_per_1000_trips": 3.2637075718015662 }, "geometry": { "type": "Polygon", "coordinates": [ [ [ -79.368629290366727, 43.664122634454841 ], [ -79.367236237184869, 43.664680003554459 ], [ -79.366652192614993, 43.664190255842072 ], [ -79.368479340672721, 43.663440783391806 ], [ -79.368629290366727, 43.664122634454841 ] ] ] } },
{ "type": "Feature", "properties": { "vor_id": 71, "theft_count": 35, "bike_trips": 2132, "theft_per_1000_trips": 16.416510318949346 }, "geometry": { "type": "Polygon", "coordinates": [ [ [ -79.388881079613299, 43.646555796253679 ], [ -79.389045999487124, 43.647272939593087 ], [ -79.38893134986823, 43.648072435904645 ], [ -79.388920532010999, 43.648098503795957 ], [ -79.388078972510897, 43.648444690309063 ], [ -79.387218975706404, 43.647655919640215 ], [ -79.38692787462908, 43.646272395303448 ], [ -79.387277447935318, 43.645276727877651 ], [ -79.387992627999736, 43.645400661939163 ], [ -79.388881079613299, 43.646555796253679 ] ] ] } },
{ "type": "Feature", "properties": { "vor_id": 74, "theft_count": 18, "bike_trips": 9336, "theft_per_1000_trips": 1.9280205655526992 }, "geometry": { "type": "Polygon", "coordinates": [ [ [ -79.416966089677487, 43.796931881092689 ], [ -79.422991166715946, 43.795530757263847 ], [ -79.423126711572849, 43.797337394791477 ], [ -79.422376698259669, 43.797499359395239 ], [ -79.422350621089521, 43.797504954498628 ], [ -79.42235009795634, 43.797505070928644 ], [ -79.421897547339441, 43.797609436510868 ], [ -79.421643397267829, 43.797665703335404 ], [ -79.421642968896208, 43.797665801000285 ], [ -79.421054546432018, 43.797803859388814 ], [ -79.420839624750172, 43.797851919528803 ], [ -79.420763054996868, 43.79786906796658 ], [ -79.420039597717533, 43.798020417236003 ], [ -79.420038812624469, 43.798020590880206 ], [ -79.419897124206599, 43.798053641536214 ], [ -79.4192183603231, 43.798203089595333 ], [ -79.418005169028703, 43.798468465899546 ], [ -79.417678854457264, 43.798538147678727 ], [ -79.417075525225627, 43.798667032601116 ], [ -79.415798526074497, 43.798934138687372 ], [ -79.416966089677487, 43.796931881092689 ] ] ] } },
{ "type": "Feature", "properties": { "vor_id": 75, "theft_count": 91, "bike_trips": 4198, "theft_per_1000_trips": 21.676989042401143 }, "geometry": { "type": "Polygon", "coordinates": [ [ [ -79.384354517383045, 43.660519875045935 ], [ -79.38574782700384, 43.659922983379154 ], [ -79.386100197387051, 43.659949802448693 ], [ -79.38631134194425, 43.661078168007641 ], [ -79.384697811670947, 43.661601256934262 ], [ -79.384662809551685, 43.661536491841858 ], [ -79.384488057035583, 43.661178609635833 ], [ -79.384354517383045, 43.660519875045935 ] ] ] } },
{ "type": "Feature", "properties": { "vor_id": 76, "theft_count": 72, "bike_trips": 2069, "theft_per_1000_trips": 34.799420009666505 }, "geometry": { "type": "Polygon", "coordinates": [ [ [ -79.374984962006835, 43.648403738146996 ], [ -79.373143925577565, 43.649196017724762 ], [ -79.372654904256095, 43.648061001482269 ], [ -79.373212587313191, 43.646484144559487 ], [ -79.37446758879075, 43.647364495329654 ], [ -79.374984962006835, 43.648403738146996 ] ] ] } },
{ "type": "Feature", "properties": { "vor_id": 77, "theft_count": 9, "bike_trips": 2215, "theft_per_1000_trips": 4.0632054176072234 }, "geometry": { "type": "Polygon", "coordinates": [ [ [ -79.428045251960185, 43.652618074509 ], [ -79.428536739966304, 43.654904939290759 ], [ -79.427526440212574, 43.654650793669845 ], [ -79.427156018139286, 43.652901534688425 ], [ -79.428045251960185, 43.652618074509 ] ] ] } },
{ "type": "Feature", "properties": { "vor_id": 79, "theft_count": 5, "bike_trips": 4799, "theft_per_1000_trips": 1.0418837257762035 }, "geometry": { "type": "Polygon", "coordinates": [ [ [ -79.41602359810021, 43.701953486503911 ], [ -79.41764091451536, 43.70063959758248 ], [ -79.419204124741995, 43.701006294340729 ], [ -79.420061629728991, 43.70510527229181 ], [ -79.419813288390429, 43.705709100526974 ], [ -79.41602359810021, 43.701953486503911 ] ] ] } },
{ "type": "Feature", "properties": { "vor_id": 80, "theft_count": 7, "bike_trips": 11817, "theft_per_1000_trips": 0.5923669290005924 }, "geometry": { "type": "Polygon", "coordinates": [ [ [ -79.515333882540745, 43.767819858282962 ], [ -79.52755458895065, 43.774169376844142 ], [ -79.526958878849825, 43.774273783429734 ], [ -79.526838814429127, 43.774294577274368 ], [ -79.526838731668548, 43.774294591707452 ], [ -79.526689531668538, 43.774320791715738 ], [ -79.52668799400027, 43.77432109679529 ], [ -79.526187494760507, 43.774431996661335 ], [ -79.525587112058631, 43.77456500425545 ], [ -79.525100332729522, 43.774660521739932 ], [ -79.525100185228496, 43.774660551007905 ], [ -79.524403097398491, 43.774800408483927 ], [ -79.524035710503583, 43.774869468446994 ], [ -79.52403543437245, 43.774869521483225 ], [ -79.52360163437244, 43.774954621509949 ], [ -79.523599604455541, 43.774955082588519 ], [ -79.522280783545384, 43.775296510440128 ], [ -79.521697787418972, 43.77543706845384 ], [ -79.519138522546683, 43.775940024141342 ], [ -79.519138095351607, 43.775940110828699 ], [ -79.513897095351595, 43.777037311171618 ], [ -79.51389669110597, 43.777037398281713 ], [ -79.50917269110596, 43.77808449860747 ], [ -79.509172350705398, 43.778084575842506 ], [ -79.50321366461101, 43.779467913294233 ], [ -79.506174110231044, 43.77207493018512 ], [ -79.513129964204637, 43.76782252673231 ], [ -79.515333882540745, 43.767819858282962 ] ] ] } },
{ "type": "Feature", "properties": { "vor_id": 81, "theft_count": 24, "bike_trips": 7205, "theft_per_1000_trips": 3.3310201249132549 }, "geometry": { "type": "Polygon", "coordinates": [ [ [ -79.460257782826972, 43.753494957788668 ], [ -79.463263544611181, 43.751130297547412 ], [ -79.472722703130771, 43.748660073918941 ], [ -79.469823967734058, 43.76724058923358 ], [ -79.464473565588577, 43.768293456138302 ], [ -79.463580990872572, 43.767926870211852 ], [ -79.460103622600073, 43.763094740933319 ], [ -79.460257782826972, 43.753494957788668 ] ] ] } },
{ "type": "Feature", "properties": { "vor_id": 82, "theft_count": 21, "bike_trips": 1100, "theft_per_1000_trips": 19.090909090909093 }, "geometry": { "type": "Polygon", "coordinates": [ [ [ -79.425207005553631, 43.666812252467473 ], [ -79.426045252244123, 43.666688491042301 ], [ -79.427370901494257, 43.669069562644296 ], [ -79.427348033805089, 43.669447857902014 ], [ -79.425206744191186, 43.670303140039898 ], [ -79.424564109010817, 43.669051269811987 ], [ -79.42484187725448, 43.666964411997697 ], [ -79.425207005553631, 43.666812252467473 ] ] ] } },
{ "type": "Feature", "properties": { "vor_id": 83, "theft_count": 5, "bike_trips": 2271, "theft_per_1000_trips": 2.2016732716864817 }, "geometry": { "type": "Polygon", "coordinates": [ [ [ -79.484535087970471, 43.654700863546523 ], [ -79.486167017632354, 43.662132044152592 ], [ -79.4843170949393, 43.662410235104367 ], [ -79.483115074803564, 43.661768196045934 ], [ -79.482244308880368, 43.657836555198074 ], [ -79.482394522528267, 43.654472359394674 ], [ -79.484535087970471, 43.654700863546523 ] ] ] } },
{ "type": "Feature", "properties": { "vor_id": 84, "theft_count": 14, "bike_trips": 5845, "theft_per_1000_trips": 2.3952095808383231 }, "geometry": { "type": "Polygon", "coordinates": [ [ [ -79.433682444864289, 43.760213983513367 ], [ -79.436125822789691, 43.762870128900197 ], [ -79.436897766736081, 43.763709293128855 ], [ -79.437516672145165, 43.765729234638698 ], [ -79.435353263427814, 43.775442793721169 ], [ -79.43527863932394, 43.775506639713527 ], [ -79.432044224806063, 43.774795611721288 ], [ -79.425091993977645, 43.773267288527016 ], [ -79.428040362274942, 43.762250440245182 ], [ -79.433682444864289, 43.760213983513367 ] ] ] } },
{ "type": "Feature", "properties": { "vor_id": 85, "theft_count": 12, "bike_trips": 2199, "theft_per_1000_trips": 5.4570259208731242 }, "geometry": { "type": "Polygon", "coordinates": [ [ [ -79.417969149314345, 43.661259652374994 ], [ -79.417379719005211, 43.66172437869561 ], [ -79.416237532934659, 43.662158943306203 ], [ -79.415775313907687, 43.662187292766824 ], [ -79.415562370928328, 43.66193484020355 ], [ -79.415105045251863, 43.659720914830523 ], [ -79.417219046367279, 43.658900542246649 ], [ -79.417598427788803, 43.659427751318965 ], [ -79.417969149314345, 43.661259652374994 ] ] ] } },
{ "type": "Feature", "properties": { "vor_id": 86, "theft_count": 21, "bike_trips": 2137, "theft_per_1000_trips": 9.8268600842302281 }, "geometry": { "type": "Polygon", "coordinates": [ [ [ -79.391728996490414, 43.650040180617687 ], [ -79.392780633418596, 43.649612950568326 ], [ -79.39314957526571, 43.650223460059962 ], [ -79.393143520956301, 43.65023990168644 ], [ -79.391912715321055, 43.650751527531796 ], [ -79.391728996490414, 43.650040180617687 ] ] ] } },
{ "type": "Feature", "properties": { "vor_id": 88, "theft_count": 18, "bike_trips": 7397, "theft_per_1000_trips": 2.4334189536298503 }, "geometry": { "type": "Polygon", "coordinates": [ [ [ -79.408637275190657, 43.765642977326891 ], [ -79.404971088772797, 43.771184431102007 ], [ -79.40169274197055, 43.770052791234534 ], [ -79.403192684102876, 43.762605035801982 ], [ -79.406586057058504, 43.763428628882274 ], [ -79.408637275190657, 43.765642977326891 ] ] ] } },
{ "type": "Feature", "properties": { "vor_id": 89, "theft_count": 8, "bike_trips": 6230, "theft_per_1000_trips": 1.2841091492776886 }, "geometry": { "type": "Polygon", "coordinates": [ [ [ -79.28275769052874, 43.722658463456348 ], [ -79.283767715583039, 43.722122194006495 ], [ -79.284819055, 43.722173843000085 ], [ -79.289551554930824, 43.72194135018696 ], [ -79.289278411745684, 43.732709163107963 ], [ -79.28275769052874, 43.722658463456348 ] ] ] } },
{ "type": "Feature", "properties": { "vor_id": 91, "theft_count": 4, "bike_trips": 1207, "theft_per_1000_trips": 3.3140016570008282 }, "geometry": { "type": "Polygon", "coordinates": [ [ [ -79.406574904063248, 43.727745722299048 ], [ -79.411703544202751, 43.725683521588145 ], [ -79.41255912119523, 43.726329440858414 ], [ -79.406798425491601, 43.728642856593225 ], [ -79.406574904063248, 43.727745722299048 ] ] ] } },
{ "type": "Feature", "properties": { "vor_id": 92, "theft_count": 11, "bike_trips": 3742, "theft_per_1000_trips": 2.939604489577766 }, "geometry": { "type": "Polygon", "coordinates": [ [ [ -79.3742099738934, 43.693009755967154 ], [ -79.381659443022286, 43.694338283596799 ], [ -79.381726158105224, 43.694401204370948 ], [ -79.381757242179532, 43.694577742729543 ], [ -79.377867576549065, 43.698805507578541 ], [ -79.3742099738934, 43.693009755967154 ] ] ] } },
{ "type": "Feature", "properties": { "vor_id": 93, "theft_count": 24, "bike_trips": 2195, "theft_per_1000_trips": 10.933940774487471 }, "geometry": { "type": "Polygon", "coordinates": [ [ [ -79.409904227356719, 43.657772950607622 ], [ -79.40931023577059, 43.658009323997781 ], [ -79.408984736553833, 43.658019220094552 ], [ -79.408347704122519, 43.654819666864384 ], [ -79.409128954446516, 43.654111582844926 ], [ -79.409904227356719, 43.657772950607622 ] ] ] } },
{ "type": "Feature", "properties": { "vor_id": 94, "theft_count": 49, "bike_trips": 2097, "theft_per_1000_trips": 23.366714353838816 }, "geometry": { "type": "Polygon", "coordinates": [ [ [ -79.385121382343385, 43.662985011841243 ], [ -79.384992720756273, 43.662391143435052 ], [ -79.386979266720743, 43.661797598927684 ], [ -79.387626472244378, 43.662471069251744 ], [ -79.385401516728535, 43.66340339576913 ], [ -79.385383649911077, 43.66339608663089 ], [ -79.385121382343385, 43.662985011841243 ] ] ] } },
{ "type": "Feature", "properties": { "vor_id": 95, "theft_count": 45, "bike_trips": 2075, "theft_per_1000_trips": 21.686746987951807 }, "geometry": { "type": "Polygon", "coordinates": [ [ [ -79.380238471307976, 43.656285355433084 ], [ -79.380223093363782, 43.656837529559184 ], [ -79.379440154083355, 43.657170849758181 ], [ -79.378916956488453, 43.656995717037603 ], [ -79.378930868333143, 43.656387702280639 ], [ -79.380076495773068, 43.655937044157177 ], [ -79.380238471307976, 43.656285355433084 ] ] ] } },
{ "type": "Feature", "properties": { "vor_id": 96, "theft_count": 10, "bike_trips": 2031, "theft_per_1000_trips": 4.9236829148202856 }, "geometry": { "type": "Polygon", "coordinates": [ [ [ -79.358778769923831, 43.652631841471198 ], [ -79.358871479089089, 43.652361572691802 ], [ -79.361106739389399, 43.651142412036982 ], [ -79.361386713957401, 43.651317838590238 ], [ -79.361854699068687, 43.652347545885043 ], [ -79.360549980281775, 43.653829511558889 ], [ -79.358908190897509, 43.653090592111873 ], [ -79.358778769923831, 43.652631841471198 ] ] ] } },
{ "type": "Feature", "properties": { "vor_id": 97, "theft_count": 70, "bike_trips": 4239, "theft_per_1000_trips": 16.513328615239445 }, "geometry": { "type": "Polygon", "coordinates": [ [ [ -79.395134533838998, 43.669267004818707 ], [ -79.392772339237268, 43.668933407483848 ], [ -79.392069519775518, 43.668092941815708 ], [ -79.391763745976576, 43.666624172350375 ], [ -79.391786257718067, 43.666601713064431 ], [ -79.395176049938229, 43.666436839231814 ], [ -79.39562913937543, 43.666816116989487 ], [ -79.395134533838998, 43.669267004818707 ] ] ] } },
{ "type": "Feature", "properties": { "vor_id": 98, "theft_count": 40, "bike_trips": 1021, "theft_per_1000_trips": 39.177277179236043 }, "geometry": { "type": "Polygon", "coordinates": [ [ [ -79.376296670751174, 43.66775914648494 ], [ -79.37687160831554, 43.668033317844291 ], [ -79.37681320540662, 43.668415215883606 ], [ -79.37677202053419, 43.668684524764217 ], [ -79.374993448103055, 43.6694268254235 ], [ -79.374852708914645, 43.668511528900254 ], [ -79.374775480543647, 43.668009274622243 ], [ -79.375675934781142, 43.667624827718171 ], [ -79.376296670751174, 43.66775914648494 ] ] ] } },
{ "type": "Feature", "properties": { "vor_id": 99, "theft_count": 24, "bike_trips": 2193, "theft_per_1000_trips": 10.943912448700409 }, "geometry": { "type": "Polygon", "coordinates": [ [ [ -79.408194510573807, 43.649951513631208 ], [ -79.407394726159822, 43.652773409199952 ], [ -79.405338969410508, 43.650640006299348 ], [ -79.40539509119786, 43.650586420588802 ], [ -79.406482592030841, 43.650143004560462 ], [ -79.408065594256485, 43.649899589539736 ], [ -79.408194510573807, 43.649951513631208 ] ] ] } },
{ "type": "Feature", "properties": { "vor_id": 100, "theft_count": 23, "bike_trips": 3366, "theft_per_1000_trips": 6.833036244800951 }, "geometry": { "type": "Polygon", "coordinates": [ [ [ -79.445780793019296, 43.636011279944547 ], [ -79.447494951177461, 43.63354738803551 ], [ -79.448670728871377, 43.633877773771047 ], [ -79.450473563404586, 43.640737405444078 ], [ -79.445175576537721, 43.642789315532433 ], [ -79.445780793019296, 43.636011279944547 ] ] ] } },
{ "type": "Feature", "properties": { "vor_id": 101, "theft_count": 2, "bike_trips": 2288, "theft_per_1000_trips": 0.87412587412587417 }, "geometry": { "type": "Polygon", "coordinates": [ [ [ -79.434984668879991, 43.673529839662251 ], [ -79.434406797019577, 43.670602189576634 ], [ -79.434693800049587, 43.669991363989681 ], [ -79.435899580003849, 43.669515478621967 ], [ -79.436103103789449, 43.669646037814196 ], [ -79.436659533870539, 43.672210913402594 ], [ -79.434984668879991, 43.673529839662251 ] ] ] } },
{ "type": "Feature", "properties": { "vor_id": 102, "theft_count": 23, "bike_trips": 2209, "theft_per_1000_trips": 10.411951109099141 }, "geometry": { "type": "Polygon", "coordinates": [ [ [ -79.421946875911047, 43.64628240200517 ], [ -79.425160983861474, 43.645040554072303 ], [ -79.425299179836742, 43.645099016511637 ], [ -79.424902536233986, 43.64654878593695 ], [ -79.422208617416572, 43.647589703052134 ], [ -79.421946875911047, 43.64628240200517 ] ] ] } },
{ "type": "Feature", "properties": { "vor_id": 103, "theft_count": 28, "bike_trips": 3020, "theft_per_1000_trips": 9.2715231788079482 }, "geometry": { "type": "Polygon", "coordinates": [ [ [ -79.34271214008804, 43.778578158112062 ], [ -79.342258365843193, 43.773604684595547 ], [ -79.345267842749308, 43.77461743038824 ], [ -79.34573396302234, 43.776775861910764 ], [ -79.345572972272151, 43.777312255908335 ], [ -79.343338904746801, 43.778508720398008 ], [ -79.34271214008804, 43.778578158112062 ] ] ] } },
{ "type": "Feature", "properties": { "vor_id": 104, "theft_count": 1, "bike_trips": 3362, "theft_per_1000_trips": 0.29744199881023203 }, "geometry": { "type": "Polygon", "coordinates": [ [ [ -79.439804621760402, 43.641961998974239 ], [ -79.439589912383568, 43.640877226739939 ], [ -79.440751358056801, 43.638196830415083 ], [ -79.441338588615523, 43.641130180198822 ], [ -79.441060266056809, 43.64153726003817 ], [ -79.439881899826005, 43.64198608033216 ], [ -79.439804621760402, 43.641961998974239 ] ] ] } },
{ "type": "Feature", "properties": { "vor_id": 106, "theft_count": 14, "bike_trips": 2374, "theft_per_1000_trips": 5.8972198820556025 }, "geometry": { "type": "Polygon", "coordinates": [ [ [ -79.441595437527397, 43.698878977664023 ], [ -79.44271262661016, 43.696258338977024 ], [ -79.443627216683794, 43.695756703843585 ], [ -79.444397888738322, 43.695656299984229 ], [ -79.448373031986932, 43.697909676335641 ], [ -79.442875612147162, 43.700201676154286 ], [ -79.441595437527397, 43.698878977664023 ] ] ] } },
{ "type": "Feature", "properties": { "vor_id": 107, "theft_count": 37, "bike_trips": 1082, "theft_per_1000_trips": 34.195933456561924 }, "geometry": { "type": "Polygon", "coordinates": [ [ [ -79.399783343912873, 43.638264455751248 ], [ -79.399851235362917, 43.638295760901606 ], [ -79.399930628049376, 43.638880546025966 ], [ -79.398644469782141, 43.639270394887319 ], [ -79.398607537131213, 43.639167683999673 ], [ -79.398515397609344, 43.638808404533627 ], [ -79.399783343912873, 43.638264455751248 ] ] ] } },
{ "type": "Feature", "properties": { "vor_id": 108, "theft_count": 41, "bike_trips": 1068, "theft_per_1000_trips": 38.389513108614231 }, "geometry": { "type": "Polygon", "coordinates": [ [ [ -79.389436642862876, 43.651617112544258 ], [ -79.390390834248677, 43.6512072944087 ], [ -79.391540107902685, 43.651534187196006 ], [ -79.392370459394002, 43.652685712922882 ], [ -79.392360894256669, 43.652863255647631 ], [ -79.391991918529271, 43.653701203316281 ], [ -79.389135079716681, 43.653231368484292 ], [ -79.38890033557584, 43.652165885973176 ], [ -79.389436642862876, 43.651617112544258 ] ] ] } },
{ "type": "Feature", "properties": { "vor_id": 109, "theft_count": 9, "bike_trips": 1293, "theft_per_1000_trips": 6.9605568445475638 }, "geometry": { "type": "Polygon", "coordinates": [ [ [ -79.342367455768425, 43.66081918032981 ], [ -79.34280526676875, 43.662745175250976 ], [ -79.342129685373891, 43.66342219240984 ], [ -79.342065117926651, 43.663408856060144 ], [ -79.341684416968292, 43.661664012545899 ], [ -79.341810653718142, 43.661290297099555 ], [ -79.342367455768425, 43.66081918032981 ] ] ] } },
{ "type": "Feature", "properties": { "vor_id": 110, "theft_count": 11, "bike_trips": 2631, "theft_per_1000_trips": 4.1809198023565193 }, "geometry": { "type": "Polygon", "coordinates": [ [ [ -79.537506243503415, 43.590599118025217 ], [ -79.53673025124229, 43.593959030314466 ], [ -79.53485018320201, 43.593376424066939 ], [ -79.533998580920041, 43.592595249984583 ], [ -79.532647382961315, 43.586727459477387 ], [ -79.533013640203009, 43.585420663118029 ], [ -79.533822769216201, 43.585179421936466 ], [ -79.537506243503415, 43.590599118025217 ] ] ] } },
{ "type": "Feature", "properties": { "vor_id": 111, "theft_count": 38, "bike_trips": 3183, "theft_per_1000_trips": 11.938422871504869 }, "geometry": { "type": "Polygon", "coordinates": [ [ [ -79.379346478389763, 43.64118642321683 ], [ -79.379106169343046, 43.641097579539185 ], [ -79.381158482845009, 43.638749781132923 ], [ -79.381432965482531, 43.639889616404162 ], [ -79.379346478389763, 43.64118642321683 ] ] ] } },
{ "type": "Feature", "properties": { "vor_id": 112, "theft_count": 9, "bike_trips": 4511, "theft_per_1000_trips": 1.9951230325870095 }, "geometry": { "type": "Polygon", "coordinates": [ [ [ -79.34573396302234, 43.776775861910764 ], [ -79.353310641699807, 43.774063448997737 ], [ -79.354781167611549, 43.778582292258804 ], [ -79.348763917518312, 43.779901150248797 ], [ -79.348586269874929, 43.779883170646286 ], [ -79.345572972272151, 43.777312255908335 ], [ -79.34573396302234, 43.776775861910764 ] ] ] } },
{ "type": "Feature", "properties": { "vor_id": 113, "theft_count": 19, "bike_trips": 1098, "theft_per_1000_trips": 17.304189435336976 }, "geometry": { "type": "Polygon", "coordinates": [ [ [ -79.413836874846723, 43.65729657868733 ], [ -79.414040403078886, 43.659337975707793 ], [ -79.413095281493014, 43.660583034778966 ], [ -79.412611389499489, 43.660777930818639 ], [ -79.412406012777666, 43.6606126137942 ], [ -79.411770314080201, 43.657509519647554 ], [ -79.41294306201064, 43.657034439138513 ], [ -79.413836874846723, 43.65729657868733 ] ] ] } },
{ "type": "Feature", "properties": { "vor_id": 114, "theft_count": 15, "bike_trips": 6937, "theft_per_1000_trips": 2.162318004901254 }, "geometry": { "type": "Polygon", "coordinates": [ [ [ -79.46654591205106, 43.726453174506538 ], [ -79.468238414994687, 43.723755069294569 ], [ -79.476966359429071, 43.734895448234667 ], [ -79.476146350983413, 43.734935732666386 ], [ -79.47129269189908, 43.735655704979841 ], [ -79.466532974137166, 43.736847952213374 ], [ -79.461913036381631, 43.738500992374433 ], [ -79.461532367977341, 43.738681035120962 ], [ -79.46654591205106, 43.726453174506538 ] ] ] } },
{ "type": "Feature", "properties": { "vor_id": 115, "theft_count": 59, "bike_trips": 2131, "theft_per_1000_trips": 27.686532144533082 }, "geometry": { "type": "Polygon", "coordinates": [ [ [ -79.387992627999736, 43.645400661939163 ], [ -79.389402561580638, 43.644822173069315 ], [ -79.390318226386952, 43.645844108748364 ], [ -79.390282028055637, 43.645998759951425 ], [ -79.388881079613299, 43.646555796253679 ], [ -79.387992627999736, 43.645400661939163 ] ] ] } },
{ "type": "Feature", "properties": { "vor_id": 118, "theft_count": 23, "bike_trips": 1082, "theft_per_1000_trips": 21.256931608133087 }, "geometry": { "type": "Polygon", "coordinates": [ [ [ -79.399930628049376, 43.638880546025966 ], [ -79.400298852595824, 43.640529234142278 ], [ -79.399687535857794, 43.640406655347526 ], [ -79.398745028658936, 43.639655620934789 ], [ -79.398644469782141, 43.639270394887319 ], [ -79.399930628049376, 43.638880546025966 ] ] ] } },
{ "type": "Feature", "properties": { "vor_id": 119, "theft_count": 25, "bike_trips": 4350, "theft_per_1000_trips": 5.7471264367816088 }, "geometry": { "type": "Polygon", "coordinates": [ [ [ -79.408984736553833, 43.658019220094552 ], [ -79.408911503934249, 43.658034667367943 ], [ -79.406377423570831, 43.656605425064583 ], [ -79.408347704122519, 43.654819666864384 ], [ -79.408984736553833, 43.658019220094552 ] ] ] } },
{ "type": "Feature", "properties": { "vor_id": 120, "theft_count": 7, "bike_trips": 2039, "theft_per_1000_trips": 3.4330554193231975 }, "geometry": { "type": "Polygon", "coordinates": [ [ [ -79.365777796640756, 43.665341960317647 ], [ -79.366379267864346, 43.666111933147263 ], [ -79.366485676353435, 43.66658196476034 ], [ -79.364415415696413, 43.667430705379886 ], [ -79.36442182578611, 43.667385436604356 ], [ -79.365777796640756, 43.665341960317647 ] ] ] } },
{ "type": "Feature", "properties": { "vor_id": 121, "theft_count": 9, "bike_trips": 2237, "theft_per_1000_trips": 4.0232454179704957 }, "geometry": { "type": "Polygon", "coordinates": [ [ [ -79.369613527126646, 43.671806961216909 ], [ -79.369681312464152, 43.671778736615593 ], [ -79.373363549949786, 43.673110341063307 ], [ -79.37400825910251, 43.675494727094552 ], [ -79.371303613326717, 43.675592720713958 ], [ -79.370580754822299, 43.67526433124798 ], [ -79.369613527126646, 43.671806961216909 ] ] ] } },
{ "type": "Feature", "properties": { "vor_id": 122, "theft_count": 72, "bike_trips": 4176, "theft_per_1000_trips": 17.241379310344826 }, "geometry": { "type": "Polygon", "coordinates": [ [ [ -79.385420583607612, 43.670269273447602 ], [ -79.386976999058334, 43.66964314656434 ], [ -79.387182437665842, 43.670672422832617 ], [ -79.385841498108377, 43.671223911990396 ], [ -79.385542640547953, 43.670818668220086 ], [ -79.385420583607612, 43.670269273447602 ] ] ] } },
{ "type": "Feature", "properties": { "vor_id": 123, "theft_count": 12, "bike_trips": 6345, "theft_per_1000_trips": 1.8912529550827422 }, "geometry": { "type": "Polygon", "coordinates": [ [ [ -79.503029205262123, 43.684849132208406 ], [ -79.502247162789672, 43.683167181800677 ], [ -79.504107309322521, 43.674744149769907 ], [ -79.51042267578724, 43.671869729154402 ], [ -79.512436153945288, 43.671841791594254 ], [ -79.516713112146633, 43.680607237467406 ], [ -79.507984987492392, 43.686874039499827 ], [ -79.503029205262123, 43.684849132208406 ] ] ] } },
{ "type": "Feature", "properties": { "vor_id": 124, "theft_count": 18, "bike_trips": 2073, "theft_per_1000_trips": 8.6830680173661374 }, "geometry": { "type": "Polygon", "coordinates": [ [ [ -79.376854397145948, 43.653933398157321 ], [ -79.376384175490273, 43.653880452070034 ], [ -79.376142668007859, 43.65276029361511 ], [ -79.376706390603616, 43.652533875593633 ], [ -79.376993478293272, 43.653849813194228 ], [ -79.376854397145948, 43.653933398157321 ] ] ] } },
{ "type": "Feature", "properties": { "vor_id": 126, "theft_count": 26, "bike_trips": 2093, "theft_per_1000_trips": 12.422360248447204 }, "geometry": { "type": "Polygon", "coordinates": [ [ [ -79.386813874381545, 43.665859527160883 ], [ -79.386789470669484, 43.665651670958304 ], [ -79.388472795411531, 43.664934924807845 ], [ -79.388700241719036, 43.665896692436803 ], [ -79.387211239320209, 43.666565864410863 ], [ -79.386813874381545, 43.665859527160883 ] ] ] } },
{ "type": "Feature", "properties": { "vor_id": 128, "theft_count": 39, "bike_trips": 1082, "theft_per_1000_trips": 36.044362292051751 }, "geometry": { "type": "Polygon", "coordinates": [ [ [ -79.398644469782141, 43.639270394887319 ], [ -79.398745028658936, 43.639655620934789 ], [ -79.396979143109391, 43.640380086801279 ], [ -79.396858740572881, 43.639862343043838 ], [ -79.398607537131213, 43.639167683999673 ], [ -79.398644469782141, 43.639270394887319 ] ] ] } },
{ "type": "Feature", "properties": { "vor_id": 129, "theft_count": 11, "bike_trips": 1293, "theft_per_1000_trips": 8.5073472544470228 }, "geometry": { "type": "Polygon", "coordinates": [ [ [ -79.338867188071887, 43.665370838549983 ], [ -79.337227274013358, 43.664327494217872 ], [ -79.33709270011903, 43.664109330980089 ], [ -79.339605317364885, 43.663073317709113 ], [ -79.340116365172847, 43.66368211307514 ], [ -79.338867188071887, 43.665370838549983 ] ] ] } },
{ "type": "Feature", "properties": { "vor_id": 130, "theft_count": 73, "bike_trips": 5858, "theft_per_1000_trips": 12.461590986684875 }, "geometry": { "type": "Polygon", "coordinates": [ [ [ -79.416487753170557, 43.778970886984702 ], [ -79.416974582869571, 43.776934914660345 ], [ -79.418525320204807, 43.776195748067195 ], [ -79.419931192053568, 43.782522331943355 ], [ -79.419780780848967, 43.782589969306969 ], [ -79.416813498235101, 43.780463748159995 ], [ -79.416487753170557, 43.778970886984702 ] ] ] } },
{ "type": "Feature", "properties": { "vor_id": 131, "theft_count": 0, "bike_trips": 1095, "theft_per_1000_trips": 0.0 }, "geometry": { "type": "Polygon", "coordinates": [ [ [ -79.419399166640829, 43.641819184625227 ], [ -79.418430010961416, 43.642675155843051 ], [ -79.417747531566931, 43.642700290335561 ], [ -79.41809331121739, 43.642123391841388 ], [ -79.418810781011288, 43.640606429415335 ], [ -79.419399166640829, 43.641819184625227 ] ] ] } },
{ "type": "Feature", "properties": { "vor_id": 132, "theft_count": 24, "bike_trips": 4398, "theft_per_1000_trips": 5.4570259208731242 }, "geometry": { "type": "Polygon", "coordinates": [ [ [ -79.414399851627721, 43.64944820238572 ], [ -79.414655622614475, 43.650712925199855 ], [ -79.412589494372696, 43.653303341519894 ], [ -79.412207171041942, 43.653457442075158 ], [ -79.412000975842631, 43.653421847512611 ], [ -79.411596292664598, 43.65143334640841 ], [ -79.41264777066813, 43.650273219208273 ], [ -79.413735824645912, 43.648806148249783 ], [ -79.414399851627721, 43.64944820238572 ] ] ] } },
{ "type": "Feature", "properties": { "vor_id": 133, "theft_count": 46, "bike_trips": 2259, "theft_per_1000_trips": 20.36299247454626 }, "geometry": { "type": "Polygon", "coordinates": [ [ [ -79.463004947334994, 43.646872384004489 ], [ -79.464938496638155, 43.65581996814052 ], [ -79.462011117358244, 43.655974052712622 ], [ -79.460906131716854, 43.653969887565488 ], [ -79.461006655346409, 43.648527955079494 ], [ -79.463004947334994, 43.646872384004489 ] ] ] } },
{ "type": "Feature", "properties": { "vor_id": 134, "theft_count": 19, "bike_trips": 4420, "theft_per_1000_trips": 4.2986425339366523 }, "geometry": { "type": "Polygon", "coordinates": [ [ [ -79.425691095376621, 43.663199463492525 ], [ -79.425373331405751, 43.66315294169155 ], [ -79.424907477518076, 43.661000295314281 ], [ -79.425978942954103, 43.660566562422282 ], [ -79.426468053647454, 43.662875758924478 ], [ -79.425691095376621, 43.663199463492525 ] ] ] } },
{ "type": "Feature", "properties": { "vor_id": 135, "theft_count": 23, "bike_trips": 2121, "theft_per_1000_trips": 10.843941537010844 }, "geometry": { "type": "Polygon", "coordinates": [ [ [ -79.388746337505992, 43.659585158440734 ], [ -79.388215363201269, 43.659179081883636 ], [ -79.390533889613209, 43.657569405775732 ], [ -79.390892150172633, 43.659152526371614 ], [ -79.388746337505992, 43.659585158440734 ] ] ] } },
{ "type": "Feature", "properties": { "vor_id": 136, "theft_count": 41, "bike_trips": 2211, "theft_per_1000_trips": 18.543645409317051 }, "geometry": { "type": "Polygon", "coordinates": [ [ [ -79.425160983861474, 43.645040554072303 ], [ -79.424478945602317, 43.644556654406479 ], [ -79.423952712015137, 43.641954966110951 ], [ -79.424165918369283, 43.641717461390712 ], [ -79.425180078958675, 43.641948484622105 ], [ -79.425760814703708, 43.644812087480005 ], [ -79.425714576419139, 43.644935157312617 ], [ -79.425299179836742, 43.645099016511637 ], [ -79.425160983861474, 43.645040554072303 ] ] ] } },
{ "type": "Feature", "properties": { "vor_id": 137, "theft_count": 8, "bike_trips": 1016, "theft_per_1000_trips": 7.8740157480314963 }, "geometry": { "type": "Polygon", "coordinates": [ [ [ -79.361854699068687, 43.652347545885043 ], [ -79.362172097196677, 43.652486553482738 ], [ -79.362722953715789, 43.653437123523069 ], [ -79.362674730850145, 43.655068105828626 ], [ -79.361438478291419, 43.655337511507049 ], [ -79.360549980281775, 43.653829511558889 ], [ -79.361854699068687, 43.652347545885043 ] ] ] } },
{ "type": "Feature", "properties": { "vor_id": 139, "theft_count": 20, "bike_trips": 2093, "theft_per_1000_trips": 9.5556617295747746 }, "geometry": { "type": "Polygon", "coordinates": [ [ [ -79.37399147236215, 43.643694271966446 ], [ -79.374105930937077, 43.642977070912551 ], [ -79.375866848703438, 43.641847870339276 ], [ -79.376259658336878, 43.642199402577113 ], [ -79.376422587654005, 43.642638596436214 ], [ -79.37399147236215, 43.643694271966446 ] ] ] } },
{ "type": "Feature", "properties": { "vor_id": 140, "theft_count": 6, "bike_trips": 9924, "theft_per_1000_trips": 0.60459492140266013 }, "geometry": { "type": "Polygon", "coordinates": [ [ [ -79.221876381726403, 43.815725793920024 ], [ -79.225207791429668, 43.820126272603872 ], [ -79.200537714791707, 43.813074542333808 ], [ -79.200751283431444, 43.811840831339929 ], [ -79.205532156349093, 43.806429009323324 ], [ -79.208178384562558, 43.805671891209535 ], [ -79.221876381726403, 43.815725793920024 ] ] ] } },
{ "type": "Feature", "properties": { "vor_id": 142, "theft_count": 11, "bike_trips": 3036, "theft_per_1000_trips": 3.6231884057971016 }, "geometry": { "type": "Polygon", "coordinates": [ [ [ -79.350982575083435, 43.646069461420716 ], [ -79.354762084992146, 43.650704723826053 ], [ -79.355394716499049, 43.653476167719454 ], [ -79.354105897147932, 43.654091649102533 ], [ -79.348314210557447, 43.649282721494423 ], [ -79.347507388301153, 43.648068068317009 ], [ -79.350982575083435, 43.646069461420716 ] ] ] } },
{ "type": "Feature", "properties": { "vor_id": 144, "theft_count": 34, "bike_trips": 5116, "theft_per_1000_trips": 6.6458170445660674 }, "geometry": { "type": "Polygon", "coordinates": [ [ [ -79.319455205556906, 43.680235667468907 ], [ -79.318867422127354, 43.68018901334348 ], [ -79.316554814965258, 43.679722641196157 ], [ -79.315958911554873, 43.679140770003841 ], [ -79.315226248449804, 43.677402616726681 ], [ -79.315129830673797, 43.676742613681654 ], [ -79.319063602716128, 43.675119473501354 ], [ -79.322981993117068, 43.676303740232207 ], [ -79.32343203976265, 43.676918081395101 ], [ -79.319455205556906, 43.680235667468907 ] ] ] } },
{ "type": "Feature", "properties": { "vor_id": 145, "theft_count": 14, "bike_trips": 1053, "theft_per_1000_trips": 13.295346628679962 }, "geometry": { "type": "Polygon", "coordinates": [ [ [ -79.385566183681945, 43.654634042307997 ], [ -79.385036404011544, 43.654128810830535 ], [ -79.384719416657518, 43.652242707905899 ], [ -79.385115678068161, 43.652150403859153 ], [ -79.38631685777537, 43.654321583796772 ], [ -79.385566183681945, 43.654634042307997 ] ] ] } },
{ "type": "Feature", "properties": { "vor_id": 146, "theft_count": 5, "bike_trips": 2631, "theft_per_1000_trips": 1.9004180919802356 }, "geometry": { "type": "Polygon", "coordinates": [ [ [ -79.53485018320201, 43.593376424066939 ], [ -79.533097696323068, 43.594174714585947 ], [ -79.532183395123539, 43.593415232545766 ], [ -79.533998580920041, 43.592595249984583 ], [ -79.53485018320201, 43.593376424066939 ] ] ] } },
{ "type": "Feature", "properties": { "vor_id": 147, "theft_count": 6, "bike_trips": 2634, "theft_per_1000_trips": 2.2779043280182232 }, "geometry": { "type": "Polygon", "coordinates": [ [ [ -79.54574534694477, 43.592165337537544 ], [ -79.543422473192692, 43.593879010331392 ], [ -79.543956342603337, 43.591527428891403 ], [ -79.544699426475134, 43.591623911953356 ], [ -79.54574534694477, 43.592165337537544 ] ] ] } },
{ "type": "Feature", "properties": { "vor_id": 148, "theft_count": 6, "bike_trips": 2377, "theft_per_1000_trips": 2.5241901556583928 }, "geometry": { "type": "Polygon", "coordinates": [ [ [ -79.445583216009439, 43.712313452645624 ], [ -79.443263911350257, 43.711216494672193 ], [ -79.442028752983774, 43.710214421266791 ], [ -79.440675118616667, 43.708732718270049 ], [ -79.439998929520883, 43.705551269557105 ], [ -79.444420340263477, 43.703788121372554 ], [ -79.447574334537379, 43.710982476992335 ], [ -79.44692840981061, 43.711827288906093 ], [ -79.445906799685346, 43.712407340510786 ], [ -79.445583216009439, 43.712313452645624 ] ] ] } },
{ "type": "Feature", "properties": { "vor_id": 149, "theft_count": 7, "bike_trips": 3398, "theft_per_1000_trips": 2.0600353148911124 }, "geometry": { "type": "Polygon", "coordinates": [ [ [ -79.434406797019577, 43.670602189576634 ], [ -79.432002259785747, 43.669139686278683 ], [ -79.431953441764421, 43.668902399567919 ], [ -79.433199952280788, 43.666776236260667 ], [ -79.43407359966298, 43.666876483153061 ], [ -79.434693800049587, 43.669991363989681 ], [ -79.434406797019577, 43.670602189576634 ] ] ] } },
{ "type": "Feature", "properties": { "vor_id": 150, "theft_count": 25, "bike_trips": 2147, "theft_per_1000_trips": 11.644154634373546 }, "geometry": { "type": "Polygon", "coordinates": [ [ [ -79.394900403855374, 43.648790729807942 ], [ -79.394637831578549, 43.648389490187405 ], [ -79.394506840134369, 43.647770550447412 ], [ -79.395029142409413, 43.647561361660912 ], [ -79.396008496531465, 43.647617815540208 ], [ -79.395999360432654, 43.648342003619938 ], [ -79.394900403855374, 43.648790729807942 ] ] ] } },
{ "type": "Feature", "properties": { "vor_id": 151, "theft_count": 23, "bike_trips": 3594, "theft_per_1000_trips": 6.3995548135781855 }, "geometry": { "type": "Polygon", "coordinates": [ [ [ -79.411890138159322, 43.677473131571254 ], [ -79.410319528916915, 43.680857944497525 ], [ -79.407915505780622, 43.682299939384961 ], [ -79.407147516930152, 43.682004765843757 ], [ -79.406411948918802, 43.675921764825262 ], [ -79.409341407524948, 43.676086624656072 ], [ -79.411243149507641, 43.676829356445396 ], [ -79.411890138159322, 43.677473131571254 ] ] ] } },
{ "type": "Feature", "properties": { "vor_id": 152, "theft_count": 18, "bike_trips": 1112, "theft_per_1000_trips": 16.187050359712231 }, "geometry": { "type": "Polygon", "coordinates": [ [ [ -79.444252570818179, 43.663519384006477 ], [ -79.445346581212434, 43.661792162761181 ], [ -79.445611809639942, 43.661895973717975 ], [ -79.446501699499663, 43.665648345589901 ], [ -79.445128305362473, 43.666190492505457 ], [ -79.444751221358629, 43.665938723656758 ], [ -79.444252570818179, 43.663519384006477 ] ] ] } },
{ "type": "Feature", "properties": { "vor_id": 154, "theft_count": 8, "bike_trips": 2364, "theft_per_1000_trips": 3.3840947546531304 }, "geometry": { "type": "Polygon", "coordinates": [ [ [ -79.42109057873472, 43.683278721379466 ], [ -79.420809923871076, 43.68087479106002 ], [ -79.423743848671947, 43.681572370133573 ], [ -79.423850945968624, 43.682037444235988 ], [ -79.422560510154099, 43.683704098829033 ], [ -79.42109057873472, 43.683278721379466 ] ] ] } },
{ "type": "Feature", "properties": { "vor_id": 155, "theft_count": 22, "bike_trips": 4470, "theft_per_1000_trips": 4.9217002237136471 }, "geometry": { "type": "Polygon", "coordinates": [ [ [ -79.368516340145703, 43.770528422117991 ], [ -79.368542290091483, 43.769738634545945 ], [ -79.372947317213104, 43.768027071487836 ], [ -79.371246727004106, 43.776990281201897 ], [ -79.368516340145703, 43.770528422117991 ] ] ] } },
{ "type": "Feature", "properties": { "vor_id": 157, "theft_count": 35, "bike_trips": 21070, "theft_per_1000_trips": 1.6611295681063123 }, "geometry": { "type": "Polygon", "coordinates": [ [ [ -79.55597336968512, 43.625741135525949 ], [ -79.551834094020037, 43.62442996260642 ], [ -79.551403463404483, 43.605465290529636 ], [ -79.555639856724113, 43.599611573934091 ], [ -79.55565634004121, 43.599619229395486 ], [ -79.555762111374349, 43.599703693567307 ], [ -79.555820043194771, 43.599788501941134 ], [ -79.555847597397758, 43.599875321843562 ], [ -79.55592194748192, 43.600238634657536 ], [ -79.555896286661863, 43.6005971899149 ], [ -79.555896310753084, 43.600599503841408 ], [ -79.555896712875565, 43.600601799437342 ], [ -79.555973829749675, 43.600899392740132 ], [ -79.556059474060817, 43.601451588906073 ], [ -79.55611094112767, 43.601904998761455 ], [ -79.556111024490519, 43.601905613742019 ], [ -79.556179624490511, 43.602340713726022 ], [ -79.556180147009272, 43.602342907994917 ], [ -79.556181011298492, 43.602345044878945 ], [ -79.556182206106584, 43.602347096559413 ], [ -79.556405406106606, 43.602676496512338 ], [ -79.556406727593952, 43.602678220612908 ], [ -79.556408282600387, 43.602679839343679 ], [ -79.556410055249842, 43.602681336177994 ], [ -79.55641202744421, 43.602682695833728 ], [ -79.55684122744421, 43.602949995767972 ], [ -79.556843184753745, 43.602951105264076 ], [ -79.556845274906124, 43.602952079450112 ], [ -79.557539517554176, 43.603243777121683 ], [ -79.557931535035706, 43.603441275238772 ], [ -79.55814433307728, 43.603592761841981 ], [ -79.558237544252691, 43.60384828392786 ], [ -79.558238460239579, 43.603850330575334 ], [ -79.558239681784826, 43.603852291770423 ], [ -79.558420281784819, 43.604104191732766 ], [ -79.558421878234341, 43.604106134299975 ], [ -79.558423774201231, 43.604107930148785 ], [ -79.558717474201231, 43.604355030096492 ], [ -79.558718440191896, 43.604355800298698 ], [ -79.559019440191918, 43.60458330024764 ], [ -79.559021721442207, 43.604584836027307 ], [ -79.559786418951688, 43.605042934420872 ], [ -79.560061317066342, 43.605207693837812 ], [ -79.5602177567187, 43.605319308633433 ], [ -79.560512229738222, 43.60553511552537 ], [ -79.560514541529855, 43.605536624566824 ], [ -79.560517078189932, 43.605537930533806 ], [ -79.560912878189924, 43.6057177304844 ], [ -79.560915359760642, 43.60571872990792 ], [ -79.560917972783699, 43.605719534711476 ], [ -79.561298671089318, 43.605819991197393 ], [ -79.561548468470448, 43.605907853657882 ], [ -79.56175557429259, 43.606024802902525 ], [ -79.561918412769003, 43.606171023170077 ], [ -79.562243803325543, 43.60652824426078 ], [ -79.562245814028117, 43.606530178836472 ], [ -79.562268714028107, 43.606549578832379 ], [ -79.562518129676064, 43.60676049203223 ], [ -79.562520148974315, 43.606762023043792 ], [ -79.562522385440758, 43.606763386650421 ], [ -79.562524812752216, 43.606764566802497 ], [ -79.562714312752234, 43.606846266779733 ], [ -79.562717802425666, 43.606847533075872 ], [ -79.562933902425655, 43.606912233056477 ], [ -79.562936411757917, 43.606912881161747 ], [ -79.562938997204839, 43.606913346695599 ], [ -79.562941633498824, 43.606913625108348 ], [ -79.562944294875265, 43.606913713679056 ], [ -79.563218894875263, 43.606913013679275 ], [ -79.563221341278094, 43.606912926847166 ], [ -79.563223766689106, 43.606912679542631 ], [ -79.563226151073536, 43.606912273808511 ], [ -79.563228474735581, 43.606911712996279 ], [ -79.563355854561493, 43.606876236391557 ], [ -79.563507299761355, 43.60684864829387 ], [ -79.563658462020882, 43.606854721775541 ], [ -79.563777901547923, 43.606869579353329 ], [ -79.564715003081758, 43.607142838675117 ], [ -79.564788988828582, 43.607211579148725 ], [ -79.564823559583544, 43.607266578069805 ], [ -79.564836216411223, 43.607324143193601 ], [ -79.564838654495333, 43.607381194360784 ], [ -79.564839477304702, 43.607444002146551 ], [ -79.564664428670923, 43.607647378990002 ], [ -79.564663409569192, 43.607648670152813 ], [ -79.564662529226212, 43.607650013762118 ], [ -79.564592929226208, 43.607767613777149 ], [ -79.564592077536901, 43.607769252203411 ], [ -79.564591432073982, 43.607770939306263 ], [ -79.56455793207401, 43.60787673931393 ], [ -79.564557493991998, 43.607878483039833 ], [ -79.564557276220313, 43.607880248354199 ], [ -79.56454857622029, 43.608024448356247 ], [ -79.564548579188695, 43.608026199496798 ], [ -79.564548798959095, 43.608027943393374 ], [ -79.564579898959096, 43.608192643386133 ], [ -79.564580241594399, 43.608194064352183 ], [ -79.564580728262825, 43.608195463108906 ], [ -79.564618628262835, 43.608289563100357 ], [ -79.56461956734195, 43.608291506655142 ], [ -79.564620784037643, 43.608293367739329 ], [ -79.564622264802409, 43.60829512563037 ], [ -79.564692064802401, 43.608368925616851 ], [ -79.564693734994776, 43.608370511189044 ], [ -79.564695619956055, 43.608371965057323 ], [ -79.564795719956066, 43.60844166504102 ], [ -79.564798147691533, 43.608443165588582 ], [ -79.564800803425342, 43.608444447771561 ], [ -79.564936703425332, 43.60850194775545 ], [ -79.564939455114484, 43.608502963573379 ], [ -79.565114455114482, 43.608558663556842 ], [ -79.565117771100077, 43.608559536310224 ], [ -79.565262071100065, 43.608589936300746 ], [ -79.5652649943342, 43.608590426183945 ], [ -79.565267974661168, 43.608590677735137 ], [ -79.565270975136215, 43.608590687836028 ], [ -79.565446675136229, 43.608584187838133 ], [ -79.565448923957632, 43.608584036025846 ], [ -79.565451147325291, 43.60858374840231 ], [ -79.565453329622827, 43.608583326987691 ], [ -79.565750229622822, 43.608516227008465 ], [ -79.565752558163922, 43.608515614373289 ], [ -79.565952748867474, 43.608455265641318 ], [ -79.56620455300461, 43.608466999464284 ], [ -79.56640341313279, 43.608575021027363 ], [ -79.566550435409368, 43.608666499320151 ], [ -79.566947922938269, 43.608913840234372 ], [ -79.567123546342984, 43.609168070416729 ], [ -79.567174070893756, 43.609553642063261 ], [ -79.56723454257677, 43.610015625717338 ], [ -79.567268611017752, 43.610356112055179 ], [ -79.567226982506099, 43.610477496133434 ], [ -79.567178966383835, 43.610595818082864 ], [ -79.56713037184673, 43.610664151224157 ], [ -79.567056535778931, 43.610717533337805 ], [ -79.566971129930778, 43.610743941732693 ], [ -79.566809376144448, 43.610782989188131 ], [ -79.566807126545058, 43.610783614464026 ], [ -79.566804963078425, 43.610784382733087 ], [ -79.56680290304125, 43.610785287853076 ], [ -79.566800962903329, 43.61078632258765 ], [ -79.566682162903319, 43.610855822605195 ], [ -79.566680430100632, 43.610856928467314 ], [ -79.566678834451949, 43.610858137702586 ], [ -79.566677387679263, 43.61085944142765 ], [ -79.566375687679283, 43.611156541484739 ], [ -79.566373998663082, 43.611158422493595 ], [ -79.566097024059943, 43.61150952830711 ], [ -79.566012688314842, 43.611564888118089 ], [ -79.565876647326505, 43.611604309097764 ], [ -79.565544310312475, 43.611694837488017 ], [ -79.565542050521074, 43.611695539852199 ], [ -79.565124950521081, 43.611841839894907 ], [ -79.565122233342237, 43.611842937462065 ], [ -79.564736198106587, 43.612020769477709 ], [ -79.564308970127129, 43.61220391005395 ], [ -79.564306611726238, 43.612205046308787 ], [ -79.564304431092395, 43.612206355528755 ], [ -79.564061631092386, 43.612368455567406 ], [ -79.564059351683042, 43.612370175399562 ], [ -79.564057378915578, 43.612372083628202 ], [ -79.563930478915552, 43.612511883653106 ], [ -79.563929016779937, 43.612513700767416 ], [ -79.563927833243582, 43.612515621258943 ], [ -79.563926942054962, 43.612517622818423 ], [ -79.563886242054991, 43.612629322827672 ], [ -79.563885662049515, 43.61263134187557 ], [ -79.563885379611179, 43.612633393968025 ], [ -79.563885397895064, 43.612635456181508 ], [ -79.563885716696944, 43.612637505479448 ], [ -79.563916816696931, 43.612772705472246 ], [ -79.563917267532531, 43.612774267947017 ], [ -79.563917893255805, 43.61277579851297 ], [ -79.563992793255807, 43.612934798496319 ], [ -79.563994307409899, 43.612937385921555 ], [ -79.5641166074099, 43.613110485895973 ], [ -79.564117922766727, 43.613112142212124 ], [ -79.564119455557844, 43.613113697447204 ], [ -79.564121191086457, 43.613115136689302 ], [ -79.564293891086436, 43.613244936660081 ], [ -79.564295670871431, 43.613246157909977 ], [ -79.56429759660908, 43.613247256978191 ], [ -79.564532996609088, 43.613369456945982 ], [ -79.564535195275468, 43.613370485075151 ], [ -79.564537521326898, 43.613371353933694 ], [ -79.564720521326905, 43.613431753915854 ], [ -79.564723067556216, 43.6134324836042 ], [ -79.564725702918565, 43.613433022442763 ], [ -79.564938702918568, 43.613468222431621 ], [ -79.564941550563631, 43.613468577976718 ], [ -79.564944434418962, 43.613468710725883 ], [ -79.565322834418964, 43.613471410725012 ], [ -79.565325695521196, 43.613471320968969 ], [ -79.565328527314108, 43.613471011906135 ], [ -79.565811706789489, 43.613399087127753 ], [ -79.56629811419478, 43.613394725619919 ], [ -79.566727570989286, 43.613430661763147 ], [ -79.567073628928725, 43.613536481100809 ], [ -79.567357258183705, 43.613649496570517 ], [ -79.567740718800309, 43.613843011288068 ], [ -79.567945880662791, 43.613997328652481 ], [ -79.568103238028215, 43.614115766468558 ], [ -79.568221511136059, 43.614252622562887 ], [ -79.568261172258843, 43.614380684973732 ], [ -79.568248689554096, 43.614532330333198 ], [ -79.568074479662798, 43.615252930364925 ], [ -79.567961429115755, 43.615692038307152 ], [ -79.567899752476322, 43.615920151921145 ], [ -79.567899298578823, 43.615922735572312 ], [ -79.567882032467182, 43.616131814298782 ], [ -79.567787334783986, 43.616430231385365 ], [ -79.567786888163127, 43.616432014785509 ], [ -79.567786672058602, 43.616433820495345 ], [ -79.567786688335389, 43.616435632932067 ], [ -79.567786936853011, 43.616437436454774 ], [ -79.56778741546681, 43.616439215499554 ], [ -79.567788120046472, 43.616440954713696 ], [ -79.567789044511656, 43.616442639088234 ], [ -79.567790180884458, 43.616444254087433 ], [ -79.567902042268216, 43.616586481986985 ], [ -79.567903309330106, 43.616657708964645 ], [ -79.567880190740581, 43.616727246062084 ], [ -79.567572731938469, 43.616975612254073 ], [ -79.567129217918435, 43.61728211787316 ], [ -79.566892431715971, 43.617386014897527 ], [ -79.566890445239849, 43.617386976192911 ], [ -79.566888584183474, 43.617388061092548 ], [ -79.566886863176506, 43.617389261068027 ], [ -79.566885295747753, 43.617390566686417 ], [ -79.566678195747755, 43.617579366724513 ], [ -79.56667676480464, 43.617580800116585 ], [ -79.566675519031364, 43.617582321428713 ], [ -79.566515719031386, 43.617799321461838 ], [ -79.566514563570109, 43.61780110117607 ], [ -79.56651366144429, 43.617802956056764 ], [ -79.566513021818821, 43.617804867259714 ], [ -79.566512651191857, 43.617806815368517 ], [ -79.56651255332865, 43.617808780591858 ], [ -79.566515253328646, 43.617944680591222 ], [ -79.566515378107511, 43.617946296073136 ], [ -79.56651568735613, 43.617947898514622 ], [ -79.566516178947666, 43.617949476894729 ], [ -79.566562078947683, 43.618072776884325 ], [ -79.566562858784508, 43.618074535691328 ], [ -79.56667061294489, 43.618283072833464 ], [ -79.56675180967494, 43.618500886265785 ], [ -79.566798987475281, 43.618715500926996 ], [ -79.566785141180532, 43.618846701834698 ], [ -79.566732217771275, 43.618978763983101 ], [ -79.566731643633446, 43.618980484965405 ], [ -79.566731287364235, 43.618982236541044 ], [ -79.566693687364221, 43.619251336549823 ], [ -79.56669355795708, 43.619252842347358 ], [ -79.566693589664965, 43.619254350881633 ], [ -79.566748289664943, 43.619988450868803 ], [ -79.56674852344787, 43.61999016943976 ], [ -79.56674896623808, 43.619991866312475 ], [ -79.56674961456639, 43.619993528192168 ], [ -79.566866108206639, 43.620248420236059 ], [ -79.566904215905353, 43.620384491162341 ], [ -79.56690861381324, 43.620516037473003 ], [ -79.566876437172283, 43.620722323307632 ], [ -79.566821626712809, 43.62087431544753 ], [ -79.566728097821255, 43.620978468329241 ], [ -79.566571438491152, 43.621061462212744 ], [ -79.566120082752391, 43.621209428181714 ], [ -79.566118117517874, 43.621210143785916 ], [ -79.566116239454729, 43.621210973039311 ], [ -79.565733339454724, 43.621395973089236 ], [ -79.565731337733183, 43.621397040006023 ], [ -79.565729480324052, 43.621398235901744 ], [ -79.565727783029885, 43.6213995506019 ], [ -79.565726260291029, 43.621400972921222 ], [ -79.565618460291034, 43.621511872941923 ], [ -79.56561648682893, 43.621514244533159 ], [ -79.565542386828923, 43.621619544548672 ], [ -79.565541204774561, 43.621621476365043 ], [ -79.565540318238945, 43.621623489389769 ], [ -79.565539737620469, 43.621625560011751 ], [ -79.565511037620468, 43.621766760018424 ], [ -79.565510782428007, 43.621768651254499 ], [ -79.565510782612961, 43.621770551491622 ], [ -79.565511038173597, 43.621772442701527 ], [ -79.565511546685329, 43.621774306941546 ], [ -79.565562546685342, 43.621922806929923 ], [ -79.565563187397458, 43.621924385106567 ], [ -79.565564009484987, 43.621925918600795 ], [ -79.565714744103801, 43.622175366518299 ], [ -79.55597336968512, 43.625741135525949 ] ] ] } },
{ "type": "Feature", "properties": { "vor_id": 158, "theft_count": 9, "bike_trips": 3545, "theft_per_1000_trips": 2.5387870239774331 }, "geometry": { "type": "Polygon", "coordinates": [ [ [ -79.423743848671947, 43.681572370133573 ], [ -79.424508295629721, 43.680123392499596 ], [ -79.424862982673687, 43.679972204565104 ], [ -79.427436981087183, 43.680489159095785 ], [ -79.425116427625781, 43.683032394288027 ], [ -79.423850945968624, 43.682037444235988 ], [ -79.423743848671947, 43.681572370133573 ] ] ] } },
{ "type": "Feature", "properties": { "vor_id": 159, "theft_count": 7, "bike_trips": 3435, "theft_per_1000_trips": 2.0378457059679769 }, "geometry": { "type": "Polygon", "coordinates": [ [ [ -79.504827645704765, 43.696396689564814 ], [ -79.508109293157759, 43.69842113035493 ], [ -79.509885088326612, 43.700821148090405 ], [ -79.506717080365149, 43.704068794735051 ], [ -79.505693101457908, 43.703208057175644 ], [ -79.502516920594019, 43.696265700706022 ], [ -79.504827645704765, 43.696396689564814 ] ] ] } },
{ "type": "Feature", "properties": { "vor_id": 161, "theft_count": 11, "bike_trips": 6553, "theft_per_1000_trips": 1.678620479169846 }, "geometry": { "type": "Polygon", "coordinates": [ [ [ -79.507625576885161, 43.611371538444807 ], [ -79.505330823169231, 43.60969327982977 ], [ -79.503054721767668, 43.605024287359136 ], [ -79.503556152823407, 43.603747844207554 ], [ -79.505526910510198, 43.601851283131182 ], [ -79.506781044034526, 43.601911614592517 ], [ -79.509266818147466, 43.604900868593283 ], [ -79.511089643200819, 43.607633777687354 ], [ -79.507625576885161, 43.611371538444807 ] ] ] } },
{ "type": "Feature", "properties": { "vor_id": 162, "theft_count": 12, "bike_trips": 2237, "theft_per_1000_trips": 5.3643272239606619 }, "geometry": { "type": "Polygon", "coordinates": [ [ [ -79.367173861530347, 43.672040201106867 ], [ -79.366677100035616, 43.66979184261583 ], [ -79.367112671417203, 43.668263678360432 ], [ -79.36765602279921, 43.668099132896678 ], [ -79.368804809809276, 43.668269539352274 ], [ -79.369509834016398, 43.671796083850396 ], [ -79.367173861530347, 43.672040201106867 ] ] ] } },
{ "type": "Feature", "properties": { "vor_id": 163, "theft_count": 10, "bike_trips": 6006, "theft_per_1000_trips": 1.665001665001665 }, "geometry": { "type": "Polygon", "coordinates": [ [ [ -79.519735467765912, 43.71666153446477 ], [ -79.516454881316136, 43.705453467418401 ], [ -79.516563168637973, 43.705376517569817 ], [ -79.519097513046859, 43.704845804917476 ], [ -79.528191730141984, 43.704547689376213 ], [ -79.526482486639964, 43.720184895991146 ], [ -79.519735467765912, 43.71666153446477 ] ] ] } },
{ "type": "Feature", "properties": { "vor_id": 164, "theft_count": 23, "bike_trips": 2083, "theft_per_1000_trips": 11.041766682669227 }, "geometry": { "type": "Polygon", "coordinates": [ [ [ -79.38030186566462, 43.667521422362803 ], [ -79.38323579878363, 43.666314491056951 ], [ -79.383311001613862, 43.666404710942977 ], [ -79.38348275144827, 43.667179349982455 ], [ -79.381747084143285, 43.66789018520145 ], [ -79.380672352284549, 43.66833033709807 ], [ -79.380495328729012, 43.668075865576974 ], [ -79.380388877927231, 43.667922842453166 ], [ -79.38030186566462, 43.667521422362803 ] ] ] } },
{ "type": "Feature", "properties": { "vor_id": 165, "theft_count": 110, "bike_trips": 2088, "theft_per_1000_trips": 52.68199233716475 }, "geometry": { "type": "Polygon", "coordinates": [ [ [ -79.383493133243533, 43.65983514508676 ], [ -79.383148875145267, 43.659834864365671 ], [ -79.381482270112386, 43.659467192938955 ], [ -79.381334077759917, 43.658712659390609 ], [ -79.383049278393557, 43.657975241124724 ], [ -79.38324669368545, 43.65822681438511 ], [ -79.383479865497378, 43.658828058711833 ], [ -79.383617694080641, 43.659464883313973 ], [ -79.383603185023915, 43.659786510952216 ], [ -79.383493133243533, 43.65983514508676 ] ] ] } },
{ "type": "Feature", "properties": { "vor_id": 166, "theft_count": 6, "bike_trips": 1592, "theft_per_1000_trips": 3.7688442211055273 }, "geometry": { "type": "Polygon", "coordinates": [ [ [ -79.181891704446556, 43.776320697494583 ], [ -79.182130317998968, 43.772788404066382 ], [ -79.182151477206801, 43.772475175710092 ], [ -79.191082451664272, 43.768976544293317 ], [ -79.191506696274587, 43.769712694657343 ], [ -79.185457655305342, 43.774869293995053 ], [ -79.183564323087623, 43.775639912860932 ], [ -79.181891704446556, 43.776320697494583 ] ] ] } },
{ "type": "Feature", "properties": { "vor_id": 167, "theft_count": 18, "bike_trips": 2589, "theft_per_1000_trips": 6.9524913093858629 }, "geometry": { "type": "Polygon", "coordinates": [ [ [ -79.350934543991428, 43.657212012288824 ], [ -79.351455459664777, 43.65951576638048 ], [ -79.351259866427668, 43.659708501340319 ], [ -79.349556153393223, 43.65830810084023 ], [ -79.350934543991428, 43.657212012288824 ] ] ] } },
{ "type": "Feature", "properties": { "vor_id": 168, "theft_count": 0, "bike_trips": 2810, "theft_per_1000_trips": 0.0 }, "geometry": { "type": "Polygon", "coordinates": [ [ [ -79.541212937244666, 43.738711762555305 ], [ -79.548134852820169, 43.727755702393182 ], [ -79.548273523827206, 43.731915391693938 ], [ -79.545805436782459, 43.73603314615869 ], [ -79.543707523374295, 43.740468811381746 ], [ -79.543197313031257, 43.741894753765116 ], [ -79.541212937244666, 43.738711762555305 ] ] ] } },
{ "type": "Feature", "properties": { "vor_id": 169, "theft_count": 34, "bike_trips": 6206, "theft_per_1000_trips": 5.4785691266516272 }, "geometry": { "type": "Polygon", "coordinates": [ [ [ -79.289278411745684, 43.732709163107963 ], [ -79.289551554930824, 43.72194135018696 ], [ -79.28971991201648, 43.721933079333702 ], [ -79.294522412020882, 43.721220695752898 ], [ -79.296592705607821, 43.729693515487554 ], [ -79.289928927804269, 43.735688704296905 ], [ -79.289278411745684, 43.732709163107963 ] ] ] } },
{ "type": "Feature", "properties": { "vor_id": 171, "theft_count": 65, "bike_trips": 2149, "theft_per_1000_trips": 30.24662633783155 }, "geometry": { "type": "Polygon", "coordinates": [ [ [ -79.405266706854164, 43.67140244750918 ], [ -79.403984225462139, 43.67114058234457 ], [ -79.402588566352946, 43.670191908380502 ], [ -79.402802716388635, 43.669513797521653 ], [ -79.403697058922717, 43.66883028473346 ], [ -79.404413036727703, 43.668539403540848 ], [ -79.405684478459449, 43.66927389266607 ], [ -79.406065709066127, 43.671085123614134 ], [ -79.405266706854164, 43.67140244750918 ] ] ] } },
{ "type": "Feature", "properties": { "vor_id": 172, "theft_count": 11, "bike_trips": 4082, "theft_per_1000_trips": 2.6947574718275358 }, "geometry": { "type": "Polygon", "coordinates": [ [ [ -79.364996144494171, 43.655011035873031 ], [ -79.365223772725884, 43.656071280233711 ], [ -79.363801048295514, 43.656655479469102 ], [ -79.362800046035701, 43.655106262731991 ], [ -79.36419976278701, 43.654508887502239 ], [ -79.364996144494171, 43.655011035873031 ] ] ] } },
{ "type": "Feature", "properties": { "vor_id": 173, "theft_count": 28, "bike_trips": 2161, "theft_per_1000_trips": 12.956964368347988 }, "geometry": { "type": "Polygon", "coordinates": [ [ [ -79.401072086649762, 43.642987486386033 ], [ -79.401707832270247, 43.643890007010484 ], [ -79.401890586626223, 43.644791039266366 ], [ -79.4017904120156, 43.64518368788378 ], [ -79.400565117112961, 43.644990746349251 ], [ -79.400116481056244, 43.642657032734157 ], [ -79.400197808304625, 43.64260058410791 ], [ -79.401072086649762, 43.642987486386033 ] ] ] } },
{ "type": "Feature", "properties": { "vor_id": 174, "theft_count": 34, "bike_trips": 2035, "theft_per_1000_trips": 16.707616707616705 }, "geometry": { "type": "Polygon", "coordinates": [ [ [ -79.359462945735942, 43.659364873006901 ], [ -79.361200345165543, 43.65864779300685 ], [ -79.361259234298032, 43.65887520598509 ], [ -79.360743124753697, 43.661667076612346 ], [ -79.360057385173789, 43.661945515716319 ], [ -79.359462945735942, 43.659364873006901 ] ] ] } },
{ "type": "Feature", "properties": { "vor_id": 175, "theft_count": 1, "bike_trips": 2222, "theft_per_1000_trips": 0.45004500450045004 }, "geometry": { "type": "Polygon", "coordinates": [ [ [ -79.42920937089049, 43.641233940095489 ], [ -79.429161133145996, 43.641376230930639 ], [ -79.427674646215408, 43.641959338774285 ], [ -79.427455355879474, 43.641676396193972 ], [ -79.427525027815165, 43.641312722288589 ], [ -79.428502867584271, 43.640933242873409 ], [ -79.42920937089049, 43.641233940095489 ] ] ] } },
{ "type": "Feature", "properties": { "vor_id": 176, "theft_count": 10, "bike_trips": 3948, "theft_per_1000_trips": 2.5329280648429586 }, "geometry": { "type": "Polygon", "coordinates": [ [ [ -79.533097696323068, 43.594174714585947 ], [ -79.533291287012332, 43.595010268309089 ], [ -79.531846730294646, 43.60027092970769 ], [ -79.530191397102584, 43.600963235759274 ], [ -79.530539601469627, 43.592886076985423 ], [ -79.532183395123539, 43.593415232545766 ], [ -79.533097696323068, 43.594174714585947 ] ] ] } },
{ "type": "Feature", "properties": { "vor_id": 177, "theft_count": 134, "bike_trips": 2222, "theft_per_1000_trips": 60.306030603060307 }, "geometry": { "type": "Polygon", "coordinates": [ [ [ -79.436080247941064, 43.657494797026672 ], [ -79.435380814098536, 43.657234574875645 ], [ -79.434979557654259, 43.656470236743672 ], [ -79.435451593249297, 43.653265979914018 ], [ -79.435966359822103, 43.651951299241027 ], [ -79.43674152620882, 43.652061770036731 ], [ -79.437602427597255, 43.656526239043657 ], [ -79.436080247941064, 43.657494797026672 ] ] ] } },
{ "type": "Feature", "properties": { "vor_id": 178, "theft_count": 20, "bike_trips": 7668, "theft_per_1000_trips": 2.6082420448617634 }, "geometry": { "type": "Polygon", "coordinates": [ [ [ -79.286821821847823, 43.742384007068068 ], [ -79.287119558739548, 43.742561135610643 ], [ -79.292564568511636, 43.756396090743827 ], [ -79.290304170178814, 43.759555094512706 ], [ -79.280926209586454, 43.76161941151372 ], [ -79.282926304519918, 43.743285449381254 ], [ -79.283484205333323, 43.742807376466402 ], [ -79.285361302613978, 43.742443649881551 ], [ -79.286821821847823, 43.742384007068068 ] ] ] } },
{ "type": "Feature", "properties": { "vor_id": 179, "theft_count": 0, "bike_trips": 2195, "theft_per_1000_trips": 0.0 }, "geometry": { "type": "Polygon", "coordinates": [ [ [ -79.421475359041139, 43.636249946651894 ], [ -79.420617716471227, 43.636495761760692 ], [ -79.42117919464836, 43.634926535379769 ], [ -79.42172311207726, 43.635650790414019 ], [ -79.421475359041139, 43.636249946651894 ] ] ] } },
{ "type": "Feature", "properties": { "vor_id": 180, "theft_count": 8, "bike_trips": 2455, "theft_per_1000_trips": 3.258655804480652 }, "geometry": { "type": "Polygon", "coordinates": [ [ [ -79.399754631779388, 43.729150766463498 ], [ -79.393985766352031, 43.729998446106286 ], [ -79.397696564224347, 43.723330570314587 ], [ -79.39871662598766, 43.724200414155618 ], [ -79.399754631779388, 43.729150766463498 ] ] ] } },
{ "type": "Feature", "properties": { "vor_id": 181, "theft_count": 26, "bike_trips": 2229, "theft_per_1000_trips": 11.664423508299686 }, "geometry": { "type": "Polygon", "coordinates": [ [ [ -79.443415669066482, 43.655574646163032 ], [ -79.441760567911601, 43.656160053628412 ], [ -79.440694079201634, 43.656295397282101 ], [ -79.439806274166671, 43.655682216526849 ], [ -79.43872156058616, 43.652660431672103 ], [ -79.442482772126013, 43.651213185514081 ], [ -79.444219057480055, 43.652463152553736 ], [ -79.443415669066482, 43.655574646163032 ] ] ] } },
{ "type": "Feature", "properties": { "vor_id": 182, "theft_count": 21, "bike_trips": 4770, "theft_per_1000_trips": 4.4025157232704402 }, "geometry": { "type": "Polygon", "coordinates": [ [ [ -79.186683417045643, 43.757222814685633 ], [ -79.199958007261671, 43.759755261220043 ], [ -79.196770627829864, 43.76426656721636 ], [ -79.190239123638264, 43.764422415945717 ], [ -79.186683417045643, 43.757222814685633 ] ] ] } },
{ "type": "Feature", "properties": { "vor_id": 183, "theft_count": 14, "bike_trips": 2120, "theft_per_1000_trips": 6.6037735849056602 }, "geometry": { "type": "Polygon", "coordinates": [ [ [ -79.384788827744146, 43.644789744158658 ], [ -79.384599015331673, 43.646584435744053 ], [ -79.383999999183075, 43.646925581792267 ], [ -79.383368301175267, 43.646858954636301 ], [ -79.383245035644634, 43.645666297474612 ], [ -79.384788827744146, 43.644789744158658 ] ] ] } },
{ "type": "Feature", "properties": { "vor_id": 184, "theft_count": 33, "bike_trips": 2159, "theft_per_1000_trips": 15.284854099119963 }, "geometry": { "type": "Polygon", "coordinates": [ [ [ -79.4019716506713, 43.648972934421622 ], [ -79.401331660348362, 43.649417774252434 ], [ -79.400933085469774, 43.647472083917251 ], [ -79.401602585419951, 43.647204818468133 ], [ -79.4019716506713, 43.648972934421622 ] ] ] } },
{ "type": "Feature", "properties": { "vor_id": 185, "theft_count": 41, "bike_trips": 1078, "theft_per_1000_trips": 38.033395176252313 }, "geometry": { "type": "Polygon", "coordinates": [ [ [ -79.401463439659082, 43.655166783312417 ], [ -79.402969013982087, 43.654536708081572 ], [ -79.403628751260854, 43.654845665749534 ], [ -79.40380019326895, 43.655672232915421 ], [ -79.403359658876994, 43.656055092678017 ], [ -79.402897519862051, 43.656235430576608 ], [ -79.40139693064863, 43.65540137754568 ], [ -79.401463439659082, 43.655166783312417 ] ] ] } },
{ "type": "Feature", "properties": { "vor_id": 186, "theft_count": 65, "bike_trips": 2179, "theft_per_1000_trips": 29.830197338228544 }, "geometry": { "type": "Polygon", "coordinates": [ [ [ -79.407590827227367, 43.639661112071849 ], [ -79.407126179345283, 43.639874496602928 ], [ -79.405332694272886, 43.63952978859043 ], [ -79.405094575066457, 43.63682581270929 ], [ -79.40599204021855, 43.636889234965707 ], [ -79.407666793594871, 43.63942521932799 ], [ -79.407590827227367, 43.639661112071849 ] ] ] } },
{ "type": "Feature", "properties": { "vor_id": 187, "theft_count": 22, "bike_trips": 2045, "theft_per_1000_trips": 10.757946210268949 }, "geometry": { "type": "Polygon", "coordinates": [ [ [ -79.368479340672721, 43.663440783391806 ], [ -79.368618255814667, 43.663128741522435 ], [ -79.36933320413462, 43.662847003236095 ], [ -79.36971786114988, 43.662920000052814 ], [ -79.370032950302701, 43.664425074289014 ], [ -79.369715887475252, 43.665401757687007 ], [ -79.368775096893557, 43.664505743055983 ], [ -79.368629290366727, 43.664122634454841 ], [ -79.368479340672721, 43.663440783391806 ] ] ] } },
{ "type": "Feature", "properties": { "vor_id": 188, "theft_count": 24, "bike_trips": 3918, "theft_per_1000_trips": 6.1255742725880555 }, "geometry": { "type": "Polygon", "coordinates": [ [ [ -79.486181560178679, 43.622139491115675 ], [ -79.484814046395641, 43.622811367010627 ], [ -79.475944506381012, 43.612574997150325 ], [ -79.478106448314136, 43.610094569646684 ], [ -79.480612588354717, 43.61253653398294 ], [ -79.486568189289699, 43.621551970752982 ], [ -79.486181560178679, 43.622139491115675 ] ] ] } },
{ "type": "Feature", "properties": { "vor_id": 190, "theft_count": 0, "bike_trips": 2039, "theft_per_1000_trips": 0.0 }, "geometry": { "type": "Polygon", "coordinates": [ [ [ -79.359603330971396, 43.668543620625549 ], [ -79.360722466826459, 43.66671103852314 ], [ -79.362377060134534, 43.667125492571223 ], [ -79.361965109331862, 43.667883867803674 ], [ -79.359603330971396, 43.668543620625549 ] ] ] } },
{ "type": "Feature", "properties": { "vor_id": 191, "theft_count": 19, "bike_trips": 2529, "theft_per_1000_trips": 7.5128509292210355 }, "geometry": { "type": "Polygon", "coordinates": [ [ [ -79.295368497902089, 43.699962499647093 ], [ -79.293414705963485, 43.699579307034874 ], [ -79.293363371401469, 43.693746051190892 ], [ -79.296129824433436, 43.693260773975965 ], [ -79.296951827928311, 43.693513120323026 ], [ -79.298396597601766, 43.695970605649315 ], [ -79.295368497902089, 43.699962499647093 ] ] ] } },
{ "type": "Feature", "properties": { "vor_id": 192, "theft_count": 26, "bike_trips": 1025, "theft_per_1000_trips": 25.365853658536587 }, "geometry": { "type": "Polygon", "coordinates": [ [ [ -79.36684416700713, 43.652138871233916 ], [ -79.366643041992802, 43.652029611766196 ], [ -79.366468564191521, 43.651269003341028 ], [ -79.367349293080025, 43.650891376180191 ], [ -79.368007615976637, 43.651370785035837 ], [ -79.367888511255799, 43.651685679502108 ], [ -79.36684416700713, 43.652138871233916 ] ] ] } },
{ "type": "Feature", "properties": { "vor_id": 193, "theft_count": 34, "bike_trips": 6254, "theft_per_1000_trips": 5.4365206267988482 }, "geometry": { "type": "Polygon", "coordinates": [ [ [ -79.497524235174865, 43.643696381392147 ], [ -79.49868230617254, 43.646315950952697 ], [ -79.491385098109831, 43.654167709568675 ], [ -79.491320926383509, 43.65416471661505 ], [ -79.489291122323849, 43.653427749152883 ], [ -79.487603074208465, 43.64848469937548 ], [ -79.486554643213523, 43.64302311477207 ], [ -79.494380980205321, 43.641259481924415 ], [ -79.497524235174865, 43.643696381392147 ] ] ] } },
{ "type": "Feature", "properties": { "vor_id": 194, "theft_count": 19, "bike_trips": 2187, "theft_per_1000_trips": 8.6877000457247373 }, "geometry": { "type": "Polygon", "coordinates": [ [ [ -79.413319705451613, 43.640328310974127 ], [ -79.415080914402395, 43.639667428370025 ], [ -79.41581530468882, 43.640216509540764 ], [ -79.415691871227565, 43.64072366771866 ], [ -79.414333910762679, 43.64124251864871 ], [ -79.413319705451613, 43.640328310974127 ] ] ] } },
{ "type": "Feature", "properties": { "vor_id": 195, "theft_count": 21, "bike_trips": 2565, "theft_per_1000_trips": 8.1871345029239766 }, "geometry": { "type": "Polygon", "coordinates": [ [ [ -79.326300528267282, 43.68343158186385 ], [ -79.327507136479824, 43.682934061486172 ], [ -79.327803107572862, 43.682894955370003 ], [ -79.328249806912254, 43.683136040136127 ], [ -79.330360704329152, 43.685018191931462 ], [ -79.32557410614271, 43.68701982546785 ], [ -79.326300528267282, 43.68343158186385 ] ] ] } },
{ "type": "Feature", "properties": { "vor_id": 196, "theft_count": 19, "bike_trips": 2141, "theft_per_1000_trips": 8.8743577767398421 }, "geometry": { "type": "Polygon", "coordinates": [ [ [ -79.392930002679108, 43.654836180192206 ], [ -79.392899354591449, 43.654769221916176 ], [ -79.394281127393484, 43.654212740595497 ], [ -79.395552122182295, 43.654546034630009 ], [ -79.395656308079282, 43.654680746818627 ], [ -79.395512819450715, 43.655500199480706 ], [ -79.394972823311349, 43.656081719571205 ], [ -79.392930002679108, 43.654836180192206 ] ] ] } },
{ "type": "Feature", "properties": { "vor_id": 197, "theft_count": 20, "bike_trips": 5116, "theft_per_1000_trips": 3.9093041438623923 }, "geometry": { "type": "Polygon", "coordinates": [ [ [ -79.324434005703338, 43.681401987331988 ], [ -79.325731264975587, 43.682973331588116 ], [ -79.322547039970189, 43.684272428278355 ], [ -79.322285094212603, 43.683809361196239 ], [ -79.321829989009032, 43.68161432010595 ], [ -79.324417331288771, 43.681397449469557 ], [ -79.324434005703338, 43.681401987331988 ] ] ] } },
{ "type": "Feature", "properties": { "vor_id": 198, "theft_count": 36, "bike_trips": 2159, "theft_per_1000_trips": 16.674386289949052 }, "geometry": { "type": "Polygon", "coordinates": [ [ [ -79.396742263743349, 43.648230195822038 ], [ -79.397236851271558, 43.647303355431227 ], [ -79.398441617807009, 43.648024251160358 ], [ -79.398538720667261, 43.64818477722222 ], [ -79.397743119773722, 43.649557129112978 ], [ -79.397451506882646, 43.649443742000351 ], [ -79.396883326815299, 43.648904756938798 ], [ -79.396742263743349, 43.648230195822038 ] ] ] } },
{ "type": "Feature", "properties": { "vor_id": 199, "theft_count": 23, "bike_trips": 2175, "theft_per_1000_trips": 10.574712643678161 }, "geometry": { "type": "Polygon", "coordinates": [ [ [ -79.405338969410508, 43.650640006299348 ], [ -79.40491482767041, 43.650809622232821 ], [ -79.404587246493691, 43.650818860169537 ], [ -79.403275792644408, 43.648493200957979 ], [ -79.404754722578105, 43.647911891979582 ], [ -79.405290501986414, 43.648051695194944 ], [ -79.40539509119786, 43.650586420588802 ], [ -79.405338969410508, 43.650640006299348 ] ] ] } },
{ "type": "Feature", "properties": { "vor_id": 201, "theft_count": 27, "bike_trips": 2153, "theft_per_1000_trips": 12.540640966093822 }, "geometry": { "type": "Polygon", "coordinates": [ [ [ -79.406951716521988, 43.66357286264563 ], [ -79.406685201455034, 43.663780889958225 ], [ -79.404478346392963, 43.663359427642234 ], [ -79.404159579030434, 43.661773927822232 ], [ -79.406094380605481, 43.660997995082191 ], [ -79.406565618785052, 43.661581792356799 ], [ -79.406951716521988, 43.66357286264563 ] ] ] } },
{ "type": "Feature", "properties": { "vor_id": 202, "theft_count": 7, "bike_trips": 2198, "theft_per_1000_trips": 3.1847133757961785 }, "geometry": { "type": "Polygon", "coordinates": [ [ [ -79.42086833491517, 43.645246418477278 ], [ -79.420296543910496, 43.642382895380152 ], [ -79.421590067207092, 43.642642710822827 ], [ -79.422000192652646, 43.644708540677989 ], [ -79.421441399076699, 43.645366487650477 ], [ -79.42086833491517, 43.645246418477278 ] ] ] } },
{ "type": "Feature", "properties": { "vor_id": 203, "theft_count": 3, "bike_trips": 2413, "theft_per_1000_trips": 1.2432656444260257 }, "geometry": { "type": "Polygon", "coordinates": [ [ [ -79.406641140445913, 43.735529497061094 ], [ -79.407225066920859, 43.733559915881116 ], [ -79.40973502534483, 43.736081839080285 ], [ -79.411837885901946, 43.739786960610779 ], [ -79.411020016636328, 43.741314370705645 ], [ -79.406641140445913, 43.735529497061094 ] ] ] } },
{ "type": "Feature", "properties": { "vor_id": 204, "theft_count": 38, "bike_trips": 2088, "theft_per_1000_trips": 18.199233716475096 }, "geometry": { "type": "Polygon", "coordinates": [ [ [ -79.382588003858956, 43.656651801339848 ], [ -79.382751300455709, 43.657099300572632 ], [ -79.380850988098189, 43.657912043726057 ], [ -79.380734150672296, 43.657441112136382 ], [ -79.382588003858956, 43.656651801339848 ] ] ] } },
{ "type": "Feature", "properties": { "vor_id": 206, "theft_count": 49, "bike_trips": 8812, "theft_per_1000_trips": 5.5605991829323651 }, "geometry": { "type": "Polygon", "coordinates": [ [ [ -79.419017036510866, 43.76827277193189 ], [ -79.412047807428365, 43.769939950887824 ], [ -79.411326693948709, 43.7689896537645 ], [ -79.411467148066066, 43.768675918009919 ], [ -79.418977066929656, 43.766775745258045 ], [ -79.419017036510866, 43.76827277193189 ] ] ] } },
{ "type": "Feature", "properties": { "vor_id": 208, "theft_count": 31, "bike_trips": 5600, "theft_per_1000_trips": 5.5357142857142856 }, "geometry": { "type": "Polygon", "coordinates": [ [ [ -79.434855138634248, 43.638499013324889 ], [ -79.434007683454681, 43.634383467026296 ], [ -79.434896436966, 43.63248772198601 ], [ -79.4376671325155, 43.637441943379514 ], [ -79.434855138634248, 43.638499013324889 ] ] ] } },
{ "type": "Feature", "properties": { "vor_id": 209, "theft_count": 7, "bike_trips": 3876, "theft_per_1000_trips": 1.805985552115583 }, "geometry": { "type": "Polygon", "coordinates": [ [ [ -79.334578360609072, 43.661242263062135 ], [ -79.335104645679309, 43.663623873554364 ], [ -79.334178679077041, 43.664579018975317 ], [ -79.333394329231908, 43.665388085048711 ], [ -79.333381560421898, 43.665388798942836 ], [ -79.332483565702091, 43.661329407231783 ], [ -79.332956175149477, 43.661130700728911 ], [ -79.333530119939226, 43.661109082722582 ], [ -79.334031628224324, 43.661090193084632 ], [ -79.334578360609072, 43.661242263062135 ] ] ] } },
{ "type": "Feature", "properties": { "vor_id": 210, "theft_count": 7, "bike_trips": 2942, "theft_per_1000_trips": 2.3793337865397692 }, "geometry": { "type": "Polygon", "coordinates": [ [ [ -79.419262984105998, 43.787600316004905 ], [ -79.419559238450418, 43.787941908538343 ], [ -79.418387188656411, 43.792279996390334 ], [ -79.417986848106352, 43.792378830715762 ], [ -79.41145612068172, 43.789531950873659 ], [ -79.419262984105998, 43.787600316004905 ] ] ] } },
{ "type": "Feature", "properties": { "vor_id": 211, "theft_count": 62, "bike_trips": 3874, "theft_per_1000_trips": 16.004130098089831 }, "geometry": { "type": "Polygon", "coordinates": [ [ [ -79.339971257720762, 43.668829855907411 ], [ -79.335874811389374, 43.672356967292053 ], [ -79.33475236702192, 43.670816378021208 ], [ -79.33455623193943, 43.670547176613617 ], [ -79.334711143302599, 43.669977249937702 ], [ -79.334730361133907, 43.66990654657225 ], [ -79.336625491029977, 43.667294082349144 ], [ -79.339466253058234, 43.668070934866996 ], [ -79.339976765512318, 43.668570202986047 ], [ -79.339971257720762, 43.668829855907411 ] ] ] } },
{ "type": "Feature", "properties": { "vor_id": 215, "theft_count": 17, "bike_trips": 1075, "theft_per_1000_trips": 15.813953488372091 }, "geometry": { "type": "Polygon", "coordinates": [ [ [ -79.407699878906953, 43.671550109930052 ], [ -79.407791467300797, 43.671415776404501 ], [ -79.410937223556203, 43.671216582092732 ], [ -79.411295728046127, 43.671921729946625 ], [ -79.410363588372817, 43.673044266612173 ], [ -79.408293074546819, 43.672931101452839 ], [ -79.40785900967488, 43.672748283191616 ], [ -79.407699878906953, 43.671550109930052 ] ] ] } },
{ "type": "Feature", "properties": { "vor_id": 216, "theft_count": 22, "bike_trips": 4462, "theft_per_1000_trips": 4.9305244285073959 }, "geometry": { "type": "Polygon", "coordinates": [ [ [ -79.43872156058616, 43.652660431672103 ], [ -79.437389324008265, 43.652095647075697 ], [ -79.440202438408662, 43.64728004352731 ], [ -79.440643515221112, 43.647262290344983 ], [ -79.441805589656369, 43.648146504017227 ], [ -79.442482772126013, 43.651213185514081 ], [ -79.43872156058616, 43.652660431672103 ] ] ] } },
{ "type": "Feature", "properties": { "vor_id": 218, "theft_count": 22, "bike_trips": 3631, "theft_per_1000_trips": 6.058936931974662 }, "geometry": { "type": "Polygon", "coordinates": [ [ [ -79.403588476635349, 43.701758969323997 ], [ -79.409327527096991, 43.705898733356605 ], [ -79.410563754516062, 43.711749732886297 ], [ -79.402404733996903, 43.704913636637087 ], [ -79.403588476635349, 43.701758969323997 ] ] ] } },
{ "type": "Feature", "properties": { "vor_id": 219, "theft_count": 36, "bike_trips": 5623, "theft_per_1000_trips": 6.4022763649297536 }, "geometry": { "type": "Polygon", "coordinates": [ [ [ -79.463174615700552, 43.665055209000521 ], [ -79.462203427206674, 43.666412501647905 ], [ -79.462059744669276, 43.666523320082923 ], [ -79.458746184761736, 43.665599767346976 ], [ -79.457767251242316, 43.665118181102002 ], [ -79.457546129073791, 43.663964800870552 ], [ -79.461030670635395, 43.660123291612663 ], [ -79.461696615081507, 43.660436330877417 ], [ -79.463176259536368, 43.661866290782712 ], [ -79.463174615700552, 43.665055209000521 ] ] ] } },
{ "type": "Feature", "properties": { "vor_id": 220, "theft_count": 12, "bike_trips": 9483, "theft_per_1000_trips": 1.2654223347042075 }, "geometry": { "type": "Polygon", "coordinates": [ [ [ -79.206892824608985, 43.72966528734198 ], [ -79.211530622821954, 43.725382902814033 ], [ -79.212744822810322, 43.724261703049429 ], [ -79.212745225874428, 43.724261321247369 ], [ -79.217324008580803, 43.71981119185061 ], [ -79.229839966305406, 43.727884729115431 ], [ -79.227225648455843, 43.735156767822396 ], [ -79.219439305144675, 43.741637428140223 ], [ -79.211183483958735, 43.738944308813323 ], [ -79.206892824608985, 43.72966528734198 ] ] ] } },
{ "type": "Feature", "properties": { "vor_id": 221, "theft_count": 18, "bike_trips": 2563, "theft_per_1000_trips": 7.0230198985563792 }, "geometry": { "type": "Polygon", "coordinates": [ [ [ -79.327507136479824, 43.682934061486172 ], [ -79.326821574126214, 43.679744966255164 ], [ -79.328004579487342, 43.678396357474902 ], [ -79.329791408705319, 43.679558663897247 ], [ -79.327803107572862, 43.682894955370003 ], [ -79.327507136479824, 43.682934061486172 ] ] ] } },
{ "type": "Feature", "properties": { "vor_id": 222, "theft_count": 11, "bike_trips": 3330, "theft_per_1000_trips": 3.303303303303303 }, "geometry": { "type": "Polygon", "coordinates": [ [ [ -79.428908696923131, 43.661725730275393 ], [ -79.429200689432022, 43.661106126911299 ], [ -79.430149326355277, 43.661657715057203 ], [ -79.430515164371329, 43.663332510788088 ], [ -79.4303383147396, 43.663533791524735 ], [ -79.429268002060169, 43.663381818982053 ], [ -79.428908696923131, 43.661725730275393 ] ] ] } },
{ "type": "Feature", "properties": { "vor_id": 223, "theft_count": 4, "bike_trips": 2613, "theft_per_1000_trips": 1.5308075009567548 }, "geometry": { "type": "Polygon", "coordinates": [ [ [ -79.492516942784604, 43.61062585688228 ], [ -79.485870125223158, 43.605440374094208 ], [ -79.487110044671383, 43.604700056264818 ], [ -79.487112330336544, 43.604698522461511 ], [ -79.487114356200507, 43.604696807850623 ], [ -79.490490618364888, 43.601479850777331 ], [ -79.491991040468776, 43.602815676639096 ], [ -79.492052864213392, 43.603062490862818 ], [ -79.493705904374437, 43.607682428618347 ], [ -79.49484085462818, 43.610082079314545 ], [ -79.492516942784604, 43.61062585688228 ] ] ] } },
{ "type": "Feature", "properties": { "vor_id": 224, "theft_count": 19, "bike_trips": 2435, "theft_per_1000_trips": 7.8028747433264884 }, "geometry": { "type": "Polygon", "coordinates": [ [ [ -79.401705333775084, 43.727105387299474 ], [ -79.406070174487368, 43.726047627618755 ], [ -79.406104804668914, 43.726051219482649 ], [ -79.406336352054566, 43.727141691835172 ], [ -79.401386760816806, 43.72842848090572 ], [ -79.401705333775084, 43.727105387299474 ] ] ] } },
{ "type": "Feature", "properties": { "vor_id": 225, "theft_count": 11, "bike_trips": 2061, "theft_per_1000_trips": 5.3372149442018442 }, "geometry": { "type": "Polygon", "coordinates": [ [ [ -79.374579020109522, 43.65607096092257 ], [ -79.373512159660393, 43.656488490500159 ], [ -79.373099912529227, 43.654496563816025 ], [ -79.373282493511837, 43.654264600883657 ], [ -79.37423885961114, 43.654473512951483 ], [ -79.374579020109522, 43.65607096092257 ] ] ] } },
{ "type": "Feature", "properties": { "vor_id": 227, "theft_count": 29, "bike_trips": 3357, "theft_per_1000_trips": 8.6386654751266008 }, "geometry": { "type": "Polygon", "coordinates": [ [ [ -79.439804621760402, 43.641961998974239 ], [ -79.438422033430072, 43.642496450123751 ], [ -79.43569914085549, 43.640784811945522 ], [ -79.43804949787652, 43.638890859728505 ], [ -79.439589912383568, 43.640877226739939 ], [ -79.439804621760402, 43.641961998974239 ] ] ] } },
{ "type": "Feature", "properties": { "vor_id": 228, "theft_count": 9, "bike_trips": 1295, "theft_per_1000_trips": 6.9498069498069492 }, "geometry": { "type": "Polygon", "coordinates": [ [ [ -79.351455459664777, 43.65951576638048 ], [ -79.352085856477075, 43.659206194407922 ], [ -79.352746167643488, 43.65916853159019 ], [ -79.353271502436385, 43.659696198161207 ], [ -79.352492184160567, 43.661129705607621 ], [ -79.35081688001884, 43.661738753526791 ], [ -79.351259866427668, 43.659708501340319 ], [ -79.351455459664777, 43.65951576638048 ] ] ] } },
{ "type": "Feature", "properties": { "vor_id": 229, "theft_count": 82, "bike_trips": 4176, "theft_per_1000_trips": 19.636015325670499 }, "geometry": { "type": "Polygon", "coordinates": [ [ [ -79.384869878575273, 43.664193042885188 ], [ -79.385144309697864, 43.665521731758467 ], [ -79.385024270257759, 43.665693416929699 ], [ -79.383311001613862, 43.666404710942977 ], [ -79.38323579878363, 43.666314491056951 ], [ -79.382919002326787, 43.66574206361144 ], [ -79.383900597694605, 43.664597099354886 ], [ -79.384869878575273, 43.664193042885188 ] ] ] } },
{ "type": "Feature", "properties": { "vor_id": 230, "theft_count": 14, "bike_trips": 1045, "theft_per_1000_trips": 13.397129186602871 }, "geometry": { "type": "Polygon", "coordinates": [ [ [ -79.390970140271591, 43.670282817573138 ], [ -79.391980642920188, 43.670121383467013 ], [ -79.39245664183548, 43.672389107991478 ], [ -79.390982225564301, 43.672462302864425 ], [ -79.390605357155067, 43.670696973520634 ], [ -79.390730692996584, 43.670380861190921 ], [ -79.390970140271591, 43.670282817573138 ] ] ] } },
{ "type": "Feature", "properties": { "vor_id": 231, "theft_count": 98, "bike_trips": 2448, "theft_per_1000_trips": 40.032679738562088 }, "geometry": { "type": "Polygon", "coordinates": [ [ [ -79.394543994048149, 43.709623974415848 ], [ -79.39323291803548, 43.710129005342012 ], [ -79.390211034826748, 43.708619133828137 ], [ -79.39137901566221, 43.706311321578035 ], [ -79.393961686912888, 43.706742230346173 ], [ -79.394543994048149, 43.709623974415848 ] ] ] } },
{ "type": "Feature", "properties": { "vor_id": 232, "theft_count": 9, "bike_trips": 2037, "theft_per_1000_trips": 4.4182621502209134 }, "geometry": { "type": "Polygon", "coordinates": [ [ [ -79.360743124753697, 43.661667076612346 ], [ -79.362074436548355, 43.66180662471541 ], [ -79.36241883124265, 43.663371132195685 ], [ -79.361785539733276, 43.664190082502891 ], [ -79.360393007979695, 43.663564953339758 ], [ -79.360011967591461, 43.661984451947674 ], [ -79.360057385173789, 43.661945515716319 ], [ -79.360743124753697, 43.661667076612346 ] ] ] } },
{ "type": "Feature", "properties": { "vor_id": 233, "theft_count": 3, "bike_trips": 3950, "theft_per_1000_trips": 0.75949367088607589 }, "geometry": { "type": "Polygon", "coordinates": [ [ [ -79.494088493968817, 43.634198748583103 ], [ -79.491264991875397, 43.631937124796693 ], [ -79.493633872996355, 43.626375250395164 ], [ -79.496381878791695, 43.628865897668234 ], [ -79.499301119689662, 43.631030954274898 ], [ -79.494088493968817, 43.634198748583103 ] ] ] } },
{ "type": "Feature", "properties": { "vor_id": 234, "theft_count": 17, "bike_trips": 3673, "theft_per_1000_trips": 4.6283691805063985 }, "geometry": { "type": "Polygon", "coordinates": [ [ [ -79.385555551379952, 43.703131511816473 ], [ -79.387030325283149, 43.701584177201035 ], [ -79.388917584489036, 43.699932283066431 ], [ -79.39044607359159, 43.699783839254543 ], [ -79.391504284718096, 43.703404402258158 ], [ -79.390935012608992, 43.704138659745084 ], [ -79.385760610844216, 43.704146732725405 ], [ -79.385555551379952, 43.703131511816473 ] ] ] } },
{ "type": "Feature", "properties": { "vor_id": 235, "theft_count": 38, "bike_trips": 2223, "theft_per_1000_trips": 17.094017094017097 }, "geometry": { "type": "Polygon", "coordinates": [ [ [ -79.433199952280788, 43.666776236260667 ], [ -79.43288963348293, 43.666375367451614 ], [ -79.433309051766116, 43.662341950534405 ], [ -79.435208997785054, 43.662150900060567 ], [ -79.437210376360554, 43.662515049977067 ], [ -79.437329348334927, 43.663108123956029 ], [ -79.434257900326628, 43.666851077394696 ], [ -79.43407359966298, 43.666876483153061 ], [ -79.433199952280788, 43.666776236260667 ] ] ] } },
{ "type": "Feature", "properties": { "vor_id": 236, "theft_count": 8, "bike_trips": 5172, "theft_per_1000_trips": 1.5467904098994587 }, "geometry": { "type": "Polygon", "coordinates": [ [ [ -79.345715421008705, 43.681191825168462 ], [ -79.347898359157796, 43.682397614478731 ], [ -79.34767766617172, 43.682970510825882 ], [ -79.346364875852174, 43.68393185046952 ], [ -79.345657256418079, 43.683321146837301 ], [ -79.345715421008705, 43.681191825168462 ] ] ] } },
{ "type": "Feature", "properties": { "vor_id": 237, "theft_count": 1, "bike_trips": 1508, "theft_per_1000_trips": 0.66312997347480107 }, "geometry": { "type": "Polygon", "coordinates": [ [ [ -79.347960691075443, 43.780237024453527 ], [ -79.345603954810727, 43.782181227169339 ], [ -79.344672613766008, 43.779923397238022 ], [ -79.347960691075443, 43.780237024453527 ] ] ] } },
{ "type": "Feature", "properties": { "vor_id": 239, "theft_count": 52, "bike_trips": 2126, "theft_per_1000_trips": 24.459078080903105 }, "geometry": { "type": "Polygon", "coordinates": [ [ [ -79.390915451257655, 43.638718116576413 ], [ -79.392266386995459, 43.639602826891178 ], [ -79.391944855043221, 43.640724771743024 ], [ -79.390177615752492, 43.641443577380905 ], [ -79.389853183986204, 43.638456312889133 ], [ -79.390915451257655, 43.638718116576413 ] ] ] } },
{ "type": "Feature", "properties": { "vor_id": 240, "theft_count": 17, "bike_trips": 2233, "theft_per_1000_trips": 7.6130765785938204 }, "geometry": { "type": "Polygon", "coordinates": [ [ [ -79.433920310497456, 43.644074818292495 ], [ -79.431302348427053, 43.646542568862088 ], [ -79.4296269948466, 43.644281487244101 ], [ -79.429561461438738, 43.643874031905838 ], [ -79.431429385843629, 43.641743531121833 ], [ -79.433875986467271, 43.643674920493801 ], [ -79.433920310497456, 43.644074818292495 ] ] ] } },
{ "type": "Feature", "properties": { "vor_id": 241, "theft_count": 25, "bike_trips": 2598, "theft_per_1000_trips": 9.6227867590454199 }, "geometry": { "type": "Polygon", "coordinates": [ [ [ -79.356830964011991, 43.676555820027204 ], [ -79.357401251590233, 43.679190387047456 ], [ -79.35487449916873, 43.680169271042331 ], [ -79.354395455780903, 43.679901166782997 ], [ -79.354704301097584, 43.67601092725647 ], [ -79.355778083744482, 43.675760818726822 ], [ -79.356403020443722, 43.675845056325613 ], [ -79.356830964011991, 43.676555820027204 ] ] ] } },
{ "type": "Feature", "properties": { "vor_id": 242, "theft_count": 10, "bike_trips": 1297, "theft_per_1000_trips": 7.7101002313030076 }, "geometry": { "type": "Polygon", "coordinates": [ [ [ -79.346151507752182, 43.675037442546298 ], [ -79.345186237859778, 43.674167908040594 ], [ -79.345588440830355, 43.673026793572831 ], [ -79.349105471104991, 43.671559852545968 ], [ -79.349129833252888, 43.671616737961514 ], [ -79.349160379036732, 43.673763297778535 ], [ -79.346151507752182, 43.675037442546298 ] ] ] } },
{ "type": "Feature", "properties": { "vor_id": 243, "theft_count": 14, "bike_trips": 4278, "theft_per_1000_trips": 3.2725572697522205 }, "geometry": { "type": "Polygon", "coordinates": [ [ [ -79.392360894256669, 43.652863255647631 ], [ -79.39407687439035, 43.653234337995237 ], [ -79.394281127393484, 43.654212740595497 ], [ -79.392899354591449, 43.654769221916176 ], [ -79.392052343868514, 43.654014968896135 ], [ -79.391991918529271, 43.653701203316281 ], [ -79.392360894256669, 43.652863255647631 ] ] ] } },
{ "type": "Feature", "properties": { "vor_id": 244, "theft_count": 40, "bike_trips": 2209, "theft_per_1000_trips": 18.10774105930285 }, "geometry": { "type": "Polygon", "coordinates": [ [ [ -79.424165918369283, 43.641717461390712 ], [ -79.424022621418644, 43.640873440623622 ], [ -79.424342427110005, 43.640375163063794 ], [ -79.4255570860972, 43.639982070975357 ], [ -79.426179153420051, 43.640278669577356 ], [ -79.425768626297668, 43.641738758973879 ], [ -79.425180078958675, 43.641948484622105 ], [ -79.424165918369283, 43.641717461390712 ] ] ] } },
{ "type": "Feature", "properties": { "vor_id": 245, "theft_count": 17, "bike_trips": 2603, "theft_per_1000_trips": 6.530925854782943 }, "geometry": { "type": "Polygon", "coordinates": [ [ [ -79.362861912663078, 43.68637042229247 ], [ -79.354576229379788, 43.683929832673151 ], [ -79.355199590501911, 43.682936845119926 ], [ -79.362894548507398, 43.684960558025736 ], [ -79.362861912663078, 43.68637042229247 ] ] ] } },
{ "type": "Feature", "properties": { "vor_id": 246, "theft_count": 76, "bike_trips": 4273, "theft_per_1000_trips": 17.78609875965364 }, "geometry": { "type": "Polygon", "coordinates": [ [ [ -79.389079531873065, 43.637589754359858 ], [ -79.386444775601262, 43.641461991136275 ], [ -79.385955519145824, 43.641104054598863 ], [ -79.385137753754449, 43.64023304220683 ], [ -79.384642995036245, 43.639035546166426 ], [ -79.384562908942385, 43.638635211240697 ], [ -79.382784610927843, 43.627153773685805 ], [ -79.386236022876432, 43.625013177971979 ], [ -79.389079531873065, 43.637589754359858 ] ] ] } },
{ "type": "Feature", "properties": { "vor_id": 247, "theft_count": 51, "bike_trips": 4242, "theft_per_1000_trips": 12.022630834512023 }, "geometry": { "type": "Polygon", "coordinates": [ [ [ -79.38818015844214, 43.654223810183964 ], [ -79.3888578773891, 43.653830259996298 ], [ -79.389696193241519, 43.655238099367217 ], [ -79.388611394200808, 43.656629186180346 ], [ -79.388302050878451, 43.656716526000316 ], [ -79.387963720478396, 43.655053917542602 ], [ -79.38818015844214, 43.654223810183964 ] ] ] } },
{ "type": "Feature", "properties": { "vor_id": 249, "theft_count": 0, "bike_trips": 3021, "theft_per_1000_trips": 0.0 }, "geometry": { "type": "Polygon", "coordinates": [ [ [ -79.326810264767389, 43.639226157122529 ], [ -79.331841886593935, 43.651258999345245 ], [ -79.331811564326117, 43.651649292075106 ], [ -79.331466409568932, 43.654106549908576 ], [ -79.331438123179126, 43.654227722685235 ], [ -79.33101303162556, 43.653039671381848 ], [ -79.328915118217424, 43.648604006158806 ], [ -79.326392535615128, 43.644395331349124 ], [ -79.323469577668106, 43.640454178791913 ], [ -79.320174394059336, 43.636818503940773 ], [ -79.318556362614643, 43.635352005995557 ], [ -79.318927840355016, 43.631979035676395 ], [ -79.326810264767389, 43.639226157122529 ] ] ] } },
{ "type": "Feature", "properties": { "vor_id": 250, "theft_count": 14, "bike_trips": 4886, "theft_per_1000_trips": 2.8653295128939829 }, "geometry": { "type": "Polygon", "coordinates": [ [ [ -79.397098340440579, 43.71282748182378 ], [ -79.396655086558425, 43.71061646327783 ], [ -79.39992050731091, 43.709924616468427 ], [ -79.401989845161467, 43.711793459584605 ], [ -79.397098340440579, 43.71282748182378 ] ] ] } },
{ "type": "Feature", "properties": { "vor_id": 251, "theft_count": 36, "bike_trips": 3337, "theft_per_1000_trips": 10.788133053640994 }, "geometry": { "type": "Polygon", "coordinates": [ [ [ -79.432873841424509, 43.648112745887438 ], [ -79.437101642673326, 43.646494823582792 ], [ -79.435593609425226, 43.651536727871999 ], [ -79.435569710925094, 43.651527730333584 ], [ -79.434405384938401, 43.650618093458824 ], [ -79.433528898077441, 43.649749295216665 ], [ -79.432873841424509, 43.648112745887438 ] ] ] } },
{ "type": "Feature", "properties": { "vor_id": 252, "theft_count": 18, "bike_trips": 6286, "theft_per_1000_trips": 2.8635062042634427 }, "geometry": { "type": "Polygon", "coordinates": [ [ [ -79.276634062010444, 43.69036937225227 ], [ -79.267988488409486, 43.6882243771067 ], [ -79.264311882820564, 43.683368803628696 ], [ -79.272440241080091, 43.674828143678297 ], [ -79.273289627569412, 43.675371162577036 ], [ -79.278696935820932, 43.68116195447773 ], [ -79.279530593274288, 43.686610305480201 ], [ -79.279469415658994, 43.687593432295046 ], [ -79.276634062010444, 43.69036937225227 ] ] ] } },
{ "type": "Feature", "properties": { "vor_id": 253, "theft_count": 22, "bike_trips": 3828, "theft_per_1000_trips": 5.7471264367816088 }, "geometry": { "type": "Polygon", "coordinates": [ [ [ -79.45188236243979, 43.730118580163868 ], [ -79.449183948731147, 43.729120426257538 ], [ -79.450376223199285, 43.72048080203114 ], [ -79.452205606804526, 43.719767716764018 ], [ -79.455099474008975, 43.724154706972818 ], [ -79.452125753501633, 43.729844708064171 ], [ -79.45188236243979, 43.730118580163868 ] ] ] } },
{ "type": "Feature", "properties": { "vor_id": 254, "theft_count": 15, "bike_trips": 1025, "theft_per_1000_trips": 14.634146341463415 }, "geometry": { "type": "Polygon", "coordinates": [ [ [ -79.36419976278701, 43.654508887502239 ], [ -79.364895669406309, 43.652763465829217 ], [ -79.364928453672874, 43.652773654979029 ], [ -79.366962110306773, 43.654204804584211 ], [ -79.364996144494171, 43.655011035873031 ], [ -79.36419976278701, 43.654508887502239 ] ] ] } },
{ "type": "Feature", "properties": { "vor_id": 255, "theft_count": 53, "bike_trips": 3282, "theft_per_1000_trips": 16.148689823278488 }, "geometry": { "type": "Polygon", "coordinates": [ [ [ -79.411321906654251, 43.640571809994618 ], [ -79.411697585492448, 43.640711650069363 ], [ -79.411501702383802, 43.642768793475859 ], [ -79.411429901002535, 43.642969002663378 ], [ -79.411098090593683, 43.643098750205489 ], [ -79.409314622153161, 43.642517405475594 ], [ -79.409040199749029, 43.642174531364674 ], [ -79.408155990684264, 43.6401445274021 ], [ -79.411321906654251, 43.640571809994618 ] ] ] } },
{ "type": "Feature", "properties": { "vor_id": 256, "theft_count": 14, "bike_trips": 7287, "theft_per_1000_trips": 1.9212295869356388 }, "geometry": { "type": "Polygon", "coordinates": [ [ [ -79.463580990872572, 43.767926870211852 ], [ -79.454181232544656, 43.770324007175233 ], [ -79.437516672145165, 43.765729234638698 ], [ -79.436897766736081, 43.763709293128855 ], [ -79.450729010630681, 43.756043916506286 ], [ -79.460103622600073, 43.763094740933319 ], [ -79.463580990872572, 43.767926870211852 ] ] ] } },
{ "type": "Feature", "properties": { "vor_id": 258, "theft_count": 38, "bike_trips": 2090, "theft_per_1000_trips": 18.18181818181818 }, "geometry": { "type": "Polygon", "coordinates": [ [ [ -79.379641252696715, 43.650279636164775 ], [ -79.378049641349236, 43.650941477058879 ], [ -79.377259265697958, 43.650157503640742 ], [ -79.378473546645992, 43.649644315921556 ], [ -79.379564993228513, 43.649933260974002 ], [ -79.379641252696715, 43.650279636164775 ] ] ] } },
{ "type": "Feature", "properties": { "vor_id": 259, "theft_count": 49, "bike_trips": 3105, "theft_per_1000_trips": 15.780998389694043 }, "geometry": { "type": "Polygon", "coordinates": [ [ [ -79.373143925577565, 43.649196017724762 ], [ -79.373051832381051, 43.650652299920779 ], [ -79.372470413700285, 43.650747729779525 ], [ -79.372383236497484, 43.650709135990084 ], [ -79.371493983440047, 43.648538668856105 ], [ -79.372654904256095, 43.648061001482269 ], [ -79.373143925577565, 43.649196017724762 ] ] ] } },
{ "type": "Feature", "properties": { "vor_id": 260, "theft_count": 9, "bike_trips": 4398, "theft_per_1000_trips": 2.0463847203274215 }, "geometry": { "type": "Polygon", "coordinates": [ [ [ -79.416044505760951, 43.653742089460223 ], [ -79.416292777892679, 43.654119038956232 ], [ -79.415873065100186, 43.656917107641789 ], [ -79.414998031201321, 43.656843569979401 ], [ -79.41461376090848, 43.654325371526973 ], [ -79.416044505760951, 43.653742089460223 ] ] ] } },
{ "type": "Feature", "properties": { "vor_id": 262, "theft_count": 19, "bike_trips": 1217, "theft_per_1000_trips": 15.612161051766639 }, "geometry": { "type": "Polygon", "coordinates": [ [ [ -79.373363549949786, 43.673110341063307 ], [ -79.373531979967737, 43.672977265124437 ], [ -79.374594449748102, 43.6723541613515 ], [ -79.375608088166913, 43.672500785772641 ], [ -79.378171400030581, 43.676095978483829 ], [ -79.378707490073566, 43.67801011632443 ], [ -79.376312690486046, 43.677611672130205 ], [ -79.37400825910251, 43.675494727094552 ], [ -79.373363549949786, 43.673110341063307 ] ] ] } },
{ "type": "Feature", "properties": { "vor_id": 263, "theft_count": 10, "bike_trips": 2398, "theft_per_1000_trips": 4.1701417848206841 }, "geometry": { "type": "Polygon", "coordinates": [ [ [ -79.424175520436251, 43.702900320519547 ], [ -79.42077956324043, 43.703862938549349 ], [ -79.421567099413338, 43.700875707137492 ], [ -79.423344732975593, 43.699363027796728 ], [ -79.424483718861595, 43.700472575926185 ], [ -79.424175520436251, 43.702900320519547 ] ] ] } },
{ "type": "Feature", "properties": { "vor_id": 264, "theft_count": 35, "bike_trips": 3228, "theft_per_1000_trips": 10.842627013630731 }, "geometry": { "type": "Polygon", "coordinates": [ [ [ -79.396161390633708, 43.644068311357053 ], [ -79.396482612554436, 43.645651061907273 ], [ -79.396337132931009, 43.645710370073438 ], [ -79.39511670883968, 43.645850454343581 ], [ -79.394910899865437, 43.644886068143826 ], [ -79.396161390633708, 43.644068311357053 ] ] ] } },
{ "type": "Feature", "properties": { "vor_id": 265, "theft_count": 41, "bike_trips": 2130, "theft_per_1000_trips": 19.248826291079812 }, "geometry": { "type": "Polygon", "coordinates": [ [ [ -79.390020673927339, 43.641823638827489 ], [ -79.390297227393262, 43.642080212068564 ], [ -79.390754077691483, 43.644145358666478 ], [ -79.389490006886348, 43.644664421159526 ], [ -79.388970327063518, 43.642186687376444 ], [ -79.390020673927339, 43.641823638827489 ] ] ] } },
{ "type": "Feature", "properties": { "vor_id": 268, "theft_count": 19, "bike_trips": 1071, "theft_per_1000_trips": 17.740429505135388 }, "geometry": { "type": "Polygon", "coordinates": [ [ [ -79.395656308079282, 43.654680746818627 ], [ -79.397221347339169, 43.65403044716151 ], [ -79.397466179054788, 43.654134168110325 ], [ -79.397750863330259, 43.654685495467369 ], [ -79.397934753482843, 43.655582975643945 ], [ -79.396765845241518, 43.656071006555287 ], [ -79.395512819450715, 43.655500199480706 ], [ -79.395656308079282, 43.654680746818627 ] ] ] } },
{ "type": "Feature", "properties": { "vor_id": 269, "theft_count": 5, "bike_trips": 1118, "theft_per_1000_trips": 4.4722719141323788 }, "geometry": { "type": "Polygon", "coordinates": [ [ [ -79.434573637326935, 43.639446059927288 ], [ -79.434633366321265, 43.639709829070704 ], [ -79.43130280903371, 43.641116132197048 ], [ -79.431148279868765, 43.640934108313935 ], [ -79.430908987767864, 43.639764328169022 ], [ -79.43185751469106, 43.638280986662345 ], [ -79.434573637326935, 43.639446059927288 ] ] ] } },
{ "type": "Feature", "properties": { "vor_id": 270, "theft_count": 15, "bike_trips": 2359, "theft_per_1000_trips": 6.3586265366680799 }, "geometry": { "type": "Polygon", "coordinates": [ [ [ -79.428744210065787, 43.673307652761281 ], [ -79.431194647307223, 43.675890981738057 ], [ -79.430595219338954, 43.67718748016226 ], [ -79.429385196427376, 43.677808110265381 ], [ -79.428196878958076, 43.677214274315432 ], [ -79.427393433306761, 43.676041185548335 ], [ -79.427187060191272, 43.673781645669187 ], [ -79.427682753310251, 43.673390698782285 ], [ -79.428744210065787, 43.673307652761281 ] ] ] } },
{ "type": "Feature", "properties": { "vor_id": 271, "theft_count": 11, "bike_trips": 3251, "theft_per_1000_trips": 3.3835742848354351 }, "geometry": { "type": "Polygon", "coordinates": [ [ [ -79.410464880703287, 43.661900194133757 ], [ -79.40929885288125, 43.662372629176708 ], [ -79.408967718301511, 43.660843645915271 ], [ -79.409840552712353, 43.660491956136241 ], [ -79.410184279733684, 43.660584384119645 ], [ -79.410464880703287, 43.661900194133757 ] ] ] } },
{ "type": "Feature", "properties": { "vor_id": 272, "theft_count": 22, "bike_trips": 3838, "theft_per_1000_trips": 5.7321521625846792 }, "geometry": { "type": "Polygon", "coordinates": [ [ [ -79.32343203976265, 43.676918081395101 ], [ -79.323520646865532, 43.676927595337887 ], [ -79.324417331288771, 43.681397449469557 ], [ -79.321829989009032, 43.68161432010595 ], [ -79.319793070964451, 43.680470908285841 ], [ -79.319455205556906, 43.680235667468907 ], [ -79.32343203976265, 43.676918081395101 ] ] ] } },
{ "type": "Feature", "properties": { "vor_id": 273, "theft_count": 14, "bike_trips": 1053, "theft_per_1000_trips": 13.295346628679962 }, "geometry": { "type": "Polygon", "coordinates": [ [ [ -79.38631685777537, 43.654321583796772 ], [ -79.385115678068161, 43.652150403859153 ], [ -79.385850566300206, 43.651701990723886 ], [ -79.386565859296155, 43.651704279581679 ], [ -79.387094348747851, 43.654047286864262 ], [ -79.38638859873015, 43.654337716049781 ], [ -79.38631685777537, 43.654321583796772 ] ] ] } },
{ "type": "Feature", "properties": { "vor_id": 274, "theft_count": 28, "bike_trips": 2351, "theft_per_1000_trips": 11.909825606125054 }, "geometry": { "type": "Polygon", "coordinates": [ [ [ -79.446238246506894, 43.677078719289092 ], [ -79.446967767274472, 43.675389893800087 ], [ -79.448178724201213, 43.673962472740811 ], [ -79.451292131121136, 43.673236159243693 ], [ -79.454684555374314, 43.677203638332188 ], [ -79.448818873143153, 43.683327147890736 ], [ -79.44767254459849, 43.683493957527496 ], [ -79.446238246506894, 43.677078719289092 ] ] ] } },
{ "type": "Feature", "properties": { "vor_id": 275, "theft_count": 14, "bike_trips": 3858, "theft_per_1000_trips": 3.6288232244686367 }, "geometry": { "type": "Polygon", "coordinates": [ [ [ -79.33177960719469, 43.671116651867045 ], [ -79.332189240127107, 43.674961251489961 ], [ -79.327596963616358, 43.673236641065436 ], [ -79.327582350459124, 43.673186773901016 ], [ -79.327628766116703, 43.672010643249003 ], [ -79.330933874058104, 43.670826856656902 ], [ -79.33177960719469, 43.671116651867045 ] ] ] } },
{ "type": "Feature", "properties": { "vor_id": 276, "theft_count": 21, "bike_trips": 10665, "theft_per_1000_trips": 1.969057665260197 }, "geometry": { "type": "Polygon", "coordinates": [ [ [ -79.430098857349648, 43.790958574867489 ], [ -79.431317796019258, 43.792014353223983 ], [ -79.431775341580646, 43.792881407098257 ], [ -79.432007943979713, 43.794449485100799 ], [ -79.432236309894023, 43.795361173082291 ], [ -79.431963311081333, 43.795421499581572 ], [ -79.42973940094636, 43.795912979874615 ], [ -79.428587991725394, 43.796161060392883 ], [ -79.428587385743583, 43.796161196585999 ], [ -79.428453685743563, 43.796192496595687 ], [ -79.428452432514348, 43.796192814832708 ], [ -79.428321581308666, 43.796228682182537 ], [ -79.427957614034526, 43.796308677207023 ], [ -79.427772500048974, 43.796348637065265 ], [ -79.42685642214802, 43.79653961167098 ], [ -79.426855968549219, 43.796539709355798 ], [ -79.426652168549225, 43.796585009369892 ], [ -79.426651557284274, 43.796585151015123 ], [ -79.426369153588638, 43.796653279554207 ], [ -79.425414252109348, 43.796866013115647 ], [ -79.425414222677134, 43.796866019685872 ], [ -79.425368893204663, 43.796876159176279 ], [ -79.424836225290306, 43.796986507550812 ], [ -79.423993589540672, 43.79713792417553 ], [ -79.423991888523616, 43.797138272991639 ], [ -79.423390788523619, 43.797277073034678 ], [ -79.423175226030523, 43.797326918129116 ], [ -79.423126711572849, 43.797337394791477 ], [ -79.422991166715946, 43.795530757263847 ], [ -79.423234524592672, 43.794102832400966 ], [ -79.430098857349648, 43.790958574867489 ] ] ] } },
{ "type": "Feature", "properties": { "vor_id": 278, "theft_count": 17, "bike_trips": 2141, "theft_per_1000_trips": 7.9402148528724892 }, "geometry": { "type": "Polygon", "coordinates": [ [ [ -79.394972823311349, 43.656081719571205 ], [ -79.394636512380771, 43.65738805820255 ], [ -79.393475862301031, 43.657599926666641 ], [ -79.39319129536868, 43.657596765886339 ], [ -79.392802720192464, 43.655754336465861 ], [ -79.392930002679108, 43.654836180192206 ], [ -79.394972823311349, 43.656081719571205 ] ] ] } },
{ "type": "Feature", "properties": { "vor_id": 279, "theft_count": 9, "bike_trips": 4478, "theft_per_1000_trips": 2.0098258150960251 }, "geometry": { "type": "Polygon", "coordinates": [ [ [ -79.452364438484324, 43.657081343424629 ], [ -79.449415405379597, 43.658291033278623 ], [ -79.447909927505833, 43.657158824311892 ], [ -79.447664700956253, 43.655996867961214 ], [ -79.448210365520254, 43.655219977826391 ], [ -79.450793912425127, 43.65566457933668 ], [ -79.452391688119476, 43.656964530110471 ], [ -79.452364438484324, 43.657081343424629 ] ] ] } },
{ "type": "Feature", "properties": { "vor_id": 280, "theft_count": 75, "bike_trips": 4179, "theft_per_1000_trips": 17.946877243359655 }, "geometry": { "type": "Polygon", "coordinates": [ [ [ -79.378205369264094, 43.653161005891484 ], [ -79.378483758790708, 43.65231937873363 ], [ -79.379872935441057, 43.651750732498712 ], [ -79.380139408093683, 43.653029300668486 ], [ -79.37950168586012, 43.653299871760559 ], [ -79.378864577473436, 43.653337980676852 ], [ -79.378205369264094, 43.653161005891484 ] ] ] } },
{ "type": "Feature", "properties": { "vor_id": 281, "theft_count": 11, "bike_trips": 4392, "theft_per_1000_trips": 2.5045537340619308 }, "geometry": { "type": "Polygon", "coordinates": [ [ [ -79.428040362274942, 43.762250440245182 ], [ -79.419393100598427, 43.764044529171912 ], [ -79.419086097362921, 43.763650808769832 ], [ -79.41636993117379, 43.754677344066749 ], [ -79.416580378453688, 43.751185556439474 ], [ -79.416993467903126, 43.74989422074205 ], [ -79.426281219104951, 43.747341694988094 ], [ -79.432628191542662, 43.752282872980636 ], [ -79.433682444864289, 43.760213983513367 ], [ -79.428040362274942, 43.762250440245182 ] ] ] } },
{ "type": "Feature", "properties": { "vor_id": 282, "theft_count": 22, "bike_trips": 2088, "theft_per_1000_trips": 10.536398467432951 }, "geometry": { "type": "Polygon", "coordinates": [ [ [ -79.386815593763885, 43.668817043590174 ], [ -79.384988335288327, 43.669600646979852 ], [ -79.384637917433778, 43.669271550329931 ], [ -79.386736436488832, 43.668443187543424 ], [ -79.386740012986976, 43.668445570238021 ], [ -79.386815593763885, 43.668817043590174 ] ] ] } },
{ "type": "Feature", "properties": { "vor_id": 284, "theft_count": 34, "bike_trips": 2159, "theft_per_1000_trips": 15.748031496062993 }, "geometry": { "type": "Polygon", "coordinates": [ [ [ -79.398441617807009, 43.648024251160358 ], [ -79.399142341895242, 43.646573015863531 ], [ -79.400156263790464, 43.646742613825232 ], [ -79.400227102261894, 43.647072786816722 ], [ -79.399588794710482, 43.648485163703313 ], [ -79.398538720667261, 43.64818477722222 ], [ -79.398441617807009, 43.648024251160358 ] ] ] } },
{ "type": "Feature", "properties": { "vor_id": 285, "theft_count": 9, "bike_trips": 1099, "theft_per_1000_trips": 8.1892629663330307 }, "geometry": { "type": "Polygon", "coordinates": [ [ [ -79.417185040037666, 43.670291740387007 ], [ -79.416069794124525, 43.66821729037779 ], [ -79.416064372285618, 43.667909118660042 ], [ -79.416418433749968, 43.6677716325528 ], [ -79.417718071412722, 43.667975532886238 ], [ -79.419171348479225, 43.669519948179513 ], [ -79.417185040037666, 43.670291740387007 ] ] ] } },
{ "type": "Feature", "properties": { "vor_id": 286, "theft_count": 36, "bike_trips": 1098, "theft_per_1000_trips": 32.786885245901644 }, "geometry": { "type": "Polygon", "coordinates": [ [ [ -79.415775313907687, 43.662187292766824 ], [ -79.415160384170719, 43.662814005008897 ], [ -79.414407086773892, 43.663116180606224 ], [ -79.412331664530868, 43.66200432406086 ], [ -79.412611389499489, 43.660777930818639 ], [ -79.413095281493014, 43.660583034778966 ], [ -79.415562370928328, 43.66193484020355 ], [ -79.415775313907687, 43.662187292766824 ] ] ] } },
{ "type": "Feature", "properties": { "vor_id": 289, "theft_count": 19, "bike_trips": 2197, "theft_per_1000_trips": 8.6481565771506599 }, "geometry": { "type": "Polygon", "coordinates": [ [ [ -79.417379719005211, 43.66172437869561 ], [ -79.418117996227039, 43.665134188023401 ], [ -79.41678746889832, 43.664673030468009 ], [ -79.416237532934659, 43.662158943306203 ], [ -79.417379719005211, 43.66172437869561 ] ] ] } },
{ "type": "Feature", "properties": { "vor_id": 290, "theft_count": 24, "bike_trips": 6266, "theft_per_1000_trips": 3.8301947015639959 }, "geometry": { "type": "Polygon", "coordinates": [ [ [ -79.337345540207153, 43.699620417324589 ], [ -79.343459543462004, 43.701600086584648 ], [ -79.345914714112908, 43.703918179372394 ], [ -79.345167172476337, 43.70785026296754 ], [ -79.333386576126401, 43.713047944893688 ], [ -79.330846794399278, 43.70219595020594 ], [ -79.337345540207153, 43.699620417324589 ] ] ] } },
{ "type": "Feature", "properties": { "vor_id": 291, "theft_count": 15, "bike_trips": 7149, "theft_per_1000_trips": 2.0981955518254303 }, "geometry": { "type": "Polygon", "coordinates": [ [ [ -79.522240623135104, 43.735118577024281 ], [ -79.522553054112407, 43.735143280336565 ], [ -79.513994767832529, 43.747157346054969 ], [ -79.513182395228512, 43.7482977493476 ], [ -79.503215076655493, 43.747678437319792 ], [ -79.502274120857351, 43.741907888078991 ], [ -79.503997078333697, 43.740305683462317 ], [ -79.50494759483378, 43.739421783571864 ], [ -79.522240623135104, 43.735118577024281 ] ] ] } },
{ "type": "Feature", "properties": { "vor_id": 292, "theft_count": 18, "bike_trips": 1077, "theft_per_1000_trips": 16.713091922005571 }, "geometry": { "type": "Polygon", "coordinates": [ [ [ -79.406712826778289, 43.659557264694328 ], [ -79.40600999214449, 43.660569957525624 ], [ -79.404213779884657, 43.659108760566731 ], [ -79.404147274041989, 43.65889899664564 ], [ -79.405262421225245, 43.657541151153985 ], [ -79.405716912208177, 43.65720407766824 ], [ -79.406151077200761, 43.656810573456298 ], [ -79.406712826778289, 43.659557264694328 ] ] ] } },
{ "type": "Feature", "properties": { "vor_id": 293, "theft_count": 10, "bike_trips": 2839, "theft_per_1000_trips": 3.5223670306445931 }, "geometry": { "type": "Polygon", "coordinates": [ [ [ -79.273289627569412, 43.675371162577036 ], [ -79.284124800279358, 43.676115955593211 ], [ -79.284785733295266, 43.679227563078499 ], [ -79.279924579123573, 43.681263125462777 ], [ -79.278696935820932, 43.68116195447773 ], [ -79.273289627569412, 43.675371162577036 ] ] ] } },
{ "type": "Feature", "properties": { "vor_id": 294, "theft_count": 10, "bike_trips": 6381, "theft_per_1000_trips": 1.567152483936687 }, "geometry": { "type": "Polygon", "coordinates": [ [ [ -79.190132388944207, 43.79622072568479 ], [ -79.188633630454646, 43.797395821718148 ], [ -79.188420430603728, 43.797409281839883 ], [ -79.188438898999848, 43.797033349000102 ], [ -79.188198135333494, 43.792132491983622 ], [ -79.187478163020046, 43.787278832899297 ], [ -79.186285915786485, 43.782519115137376 ], [ -79.185837627051683, 43.781266232055579 ], [ -79.195568886382503, 43.782211029987366 ], [ -79.190132388944207, 43.79622072568479 ] ] ] } },
{ "type": "Feature", "properties": { "vor_id": 296, "theft_count": 16, "bike_trips": 10839, "theft_per_1000_trips": 1.4761509364332503 }, "geometry": { "type": "Polygon", "coordinates": [ [ [ -79.274338643792689, 43.782475433303858 ], [ -79.271820743102083, 43.783325855279124 ], [ -79.263371454480051, 43.772656380569323 ], [ -79.271685963848455, 43.763751982075668 ], [ -79.275556849090506, 43.765268265576204 ], [ -79.276298105335371, 43.77059588795818 ], [ -79.274338643792689, 43.782475433303858 ] ] ] } },
{ "type": "Feature", "properties": { "vor_id": 297, "theft_count": 62, "bike_trips": 2105, "theft_per_1000_trips": 29.453681710213775 }, "geometry": { "type": "Polygon", "coordinates": [ [ [ -79.382940856061211, 43.654435895664861 ], [ -79.381958461467775, 43.653398930539666 ], [ -79.381757418853368, 43.652493210169837 ], [ -79.384109898653435, 43.652080325148056 ], [ -79.384304624213257, 43.652235475306618 ], [ -79.383122603095671, 43.654363067751255 ], [ -79.382940856061211, 43.654435895664861 ] ] ] } },
{ "type": "Feature", "properties": { "vor_id": 299, "theft_count": 27, "bike_trips": 2138, "theft_per_1000_trips": 12.628624883068289 }, "geometry": { "type": "Polygon", "coordinates": [ [ [ -79.391991918529271, 43.653701203316281 ], [ -79.392052343868514, 43.654014968896135 ], [ -79.391314457764111, 43.654986856435059 ], [ -79.390245038089063, 43.655424717327499 ], [ -79.389696193241519, 43.655238099367217 ], [ -79.3888578773891, 43.653830259996298 ], [ -79.389135079716681, 43.653231368484292 ], [ -79.391991918529271, 43.653701203316281 ] ] ] } },
{ "type": "Feature", "properties": { "vor_id": 300, "theft_count": 15, "bike_trips": 2225, "theft_per_1000_trips": 6.7415730337078656 }, "geometry": { "type": "Polygon", "coordinates": [ [ [ -79.445346581212434, 43.661792162761181 ], [ -79.444756456763741, 43.660735942031771 ], [ -79.445141385061788, 43.659378838666257 ], [ -79.446934658015877, 43.658759291537201 ], [ -79.44878099460945, 43.659156454972255 ], [ -79.448968003992562, 43.660790789146084 ], [ -79.448251191525927, 43.662377105111737 ], [ -79.445611809639942, 43.661895973717975 ], [ -79.445346581212434, 43.661792162761181 ] ] ] } },
{ "type": "Feature", "properties": { "vor_id": 301, "theft_count": 39, "bike_trips": 2088, "theft_per_1000_trips": 18.678160919540232 }, "geometry": { "type": "Polygon", "coordinates": [ [ [ -79.381334077759917, 43.658712659390609 ], [ -79.380778510536288, 43.658410414912098 ], [ -79.380850988098189, 43.657912043726057 ], [ -79.382751300455709, 43.657099300572632 ], [ -79.382924864506947, 43.65738706952645 ], [ -79.383049278393557, 43.657975241124724 ], [ -79.381334077759917, 43.658712659390609 ] ] ] } },
{ "type": "Feature", "properties": { "vor_id": 302, "theft_count": 28, "bike_trips": 3177, "theft_per_1000_trips": 8.8133459238275087 }, "geometry": { "type": "Polygon", "coordinates": [ [ [ -79.376680534633351, 43.643053314083019 ], [ -79.378308480421367, 43.642356494269542 ], [ -79.379255746989386, 43.644223902859501 ], [ -79.377843931383737, 43.64482591554173 ], [ -79.377289226514506, 43.644522849014081 ], [ -79.376697382267963, 43.64335586824653 ], [ -79.376680534633351, 43.643053314083019 ] ] ] } },
{ "type": "Feature", "properties": { "vor_id": 303, "theft_count": 44, "bike_trips": 1038, "theft_per_1000_trips": 42.389210019267821 }, "geometry": { "type": "Polygon", "coordinates": [ [ [ -79.379440154083355, 43.657170849758181 ], [ -79.379795116600178, 43.658777491552698 ], [ -79.379355070918379, 43.659333806338232 ], [ -79.378364409087254, 43.659279514444719 ], [ -79.377971371733651, 43.65738805684088 ], [ -79.378916956488453, 43.656995717037603 ], [ -79.379440154083355, 43.657170849758181 ] ] ] } },
{ "type": "Feature", "properties": { "vor_id": 304, "theft_count": 11, "bike_trips": 2409, "theft_per_1000_trips": 4.5662100456620998 }, "geometry": { "type": "Polygon", "coordinates": [ [ [ -79.417696506081597, 43.730845042787124 ], [ -79.423127994251502, 43.725235579407077 ], [ -79.430306318859863, 43.731108413771331 ], [ -79.417696506081597, 43.730845042787124 ] ] ] } },
{ "type": "Feature", "properties": { "vor_id": 305, "theft_count": 24, "bike_trips": 2563, "theft_per_1000_trips": 9.3640265314085056 }, "geometry": { "type": "Polygon", "coordinates": [ [ [ -79.326300528267282, 43.68343158186385 ], [ -79.325731264975587, 43.682973331588116 ], [ -79.324434005703338, 43.681401987331988 ], [ -79.325467575381325, 43.680310622457 ], [ -79.326821574126214, 43.679744966255164 ], [ -79.327507136479824, 43.682934061486172 ], [ -79.326300528267282, 43.68343158186385 ] ] ] } },
{ "type": "Feature", "properties": { "vor_id": 306, "theft_count": 11, "bike_trips": 2210, "theft_per_1000_trips": 4.9773755656108598 }, "geometry": { "type": "Polygon", "coordinates": [ [ [ -79.426468053647454, 43.662875758924478 ], [ -79.427228207559196, 43.662979717026744 ], [ -79.428000572933286, 43.663912322901929 ], [ -79.427641648296316, 43.665888884243984 ], [ -79.426402718353515, 43.666406354535148 ], [ -79.425691095376621, 43.663199463492525 ], [ -79.426468053647454, 43.662875758924478 ] ] ] } },
{ "type": "Feature", "properties": { "vor_id": 307, "theft_count": 34, "bike_trips": 2079, "theft_per_1000_trips": 16.354016354016352 }, "geometry": { "type": "Polygon", "coordinates": [ [ [ -79.380073023931487, 43.664262684425381 ], [ -79.379295449390384, 43.664080743869746 ], [ -79.379054428405766, 43.663886114779316 ], [ -79.37916256635306, 43.663563687349523 ], [ -79.381430664165578, 43.662623847761871 ], [ -79.381646924210202, 43.663614237530304 ], [ -79.380073023931487, 43.664262684425381 ] ] ] } },
{ "type": "Feature", "properties": { "vor_id": 308, "theft_count": 11, "bike_trips": 1301, "theft_per_1000_trips": 8.4550345887778633 }, "geometry": { "type": "Polygon", "coordinates": [ [ [ -79.354799565594405, 43.684999498411287 ], [ -79.355034282557909, 43.687498306913845 ], [ -79.35499352043071, 43.687536198458929 ], [ -79.350688324138531, 43.687118858530738 ], [ -79.350663478915607, 43.687082062796271 ], [ -79.351936339790427, 43.684411952115575 ], [ -79.353353549570258, 43.684015662873072 ], [ -79.354471696527526, 43.684022451103985 ], [ -79.354799565594405, 43.684999498411287 ] ] ] } },
{ "type": "Feature", "properties": { "vor_id": 309, "theft_count": 7, "bike_trips": 2435, "theft_per_1000_trips": 2.8747433264887063 }, "geometry": { "type": "Polygon", "coordinates": [ [ [ -79.378707490073566, 43.67801011632443 ], [ -79.379299538259716, 43.678401392313475 ], [ -79.380006764214855, 43.679574488124203 ], [ -79.373367136277722, 43.685682399185673 ], [ -79.370103545716859, 43.680659327569302 ], [ -79.372145244529406, 43.679183994816249 ], [ -79.376312690486046, 43.677611672130205 ], [ -79.378707490073566, 43.67801011632443 ] ] ] } },
{ "type": "Feature", "properties": { "vor_id": 310, "theft_count": 24, "bike_trips": 2061, "theft_per_1000_trips": 11.644832605531295 }, "geometry": { "type": "Polygon", "coordinates": [ [ [ -79.373051832381051, 43.650652299920779 ], [ -79.37326322984805, 43.650749916190641 ], [ -79.373910655584751, 43.651962857428522 ], [ -79.37393604951437, 43.652073701886991 ], [ -79.372213574819284, 43.652778900162069 ], [ -79.37188906027751, 43.651965617966191 ], [ -79.372470413700285, 43.650747729779525 ], [ -79.373051832381051, 43.650652299920779 ] ] ] } },
{ "type": "Feature", "properties": { "vor_id": 311, "theft_count": 10, "bike_trips": 1099, "theft_per_1000_trips": 9.0991810737033667 }, "geometry": { "type": "Polygon", "coordinates": [ [ [ -79.417185040037666, 43.670291740387007 ], [ -79.41716475126249, 43.671193101157868 ], [ -79.415447561943864, 43.671862678744894 ], [ -79.41447126681372, 43.670763215605682 ], [ -79.416069794124525, 43.66821729037779 ], [ -79.417185040037666, 43.670291740387007 ] ] ] } },
{ "type": "Feature", "properties": { "vor_id": 312, "theft_count": 20, "bike_trips": 2089, "theft_per_1000_trips": 9.5739588319770217 }, "geometry": { "type": "Polygon", "coordinates": [ [ [ -79.393817849280808, 43.672869901609403 ], [ -79.394105142810787, 43.67325043251217 ], [ -79.393485339801742, 43.676332069916079 ], [ -79.391869911027882, 43.676653744109892 ], [ -79.391592068719604, 43.676023707729925 ], [ -79.39343636971482, 43.672925308385572 ], [ -79.393817849280808, 43.672869901609403 ] ] ] } },
{ "type": "Feature", "properties": { "vor_id": 314, "theft_count": 7, "bike_trips": 6519, "theft_per_1000_trips": 1.0737843227488879 }, "geometry": { "type": "Polygon", "coordinates": [ [ [ -79.405988687352504, 43.622931421860905 ], [ -79.408066563164255, 43.625159714329222 ], [ -79.40806822639631, 43.625161314257724 ], [ -79.408070107431598, 43.625162782344383 ], [ -79.408072186452756, 43.625164103122422 ], [ -79.40807444155665, 43.625165262677015 ], [ -79.408076848985019, 43.625166248791906 ], [ -79.408079383374783, 43.625167051078023 ], [ -79.40808201802534, 43.625167661083061 ], [ -79.408084725179734, 43.625168072380397 ], [ -79.408087476317277, 43.625168280636892 ], [ -79.408339352064445, 43.625177925948009 ], [ -79.41140989987187, 43.636629538793962 ], [ -79.410765757729166, 43.636871233900656 ], [ -79.40925761119874, 43.637224502504068 ], [ -79.406498469524053, 43.632451128040103 ], [ -79.405292102404601, 43.628892980053365 ], [ -79.405299382012132, 43.62855814550641 ], [ -79.405988687352504, 43.622931421860905 ] ] ] } },
{ "type": "Feature", "properties": { "vor_id": 317, "theft_count": 9, "bike_trips": 2223, "theft_per_1000_trips": 4.048582995951417 }, "geometry": { "type": "Polygon", "coordinates": [ [ [ -79.434405384938401, 43.650618093458824 ], [ -79.430138524463786, 43.65221381058155 ], [ -79.430121567495647, 43.652210231226981 ], [ -79.429943766191499, 43.651875306303488 ], [ -79.42987692794452, 43.651542471800767 ], [ -79.431123847066729, 43.650652831453108 ], [ -79.433528898077441, 43.649749295216665 ], [ -79.434405384938401, 43.650618093458824 ] ] ] } },
{ "type": "Feature", "properties": { "vor_id": 318, "theft_count": 44, "bike_trips": 1036, "theft_per_1000_trips": 42.471042471042466 }, "geometry": { "type": "Polygon", "coordinates": [ [ [ -79.37445628574045, 43.652504087432391 ], [ -79.374011237610731, 43.652264537419562 ], [ -79.37393604951437, 43.652073701886991 ], [ -79.373910655584751, 43.651962857428522 ], [ -79.376097095515746, 43.651067499638586 ], [ -79.37614618517037, 43.651066599128477 ], [ -79.37581781969304, 43.651927927989483 ], [ -79.37445628574045, 43.652504087432391 ] ] ] } },
{ "type": "Feature", "properties": { "vor_id": 319, "theft_count": 4, "bike_trips": 2595, "theft_per_1000_trips": 1.5414258188824663 }, "geometry": { "type": "Polygon", "coordinates": [ [ [ -79.349618623717603, 43.674061083658607 ], [ -79.35277596757652, 43.672777001975717 ], [ -79.353048794231682, 43.674195295462539 ], [ -79.350305517241139, 43.675314006074395 ], [ -79.349618623717603, 43.674061083658607 ] ] ] } },
{ "type": "Feature", "properties": { "vor_id": 322, "theft_count": 36, "bike_trips": 3258, "theft_per_1000_trips": 11.049723756906078 }, "geometry": { "type": "Polygon", "coordinates": [ [ [ -79.401255700039314, 43.636065024986223 ], [ -79.400583552544845, 43.63599347553933 ], [ -79.400416958852801, 43.635801539140459 ], [ -79.400486335121442, 43.635346340933161 ], [ -79.404433692995141, 43.631252949768388 ], [ -79.403781586131018, 43.633835704069917 ], [ -79.401255700039314, 43.636065024986223 ] ] ] } },
{ "type": "Feature", "properties": { "vor_id": 323, "theft_count": 21, "bike_trips": 3612, "theft_per_1000_trips": 5.8139534883720927 }, "geometry": { "type": "Polygon", "coordinates": [ [ [ -79.402595966574353, 43.687919406076077 ], [ -79.40785095536377, 43.68999649445167 ], [ -79.408543839035787, 43.693164757847185 ], [ -79.404107231281699, 43.694940054250573 ], [ -79.402948043108935, 43.694268444544669 ], [ -79.40212534463646, 43.6936339109701 ], [ -79.399907183714774, 43.691627341205795 ], [ -79.4002802825554, 43.689766750422081 ], [ -79.402595966574353, 43.687919406076077 ] ] ] } },
{ "type": "Feature", "properties": { "vor_id": 324, "theft_count": 28, "bike_trips": 7397, "theft_per_1000_trips": 3.7853183723130996 }, "geometry": { "type": "Polygon", "coordinates": [ [ [ -79.393985766352031, 43.729998446106286 ], [ -79.386489147595853, 43.735701540226664 ], [ -79.382185433139654, 43.73614788741537 ], [ -79.379290868495843, 43.733970790140098 ], [ -79.384911308331709, 43.720959608510249 ], [ -79.384975857868781, 43.720912278523294 ], [ -79.389814388133601, 43.718989573361874 ], [ -79.39216980439619, 43.7185340831142 ], [ -79.395527432969075, 43.718641358994425 ], [ -79.396621133064173, 43.719187308333836 ], [ -79.397696564224347, 43.723330570314587 ], [ -79.393985766352031, 43.729998446106286 ] ] ] } },
{ "type": "Feature", "properties": { "vor_id": 326, "theft_count": 17, "bike_trips": 5292, "theft_per_1000_trips": 3.2123960695389271 }, "geometry": { "type": "Polygon", "coordinates": [ [ [ -79.319977674219984, 43.656778816132395 ], [ -79.322104168658768, 43.666437023167035 ], [ -79.321425304892699, 43.666717560093382 ], [ -79.321183343498532, 43.666700741041652 ], [ -79.316780433205267, 43.656466199482601 ], [ -79.317234695811436, 43.653719751790511 ], [ -79.319977674219984, 43.656778816132395 ] ] ] } },
{ "type": "Feature", "properties": { "vor_id": 329, "theft_count": 45, "bike_trips": 2161, "theft_per_1000_trips": 20.823692734844979 }, "geometry": { "type": "Polygon", "coordinates": [ [ [ -79.400565117112961, 43.644990746349251 ], [ -79.39998456561716, 43.645227845574667 ], [ -79.398891074106743, 43.64489231586618 ], [ -79.398570180825587, 43.643339368784538 ], [ -79.398659103276373, 43.643256585805176 ], [ -79.400116481056244, 43.642657032734157 ], [ -79.400565117112961, 43.644990746349251 ] ] ] } },
{ "type": "Feature", "properties": { "vor_id": 330, "theft_count": 32, "bike_trips": 2584, "theft_per_1000_trips": 12.383900928792571 }, "geometry": { "type": "Polygon", "coordinates": [ [ [ -79.335104645679309, 43.663623873554364 ], [ -79.33662445759829, 43.663665848291423 ], [ -79.33709270011903, 43.664109330980089 ], [ -79.337227274013358, 43.664327494217872 ], [ -79.33638515587883, 43.667014607340882 ], [ -79.334397747993322, 43.666055861647877 ], [ -79.333800727836604, 43.66576785307749 ], [ -79.333394329231908, 43.665388085048711 ], [ -79.334178679077041, 43.664579018975317 ], [ -79.335104645679309, 43.663623873554364 ] ] ] } },
{ "type": "Feature", "properties": { "vor_id": 331, "theft_count": 15, "bike_trips": 2145, "theft_per_1000_trips": 6.9930069930069934 }, "geometry": { "type": "Polygon", "coordinates": [ [ [ -79.40144548876485, 43.664812475309816 ], [ -79.400084437332865, 43.665361974628446 ], [ -79.399377806476537, 43.664495112093029 ], [ -79.399452221099949, 43.663682547947097 ], [ -79.400777535427721, 43.663138232933022 ], [ -79.401552727339151, 43.664185770538005 ], [ -79.40144548876485, 43.664812475309816 ] ] ] } },
{ "type": "Feature", "properties": { "vor_id": 332, "theft_count": 17, "bike_trips": 2535, "theft_per_1000_trips": 6.7061143984220903 }, "geometry": { "type": "Polygon", "coordinates": [ [ [ -79.294353782933342, 43.675463187210688 ], [ -79.29513843377795, 43.675328543839974 ], [ -79.296621008857826, 43.681575778403456 ], [ -79.296179928659868, 43.682522076708509 ], [ -79.29566347979943, 43.682828812786433 ], [ -79.292250064065541, 43.681450600593514 ], [ -79.291605066949316, 43.676628364985248 ], [ -79.294353782933342, 43.675463187210688 ] ] ] } },
{ "type": "Feature", "properties": { "vor_id": 333, "theft_count": 13, "bike_trips": 3476, "theft_per_1000_trips": 3.7399309551208284 }, "geometry": { "type": "Polygon", "coordinates": [ [ [ -79.381789339665275, 43.673817439892538 ], [ -79.384386345530459, 43.673297567444706 ], [ -79.385542645070558, 43.673488973830239 ], [ -79.382135885798363, 43.679855141872807 ], [ -79.380989184471446, 43.680116418446346 ], [ -79.3809655085212, 43.680110100064788 ], [ -79.380006764214855, 43.679574488124203 ], [ -79.379299538259716, 43.678401392313475 ], [ -79.381588523039895, 43.674043610501798 ], [ -79.381789339665275, 43.673817439892538 ] ] ] } },
{ "type": "Feature", "properties": { "vor_id": 334, "theft_count": 21, "bike_trips": 2209, "theft_per_1000_trips": 9.5065640561339979 }, "geometry": { "type": "Polygon", "coordinates": [ [ [ -79.423870454311057, 43.652426106686967 ], [ -79.42429772067392, 43.651239841483189 ], [ -79.426436994690903, 43.650380916076742 ], [ -79.426554868188063, 43.652096797461368 ], [ -79.426493401288866, 43.652319051212402 ], [ -79.425565623230213, 43.652685295794996 ], [ -79.423870454311057, 43.652426106686967 ] ] ] } },
{ "type": "Feature", "properties": { "vor_id": 335, "theft_count": 24, "bike_trips": 8148, "theft_per_1000_trips": 2.9455081001472752 }, "geometry": { "type": "Polygon", "coordinates": [ [ [ -79.295350873423018, 43.805411144112682 ], [ -79.284210463888783, 43.786781499601801 ], [ -79.291036162083273, 43.783473741145087 ], [ -79.299957780885748, 43.793264818243472 ], [ -79.296562065095657, 43.805038986420094 ], [ -79.295350873423018, 43.805411144112682 ] ] ] } },
{ "type": "Feature", "properties": { "vor_id": 336, "theft_count": 20, "bike_trips": 1063, "theft_per_1000_trips": 18.81467544684854 }, "geometry": { "type": "Polygon", "coordinates": [ [ [ -79.382332639487672, 43.641359046941218 ], [ -79.385137753754449, 43.64023304220683 ], [ -79.385955519145824, 43.641104054598863 ], [ -79.383323387457324, 43.642197858883719 ], [ -79.382332639487672, 43.641359046941218 ] ] ] } },
{ "type": "Feature", "properties": { "vor_id": 337, "theft_count": 33, "bike_trips": 2219, "theft_per_1000_trips": 14.871563767462822 }, "geometry": { "type": "Polygon", "coordinates": [ [ [ -79.433309051766116, 43.662341950534405 ], [ -79.433128389396629, 43.662231594802684 ], [ -79.432886987730129, 43.661802379291153 ], [ -79.432360980273913, 43.659342002901532 ], [ -79.434337713137168, 43.6583564109186 ], [ -79.435208997785054, 43.662150900060567 ], [ -79.433309051766116, 43.662341950534405 ] ] ] } },
{ "type": "Feature", "properties": { "vor_id": 338, "theft_count": 10, "bike_trips": 2249, "theft_per_1000_trips": 4.4464206313917289 }, "geometry": { "type": "Polygon", "coordinates": [ [ [ -79.45521611970787, 43.650820077016192 ], [ -79.450297270184123, 43.652565643039743 ], [ -79.450123264921103, 43.65208561658249 ], [ -79.454703929629773, 43.650320420555126 ], [ -79.455321715293465, 43.650438013696473 ], [ -79.45521611970787, 43.650820077016192 ] ] ] } },
{ "type": "Feature", "properties": { "vor_id": 339, "theft_count": 105, "bike_trips": 3117, "theft_per_1000_trips": 33.686236766121269 }, "geometry": { "type": "Polygon", "coordinates": [ [ [ -79.38097995643848, 43.661760774702913 ], [ -79.378954005264376, 43.662579608465741 ], [ -79.378673198495989, 43.662344950845416 ], [ -79.378572513406738, 43.661832378780538 ], [ -79.380614071572438, 43.660996024077654 ], [ -79.38097995643848, 43.661760774702913 ] ] ] } },
{ "type": "Feature", "properties": { "vor_id": 340, "theft_count": 37, "bike_trips": 2075, "theft_per_1000_trips": 17.831325301204821 }, "geometry": { "type": "Polygon", "coordinates": [ [ [ -79.375906860474601, 43.655903575671367 ], [ -79.37632495089629, 43.655737927698546 ], [ -79.376642228031074, 43.655723566026886 ], [ -79.37702340581184, 43.657416073678377 ], [ -79.376296236314275, 43.657725836214901 ], [ -79.375906860474601, 43.655903575671367 ] ] ] } },
{ "type": "Feature", "properties": { "vor_id": 341, "theft_count": 18, "bike_trips": 3654, "theft_per_1000_trips": 4.9261083743842367 }, "geometry": { "type": "Polygon", "coordinates": [ [ [ -79.381726158105224, 43.694401204370948 ], [ -79.386705356391104, 43.688278776861623 ], [ -79.387776415052016, 43.688146411285331 ], [ -79.391444620511962, 43.692413295287359 ], [ -79.391991448003807, 43.69379444507868 ], [ -79.391891604661822, 43.694075751613028 ], [ -79.387136789900822, 43.695622441480744 ], [ -79.382078375694803, 43.694816532892084 ], [ -79.381757242179532, 43.694577742729543 ], [ -79.381726158105224, 43.694401204370948 ] ] ] } },
{ "type": "Feature", "properties": { "vor_id": 342, "theft_count": 21, "bike_trips": 2148, "theft_per_1000_trips": 9.7765363128491618 }, "geometry": { "type": "Polygon", "coordinates": [ [ [ -79.397614955830633, 43.65188979230026 ], [ -79.397394117180738, 43.65174899065893 ], [ -79.397134654446319, 43.650422227339867 ], [ -79.397866918977286, 43.649924007355125 ], [ -79.398612520985864, 43.650803422482149 ], [ -79.397614955830633, 43.65188979230026 ] ] ] } },
{ "type": "Feature", "properties": { "vor_id": 343, "theft_count": 23, "bike_trips": 2092, "theft_per_1000_trips": 10.994263862332696 }, "geometry": { "type": "Polygon", "coordinates": [ [ [ -79.390730692996584, 43.670380861190921 ], [ -79.390372184378876, 43.670130612272722 ], [ -79.39008066750533, 43.669803247629311 ], [ -79.389861044558529, 43.668770453365866 ], [ -79.390625003437222, 43.668674994816286 ], [ -79.390970140271591, 43.670282817573138 ], [ -79.390730692996584, 43.670380861190921 ] ] ] } },
{ "type": "Feature", "properties": { "vor_id": 344, "theft_count": 14, "bike_trips": 1045, "theft_per_1000_trips": 13.397129186602871 }, "geometry": { "type": "Polygon", "coordinates": [ [ [ -79.390982225564301, 43.672462302864425 ], [ -79.390736211618119, 43.672586949091638 ], [ -79.388844107352597, 43.671689487358087 ], [ -79.388789828245905, 43.671511154462813 ], [ -79.388785926242463, 43.671492462603304 ], [ -79.390605357155067, 43.670696973520634 ], [ -79.390982225564301, 43.672462302864425 ] ] ] } },
{ "type": "Feature", "properties": { "vor_id": 345, "theft_count": 42, "bike_trips": 5586, "theft_per_1000_trips": 7.518796992481203 }, "geometry": { "type": "Polygon", "coordinates": [ [ [ -79.442482772126013, 43.651213185514081 ], [ -79.441805589656369, 43.648146504017227 ], [ -79.445979104294807, 43.646525876199959 ], [ -79.446293957632633, 43.646884050662891 ], [ -79.44679185156896, 43.647690427934414 ], [ -79.447306502397751, 43.648994137854451 ], [ -79.44734006778836, 43.650224527675455 ], [ -79.446012912047522, 43.651961693836157 ], [ -79.444219057480055, 43.652463152553736 ], [ -79.442482772126013, 43.651213185514081 ] ] ] } },
{ "type": "Feature", "properties": { "vor_id": 346, "theft_count": 102, "bike_trips": 4298, "theft_per_1000_trips": 23.731968357375525 }, "geometry": { "type": "Polygon", "coordinates": [ [ [ -79.400777535427721, 43.663138232933022 ], [ -79.400912986857804, 43.662490946769559 ], [ -79.40238873269935, 43.66190943636817 ], [ -79.402750782622363, 43.662102439979833 ], [ -79.403059584837436, 43.663577543978292 ], [ -79.401552727339151, 43.664185770538005 ], [ -79.400777535427721, 43.663138232933022 ] ] ] } },
{ "type": "Feature", "properties": { "vor_id": 348, "theft_count": 37, "bike_trips": 2449, "theft_per_1000_trips": 15.108207431604736 }, "geometry": { "type": "Polygon", "coordinates": [ [ [ -79.399409923520821, 43.707152737211047 ], [ -79.399652146894383, 43.707396398140361 ], [ -79.39974661784521, 43.708323786517497 ], [ -79.396761288655227, 43.70900949531773 ], [ -79.397032770673803, 43.707700410705385 ], [ -79.399409923520821, 43.707152737211047 ] ] ] } },
{ "type": "Feature", "properties": { "vor_id": 349, "theft_count": 14, "bike_trips": 5446, "theft_per_1000_trips": 2.5706940874035986 }, "geometry": { "type": "Polygon", "coordinates": [ [ [ -79.39482153315295, 43.75318347045679 ], [ -79.39760111013581, 43.751849692659704 ], [ -79.404730069876905, 43.758253772961623 ], [ -79.404671471958935, 43.759470974949302 ], [ -79.402845370569437, 43.761611025584301 ], [ -79.395745408262883, 43.758622581688499 ], [ -79.39482153315295, 43.75318347045679 ] ] ] } },
{ "type": "Feature", "properties": { "vor_id": 351, "theft_count": 84, "bike_trips": 1025, "theft_per_1000_trips": 81.951219512195124 }, "geometry": { "type": "Polygon", "coordinates": [ [ [ -79.370481568402212, 43.653620573254365 ], [ -79.367490500551099, 43.654444157662482 ], [ -79.367442710725129, 43.654361504224617 ], [ -79.368183078939424, 43.653047007937538 ], [ -79.369344924641069, 43.652563802003229 ], [ -79.370350539201056, 43.653044626340126 ], [ -79.370481568402212, 43.653620573254365 ] ] ] } },
{ "type": "Feature", "properties": { "vor_id": 352, "theft_count": 49, "bike_trips": 3180, "theft_per_1000_trips": 15.408805031446541 }, "geometry": { "type": "Polygon", "coordinates": [ [ [ -79.381970411412112, 43.642036018207719 ], [ -79.382365435600263, 43.643934419922275 ], [ -79.380607647422579, 43.644673094537332 ], [ -79.38007313326743, 43.644250491552562 ], [ -79.380336733049845, 43.64269223918803 ], [ -79.381970411412112, 43.642036018207719 ] ] ] } },
{ "type": "Feature", "properties": { "vor_id": 353, "theft_count": 5, "bike_trips": 4407, "theft_per_1000_trips": 1.1345586566825505 }, "geometry": { "type": "Polygon", "coordinates": [ [ [ -79.41536559026504, 43.763114379634573 ], [ -79.40972941987404, 43.764482981232931 ], [ -79.409904751434894, 43.763141965414015 ], [ -79.413271253177072, 43.762321058903517 ], [ -79.41536559026504, 43.763114379634573 ] ] ] } },
{ "type": "Feature", "properties": { "vor_id": 354, "theft_count": 24, "bike_trips": 2049, "theft_per_1000_trips": 11.71303074670571 }, "geometry": { "type": "Polygon", "coordinates": [ [ [ -79.36925631510772, 43.655547834714206 ], [ -79.367549895208754, 43.654715338152741 ], [ -79.367490500551099, 43.654444157662482 ], [ -79.370481568402212, 43.653620573254365 ], [ -79.370523328831041, 43.653672966924795 ], [ -79.370757008149596, 43.654231139949609 ], [ -79.370900684026608, 43.654896200927702 ], [ -79.36925631510772, 43.655547834714206 ] ] ] } },
{ "type": "Feature", "properties": { "vor_id": 355, "theft_count": 16, "bike_trips": 2121, "theft_per_1000_trips": 7.5436115040075435 }, "geometry": { "type": "Polygon", "coordinates": [ [ [ -79.38890033557584, 43.652165885973176 ], [ -79.389135079716681, 43.653231368484292 ], [ -79.3888578773891, 43.653830259996298 ], [ -79.38818015844214, 43.654223810183964 ], [ -79.387094348747851, 43.654047286864262 ], [ -79.386565859296155, 43.651704279581679 ], [ -79.387314344329099, 43.651469040272978 ], [ -79.38890033557584, 43.652165885973176 ] ] ] } },
{ "type": "Feature", "properties": { "vor_id": 356, "theft_count": 13, "bike_trips": 3556, "theft_per_1000_trips": 3.6557930258717661 }, "geometry": { "type": "Polygon", "coordinates": [ [ [ -79.44271262661016, 43.696258338977024 ], [ -79.44060661978591, 43.694497289901172 ], [ -79.439593708821391, 43.690617709704284 ], [ -79.442708293911821, 43.6915765123996 ], [ -79.443152040220312, 43.693019364662049 ], [ -79.443627216683794, 43.695756703843585 ], [ -79.44271262661016, 43.696258338977024 ] ] ] } },
{ "type": "Feature", "properties": { "vor_id": 357, "theft_count": 23, "bike_trips": 7802, "theft_per_1000_trips": 2.9479620610099975 }, "geometry": { "type": "Polygon", "coordinates": [ [ [ -79.229839966305406, 43.727884729115431 ], [ -79.236860118397004, 43.728258121235015 ], [ -79.239749620600733, 43.741535107839248 ], [ -79.230944831002276, 43.741622969526539 ], [ -79.22783667434031, 43.737786449063485 ], [ -79.227225648455843, 43.735156767822396 ], [ -79.229839966305406, 43.727884729115431 ] ] ] } },
{ "type": "Feature", "properties": { "vor_id": 358, "theft_count": 61, "bike_trips": 2133, "theft_per_1000_trips": 28.598218471636194 }, "geometry": { "type": "Polygon", "coordinates": [ [ [ -79.39266974113275, 43.646253828908911 ], [ -79.393097959359693, 43.644528376507843 ], [ -79.393120703365682, 43.644487411788873 ], [ -79.394183716258638, 43.645182399317562 ], [ -79.394333736752827, 43.645914223169171 ], [ -79.393016736161542, 43.646429032401159 ], [ -79.39266974113275, 43.646253828908911 ] ] ] } },
{ "type": "Feature", "properties": { "vor_id": 360, "theft_count": 19, "bike_trips": 2175, "theft_per_1000_trips": 8.7356321839080451 }, "geometry": { "type": "Polygon", "coordinates": [ [ [ -79.408335441398705, 43.654758076220681 ], [ -79.406279394364418, 43.656262427472683 ], [ -79.405705165073385, 43.653595167095745 ], [ -79.405714666873607, 43.653583205170165 ], [ -79.407418721739603, 43.652889619891994 ], [ -79.409046133257078, 43.653976700933192 ], [ -79.408335441398705, 43.654758076220681 ] ] ] } },
{ "type": "Feature", "properties": { "vor_id": 361, "theft_count": 13, "bike_trips": 3937, "theft_per_1000_trips": 3.3020066040132079 }, "geometry": { "type": "Polygon", "coordinates": [ [ [ -79.499086036568386, 43.622726574405156 ], [ -79.493952743833091, 43.625626576462786 ], [ -79.49218204145474, 43.624948256677627 ], [ -79.491076605223469, 43.624524786716755 ], [ -79.490690113282952, 43.623708953030565 ], [ -79.490576585223934, 43.62317690869348 ], [ -79.489997689100377, 43.620463937054033 ], [ -79.491648861456653, 43.618694047282737 ], [ -79.492785578156429, 43.61816364382684 ], [ -79.493532216755483, 43.618219412487505 ], [ -79.499086036568386, 43.622726574405156 ] ] ] } },
{ "type": "Feature", "properties": { "vor_id": 362, "theft_count": 11, "bike_trips": 1036, "theft_per_1000_trips": 10.617760617760617 }, "geometry": { "type": "Polygon", "coordinates": [ [ [ -79.37326322984805, 43.650749916190641 ], [ -79.373950108324635, 43.650462402244173 ], [ -79.376097095515746, 43.651067499638586 ], [ -79.373910655584751, 43.651962857428522 ], [ -79.37326322984805, 43.650749916190641 ] ] ] } },
{ "type": "Feature", "properties": { "vor_id": 363, "theft_count": 58, "bike_trips": 8172, "theft_per_1000_trips": 7.0974057758198725 }, "geometry": { "type": "Polygon", "coordinates": [ [ [ -79.45188236243979, 43.730118580163868 ], [ -79.45637182260262, 43.740706684168778 ], [ -79.448403227498972, 43.74515716928363 ], [ -79.444704571967804, 43.744451140383781 ], [ -79.443247453373687, 43.741851173876285 ], [ -79.440557080526176, 43.728916757660024 ], [ -79.442092536580716, 43.728258752420317 ], [ -79.449183948731147, 43.729120426257538 ], [ -79.45188236243979, 43.730118580163868 ] ] ] } },
{ "type": "Feature", "properties": { "vor_id": 364, "theft_count": 26, "bike_trips": 5889, "theft_per_1000_trips": 4.4150110375275942 }, "geometry": { "type": "Polygon", "coordinates": [ [ [ -79.409740658973575, 43.762300008705949 ], [ -79.409471835229553, 43.761813981671885 ], [ -79.40980268428639, 43.761372100831537 ], [ -79.411676315197795, 43.760906712269396 ], [ -79.412197201021726, 43.761609023540487 ], [ -79.409740658973575, 43.762300008705949 ] ] ] } },
{ "type": "Feature", "properties": { "vor_id": 365, "theft_count": 25, "bike_trips": 2399, "theft_per_1000_trips": 10.421008753647353 }, "geometry": { "type": "Polygon", "coordinates": [ [ [ -79.402425407582626, 43.687024945442204 ], [ -79.403412809039636, 43.683062688482408 ], [ -79.403962739921226, 43.682064562728392 ], [ -79.405140463615169, 43.681919590265444 ], [ -79.407147516930152, 43.682004765843757 ], [ -79.407915505780622, 43.682299939384961 ], [ -79.408889152591669, 43.68686101664148 ], [ -79.40785095536377, 43.68999649445167 ], [ -79.402595966574353, 43.687919406076077 ], [ -79.402425407582626, 43.687024945442204 ] ] ] } },
{ "type": "Feature", "properties": { "vor_id": 367, "theft_count": 22, "bike_trips": 4554, "theft_per_1000_trips": 4.8309178743961354 }, "geometry": { "type": "Polygon", "coordinates": [ [ [ -79.499493652688159, 43.671557018516957 ], [ -79.491842057634003, 43.666360691763053 ], [ -79.496204808348736, 43.659759458644174 ], [ -79.497965190880493, 43.660154289853494 ], [ -79.499493652688159, 43.671557018516957 ] ] ] } },
{ "type": "Feature", "properties": { "vor_id": 369, "theft_count": 61, "bike_trips": 13818, "theft_per_1000_trips": 4.4145317701548707 }, "geometry": { "type": "Polygon", "coordinates": [ [ [ -79.223313064708194, 43.774709808658692 ], [ -79.222044717561673, 43.754662275326474 ], [ -79.225431376579451, 43.751748811298846 ], [ -79.22590342696904, 43.751651337680549 ], [ -79.228102895136971, 43.75167569681993 ], [ -79.239743894140076, 43.766288404343712 ], [ -79.234306542821471, 43.77605316824539 ], [ -79.225071206942559, 43.778125023680815 ], [ -79.223313064708194, 43.774709808658692 ] ] ] } },
{ "type": "Feature", "properties": { "vor_id": 370, "theft_count": 12, "bike_trips": 2174, "theft_per_1000_trips": 5.5197792088316469 }, "geometry": { "type": "Polygon", "coordinates": [ [ [ -79.411208258524809, 43.669142541395615 ], [ -79.410998812949302, 43.667801410958489 ], [ -79.412783894914426, 43.667096843289876 ], [ -79.413136983930343, 43.668682700947649 ], [ -79.411853355236147, 43.669192219959321 ], [ -79.411208258524809, 43.669142541395615 ] ] ] } },
{ "type": "Feature", "properties": { "vor_id": 372, "theft_count": 12, "bike_trips": 3729, "theft_per_1000_trips": 3.2180209171359611 }, "geometry": { "type": "Polygon", "coordinates": [ [ [ -79.387226969974293, 43.76321570111547 ], [ -79.380801691723931, 43.75714077863848 ], [ -79.385937068521983, 43.749262162711702 ], [ -79.39482153315295, 43.75318347045679 ], [ -79.395745408262883, 43.758622581688499 ], [ -79.395603854542117, 43.758985139251919 ], [ -79.387226969974293, 43.76321570111547 ] ] ] } },
{ "type": "Feature", "properties": { "vor_id": 373, "theft_count": 15, "bike_trips": 1126, "theft_per_1000_trips": 13.321492007104794 }, "geometry": { "type": "Polygon", "coordinates": [ [ [ -79.453698590002688, 43.659847626229933 ], [ -79.452631954607796, 43.657541144079879 ], [ -79.4561199782882, 43.659799525276526 ], [ -79.455841730778104, 43.660891405179562 ], [ -79.453698590002688, 43.659847626229933 ] ] ] } },
{ "type": "Feature", "properties": { "vor_id": 374, "theft_count": 34, "bike_trips": 1070, "theft_per_1000_trips": 31.77570093457944 }, "geometry": { "type": "Polygon", "coordinates": [ [ [ -79.391314457764111, 43.654986856435059 ], [ -79.391585223328576, 43.656291055748248 ], [ -79.391428799606544, 43.65716446799221 ], [ -79.390634949520333, 43.657312531095407 ], [ -79.390503236498006, 43.657175092879484 ], [ -79.390245038089063, 43.655424717327499 ], [ -79.391314457764111, 43.654986856435059 ] ] ] } },
{ "type": "Feature", "properties": { "vor_id": 376, "theft_count": 9, "bike_trips": 3446, "theft_per_1000_trips": 2.6117237376668601 }, "geometry": { "type": "Polygon", "coordinates": [ [ [ -79.485400168995596, 43.678807780154777 ], [ -79.480580318508572, 43.678889346698526 ], [ -79.481046695143931, 43.67244424289369 ], [ -79.488846621424614, 43.669016646750528 ], [ -79.491328850923409, 43.675153333650186 ], [ -79.489278853054316, 43.677132770392262 ], [ -79.485400168995596, 43.678807780154777 ] ] ] } },
{ "type": "Feature", "properties": { "vor_id": 378, "theft_count": 7, "bike_trips": 2595, "theft_per_1000_trips": 2.6974951830443161 }, "geometry": { "type": "Polygon", "coordinates": [ [ [ -79.349129833252888, 43.671616737961514 ], [ -79.352959796641372, 43.672147437105444 ], [ -79.35277596757652, 43.672777001975717 ], [ -79.349618623717603, 43.674061083658607 ], [ -79.349160379036732, 43.673763297778535 ], [ -79.349129833252888, 43.671616737961514 ] ] ] } },
{ "type": "Feature", "properties": { "vor_id": 379, "theft_count": 18, "bike_trips": 2159, "theft_per_1000_trips": 8.3371931449745258 }, "geometry": { "type": "Polygon", "coordinates": [ [ [ -79.401331660348362, 43.649417774252434 ], [ -79.400899778277036, 43.649915381148077 ], [ -79.40000802147766, 43.648997828489506 ], [ -79.399588794710482, 43.648485163703313 ], [ -79.400227102261894, 43.647072786816722 ], [ -79.400933085469774, 43.647472083917251 ], [ -79.401331660348362, 43.649417774252434 ] ] ] } },
{ "type": "Feature", "properties": { "vor_id": 382, "theft_count": 25, "bike_trips": 2174, "theft_per_1000_trips": 11.499540018399264 }, "geometry": { "type": "Polygon", "coordinates": [ [ [ -79.410464880703287, 43.661900194133757 ], [ -79.411765300137219, 43.662593854305591 ], [ -79.411541654649497, 43.663569171233064 ], [ -79.410343999509081, 43.664051759703128 ], [ -79.408980891136963, 43.663936154847647 ], [ -79.408581008388964, 43.663726831585805 ], [ -79.40929885288125, 43.662372629176708 ], [ -79.410464880703287, 43.661900194133757 ] ] ] } },
{ "type": "Feature", "properties": { "vor_id": 383, "theft_count": 2, "bike_trips": 4967, "theft_per_1000_trips": 0.40265753976243207 }, "geometry": { "type": "Polygon", "coordinates": [ [ [ -79.337901655053713, 43.717266902988925 ], [ -79.345364101911358, 43.714153773350262 ], [ -79.347553743788737, 43.719369891525623 ], [ -79.335417353478377, 43.722770858252822 ], [ -79.337901655053713, 43.717266902988925 ] ] ] } },
{ "type": "Feature", "properties": { "vor_id": 385, "theft_count": 31, "bike_trips": 3198, "theft_per_1000_trips": 9.693558474046279 }, "geometry": { "type": "Polygon", "coordinates": [ [ [ -79.388881079613299, 43.646555796253679 ], [ -79.390282028055637, 43.645998759951425 ], [ -79.390427325881817, 43.646666994829097 ], [ -79.389045999487124, 43.647272939593087 ], [ -79.388881079613299, 43.646555796253679 ] ] ] } },
{ "type": "Feature", "properties": { "vor_id": 386, "theft_count": 34, "bike_trips": 2121, "theft_per_1000_trips": 16.03017444601603 }, "geometry": { "type": "Polygon", "coordinates": [ [ [ -79.388215363201269, 43.659179081883636 ], [ -79.38801287163794, 43.659115545012277 ], [ -79.387809315823716, 43.658652773641336 ], [ -79.387732462715832, 43.657308034801048 ], [ -79.388302050878451, 43.656716526000316 ], [ -79.388611394200808, 43.656629186180346 ], [ -79.390503236498006, 43.657175092879484 ], [ -79.390634949520333, 43.657312531095407 ], [ -79.390533889613209, 43.657569405775732 ], [ -79.388215363201269, 43.659179081883636 ] ] ] } },
{ "type": "Feature", "properties": { "vor_id": 387, "theft_count": 32, "bike_trips": 3039, "theft_per_1000_trips": 10.529779532741033 }, "geometry": { "type": "Polygon", "coordinates": [ [ [ -79.358871479089089, 43.652361572691802 ], [ -79.356696494869382, 43.643328537657489 ], [ -79.360469071171224, 43.648515693745985 ], [ -79.361106739389399, 43.651142412036982 ], [ -79.358871479089089, 43.652361572691802 ] ] ] } },
{ "type": "Feature", "properties": { "vor_id": 388, "theft_count": 6, "bike_trips": 1279, "theft_per_1000_trips": 4.691164972634871 }, "geometry": { "type": "Polygon", "coordinates": [ [ [ -79.321425304892699, 43.666717560093382 ], [ -79.322132740019143, 43.670024304942196 ], [ -79.321605015045535, 43.670269628959772 ], [ -79.319806203996933, 43.670334032815553 ], [ -79.319113384972496, 43.667560022851319 ], [ -79.321183343498532, 43.666700741041652 ], [ -79.321425304892699, 43.666717560093382 ] ] ] } },
{ "type": "Feature", "properties": { "vor_id": 389, "theft_count": 13, "bike_trips": 3561, "theft_per_1000_trips": 3.6506599269868016 }, "geometry": { "type": "Polygon", "coordinates": [ [ [ -79.444397888738322, 43.695656299984229 ], [ -79.447069572368974, 43.691638374861022 ], [ -79.44798027247532, 43.690395183310685 ], [ -79.448750169538613, 43.697853555380206 ], [ -79.448603385260512, 43.697977105642543 ], [ -79.448373031986932, 43.697909676335641 ], [ -79.444397888738322, 43.695656299984229 ] ] ] } },
{ "type": "Feature", "properties": { "vor_id": 390, "theft_count": 24, "bike_trips": 2585, "theft_per_1000_trips": 9.2843326885880071 }, "geometry": { "type": "Polygon", "coordinates": [ [ [ -79.334578360609072, 43.661242263062135 ], [ -79.335576226074124, 43.660373937660971 ], [ -79.337594804280016, 43.661805808372961 ], [ -79.337641546009337, 43.66201827972619 ], [ -79.33662445759829, 43.663665848291423 ], [ -79.335104645679309, 43.663623873554364 ], [ -79.334578360609072, 43.661242263062135 ] ] ] } },
{ "type": "Feature", "properties": { "vor_id": 391, "theft_count": 5, "bike_trips": 4783, "theft_per_1000_trips": 1.0453690152623878 }, "geometry": { "type": "Polygon", "coordinates": [ [ [ -79.181891704446556, 43.776320697494583 ], [ -79.180048691866943, 43.779850284269266 ], [ -79.179866285333517, 43.776137313983504 ], [ -79.179146313020055, 43.771283654899193 ], [ -79.178164990607186, 43.76736599622302 ], [ -79.178366911527732, 43.767036180468814 ], [ -79.179821248085744, 43.764660680656839 ], [ -79.181727274687233, 43.76881017064531 ], [ -79.182121985670292, 43.770561189020384 ], [ -79.182151477206801, 43.772475175710092 ], [ -79.182130317998968, 43.772788404066382 ], [ -79.181891704446556, 43.776320697494583 ] ] ] } },
{ "type": "Feature", "properties": { "vor_id": 393, "theft_count": 10, "bike_trips": 2380, "theft_per_1000_trips": 4.2016806722689077 }, "geometry": { "type": "Polygon", "coordinates": [ [ [ -79.431587518621384, 43.699129098879439 ], [ -79.433672180687921, 43.6983427811737 ], [ -79.434049743066197, 43.698610285817217 ], [ -79.434842157065233, 43.700074013150932 ], [ -79.431401596138855, 43.701506192018456 ], [ -79.431587518621384, 43.699129098879439 ] ] ] } },
{ "type": "Feature", "properties": { "vor_id": 394, "theft_count": 34, "bike_trips": 2061, "theft_per_1000_trips": 16.496846191169336 }, "geometry": { "type": "Polygon", "coordinates": [ [ [ -79.372470413700285, 43.650747729779525 ], [ -79.37188906027751, 43.651965617966191 ], [ -79.370634339351199, 43.652508434183481 ], [ -79.370370125268124, 43.651389163108213 ], [ -79.37203764147074, 43.65064981345887 ], [ -79.372383236497484, 43.650709135990084 ], [ -79.372470413700285, 43.650747729779525 ] ] ] } },
{ "type": "Feature", "properties": { "vor_id": 395, "theft_count": 18, "bike_trips": 5840, "theft_per_1000_trips": 3.0821917808219177 }, "geometry": { "type": "Polygon", "coordinates": [ [ [ -79.454684555374314, 43.677203638332188 ], [ -79.456389984781666, 43.676894439878488 ], [ -79.456462297263556, 43.676901096007704 ], [ -79.462824766534567, 43.680521628289675 ], [ -79.459789876391696, 43.686828323985985 ], [ -79.45848882971562, 43.687231734324634 ], [ -79.448818873143153, 43.683327147890736 ], [ -79.454684555374314, 43.677203638332188 ] ] ] } },
{ "type": "Feature", "properties": { "vor_id": 396, "theft_count": 27, "bike_trips": 2143, "theft_per_1000_trips": 12.599160055996267 }, "geometry": { "type": "Polygon", "coordinates": [ [ [ -79.398942328533039, 43.657508118503877 ], [ -79.399196649451198, 43.658881956311511 ], [ -79.398357301821818, 43.659821912240254 ], [ -79.397808109313502, 43.659425593342661 ], [ -79.397431054763587, 43.657536915760033 ], [ -79.398509158791114, 43.657093045003911 ], [ -79.398942328533039, 43.657508118503877 ] ] ] } },
{ "type": "Feature", "properties": { "vor_id": 398, "theft_count": 28, "bike_trips": 2449, "theft_per_1000_trips": 11.433238056349531 }, "geometry": { "type": "Polygon", "coordinates": [ [ [ -79.396655086558425, 43.71061646327783 ], [ -79.396245761809567, 43.710003071750158 ], [ -79.396761288655227, 43.70900949531773 ], [ -79.39974661784521, 43.708323786517497 ], [ -79.399954602324939, 43.708627142297601 ], [ -79.39992050731091, 43.709924616468427 ], [ -79.396655086558425, 43.71061646327783 ] ] ] } },
{ "type": "Feature", "properties": { "vor_id": 399, "theft_count": 21, "bike_trips": 2587, "theft_per_1000_trips": 8.1175106300734452 }, "geometry": { "type": "Polygon", "coordinates": [ [ [ -79.343149568051857, 43.659408272056289 ], [ -79.342367455768425, 43.66081918032981 ], [ -79.341810653718142, 43.661290297099555 ], [ -79.340699789065113, 43.661079246744784 ], [ -79.340284361067603, 43.659281335837882 ], [ -79.343149568051857, 43.659408272056289 ] ] ] } },
{ "type": "Feature", "properties": { "vor_id": 402, "theft_count": 16, "bike_trips": 4510, "theft_per_1000_trips": 3.5476718403547673 }, "geometry": { "type": "Polygon", "coordinates": [ [ [ -79.462011117358244, 43.655974052712622 ], [ -79.46079140279744, 43.659502000558099 ], [ -79.457770805506627, 43.658049134525811 ], [ -79.457476178592046, 43.657547844187057 ], [ -79.458315952882714, 43.655245713777482 ], [ -79.460906131716854, 43.653969887565488 ], [ -79.462011117358244, 43.655974052712622 ] ] ] } },
{ "type": "Feature", "properties": { "vor_id": 403, "theft_count": 12, "bike_trips": 2396, "theft_per_1000_trips": 5.0083472454090145 }, "geometry": { "type": "Polygon", "coordinates": [ [ [ -79.418044290216613, 43.688896802313437 ], [ -79.418120121471986, 43.692159185508238 ], [ -79.417329474572995, 43.69350512414286 ], [ -79.411801651897989, 43.69468459296629 ], [ -79.413747507139846, 43.68763825831784 ], [ -79.417639494602099, 43.687950624546026 ], [ -79.418044290216613, 43.688896802313437 ] ] ] } },
{ "type": "Feature", "properties": { "vor_id": 404, "theft_count": 14, "bike_trips": 2149, "theft_per_1000_trips": 6.5146579804560263 }, "geometry": { "type": "Polygon", "coordinates": [ [ [ -79.399363131353155, 43.653221230830816 ], [ -79.399640446700005, 43.654619664820601 ], [ -79.397750863330259, 43.654685495467369 ], [ -79.397466179054788, 43.654134168110325 ], [ -79.399142470166666, 43.653225134727748 ], [ -79.399363131353155, 43.653221230830816 ] ] ] } },
{ "type": "Feature", "properties": { "vor_id": 405, "theft_count": 8, "bike_trips": 2570, "theft_per_1000_trips": 3.1128404669260701 }, "geometry": { "type": "Polygon", "coordinates": [ [ [ -79.327720933172628, 43.666414727057678 ], [ -79.326038018738544, 43.663815758273302 ], [ -79.328583013782094, 43.662717520017793 ], [ -79.32916598082177, 43.665271482805501 ], [ -79.327988294052659, 43.666547969256861 ], [ -79.327720933172628, 43.666414727057678 ] ] ] } },
{ "type": "Feature", "properties": { "vor_id": 406, "theft_count": 36, "bike_trips": 2137, "theft_per_1000_trips": 16.846045858680395 }, "geometry": { "type": "Polygon", "coordinates": [ [ [ -79.392370459394002, 43.652685712922882 ], [ -79.393503866333702, 43.651680713151748 ], [ -79.394322991848853, 43.651608538175687 ], [ -79.394817465161367, 43.652064484799865 ], [ -79.394989788724402, 43.652857291165802 ], [ -79.39407687439035, 43.653234337995237 ], [ -79.392360894256669, 43.652863255647631 ], [ -79.392370459394002, 43.652685712922882 ] ] ] } },
{ "type": "Feature", "properties": { "vor_id": 407, "theft_count": 2, "bike_trips": 4802, "theft_per_1000_trips": 0.41649312786339027 }, "geometry": { "type": "Polygon", "coordinates": [ [ [ -79.512609512137914, 43.69089975397798 ], [ -79.51375954520671, 43.691145034828565 ], [ -79.513946731975636, 43.695154666058144 ], [ -79.508109293157759, 43.69842113035493 ], [ -79.504827645704765, 43.696396689564814 ], [ -79.512609512137914, 43.69089975397798 ] ] ] } },
{ "type": "Feature", "properties": { "vor_id": 408, "theft_count": 54, "bike_trips": 1025, "theft_per_1000_trips": 52.68292682926829 }, "geometry": { "type": "Polygon", "coordinates": [ [ [ -79.367888511255799, 43.651685679502108 ], [ -79.368183078939424, 43.653047007937538 ], [ -79.367442710725129, 43.654361504224617 ], [ -79.367340709179075, 43.654303468431173 ], [ -79.36684416700713, 43.652138871233916 ], [ -79.367888511255799, 43.651685679502108 ] ] ] } },
{ "type": "Feature", "properties": { "vor_id": 409, "theft_count": 24, "bike_trips": 3341, "theft_per_1000_trips": 7.1834780005986225 }, "geometry": { "type": "Polygon", "coordinates": [ [ [ -79.424380519299731, 43.635895835337003 ], [ -79.426605427601643, 43.636320924796266 ], [ -79.427371540548222, 43.637216266454139 ], [ -79.427188367536772, 43.637712675450281 ], [ -79.425258623215299, 43.638450214986662 ], [ -79.424906111403928, 43.638367776697152 ], [ -79.424380519299731, 43.635895835337003 ] ] ] } },
{ "type": "Feature", "properties": { "vor_id": 410, "theft_count": 29, "bike_trips": 2944, "theft_per_1000_trips": 9.8505434782608692 }, "geometry": { "type": "Polygon", "coordinates": [ [ [ -79.409904751434894, 43.763141965414015 ], [ -79.409740658973575, 43.762300008705949 ], [ -79.412197201021726, 43.761609023540487 ], [ -79.413271253177072, 43.762321058903517 ], [ -79.409904751434894, 43.763141965414015 ] ] ] } },
{ "type": "Feature", "properties": { "vor_id": 411, "theft_count": 76, "bike_trips": 2112, "theft_per_1000_trips": 35.984848484848484 }, "geometry": { "type": "Polygon", "coordinates": [ [ [ -79.381287206001119, 43.648948293823359 ], [ -79.381834193183252, 43.647899042121153 ], [ -79.382693708518332, 43.648634584605333 ], [ -79.383252357036696, 43.649542427049937 ], [ -79.381670794694017, 43.650173069428597 ], [ -79.381511211914443, 43.649997253722248 ], [ -79.381287206001119, 43.648948293823359 ] ] ] } },
{ "type": "Feature", "properties": { "vor_id": 412, "theft_count": 11, "bike_trips": 2249, "theft_per_1000_trips": 4.8910626945309019 }, "geometry": { "type": "Polygon", "coordinates": [ [ [ -79.447306502397751, 43.648994137854451 ], [ -79.45065405692479, 43.647709342481207 ], [ -79.451428506135883, 43.64882369378445 ], [ -79.447647617993695, 43.650299882419013 ], [ -79.44734006778836, 43.650224527675455 ], [ -79.447306502397751, 43.648994137854451 ] ] ] } },
{ "type": "Feature", "properties": { "vor_id": 413, "theft_count": 28, "bike_trips": 3364, "theft_per_1000_trips": 8.3234244946492275 }, "geometry": { "type": "Polygon", "coordinates": [ [ [ -79.440643515221112, 43.647262290344983 ], [ -79.441417446729503, 43.644761398117375 ], [ -79.445099945188758, 43.643343378846431 ], [ -79.445951527836712, 43.645524070014289 ], [ -79.445979104294807, 43.646525876199959 ], [ -79.441805589656369, 43.648146504017227 ], [ -79.440643515221112, 43.647262290344983 ] ] ] } },
{ "type": "Feature", "properties": { "vor_id": 414, "theft_count": 35, "bike_trips": 2061, "theft_per_1000_trips": 16.982047549733139 }, "geometry": { "type": "Polygon", "coordinates": [ [ [ -79.377372106899443, 43.666059916720542 ], [ -79.376640558307741, 43.665201097703275 ], [ -79.376490825353287, 43.664475656789207 ], [ -79.376601757340936, 43.664106908187868 ], [ -79.37703070148099, 43.663926375444163 ], [ -79.378292724676257, 43.664197709277111 ], [ -79.378584133755623, 43.665544153857176 ], [ -79.377372106899443, 43.666059916720542 ] ] ] } },
{ "type": "Feature", "properties": { "vor_id": 415, "theft_count": 1, "bike_trips": 1135, "theft_per_1000_trips": 0.88105726872246704 }, "geometry": { "type": "Polygon", "coordinates": [ [ [ -79.472288758441749, 43.659123317875178 ], [ -79.470266605275242, 43.659589208036031 ], [ -79.469841594919245, 43.657049281158564 ], [ -79.470951459765757, 43.655605312817386 ], [ -79.472288758441749, 43.659123317875178 ] ] ] } },
{ "type": "Feature", "properties": { "vor_id": 416, "theft_count": 73, "bike_trips": 2113, "theft_per_1000_trips": 34.548035967818265 }, "geometry": { "type": "Polygon", "coordinates": [ [ [ -79.378459200687786, 43.647117175291811 ], [ -79.380892217786041, 43.646042475010155 ], [ -79.381077267973382, 43.646293290087641 ], [ -79.381538191227179, 43.647327804530043 ], [ -79.37944176251699, 43.64822143882585 ], [ -79.378459200687786, 43.647117175291811 ] ] ] } },
{ "type": "Feature", "properties": { "vor_id": 417, "theft_count": 4, "bike_trips": 1074, "theft_per_1000_trips": 3.7243947858472999 }, "geometry": { "type": "Polygon", "coordinates": [ [ [ -79.405898755699653, 43.67453444405654 ], [ -79.405764518405348, 43.674741774716395 ], [ -79.40456291193594, 43.673921985484967 ], [ -79.403984225462139, 43.67114058234457 ], [ -79.405266706854164, 43.67140244750918 ], [ -79.405898755699653, 43.67453444405654 ] ] ] } },
{ "type": "Feature", "properties": { "vor_id": 418, "theft_count": 24, "bike_trips": 4241, "theft_per_1000_trips": 5.6590426786135346 }, "geometry": { "type": "Polygon", "coordinates": [ [ [ -79.394639910459944, 43.665352605997775 ], [ -79.39262464544737, 43.664928858323421 ], [ -79.392467016625773, 43.664895713875339 ], [ -79.392168538071786, 43.662765891190389 ], [ -79.392931269627468, 43.662265388395603 ], [ -79.39488688751247, 43.662804686310068 ], [ -79.394773861090513, 43.66397071466281 ], [ -79.394639910459944, 43.665352605997775 ] ] ] } },
{ "type": "Feature", "properties": { "vor_id": 419, "theft_count": 11, "bike_trips": 1021, "theft_per_1000_trips": 10.773751224289912 }, "geometry": { "type": "Polygon", "coordinates": [ [ [ -79.379305668702543, 43.670332452213252 ], [ -79.377525365501242, 43.671081734311727 ], [ -79.377306643404765, 43.670122925996814 ], [ -79.378860732080611, 43.66947521202583 ], [ -79.379368721285985, 43.669802059418402 ], [ -79.379305668702543, 43.670332452213252 ] ] ] } },
{ "type": "Feature", "properties": { "vor_id": 421, "theft_count": 0, "bike_trips": 3771, "theft_per_1000_trips": 0.0 }, "geometry": { "type": "Polygon", "coordinates": [ [ [ -79.320351714713325, 43.711883796479704 ], [ -79.319765176946021, 43.719345658208248 ], [ -79.317107159568309, 43.722850197240597 ], [ -79.306501882306321, 43.717162395259329 ], [ -79.30838889184129, 43.716269906217519 ], [ -79.312597566650979, 43.71374732361523 ], [ -79.316367107337896, 43.710951641705556 ], [ -79.320351714713325, 43.711883796479704 ] ] ] } },
{ "type": "Feature", "properties": { "vor_id": 422, "theft_count": 24, "bike_trips": 2174, "theft_per_1000_trips": 11.039558417663294 }, "geometry": { "type": "Polygon", "coordinates": [ [ [ -79.410998812949302, 43.667801410958489 ], [ -79.410222958356741, 43.666981230478484 ], [ -79.410780954238945, 43.666162547931364 ], [ -79.412548422119244, 43.665467383685524 ], [ -79.41338195781023, 43.666226772052937 ], [ -79.412783894914426, 43.667096843289876 ], [ -79.410998812949302, 43.667801410958489 ] ] ] } },
{ "type": "Feature", "properties": { "vor_id": 423, "theft_count": 65, "bike_trips": 2088, "theft_per_1000_trips": 31.130268199233715 }, "geometry": { "type": "Polygon", "coordinates": [ [ [ -79.388789828245905, 43.671511154462813 ], [ -79.3860059112952, 43.672665914062996 ], [ -79.386028385631221, 43.672133562752812 ], [ -79.388416663177054, 43.671159660531195 ], [ -79.388628881631618, 43.671220383730223 ], [ -79.388785926242463, 43.671492462603304 ], [ -79.388789828245905, 43.671511154462813 ] ] ] } },
{ "type": "Feature", "properties": { "vor_id": 425, "theft_count": 24, "bike_trips": 2062, "theft_per_1000_trips": 11.639185257032008 }, "geometry": { "type": "Polygon", "coordinates": [ [ [ -79.380672352284549, 43.66833033709807 ], [ -79.380857620403447, 43.669213816120497 ], [ -79.379368721285985, 43.669802059418402 ], [ -79.378860732080611, 43.66947521202583 ], [ -79.378701708611572, 43.668636163738135 ], [ -79.379773793001533, 43.668182895291658 ], [ -79.380495328729012, 43.668075865576974 ], [ -79.380672352284549, 43.66833033709807 ] ] ] } },
{ "type": "Feature", "properties": { "vor_id": 426, "theft_count": 18, "bike_trips": 1075, "theft_per_1000_trips": 16.744186046511629 }, "geometry": { "type": "Polygon", "coordinates": [ [ [ -79.407791467300797, 43.671415776404501 ], [ -79.408450618604547, 43.669625462882365 ], [ -79.408611268727199, 43.669562144035702 ], [ -79.410665943660817, 43.669873930219765 ], [ -79.410937223556203, 43.671216582092732 ], [ -79.407791467300797, 43.671415776404501 ] ] ] } },
{ "type": "Feature", "properties": { "vor_id": 427, "theft_count": 47, "bike_trips": 3399, "theft_per_1000_trips": 13.827596351868197 }, "geometry": { "type": "Polygon", "coordinates": [ [ [ -79.481154870686794, 43.64330952720416 ], [ -79.482691254151902, 43.64187474006718 ], [ -79.486554643213523, 43.64302311477207 ], [ -79.487603074208465, 43.64848469937548 ], [ -79.481300798221838, 43.651138724462584 ], [ -79.480985782644808, 43.649713884246715 ], [ -79.481154870686794, 43.64330952720416 ] ] ] } },
{ "type": "Feature", "properties": { "vor_id": 428, "theft_count": 17, "bike_trips": 4294, "theft_per_1000_trips": 3.9590125756870056 }, "geometry": { "type": "Polygon", "coordinates": [ [ [ -79.39511670883968, 43.645850454343581 ], [ -79.394525832064431, 43.646105460106313 ], [ -79.394333736752827, 43.645914223169171 ], [ -79.394183716258638, 43.645182399317562 ], [ -79.394910899865437, 43.644886068143826 ], [ -79.39511670883968, 43.645850454343581 ] ] ] } },
{ "type": "Feature", "properties": { "vor_id": 429, "theft_count": 109, "bike_trips": 2180, "theft_per_1000_trips": 50.0 }, "geometry": { "type": "Polygon", "coordinates": [ [ [ -79.416751684412176, 43.639911481820555 ], [ -79.41581530468882, 43.640216509540764 ], [ -79.415080914402395, 43.639667428370025 ], [ -79.414994338481208, 43.638561897019997 ], [ -79.415491967904671, 43.635864266813783 ], [ -79.415543199732198, 43.635902195755122 ], [ -79.416840394894876, 43.639846030777456 ], [ -79.416751684412176, 43.639911481820555 ] ] ] } },
{ "type": "Feature", "properties": { "vor_id": 430, "theft_count": 23, "bike_trips": 1067, "theft_per_1000_trips": 21.555763823805062 }, "geometry": { "type": "Polygon", "coordinates": [ [ [ -79.393016736161542, 43.646429032401159 ], [ -79.393857586036361, 43.647541170862162 ], [ -79.392638254214305, 43.648029464336389 ], [ -79.392312861939544, 43.646398853319617 ], [ -79.39266974113275, 43.646253828908911 ], [ -79.393016736161542, 43.646429032401159 ] ] ] } },
{ "type": "Feature", "properties": { "vor_id": 431, "theft_count": 19, "bike_trips": 3549, "theft_per_1000_trips": 5.3536207382361232 }, "geometry": { "type": "Polygon", "coordinates": [ [ [ -79.452205606804526, 43.719767716764018 ], [ -79.452503997713862, 43.719039192148514 ], [ -79.465282197939743, 43.716109174500993 ], [ -79.468283621845515, 43.721039967030727 ], [ -79.455099474008975, 43.724154706972818 ], [ -79.452205606804526, 43.719767716764018 ] ] ] } },
{ "type": "Feature", "properties": { "vor_id": 433, "theft_count": 66, "bike_trips": 2170, "theft_per_1000_trips": 30.414746543778804 }, "geometry": { "type": "Polygon", "coordinates": [ [ [ -79.400583552544845, 43.63599347553933 ], [ -79.400426433718337, 43.636756087005914 ], [ -79.399141849976147, 43.637292202872139 ], [ -79.398406487336047, 43.636883300244605 ], [ -79.39823549709422, 43.636376575894019 ], [ -79.399829359452823, 43.63579399533122 ], [ -79.400416958852801, 43.635801539140459 ], [ -79.400583552544845, 43.63599347553933 ] ] ] } },
{ "type": "Feature", "properties": { "vor_id": 436, "theft_count": 21, "bike_trips": 1070, "theft_per_1000_trips": 19.626168224299064 }, "geometry": { "type": "Polygon", "coordinates": [ [ [ -79.39319129536868, 43.657596765886339 ], [ -79.392840720137769, 43.657741358664225 ], [ -79.391428799606544, 43.65716446799221 ], [ -79.391585223328576, 43.656291055748248 ], [ -79.392802720192464, 43.655754336465861 ], [ -79.39319129536868, 43.657596765886339 ] ] ] } },
{ "type": "Feature", "properties": { "vor_id": 437, "theft_count": 45, "bike_trips": 2225, "theft_per_1000_trips": 20.224719101123593 }, "geometry": { "type": "Polygon", "coordinates": [ [ [ -79.445611809639942, 43.661895973717975 ], [ -79.448251191525927, 43.662377105111737 ], [ -79.449250331610742, 43.66340608424219 ], [ -79.44815916817852, 43.665962835307589 ], [ -79.446501699499663, 43.665648345589901 ], [ -79.445611809639942, 43.661895973717975 ] ] ] } },
{ "type": "Feature", "properties": { "vor_id": 438, "theft_count": 10, "bike_trips": 2187, "theft_per_1000_trips": 4.5724737082761777 }, "geometry": { "type": "Polygon", "coordinates": [ [ [ -79.405640564329076, 43.645694391959232 ], [ -79.404727419274806, 43.64590313536111 ], [ -79.403928255540208, 43.645447634912188 ], [ -79.403822497543004, 43.644010383729182 ], [ -79.403968149053426, 43.643656769389324 ], [ -79.403983171742908, 43.64366040241034 ], [ -79.406625579287393, 43.644754377066072 ], [ -79.405640564329076, 43.645694391959232 ] ] ] } },
{ "type": "Feature", "properties": { "vor_id": 439, "theft_count": 5, "bike_trips": 3081, "theft_per_1000_trips": 1.6228497241155468 }, "geometry": { "type": "Polygon", "coordinates": [ [ [ -79.36708889402604, 43.64690036070121 ], [ -79.367199373653165, 43.648743012837791 ], [ -79.364605501854371, 43.649578026362036 ], [ -79.366580542993503, 43.646948789816285 ], [ -79.36708889402604, 43.64690036070121 ] ] ] } },
{ "type": "Feature", "properties": { "vor_id": 440, "theft_count": 24, "bike_trips": 4426, "theft_per_1000_trips": 5.4225033890646186 }, "geometry": { "type": "Polygon", "coordinates": [ [ [ -79.427526440212574, 43.654650793669845 ], [ -79.426089148256509, 43.655210170430806 ], [ -79.425565623230213, 43.652685295794996 ], [ -79.426493401288866, 43.652319051212402 ], [ -79.427156018139286, 43.652901534688425 ], [ -79.427526440212574, 43.654650793669845 ] ] ] } },
{ "type": "Feature", "properties": { "vor_id": 441, "theft_count": 7, "bike_trips": 1096, "theft_per_1000_trips": 6.3868613138686134 }, "geometry": { "type": "Polygon", "coordinates": [ [ [ -79.40539509119786, 43.650586420588802 ], [ -79.405290501986414, 43.648051695194944 ], [ -79.406061443558897, 43.647745813055373 ], [ -79.40611011608776, 43.647758145514814 ], [ -79.406482592030841, 43.650143004560462 ], [ -79.40539509119786, 43.650586420588802 ] ] ] } },
{ "type": "Feature", "properties": { "vor_id": 442, "theft_count": 31, "bike_trips": 3382, "theft_per_1000_trips": 9.1661738616203419 }, "geometry": { "type": "Polygon", "coordinates": [ [ [ -79.449250331610742, 43.66340608424219 ], [ -79.451689464210602, 43.66366174043219 ], [ -79.452235627628966, 43.666256356608507 ], [ -79.449516352296641, 43.667434511666528 ], [ -79.448318761747245, 43.666734557663645 ], [ -79.44815916817852, 43.665962835307589 ], [ -79.449250331610742, 43.66340608424219 ] ] ] } },
{ "type": "Feature", "properties": { "vor_id": 445, "theft_count": 5, "bike_trips": 2147, "theft_per_1000_trips": 2.3288309268747089 }, "geometry": { "type": "Polygon", "coordinates": [ [ [ -79.396337132931009, 43.645710370073438 ], [ -79.395515324557067, 43.64642949261615 ], [ -79.394661301519861, 43.646769735006636 ], [ -79.394525832064431, 43.646105460106313 ], [ -79.39511670883968, 43.645850454343581 ], [ -79.396337132931009, 43.645710370073438 ] ] ] } },
{ "type": "Feature", "properties": { "vor_id": 447, "theft_count": 10, "bike_trips": 2529, "theft_per_1000_trips": 3.9541320680110714 }, "geometry": { "type": "Polygon", "coordinates": [ [ [ -79.296951827928311, 43.693513120323026 ], [ -79.299121242236751, 43.691040827583677 ], [ -79.29913959946542, 43.691031105991257 ], [ -79.301602824096733, 43.692127965695938 ], [ -79.303631014535952, 43.696760352498046 ], [ -79.298396597601766, 43.695970605649315 ], [ -79.296951827928311, 43.693513120323026 ] ] ] } },
{ "type": "Feature", "properties": { "vor_id": 448, "theft_count": 139, "bike_trips": 3915, "theft_per_1000_trips": 35.50446998722861 }, "geometry": { "type": "Polygon", "coordinates": [ [ [ -79.483881688718796, 43.623417109456675 ], [ -79.482522699125397, 43.625868162779348 ], [ -79.480588564441916, 43.624862962995685 ], [ -79.478844099223323, 43.619543934465376 ], [ -79.483881688718796, 43.623417109456675 ] ] ] } },
{ "type": "Feature", "properties": { "vor_id": 449, "theft_count": 10, "bike_trips": 2334, "theft_per_1000_trips": 4.284490145672665 }, "geometry": { "type": "Polygon", "coordinates": [ [ [ -79.449798073151328, 43.668704415157052 ], [ -79.450812255978462, 43.66988377329109 ], [ -79.447321204987475, 43.670784415858257 ], [ -79.448020945888885, 43.669464016602504 ], [ -79.449798073151328, 43.668704415157052 ] ] ] } },
{ "type": "Feature", "properties": { "vor_id": 450, "theft_count": 13, "bike_trips": 2570, "theft_per_1000_trips": 5.0583657587548645 }, "geometry": { "type": "Polygon", "coordinates": [ [ [ -79.327720933172628, 43.666414727057678 ], [ -79.325308183654997, 43.666335922379304 ], [ -79.324587385294606, 43.665687020687365 ], [ -79.325129659830537, 43.663293317051483 ], [ -79.326038018738544, 43.663815758273302 ], [ -79.327720933172628, 43.666414727057678 ] ] ] } },
{ "type": "Feature", "properties": { "vor_id": 452, "theft_count": 42, "bike_trips": 2088, "theft_per_1000_trips": 20.114942528735632 }, "geometry": { "type": "Polygon", "coordinates": [ [ [ -79.384488057035583, 43.661178609635833 ], [ -79.384662809551685, 43.661536491841858 ], [ -79.382664855459765, 43.662383018364253 ], [ -79.382001426894263, 43.662202402994623 ], [ -79.384488057035583, 43.661178609635833 ] ] ] } },
{ "type": "Feature", "properties": { "vor_id": 454, "theft_count": 6, "bike_trips": 2586, "theft_per_1000_trips": 2.3201856148491879 }, "geometry": { "type": "Polygon", "coordinates": [ [ [ -79.34767766617172, 43.682970510825882 ], [ -79.348618505200349, 43.684230424446454 ], [ -79.349041557048778, 43.686856503039429 ], [ -79.34732305234941, 43.687222930746252 ], [ -79.345971646476102, 43.685696640695518 ], [ -79.346364875852174, 43.68393185046952 ], [ -79.34767766617172, 43.682970510825882 ] ] ] } },
{ "type": "Feature", "properties": { "vor_id": 456, "theft_count": 32, "bike_trips": 2201, "theft_per_1000_trips": 14.538845979100408 }, "geometry": { "type": "Polygon", "coordinates": [ [ [ -79.424251425525156, 43.660966316890885 ], [ -79.424754571608943, 43.66334607238452 ], [ -79.424498718149167, 43.663456116595476 ], [ -79.422780167317825, 43.663252705200883 ], [ -79.422345397607373, 43.661263366751768 ], [ -79.422961693481511, 43.660779644448695 ], [ -79.424251425525156, 43.660966316890885 ] ] ] } },
{ "type": "Feature", "properties": { "vor_id": 459, "theft_count": 10, "bike_trips": 2157, "theft_per_1000_trips": 4.6360686138154845 }, "geometry": { "type": "Polygon", "coordinates": [ [ [ -79.402969013982087, 43.654536708081572 ], [ -79.402280339612702, 43.65372447720636 ], [ -79.402593042019987, 43.651785345531316 ], [ -79.402648825121076, 43.651783228737131 ], [ -79.404151806470182, 43.653934378532128 ], [ -79.403628751260854, 43.654845665749534 ], [ -79.402969013982087, 43.654536708081572 ] ] ] } },
{ "type": "Feature", "properties": { "vor_id": 460, "theft_count": 3, "bike_trips": 2396, "theft_per_1000_trips": 1.2520868113522536 }, "geometry": { "type": "Polygon", "coordinates": [ [ [ -79.41764091451536, 43.70063959758248 ], [ -79.418892841450699, 43.695653819551829 ], [ -79.419658744870574, 43.696069193494203 ], [ -79.423258306283529, 43.698925470829799 ], [ -79.423344732975593, 43.699363027796728 ], [ -79.421567099413338, 43.700875707137492 ], [ -79.419204124741995, 43.701006294340729 ], [ -79.41764091451536, 43.70063959758248 ] ] ] } },
{ "type": "Feature", "properties": { "vor_id": 461, "theft_count": 27, "bike_trips": 2596, "theft_per_1000_trips": 10.400616332819723 }, "geometry": { "type": "Polygon", "coordinates": [ [ [ -79.347594369596877, 43.679413939106183 ], [ -79.346337305099794, 43.679881571819251 ], [ -79.344546402311778, 43.678125896358218 ], [ -79.346358925153098, 43.676241362029053 ], [ -79.348326577166389, 43.67802966604448 ], [ -79.347594369596877, 43.679413939106183 ] ] ] } },
{ "type": "Feature", "properties": { "vor_id": 462, "theft_count": 25, "bike_trips": 7205, "theft_per_1000_trips": 3.4698126301179735 }, "geometry": { "type": "Polygon", "coordinates": [ [ [ -79.356696494869382, 43.643328537657489 ], [ -79.355898778472152, 43.641776769293472 ], [ -79.356366779978501, 43.640977145710508 ], [ -79.356761900323377, 43.640773901901127 ], [ -79.363386375944344, 43.646157444101767 ], [ -79.36419509213664, 43.649990521264918 ], [ -79.364176733209007, 43.650065976202264 ], [ -79.360469071171224, 43.648515693745985 ], [ -79.356696494869382, 43.643328537657489 ] ] ] } },
{ "type": "Feature", "properties": { "vor_id": 463, "theft_count": 14, "bike_trips": 6463, "theft_per_1000_trips": 2.1661766981278046 }, "geometry": { "type": "Polygon", "coordinates": [ [ [ -79.341571878406612, 43.667360366543498 ], [ -79.344017457683165, 43.666368453302141 ], [ -79.344890264422503, 43.667272026081406 ], [ -79.34475861361129, 43.669016677120958 ], [ -79.341232496506123, 43.670528573713845 ], [ -79.339971257720762, 43.668829855907411 ], [ -79.339976765512318, 43.668570202986047 ], [ -79.341571878406612, 43.667360366543498 ] ] ] } },
{ "type": "Feature", "properties": { "vor_id": 464, "theft_count": 10, "bike_trips": 1592, "theft_per_1000_trips": 6.2814070351758797 }, "geometry": { "type": "Polygon", "coordinates": [ [ [ -79.182151477206801, 43.772475175710092 ], [ -79.182121985670292, 43.770561189020384 ], [ -79.190685216490124, 43.768108635471755 ], [ -79.191082451664272, 43.768976544293317 ], [ -79.182151477206801, 43.772475175710092 ] ] ] } },
{ "type": "Feature", "properties": { "vor_id": 465, "theft_count": 13, "bike_trips": 2043, "theft_per_1000_trips": 6.3631913852178164 }, "geometry": { "type": "Polygon", "coordinates": [ [ [ -79.374775480543647, 43.668009274622243 ], [ -79.374382000633915, 43.667957311951632 ], [ -79.373887794565505, 43.665672469867985 ], [ -79.375036545066664, 43.666367843091919 ], [ -79.375675934781142, 43.667624827718171 ], [ -79.374775480543647, 43.668009274622243 ] ] ] } },
{ "type": "Feature", "properties": { "vor_id": 466, "theft_count": 31, "bike_trips": 2222, "theft_per_1000_trips": 13.95139513951395 }, "geometry": { "type": "Polygon", "coordinates": [ [ [ -79.425760814703708, 43.644812087480005 ], [ -79.426723720358652, 43.643558286392661 ], [ -79.428225790606291, 43.642994450362998 ], [ -79.428862000001956, 43.643204920253794 ], [ -79.429561461438738, 43.643874031905838 ], [ -79.4296269948466, 43.644281487244101 ], [ -79.426769672135748, 43.645423139745503 ], [ -79.425714576419139, 43.644935157312617 ], [ -79.425760814703708, 43.644812087480005 ] ] ] } },
{ "type": "Feature", "properties": { "vor_id": 467, "theft_count": 9, "bike_trips": 3378, "theft_per_1000_trips": 2.6642984014209592 }, "geometry": { "type": "Polygon", "coordinates": [ [ [ -79.461006655346409, 43.648527955079494 ], [ -79.456240643227986, 43.649534698965383 ], [ -79.454508453755437, 43.646829529527508 ], [ -79.454845857428808, 43.644006833718407 ], [ -79.456051046239708, 43.641147360919888 ], [ -79.456570731883687, 43.640929991940176 ], [ -79.463923776987912, 43.643701259227079 ], [ -79.464400623926551, 43.644229638363242 ], [ -79.464832151378943, 43.644967993391255 ], [ -79.463004947334994, 43.646872384004489 ], [ -79.461006655346409, 43.648527955079494 ] ] ] } },
{ "type": "Feature", "properties": { "vor_id": 468, "theft_count": 14, "bike_trips": 2569, "theft_per_1000_trips": 5.4495912806539506 }, "geometry": { "type": "Polygon", "coordinates": [ [ [ -79.330601098447531, 43.679593836744424 ], [ -79.329791408705319, 43.679558663897247 ], [ -79.328004579487342, 43.678396357474902 ], [ -79.327837349842497, 43.678040501584022 ], [ -79.332464958718234, 43.675134009517727 ], [ -79.333489293456196, 43.675631376740348 ], [ -79.332790432927851, 43.677921270905522 ], [ -79.332393854647123, 43.678625809748205 ], [ -79.330601098447531, 43.679593836744424 ] ] ] } },
{ "type": "Feature", "properties": { "vor_id": 471, "theft_count": 20, "bike_trips": 3806, "theft_per_1000_trips": 5.2548607461902259 }, "geometry": { "type": "Polygon", "coordinates": [ [ [ -79.299760822009333, 43.679275754845939 ], [ -79.297430724010923, 43.680214093540307 ], [ -79.296193612808196, 43.675086943188532 ], [ -79.297041651693547, 43.674695680750972 ], [ -79.298671624878907, 43.67469227162286 ], [ -79.299760822009333, 43.679275754845939 ] ] ] } },
{ "type": "Feature", "properties": { "vor_id": 472, "theft_count": 12, "bike_trips": 1101, "theft_per_1000_trips": 10.899182561307901 }, "geometry": { "type": "Polygon", "coordinates": [ [ [ -79.417598427788803, 43.659427751318965 ], [ -79.417219046367279, 43.658900542246649 ], [ -79.416889210838505, 43.657345664252141 ], [ -79.41875121753047, 43.656110463979346 ], [ -79.419232312768372, 43.656309287763264 ], [ -79.420547368260713, 43.658159508648971 ], [ -79.420501207459679, 43.658293515684683 ], [ -79.417598427788803, 43.659427751318965 ] ] ] } },
{ "type": "Feature", "properties": { "vor_id": 473, "theft_count": 9, "bike_trips": 2097, "theft_per_1000_trips": 4.2918454935622314 }, "geometry": { "type": "Polygon", "coordinates": [ [ [ -79.387626472244378, 43.662471069251744 ], [ -79.388166948371023, 43.66270833140333 ], [ -79.3887686687182, 43.663110926081494 ], [ -79.386214563401595, 43.664171278049444 ], [ -79.385401516728535, 43.66340339576913 ], [ -79.387626472244378, 43.662471069251744 ] ] ] } },
{ "type": "Feature", "properties": { "vor_id": 474, "theft_count": 15, "bike_trips": 1067, "theft_per_1000_trips": 14.058106841611997 }, "geometry": { "type": "Polygon", "coordinates": [ [ [ -79.392638254214305, 43.648029464336389 ], [ -79.392510229940498, 43.64817764041365 ], [ -79.391996855193099, 43.648139089514437 ], [ -79.391714115730409, 43.646774949039283 ], [ -79.392076101079738, 43.64641293250088 ], [ -79.392312861939544, 43.646398853319617 ], [ -79.392638254214305, 43.648029464336389 ] ] ] } },
{ "type": "Feature", "properties": { "vor_id": 475, "theft_count": 1, "bike_trips": 2383, "theft_per_1000_trips": 0.419639110365086 }, "geometry": { "type": "Polygon", "coordinates": [ [ [ -79.443263911350257, 43.711216494672193 ], [ -79.434357274072227, 43.714951183698162 ], [ -79.433045408467919, 43.713907061143026 ], [ -79.442028752983774, 43.710214421266791 ], [ -79.443263911350257, 43.711216494672193 ] ] ] } },
{ "type": "Feature", "properties": { "vor_id": 476, "theft_count": 29, "bike_trips": 2589, "theft_per_1000_trips": 11.201235998455001 }, "geometry": { "type": "Polygon", "coordinates": [ [ [ -79.351259866427668, 43.659708501340319 ], [ -79.35081688001884, 43.661738753526791 ], [ -79.35051024716941, 43.662101130310376 ], [ -79.35031448002799, 43.661995719896687 ], [ -79.349617102591736, 43.661495002171698 ], [ -79.348812430093489, 43.659026841096448 ], [ -79.34884713209351, 43.65846450574157 ], [ -79.349556153393223, 43.65830810084023 ], [ -79.351259866427668, 43.659708501340319 ] ] ] } },
{ "type": "Feature", "properties": { "vor_id": 477, "theft_count": 142, "bike_trips": 70304, "theft_per_1000_trips": 2.0197997269003185 }, "geometry": { "type": "Polygon", "coordinates": [ [ [ -79.253147067259434, 43.78440844324512 ], [ -79.256251777618232, 43.785519326374526 ], [ -79.260687442841288, 43.787617239782669 ], [ -79.264896117650977, 43.790139822384958 ], [ -79.265367109457969, 43.790489133715923 ], [ -79.262860383331855, 43.79325487979181 ], [ -79.259937425384877, 43.797196032349014 ], [ -79.259224236581176, 43.7983859159825 ], [ -79.264538997762813, 43.79417229318932 ], [ -79.274230851050376, 43.798297514315244 ], [ -79.275768128668133, 43.799993638791896 ], [ -79.278691086615112, 43.803934791349114 ], [ -79.281074289036368, 43.807910924375477 ], [ -79.281213669217422, 43.808143466158789 ], [ -79.283311582625558, 43.812579131381845 ], [ -79.284964622786589, 43.817199069137367 ], [ -79.285540026748919, 43.819496210521024 ], [ -79.280860351430547, 43.82971231254885 ], [ -79.279523366291031, 43.830009420273676 ], [ -79.279523076604477, 43.830009485939591 ], [ -79.277874376604473, 43.830390586057803 ], [ -79.277463074436639, 43.830485686588489 ], [ -79.276489928441876, 43.830710704802677 ], [ -79.2762362857721, 43.83076382997686 ], [ -79.276235730426478, 43.830763950983702 ], [ -79.274201230426485, 43.831224551126866 ], [ -79.274200294960181, 43.831224776556105 ], [ -79.273273812392816, 43.831461721021384 ], [ -79.272617960931626, 43.831620388364819 ], [ -79.271099193494393, 43.831956614846199 ], [ -79.271098606573233, 43.831956750093866 ], [ -79.269195506573226, 43.832412650234808 ], [ -79.269194593775481, 43.832412882107882 ], [ -79.268834129504611, 43.832509730728411 ], [ -79.267164288458972, 43.832859330069759 ], [ -79.267163394377391, 43.832859529459711 ], [ -79.266926494377401, 43.832915629477085 ], [ -79.266114287895988, 43.833108131072159 ], [ -79.265107373427369, 43.833347234578632 ], [ -79.265106946402554, 43.833347338844085 ], [ -79.264942671005045, 43.83338855741038 ], [ -79.257469298381125, 43.835110882496153 ], [ -79.257469043330417, 43.835110942285148 ], [ -79.25646530119964, 43.835350228563492 ], [ -79.253009759156427, 43.836161515207721 ], [ -79.253009661146777, 43.836161538367818 ], [ -79.252210536734296, 43.836351596666155 ], [ -79.251188714009103, 43.836583456513054 ], [ -79.249071914877931, 43.83706365646519 ], [ -79.249071525420675, 43.83706374716364 ], [ -79.248456340240836, 43.837210743667882 ], [ -79.247577996798256, 43.837419806468901 ], [ -79.245878239054548, 43.837809373986055 ], [ -79.245876296974984, 43.837809878932489 ], [ -79.245874414179525, 43.837810489625753 ], [ -79.245744843913613, 43.837856898457225 ], [ -79.245231701381755, 43.837971937239509 ], [ -79.24523134420177, 43.837972019282951 ], [ -79.240416790479145, 43.839104561701724 ], [ -79.237851838254656, 43.839668807370934 ], [ -79.237851522678497, 43.839668878320644 ], [ -79.237232422678517, 43.839811078364782 ], [ -79.23723180880512, 43.83981122523894 ], [ -79.236798427338726, 43.839919095768664 ], [ -79.234506867458393, 43.840472313829551 ], [ -79.232590334043167, 43.840908530527749 ], [ -79.232204178670557, 43.840992998917983 ], [ -79.232202264342234, 43.840993474999443 ], [ -79.232200404978741, 43.840994053409652 ], [ -79.232044564196485, 43.841047626806251 ], [ -79.231467210181108, 43.841219086529094 ], [ -79.231166452753683, 43.841298962780066 ], [ -79.230865859039739, 43.841371764403 ], [ -79.230313113000577, 43.841504327520134 ], [ -79.229752674692179, 43.841634666699882 ], [ -79.228874420328268, 43.8418310341984 ], [ -79.228874349807299, 43.841831050042479 ], [ -79.227975149807278, 43.842034050105603 ], [ -79.227974889238567, 43.842034109979174 ], [ -79.227748272695706, 43.842087096954806 ], [ -79.227592961718287, 43.842118797151386 ], [ -79.227592320782833, 43.84211893418636 ], [ -79.226802420782832, 43.842295534241323 ], [ -79.22607081768291, 43.842459089073174 ], [ -79.225830539012421, 43.842497012106506 ], [ -79.225828254964526, 43.842497449085833 ], [ -79.225660351396542, 43.842535327343015 ], [ -79.219067348050302, 43.843983606562304 ], [ -79.219067010255742, 43.843983682515677 ], [ -79.215503655261585, 43.844803449411089 ], [ -79.209256600781686, 43.846184717665473 ], [ -79.209256462124884, 43.846184748617972 ], [ -79.208077544056849, 43.846450430236423 ], [ -79.207796226149924, 43.846512412168401 ], [ -79.20592958306537, 43.84692379975305 ], [ -79.203410542115847, 43.847469887122209 ], [ -79.203409432927188, 43.847470146573038 ], [ -79.200574332927204, 43.848182546792245 ], [ -79.200574288561384, 43.848182557971661 ], [ -79.200369688561366, 43.848234257987556 ], [ -79.200369574096612, 43.848234287120327 ], [ -79.199562115794549, 43.848441271423006 ], [ -79.199317975456822, 43.848490996348126 ], [ -79.199317314300785, 43.84849113761917 ], [ -79.197547014300781, 43.848887237742446 ], [ -79.197546735764121, 43.848887301259666 ], [ -79.195691735764129, 43.849318301393339 ], [ -79.195691439006595, 43.849318371714858 ], [ -79.194056561565731, 43.849713366386496 ], [ -79.193546984143779, 43.849835761001351 ], [ -79.193546834073288, 43.84983579740004 ], [ -79.191648552714241, 43.850300692978273 ], [ -79.190801827928553, 43.8505070630586 ], [ -79.189270589213379, 43.84622753686282 ], [ -79.188078341979818, 43.841467819100899 ], [ -79.18735836966637, 43.836614160016573 ], [ -79.18730709868511, 43.835570515217483 ], [ -79.187117606, 43.831713303000093 ], [ -79.18735836966637, 43.826812445983613 ], [ -79.188078341979818, 43.821958786899287 ], [ -79.189270589213379, 43.817199069137367 ], [ -79.19092362937441, 43.812579131381845 ], [ -79.193021542782574, 43.808143466158789 ], [ -79.194950243145655, 43.804925624005222 ], [ -79.195544125384856, 43.803934791349114 ], [ -79.198467083331863, 43.799993638791896 ], [ -79.199929565959252, 43.798380037870103 ], [ -79.20378686386448, 43.799408913124722 ], [ -79.205008574532457, 43.793415682245161 ], [ -79.205397941791816, 43.793062780331958 ], [ -79.209339094349019, 43.790139822384958 ], [ -79.21354776915868, 43.787617239782669 ], [ -79.216902582791931, 43.786030531104458 ], [ -79.217983434381736, 43.785519326374526 ], [ -79.222603372137272, 43.783866286213488 ], [ -79.226245011930956, 43.782954102931456 ], [ -79.2273630898992, 43.782674038979934 ], [ -79.232216748983518, 43.781954066666486 ], [ -79.237117606, 43.781713303000089 ], [ -79.240344724868194, 43.781871841183921 ], [ -79.240960398147507, 43.782775401998158 ], [ -79.241374732094442, 43.783252857142998 ], [ -79.249257914599838, 43.789673097679 ], [ -79.253147067259434, 43.78440844324512 ] ], [ [ -79.200537714791707, 43.813074542333808 ], [ -79.225207791429668, 43.820126272603872 ], [ -79.221876381726403, 43.815725793920024 ], [ -79.208178384562558, 43.805671891209535 ], [ -79.205532156349093, 43.806429009323324 ], [ -79.200751283431444, 43.811840831339929 ], [ -79.200537714791707, 43.813074542333808 ] ] ] } },
{ "type": "Feature", "properties": { "vor_id": 478, "theft_count": 0, "bike_trips": 1047, "theft_per_1000_trips": 0.0 }, "geometry": { "type": "Polygon", "coordinates": [ [ [ -79.390610369072789, 43.666343868446383 ], [ -79.389655630949889, 43.666665007921054 ], [ -79.389075750496701, 43.666198673241112 ], [ -79.390463798213787, 43.665702021826483 ], [ -79.390610369072789, 43.666343868446383 ] ] ] } },
{ "type": "Feature", "properties": { "vor_id": 479, "theft_count": 13, "bike_trips": 8725, "theft_per_1000_trips": 1.489971346704871 }, "geometry": { "type": "Polygon", "coordinates": [ [ [ -79.433682444864289, 43.760213983513367 ], [ -79.432628191542662, 43.752282872980636 ], [ -79.444704571967804, 43.744451140383781 ], [ -79.448403227498972, 43.74515716928363 ], [ -79.448711971665205, 43.746602368386029 ], [ -79.445691868940571, 43.749339629940678 ], [ -79.442396685331758, 43.752975304791811 ], [ -79.439473727384751, 43.756916457349014 ], [ -79.436951144782469, 43.761125132158703 ], [ -79.436125822789691, 43.762870128900197 ], [ -79.433682444864289, 43.760213983513367 ] ] ] } },
{ "type": "Feature", "properties": { "vor_id": 480, "theft_count": 25, "bike_trips": 1052, "theft_per_1000_trips": 23.764258555133079 }, "geometry": { "type": "Polygon", "coordinates": [ [ [ -79.380143888736072, 43.653031036187933 ], [ -79.38166392190297, 43.652417342322451 ], [ -79.381757418853368, 43.652493210169837 ], [ -79.381958461467775, 43.653398930539666 ], [ -79.380718680267364, 43.653917888914044 ], [ -79.380143888736072, 43.653031036187933 ] ] ] } },
{ "type": "Feature", "properties": { "vor_id": 481, "theft_count": 31, "bike_trips": 2264, "theft_per_1000_trips": 13.692579505300353 }, "geometry": { "type": "Polygon", "coordinates": [ [ [ -79.469841594919245, 43.657049281158564 ], [ -79.468177775337679, 43.657759130121768 ], [ -79.466705366096335, 43.655559055829073 ], [ -79.469697438678409, 43.654301075896342 ], [ -79.471047222326945, 43.655295895088663 ], [ -79.470951459765757, 43.655605312817386 ], [ -79.469841594919245, 43.657049281158564 ] ] ] } },
{ "type": "Feature", "properties": { "vor_id": 483, "theft_count": 64, "bike_trips": 1038, "theft_per_1000_trips": 61.657032755298651 }, "geometry": { "type": "Polygon", "coordinates": [ [ [ -79.380406908786853, 43.656938258144216 ], [ -79.380734150672296, 43.657441112136382 ], [ -79.380850988098189, 43.657912043726057 ], [ -79.380778510536288, 43.658410414912098 ], [ -79.379795116600178, 43.658777491552698 ], [ -79.379440154083355, 43.657170849758181 ], [ -79.380223093363782, 43.656837529559184 ], [ -79.380406908786853, 43.656938258144216 ] ] ] } },
{ "type": "Feature", "properties": { "vor_id": 484, "theft_count": 24, "bike_trips": 2210, "theft_per_1000_trips": 10.859728506787329 }, "geometry": { "type": "Polygon", "coordinates": [ [ [ -79.424907477518076, 43.661000295314281 ], [ -79.424251425525156, 43.660966316890885 ], [ -79.422961693481511, 43.660779644448695 ], [ -79.423258499656029, 43.6596294787849 ], [ -79.426432229992699, 43.658457594729548 ], [ -79.426715822079515, 43.659777764508782 ], [ -79.425978942954103, 43.660566562422282 ], [ -79.424907477518076, 43.661000295314281 ] ] ] } },
{ "type": "Feature", "properties": { "vor_id": 486, "theft_count": 16, "bike_trips": 5120, "theft_per_1000_trips": 3.125 }, "geometry": { "type": "Polygon", "coordinates": [ [ [ -79.365111815486841, 43.680003945758223 ], [ -79.359036608771532, 43.678222535096374 ], [ -79.359402363505069, 43.677414151009565 ], [ -79.364948356398884, 43.678830166924634 ], [ -79.365242462248474, 43.679812087352239 ], [ -79.365111815486841, 43.680003945758223 ] ] ] } },
{ "type": "Feature", "properties": { "vor_id": 487, "theft_count": 52, "bike_trips": 2083, "theft_per_1000_trips": 24.963994239078254 }, "geometry": { "type": "Polygon", "coordinates": [ [ [ -79.381747084143285, 43.66789018520145 ], [ -79.383704025772005, 43.667599900332384 ], [ -79.383813528119958, 43.667816582108216 ], [ -79.383894230481133, 43.668190245453481 ], [ -79.38103607402445, 43.66938448642675 ], [ -79.380857620403447, 43.669213816120497 ], [ -79.380672352284549, 43.66833033709807 ], [ -79.381747084143285, 43.66789018520145 ] ] ] } },
{ "type": "Feature", "properties": { "vor_id": 489, "theft_count": 34, "bike_trips": 4298, "theft_per_1000_trips": 7.910656119125175 }, "geometry": { "type": "Polygon", "coordinates": [ [ [ -79.400132062051938, 43.657258318595233 ], [ -79.399938082817641, 43.658880573972901 ], [ -79.399196649451198, 43.658881956311511 ], [ -79.398942328533039, 43.657508118503877 ], [ -79.400132062051938, 43.657258318595233 ] ] ] } },
{ "type": "Feature", "properties": { "vor_id": 490, "theft_count": 8, "bike_trips": 4831, "theft_per_1000_trips": 1.6559718484785759 }, "geometry": { "type": "Polygon", "coordinates": [ [ [ -79.361965109331862, 43.667883867803674 ], [ -79.363861112253574, 43.667851425312485 ], [ -79.365147142792111, 43.673338690843543 ], [ -79.364058802059091, 43.67430892754809 ], [ -79.361873851866662, 43.673300004950548 ], [ -79.360297089203087, 43.672195156018972 ], [ -79.359023753687822, 43.669784083595204 ], [ -79.358746863197169, 43.669031547589967 ], [ -79.359603330971396, 43.668543620625549 ], [ -79.361965109331862, 43.667883867803674 ] ] ] } },
{ "type": "Feature", "properties": { "vor_id": 491, "theft_count": 3, "bike_trips": 1110, "theft_per_1000_trips": 2.7027027027027026 }, "geometry": { "type": "Polygon", "coordinates": [ [ [ -79.429268002060169, 43.663381818982053 ], [ -79.428000572933286, 43.663912322901929 ], [ -79.427228207559196, 43.662979717026744 ], [ -79.427582614784498, 43.662246115757839 ], [ -79.428908696923131, 43.661725730275393 ], [ -79.429268002060169, 43.663381818982053 ] ] ] } },
{ "type": "Feature", "properties": { "vor_id": 492, "theft_count": 54, "bike_trips": 2083, "theft_per_1000_trips": 25.924147863658185 }, "geometry": { "type": "Polygon", "coordinates": [ [ [ -79.383894230481133, 43.668190245453481 ], [ -79.384235338994131, 43.668779537476887 ], [ -79.384270533043576, 43.668946333695033 ], [ -79.384118796223703, 43.669133581170065 ], [ -79.381524415301087, 43.670264072118222 ], [ -79.3813996747581, 43.670257105024035 ], [ -79.38103607402445, 43.66938448642675 ], [ -79.383894230481133, 43.668190245453481 ] ] ] } },
{ "type": "Feature", "properties": { "vor_id": 493, "theft_count": 36, "bike_trips": 4396, "theft_per_1000_trips": 8.1892629663330307 }, "geometry": { "type": "Polygon", "coordinates": [ [ [ -79.421769654971555, 43.639722453093057 ], [ -79.421933419953191, 43.639899240437124 ], [ -79.422426150169045, 43.642330205251731 ], [ -79.421590067207092, 43.642642710822827 ], [ -79.420296543910496, 43.642382895380152 ], [ -79.419446263836932, 43.641819251704206 ], [ -79.421769654971555, 43.639722453093057 ] ] ] } },
{ "type": "Feature", "properties": { "vor_id": 494, "theft_count": 3, "bike_trips": 5965, "theft_per_1000_trips": 0.50293378038558256 }, "geometry": { "type": "Polygon", "coordinates": [ [ [ -79.371246727004106, 43.776990281201897 ], [ -79.371678675073952, 43.77954308760404 ], [ -79.365643047227437, 43.772841112254483 ], [ -79.365952153422711, 43.77040429246577 ], [ -79.368516340145703, 43.770528422117991 ], [ -79.371246727004106, 43.776990281201897 ] ] ] } },
{ "type": "Feature", "properties": { "vor_id": 495, "theft_count": 14, "bike_trips": 2353, "theft_per_1000_trips": 5.9498512537186574 }, "geometry": { "type": "Polygon", "coordinates": [ [ [ -79.446238246506894, 43.677078719289092 ], [ -79.441706327895048, 43.675222811553823 ], [ -79.441735695278737, 43.671683924189146 ], [ -79.443428115762146, 43.671052995914103 ], [ -79.446967767274472, 43.675389893800087 ], [ -79.446238246506894, 43.677078719289092 ] ] ] } },
{ "type": "Feature", "properties": { "vor_id": 496, "theft_count": 13, "bike_trips": 3900, "theft_per_1000_trips": 3.3333333333333335 }, "geometry": { "type": "Polygon", "coordinates": [ [ [ -79.35487449916873, 43.680169271042331 ], [ -79.355331684892931, 43.682510269128677 ], [ -79.355199590501911, 43.682936845119926 ], [ -79.354576229379788, 43.683929832673151 ], [ -79.354471696527526, 43.684022451103985 ], [ -79.353353549570258, 43.684015662873072 ], [ -79.352547328029203, 43.679914789105531 ], [ -79.354395455780903, 43.679901166782997 ], [ -79.35487449916873, 43.680169271042331 ] ] ] } },
{ "type": "Feature", "properties": { "vor_id": 497, "theft_count": 11, "bike_trips": 4754, "theft_per_1000_trips": 2.3138409760201935 }, "geometry": { "type": "Polygon", "coordinates": [ [ [ -79.414816422551397, 43.675651711656954 ], [ -79.420224522320424, 43.675794834342092 ], [ -79.42024477958438, 43.676074057867112 ], [ -79.419913619357416, 43.677729449732297 ], [ -79.415426011623879, 43.6794833075108 ], [ -79.413544744696694, 43.676839051117049 ], [ -79.414816422551397, 43.675651711656954 ] ] ] } },
{ "type": "Feature", "properties": { "vor_id": 498, "theft_count": 38, "bike_trips": 3303, "theft_per_1000_trips": 11.504692703602785 }, "geometry": { "type": "Polygon", "coordinates": [ [ [ -79.391869911027882, 43.676653744109892 ], [ -79.391863478506934, 43.676722426082129 ], [ -79.386348652926372, 43.678983760774535 ], [ -79.387697493289863, 43.675312983317617 ], [ -79.388556401274585, 43.674960334379499 ], [ -79.389743030039099, 43.674935292203799 ], [ -79.391592068719604, 43.676023707729925 ], [ -79.391869911027882, 43.676653744109892 ] ] ] } },
{ "type": "Feature", "properties": { "vor_id": 499, "theft_count": 10, "bike_trips": 2621, "theft_per_1000_trips": 3.8153376573826785 }, "geometry": { "type": "Polygon", "coordinates": [ [ [ -79.505526910510198, 43.601851283131182 ], [ -79.504503786140106, 43.597222355106929 ], [ -79.506467597205244, 43.597882578039979 ], [ -79.507208708825573, 43.601260544758212 ], [ -79.506781044034526, 43.601911614592517 ], [ -79.505526910510198, 43.601851283131182 ] ] ] } },
{ "type": "Feature", "properties": { "vor_id": 501, "theft_count": 15, "bike_trips": 5092, "theft_per_1000_trips": 2.9457973291437547 }, "geometry": { "type": "Polygon", "coordinates": [ [ [ -79.309177770112896, 43.68297917203865 ], [ -79.308669473029738, 43.682937509778426 ], [ -79.308510361599929, 43.680626393268639 ], [ -79.308901495119343, 43.680021869274292 ], [ -79.315226248449804, 43.677402616726681 ], [ -79.315958911554873, 43.679140770003841 ], [ -79.313611024496382, 43.681135639259914 ], [ -79.309177770112896, 43.68297917203865 ] ] ] } },
{ "type": "Feature", "properties": { "vor_id": 504, "theft_count": 22, "bike_trips": 1051, "theft_per_1000_trips": 20.932445290199809 }, "geometry": { "type": "Polygon", "coordinates": [ [ [ -79.386653123022612, 43.6556116935324 ], [ -79.387963720478396, 43.655053917542602 ], [ -79.388302050878451, 43.656716526000316 ], [ -79.387732462715832, 43.657308034801048 ], [ -79.387140674264444, 43.656951776081314 ], [ -79.386499089796047, 43.656194567787608 ], [ -79.386482676911726, 43.656117386279305 ], [ -79.386653123022612, 43.6556116935324 ] ] ] } },
{ "type": "Feature", "properties": { "vor_id": 505, "theft_count": 8, "bike_trips": 3476, "theft_per_1000_trips": 2.3014959723820483 }, "geometry": { "type": "Polygon", "coordinates": [ [ [ -79.414785122446446, 43.675505168856027 ], [ -79.415447561943864, 43.671862678744894 ], [ -79.41716475126249, 43.671193101157868 ], [ -79.419576456882908, 43.673146114790661 ], [ -79.420509567039446, 43.675411189824594 ], [ -79.420224522320424, 43.675794834342092 ], [ -79.414816422551397, 43.675651711656954 ], [ -79.414785122446446, 43.675505168856027 ] ] ] } },
{ "type": "Feature", "properties": { "vor_id": 506, "theft_count": 14, "bike_trips": 2222, "theft_per_1000_trips": 6.3006300630063006 }, "geometry": { "type": "Polygon", "coordinates": [ [ [ -79.43674152620882, 43.652061770036731 ], [ -79.437389324008265, 43.652095647075697 ], [ -79.43872156058616, 43.652660431672103 ], [ -79.439806274166671, 43.655682216526849 ], [ -79.437602427597255, 43.656526239043657 ], [ -79.43674152620882, 43.652061770036731 ] ] ] } },
{ "type": "Feature", "properties": { "vor_id": 507, "theft_count": 11, "bike_trips": 2039, "theft_per_1000_trips": 5.394801373222168 }, "geometry": { "type": "Polygon", "coordinates": [ [ [ -79.366379267864346, 43.666111933147263 ], [ -79.367724859091382, 43.665566227667107 ], [ -79.368343126351121, 43.66614218871814 ], [ -79.366655286587857, 43.66679536766997 ], [ -79.366485676353435, 43.66658196476034 ], [ -79.366379267864346, 43.666111933147263 ] ] ] } },
{ "type": "Feature", "properties": { "vor_id": 508, "theft_count": 34, "bike_trips": 2174, "theft_per_1000_trips": 15.639374425023 }, "geometry": { "type": "Polygon", "coordinates": [ [ [ -79.401072086649762, 43.642987486386033 ], [ -79.403247553751328, 43.642103393145753 ], [ -79.40352741045362, 43.64242483715617 ], [ -79.403711044048791, 43.643080507018247 ], [ -79.401707832270247, 43.643890007010484 ], [ -79.401072086649762, 43.642987486386033 ] ] ] } },
{ "type": "Feature", "properties": { "vor_id": 509, "theft_count": 21, "bike_trips": 1064, "theft_per_1000_trips": 19.736842105263158 }, "geometry": { "type": "Polygon", "coordinates": [ [ [ -79.391944855043221, 43.640724771743024 ], [ -79.392466322199297, 43.641185935375916 ], [ -79.39272243517982, 43.642375635089309 ], [ -79.392447596939263, 43.64282886436186 ], [ -79.390297227393262, 43.642080212068564 ], [ -79.390020673927339, 43.641823638827489 ], [ -79.390177615752492, 43.641443577380905 ], [ -79.391944855043221, 43.640724771743024 ] ] ] } },
{ "type": "Feature", "properties": { "vor_id": 510, "theft_count": 22, "bike_trips": 1045, "theft_per_1000_trips": 21.052631578947366 }, "geometry": { "type": "Polygon", "coordinates": [ [ [ -79.390605357155067, 43.670696973520634 ], [ -79.388785926242463, 43.671492462603304 ], [ -79.388628881631618, 43.671220383730223 ], [ -79.38872991789016, 43.670892183216921 ], [ -79.390372184378876, 43.670130612272722 ], [ -79.390730692996584, 43.670380861190921 ], [ -79.390605357155067, 43.670696973520634 ] ] ] } },
{ "type": "Feature", "properties": { "vor_id": 511, "theft_count": 18, "bike_trips": 2090, "theft_per_1000_trips": 8.6124401913875595 }, "geometry": { "type": "Polygon", "coordinates": [ [ [ -79.378483758790708, 43.65231937873363 ], [ -79.378319466437745, 43.651576818657482 ], [ -79.379902997191337, 43.650927094068244 ], [ -79.380024315645414, 43.651153874011875 ], [ -79.379872935441057, 43.651750732498712 ], [ -79.378483758790708, 43.65231937873363 ] ] ] } },
{ "type": "Feature", "properties": { "vor_id": 514, "theft_count": 25, "bike_trips": 2534, "theft_per_1000_trips": 9.8658247829518544 }, "geometry": { "type": "Polygon", "coordinates": [ [ [ -79.363856984376696, 43.707574137698849 ], [ -79.36281353905099, 43.707975654699631 ], [ -79.361625059716189, 43.702122309846594 ], [ -79.36670077420429, 43.70513165071538 ], [ -79.363856984376696, 43.707574137698849 ] ] ] } },
{ "type": "Feature", "properties": { "vor_id": 515, "theft_count": 9, "bike_trips": 2364, "theft_per_1000_trips": 3.8071065989847717 }, "geometry": { "type": "Polygon", "coordinates": [ [ [ -79.430595219338954, 43.67718748016226 ], [ -79.433396391678102, 43.679614165516838 ], [ -79.434264622777178, 43.68169841019369 ], [ -79.428527647115772, 43.680309703388424 ], [ -79.429385196427376, 43.677808110265381 ], [ -79.430595219338954, 43.67718748016226 ] ] ] } },
{ "type": "Feature", "properties": { "vor_id": 516, "theft_count": 39, "bike_trips": 2253, "theft_per_1000_trips": 17.310252996005325 }, "geometry": { "type": "Polygon", "coordinates": [ [ [ -79.457546129073791, 43.663964800870552 ], [ -79.456084907046758, 43.662967090161473 ], [ -79.455841730778104, 43.660891405179562 ], [ -79.4561199782882, 43.659799525276526 ], [ -79.457770805506627, 43.658049134525811 ], [ -79.46079140279744, 43.659502000558099 ], [ -79.461030670635395, 43.660123291612663 ], [ -79.457546129073791, 43.663964800870552 ] ] ] } },
{ "type": "Feature", "properties": { "vor_id": 517, "theft_count": 15, "bike_trips": 2209, "theft_per_1000_trips": 6.790402897238569 }, "geometry": { "type": "Polygon", "coordinates": [ [ [ -79.427455355879474, 43.641676396193972 ], [ -79.426405524257575, 43.642032966729268 ], [ -79.425768626297668, 43.641738758973879 ], [ -79.426179153420051, 43.640278669577356 ], [ -79.426906311845741, 43.64004974262393 ], [ -79.427525027815165, 43.641312722288589 ], [ -79.427455355879474, 43.641676396193972 ] ] ] } },
{ "type": "Feature", "properties": { "vor_id": 518, "theft_count": 19, "bike_trips": 4349, "theft_per_1000_trips": 4.368820418487009 }, "geometry": { "type": "Polygon", "coordinates": [ [ [ -79.354629236344337, 43.662340808257689 ], [ -79.354554252929461, 43.661766287179965 ], [ -79.355016912377749, 43.66052664026423 ], [ -79.357644147194648, 43.661152967225689 ], [ -79.358047328703663, 43.662074828972663 ], [ -79.356478582506369, 43.664492096452101 ], [ -79.354629236344337, 43.662340808257689 ] ] ] } },
{ "type": "Feature", "properties": { "vor_id": 519, "theft_count": 29, "bike_trips": 2226, "theft_per_1000_trips": 13.027852650494159 }, "geometry": { "type": "Polygon", "coordinates": [ [ [ -79.443415669066482, 43.655574646163032 ], [ -79.444620563974198, 43.656908808311044 ], [ -79.445141385061788, 43.659378838666257 ], [ -79.444756456763741, 43.660735942031771 ], [ -79.442656573009089, 43.660570134055938 ], [ -79.441760567911601, 43.656160053628412 ], [ -79.443415669066482, 43.655574646163032 ] ] ] } },
{ "type": "Feature", "properties": { "vor_id": 522, "theft_count": 34, "bike_trips": 2165, "theft_per_1000_trips": 15.704387990762125 }, "geometry": { "type": "Polygon", "coordinates": [ [ [ -79.398515397609344, 43.638808404533627 ], [ -79.397830535920832, 43.638310526678517 ], [ -79.398406487336047, 43.636883300244605 ], [ -79.399141849976147, 43.637292202872139 ], [ -79.399783343912873, 43.638264455751248 ], [ -79.398515397609344, 43.638808404533627 ] ] ] } },
{ "type": "Feature", "properties": { "vor_id": 524, "theft_count": 22, "bike_trips": 6040, "theft_per_1000_trips": 3.6423841059602653 }, "geometry": { "type": "Polygon", "coordinates": [ [ [ -79.332096923556776, 43.784966513995577 ], [ -79.333636660553225, 43.77075469520824 ], [ -79.336124792306165, 43.769089271298945 ], [ -79.339789726135137, 43.769546511980714 ], [ -79.340567072664271, 43.771819371808114 ], [ -79.33769373629417, 43.781778014236743 ], [ -79.334144810944665, 43.785752389368916 ], [ -79.332096923556776, 43.784966513995577 ] ] ] } },
{ "type": "Feature", "properties": { "vor_id": 525, "theft_count": 9, "bike_trips": 7550, "theft_per_1000_trips": 1.1920529801324504 }, "geometry": { "type": "Polygon", "coordinates": [ [ [ -79.34271214008804, 43.778578158112062 ], [ -79.33769373629417, 43.781778014236743 ], [ -79.340567072664271, 43.771819371808114 ], [ -79.342258365843193, 43.773604684595547 ], [ -79.34271214008804, 43.778578158112062 ] ] ] } },
{ "type": "Feature", "properties": { "vor_id": 527, "theft_count": 21, "bike_trips": 2549, "theft_per_1000_trips": 8.2385249117300887 }, "geometry": { "type": "Polygon", "coordinates": [ [ [ -79.309110801703085, 43.675924037370002 ], [ -79.310303417783203, 43.67543725588051 ], [ -79.312666913848759, 43.675188470159142 ], [ -79.315010434126634, 43.676525718108422 ], [ -79.315129830673797, 43.676742613681654 ], [ -79.315226248449804, 43.677402616726681 ], [ -79.308901495119343, 43.680021869274292 ], [ -79.30839091411174, 43.677674174651685 ], [ -79.308634587946287, 43.676231107714649 ], [ -79.309110801703085, 43.675924037370002 ] ] ] } },
{ "type": "Feature", "properties": { "vor_id": 529, "theft_count": 20, "bike_trips": 10328, "theft_per_1000_trips": 1.9364833462432223 }, "geometry": { "type": "Polygon", "coordinates": [ [ [ -79.51042267578724, 43.671869729154402 ], [ -79.509797368833674, 43.670456796170242 ], [ -79.508438187671018, 43.66634157325506 ], [ -79.509291837872468, 43.660185032073073 ], [ -79.517449377525153, 43.657141399522288 ], [ -79.521790066157038, 43.661776921689352 ], [ -79.520490892711052, 43.666072556872876 ], [ -79.512436153945288, 43.671841791594254 ], [ -79.51042267578724, 43.671869729154402 ] ] ] } },
{ "type": "Feature", "properties": { "vor_id": 530, "theft_count": 9, "bike_trips": 9422, "theft_per_1000_trips": 0.95521120781150493 }, "geometry": { "type": "Polygon", "coordinates": [ [ [ -79.267988488409486, 43.6882243771067 ], [ -79.268794531224458, 43.700831239922572 ], [ -79.262420560746563, 43.702649049331974 ], [ -79.257049536569752, 43.690124147501081 ], [ -79.259178064991943, 43.688761390116468 ], [ -79.259180381164825, 43.688759714904556 ], [ -79.259182399131333, 43.688757848855921 ], [ -79.264311882820564, 43.683368803628696 ], [ -79.267988488409486, 43.6882243771067 ] ] ] } },
{ "type": "Feature", "properties": { "vor_id": 531, "theft_count": 6, "bike_trips": 4405, "theft_per_1000_trips": 1.362088535754824 }, "geometry": { "type": "Polygon", "coordinates": [ [ [ -79.412235022042054, 43.770804675481493 ], [ -79.419105733321786, 43.769155094118126 ], [ -79.419279438478881, 43.770163253375785 ], [ -79.414472739564829, 43.772926340099296 ], [ -79.41194356032257, 43.772302473777955 ], [ -79.412235022042054, 43.770804675481493 ] ] ] } },
{ "type": "Feature", "properties": { "vor_id": 532, "theft_count": 23, "bike_trips": 3605, "theft_per_1000_trips": 6.3800277392510409 }, "geometry": { "type": "Polygon", "coordinates": [ [ [ -79.352085856477075, 43.659206194407922 ], [ -79.351451326480401, 43.656556049512673 ], [ -79.351656793747566, 43.656168259863001 ], [ -79.353447973089729, 43.656865754763189 ], [ -79.352746167643488, 43.65916853159019 ], [ -79.352085856477075, 43.659206194407922 ] ] ] } },
{ "type": "Feature", "properties": { "vor_id": 533, "theft_count": 38, "bike_trips": 3054, "theft_per_1000_trips": 12.442698100851343 }, "geometry": { "type": "Polygon", "coordinates": [ [ [ -79.361106739389399, 43.651142412036982 ], [ -79.360469071171224, 43.648515693745985 ], [ -79.364176733209007, 43.650065976202264 ], [ -79.364189341391267, 43.650123514588294 ], [ -79.361386713957401, 43.651317838590238 ], [ -79.361106739389399, 43.651142412036982 ] ] ] } },
{ "type": "Feature", "properties": { "vor_id": 536, "theft_count": 29, "bike_trips": 5786, "theft_per_1000_trips": 5.012098167991704 }, "geometry": { "type": "Polygon", "coordinates": [ [ [ -79.476661205504897, 43.678227639656576 ], [ -79.479752849160775, 43.679558330138043 ], [ -79.478746159919723, 43.6842973112824 ], [ -79.473059093140279, 43.688444621246191 ], [ -79.463761917072588, 43.680226274419248 ], [ -79.468020038533751, 43.676696643269679 ], [ -79.476661205504897, 43.678227639656576 ] ] ] } },
{ "type": "Feature", "properties": { "vor_id": 538, "theft_count": 63, "bike_trips": 3127, "theft_per_1000_trips": 20.147105852254558 }, "geometry": { "type": "Polygon", "coordinates": [ [ [ -79.377278383498762, 43.647484680019119 ], [ -79.37738197237536, 43.648074054476368 ], [ -79.376855762665826, 43.650088828612823 ], [ -79.376605616876589, 43.650196777459712 ], [ -79.375311800351938, 43.649190218609554 ], [ -79.375176793676729, 43.648575380173774 ], [ -79.377278383498762, 43.647484680019119 ] ] ] } },
{ "type": "Feature", "properties": { "vor_id": 539, "theft_count": 35, "bike_trips": 2448, "theft_per_1000_trips": 14.297385620915032 }, "geometry": { "type": "Polygon", "coordinates": [ [ [ -79.393961686912888, 43.706742230346173 ], [ -79.394184948470112, 43.706502290037392 ], [ -79.396466248163179, 43.705633455776997 ], [ -79.396610121409893, 43.705738669078684 ], [ -79.397032770673803, 43.707700410705385 ], [ -79.396761288655227, 43.70900949531773 ], [ -79.396245761809567, 43.710003071750158 ], [ -79.394543994048149, 43.709623974415848 ], [ -79.393961686912888, 43.706742230346173 ] ] ] } },
{ "type": "Feature", "properties": { "vor_id": 541, "theft_count": 11, "bike_trips": 2148, "theft_per_1000_trips": 5.1210428305400368 }, "geometry": { "type": "Polygon", "coordinates": [ [ [ -79.396883326815299, 43.648904756938798 ], [ -79.397451506882646, 43.649443742000351 ], [ -79.395631155522238, 43.650177114027798 ], [ -79.395133972354444, 43.649845044608668 ], [ -79.395077876454906, 43.649725556787196 ], [ -79.395080827282257, 43.649654761989019 ], [ -79.396883326815299, 43.648904756938798 ] ] ] } },
{ "type": "Feature", "properties": { "vor_id": 542, "theft_count": 82, "bike_trips": 4267, "theft_per_1000_trips": 19.21724865244903 }, "geometry": { "type": "Polygon", "coordinates": [ [ [ -79.378665218710637, 43.64096127360979 ], [ -79.378468030050215, 43.640723265726017 ], [ -79.374463487216005, 43.629970052560182 ], [ -79.379209562590219, 43.628642902566014 ], [ -79.381158482845009, 43.638749781132923 ], [ -79.379106169343046, 43.641097579539185 ], [ -79.378665218710637, 43.64096127360979 ] ] ] } },
{ "type": "Feature", "properties": { "vor_id": 543, "theft_count": 22, "bike_trips": 2049, "theft_per_1000_trips": 10.736944851146902 }, "geometry": { "type": "Polygon", "coordinates": [ [ [ -79.369451220002645, 43.657325644631399 ], [ -79.369147201495423, 43.657447474170183 ], [ -79.367840314655723, 43.657337195539554 ], [ -79.366841809930179, 43.656997087987584 ], [ -79.366809834255164, 43.65681066535879 ], [ -79.367549895208754, 43.654715338152741 ], [ -79.36925631510772, 43.655547834714206 ], [ -79.369451220002645, 43.657325644631399 ] ] ] } },
{ "type": "Feature", "properties": { "vor_id": 544, "theft_count": 22, "bike_trips": 6993, "theft_per_1000_trips": 3.1460031460031459 }, "geometry": { "type": "Polygon", "coordinates": [ [ [ -79.579839229494993, 43.740082082311886 ], [ -79.588008966088879, 43.73878445384161 ], [ -79.589021999174122, 43.740002952523426 ], [ -79.588640765431563, 43.744856110630835 ], [ -79.578355685023624, 43.749768679764877 ], [ -79.574572283021652, 43.749099937303548 ], [ -79.579839229494993, 43.740082082311886 ] ] ] } },
{ "type": "Feature", "properties": { "vor_id": 545, "theft_count": 13, "bike_trips": 1067, "theft_per_1000_trips": 12.183692596063731 }, "geometry": { "type": "Polygon", "coordinates": [ [ [ -79.389045999487124, 43.647272939593087 ], [ -79.390427325881817, 43.646666994829097 ], [ -79.39084070915419, 43.647134541804292 ], [ -79.390817246794271, 43.647239374975605 ], [ -79.38893134986823, 43.648072435904645 ], [ -79.389045999487124, 43.647272939593087 ] ] ] } },
{ "type": "Feature", "properties": { "vor_id": 547, "theft_count": 21, "bike_trips": 2051, "theft_per_1000_trips": 10.238907849829351 }, "geometry": { "type": "Polygon", "coordinates": [ [ [ -79.369035785282264, 43.649898359542021 ], [ -79.369149321642382, 43.649700389456562 ], [ -79.370675156710902, 43.649083878967076 ], [ -79.371017889475894, 43.650055891563063 ], [ -79.369449417937417, 43.650723785357435 ], [ -79.369215565155642, 43.650672198176856 ], [ -79.369035785282264, 43.649898359542021 ] ] ] } },
{ "type": "Feature", "properties": { "vor_id": 548, "theft_count": 42, "bike_trips": 2079, "theft_per_1000_trips": 20.202020202020204 }, "geometry": { "type": "Polygon", "coordinates": [ [ [ -79.380308743579747, 43.665350736308113 ], [ -79.380073023931487, 43.664262684425381 ], [ -79.381646924210202, 43.663614237530304 ], [ -79.38193487573308, 43.664080731016575 ], [ -79.382052930638991, 43.664621482856717 ], [ -79.380308743579747, 43.665350736308113 ] ] ] } },
{ "type": "Feature", "properties": { "vor_id": 549, "theft_count": 9, "bike_trips": 1046, "theft_per_1000_trips": 8.6042065009560229 }, "geometry": { "type": "Polygon", "coordinates": [ [ [ -79.387186157786005, 43.666732548185955 ], [ -79.387173059218526, 43.666819597034554 ], [ -79.386304414096486, 43.667222017489088 ], [ -79.385941801516253, 43.66704424320536 ], [ -79.385822640661587, 43.666985823457289 ], [ -79.38570626233836, 43.6664413198502 ], [ -79.385698806476682, 43.66632802487409 ], [ -79.386813874381545, 43.665859527160883 ], [ -79.387211239320209, 43.666565864410863 ], [ -79.387186157786005, 43.666732548185955 ] ] ] } },
{ "type": "Feature", "properties": { "vor_id": 550, "theft_count": 56, "bike_trips": 3229, "theft_per_1000_trips": 17.342830597708268 }, "geometry": { "type": "Polygon", "coordinates": [ [ [ -79.392810296669623, 43.630327862498305 ], [ -79.394230980148535, 43.636904013906936 ], [ -79.390915451257655, 43.638718116576413 ], [ -79.389853183986204, 43.638456312889133 ], [ -79.389079531873065, 43.637589754359858 ], [ -79.386236022876432, 43.625013177971979 ], [ -79.388640550003089, 43.622762471862096 ], [ -79.392810296669623, 43.630327862498305 ] ] ] } },
{ "type": "Feature", "properties": { "vor_id": 551, "theft_count": 47, "bike_trips": 7285, "theft_per_1000_trips": 6.4516129032258061 }, "geometry": { "type": "Polygon", "coordinates": [ [ [ -79.437516672145165, 43.765729234638698 ], [ -79.454181232544656, 43.770324007175233 ], [ -79.448295712798966, 43.77720060819447 ], [ -79.436493155671386, 43.775996000702627 ], [ -79.435353263427814, 43.775442793721169 ], [ -79.437516672145165, 43.765729234638698 ] ] ] } },
{ "type": "Feature", "properties": { "vor_id": 552, "theft_count": 16, "bike_trips": 4824, "theft_per_1000_trips": 3.3167495854063018 }, "geometry": { "type": "Polygon", "coordinates": [ [ [ -79.410077588355193, 43.713362785362072 ], [ -79.410816729844925, 43.712438482356752 ], [ -79.41145900244031, 43.712253292732058 ], [ -79.411745090413334, 43.712231243201188 ], [ -79.422891319595138, 43.717916988158876 ], [ -79.422292012886388, 43.719921672502238 ], [ -79.415936433253677, 43.722180810033997 ], [ -79.413345022858934, 43.719574758756529 ], [ -79.410077588355193, 43.713362785362072 ] ] ] } },
{ "type": "Feature", "properties": { "vor_id": 553, "theft_count": 1, "bike_trips": 2649, "theft_per_1000_trips": 0.37750094375235937 }, "geometry": { "type": "Polygon", "coordinates": [ [ [ -79.506044936320592, 43.625263474258077 ], [ -79.508180216791786, 43.62719877966822 ], [ -79.512121369349018, 43.630121737615205 ], [ -79.516216324320922, 43.632576159169858 ], [ -79.512234552670648, 43.633626985213269 ], [ -79.510034485542775, 43.632128295379708 ], [ -79.506303140719396, 43.626775716405938 ], [ -79.506044936320592, 43.625263474258077 ] ] ] } },
{ "type": "Feature", "properties": { "vor_id": 554, "theft_count": 10, "bike_trips": 2199, "theft_per_1000_trips": 4.5475216007276034 }, "geometry": { "type": "Polygon", "coordinates": [ [ [ -79.415105045251863, 43.659720914830523 ], [ -79.414040403078886, 43.659337975707793 ], [ -79.413836874846723, 43.65729657868733 ], [ -79.414998031201321, 43.656843569979401 ], [ -79.415873065100186, 43.656917107641789 ], [ -79.416588071872965, 43.657197225323728 ], [ -79.416889210838505, 43.657345664252141 ], [ -79.417219046367279, 43.658900542246649 ], [ -79.415105045251863, 43.659720914830523 ] ] ] } },
{ "type": "Feature", "properties": { "vor_id": 555, "theft_count": 3, "bike_trips": 5962, "theft_per_1000_trips": 0.5031868500503186 }, "geometry": { "type": "Polygon", "coordinates": [ [ [ -79.378952801816496, 43.768885605982994 ], [ -79.382021154233712, 43.769686537822778 ], [ -79.38341422569458, 43.776479580856972 ], [ -79.382629830601459, 43.784131875951651 ], [ -79.379019176742048, 43.783219868707249 ], [ -79.376660726185534, 43.781918632719936 ], [ -79.377196234451432, 43.773997785542761 ], [ -79.378952801816496, 43.768885605982994 ] ] ] } },
{ "type": "Feature", "properties": { "vor_id": 556, "theft_count": 0, "bike_trips": 1077, "theft_per_1000_trips": 0.0 }, "geometry": { "type": "Polygon", "coordinates": [ [ [ -79.40387547722537, 43.658704962109447 ], [ -79.404103863410128, 43.65887473889596 ], [ -79.402717485685116, 43.659428603987557 ], [ -79.403752476090816, 43.658661002787795 ], [ -79.40387547722537, 43.658704962109447 ] ] ] } },
{ "type": "Feature", "properties": { "vor_id": 558, "theft_count": 18, "bike_trips": 9273, "theft_per_1000_trips": 1.9411193788417986 }, "geometry": { "type": "Polygon", "coordinates": [ [ [ -79.282926304519918, 43.743285449381254 ], [ -79.263550699496889, 43.7508388258614 ], [ -79.26078419870862, 43.74982824858742 ], [ -79.258850578241891, 43.748933999345319 ], [ -79.260003251839692, 43.743565920928241 ], [ -79.266945292575897, 43.736154905501344 ], [ -79.274831668589869, 43.732923565203954 ], [ -79.283484205333323, 43.742807376466402 ], [ -79.282926304519918, 43.743285449381254 ] ] ] } },
{ "type": "Feature", "properties": { "vor_id": 559, "theft_count": 27, "bike_trips": 1021, "theft_per_1000_trips": 26.444662095984327 }, "geometry": { "type": "Polygon", "coordinates": [ [ [ -79.37677202053419, 43.668684524764217 ], [ -79.377015622041355, 43.669787895993288 ], [ -79.375461412814985, 43.670442242113396 ], [ -79.374534462169308, 43.670244268447227 ], [ -79.374514675135202, 43.670220035476014 ], [ -79.374993448103055, 43.6694268254235 ], [ -79.37677202053419, 43.668684524764217 ] ] ] } },
{ "type": "Feature", "properties": { "vor_id": 562, "theft_count": 30, "bike_trips": 2271, "theft_per_1000_trips": 13.21003963011889 }, "geometry": { "type": "Polygon", "coordinates": [ [ [ -79.307191359661942, 43.666045989132712 ], [ -79.308846962590607, 43.666478386635937 ], [ -79.309490325076922, 43.669322779816376 ], [ -79.30868611628658, 43.670451082671107 ], [ -79.307901740637263, 43.670288163510698 ], [ -79.307020215172415, 43.666325182213043 ], [ -79.307191359661942, 43.666045989132712 ] ] ] } },
{ "type": "Feature", "properties": { "vor_id": 563, "theft_count": 13, "bike_trips": 6196, "theft_per_1000_trips": 2.0981278244028405 }, "geometry": { "type": "Polygon", "coordinates": [ [ [ -79.470207333990345, 43.632749903238391 ], [ -79.46900266195621, 43.631977233383104 ], [ -79.4670666940833, 43.629154247612441 ], [ -79.467914908888247, 43.621786575887974 ], [ -79.468342940182282, 43.621295572688844 ], [ -79.469654552483178, 43.622234493670412 ], [ -79.475196482818518, 43.627452256780124 ], [ -79.47592922100273, 43.634909866300561 ], [ -79.475168108108193, 43.635023465009468 ], [ -79.470207333990345, 43.632749903238391 ] ] ] } },
{ "type": "Feature", "properties": { "vor_id": 565, "theft_count": 7, "bike_trips": 2080, "theft_per_1000_trips": 3.3653846153846154 }, "geometry": { "type": "Polygon", "coordinates": [ [ [ -79.379673178858582, 43.666162115503283 ], [ -79.378584133755623, 43.665544153857176 ], [ -79.378292724676257, 43.664197709277111 ], [ -79.379054428405766, 43.663886114779316 ], [ -79.379295449390384, 43.664080743869746 ], [ -79.379725679234511, 43.666034929698057 ], [ -79.379673178858582, 43.666162115503283 ] ] ] } },
{ "type": "Feature", "properties": { "vor_id": 566, "theft_count": 34, "bike_trips": 2041, "theft_per_1000_trips": 16.658500734933856 }, "geometry": { "type": "Polygon", "coordinates": [ [ [ -79.373852578925622, 43.670028332853207 ], [ -79.373462361952264, 43.670197387523928 ], [ -79.3704933810711, 43.670825065463042 ], [ -79.371093378831588, 43.668986995111766 ], [ -79.372409642761937, 43.668475560956061 ], [ -79.373503233794651, 43.668529285638449 ], [ -79.373852578925622, 43.670028332853207 ] ] ] } },
{ "type": "Feature", "properties": { "vor_id": 567, "theft_count": 38, "bike_trips": 2147, "theft_per_1000_trips": 17.699115044247787 }, "geometry": { "type": "Polygon", "coordinates": [ [ [ -79.397520175986173, 43.666331087450018 ], [ -79.398875782663595, 43.666683032168109 ], [ -79.399250754041432, 43.668448731122112 ], [ -79.399067432877274, 43.668843743033399 ], [ -79.397992844249558, 43.668497916091106 ], [ -79.397520175986173, 43.666331087450018 ] ] ] } },
{ "type": "Feature", "properties": { "vor_id": 568, "theft_count": 9, "bike_trips": 9269, "theft_per_1000_trips": 0.97097853058582373 }, "geometry": { "type": "Polygon", "coordinates": [ [ [ -79.528191730141984, 43.704547689376213 ], [ -79.531912945907038, 43.69836518845716 ], [ -79.533726700775816, 43.698278492872959 ], [ -79.543841877354438, 43.707029071009792 ], [ -79.538476711198783, 43.722306431064311 ], [ -79.528705027690435, 43.723861710147666 ], [ -79.526482486639964, 43.720184895991146 ], [ -79.528191730141984, 43.704547689376213 ] ] ] } },
{ "type": "Feature", "properties": { "vor_id": 569, "theft_count": 53, "bike_trips": 1060, "theft_per_1000_trips": 50.0 }, "geometry": { "type": "Polygon", "coordinates": [ [ [ -79.376422587654005, 43.642638596436214 ], [ -79.376259658336878, 43.642199402577113 ], [ -79.378468030050215, 43.640723265726017 ], [ -79.378665218710637, 43.64096127360979 ], [ -79.378308480421367, 43.642356494269542 ], [ -79.376680534633351, 43.643053314083019 ], [ -79.376422587654005, 43.642638596436214 ] ] ] } },
{ "type": "Feature", "properties": { "vor_id": 570, "theft_count": 19, "bike_trips": 4911, "theft_per_1000_trips": 3.868865811443698 }, "geometry": { "type": "Polygon", "coordinates": [ [ [ -79.471758777082172, 43.645426111370043 ], [ -79.470044994953184, 43.644856398724031 ], [ -79.470911874510321, 43.642286064634185 ], [ -79.475168108108193, 43.635023465009468 ], [ -79.47592922100273, 43.634909866300561 ], [ -79.481278025125349, 43.635802337462785 ], [ -79.482691254151902, 43.64187474006718 ], [ -79.481154870686794, 43.64330952720416 ], [ -79.471758777082172, 43.645426111370043 ] ] ] } },
{ "type": "Feature", "properties": { "vor_id": 571, "theft_count": 31, "bike_trips": 2240, "theft_per_1000_trips": 13.839285714285714 }, "geometry": { "type": "Polygon", "coordinates": [ [ [ -79.445170239408142, 43.642794829406697 ], [ -79.445099945188758, 43.643343378846431 ], [ -79.441417446729503, 43.644761398117375 ], [ -79.439881899826005, 43.64198608033216 ], [ -79.441060266056809, 43.64153726003817 ], [ -79.445165363755223, 43.642791576797123 ], [ -79.445170239408142, 43.642794829406697 ] ] ] } },
{ "type": "Feature", "properties": { "vor_id": 575, "theft_count": 30, "bike_trips": 6276, "theft_per_1000_trips": 4.7801147227533463 }, "geometry": { "type": "Polygon", "coordinates": [ [ [ -79.376697382267963, 43.64335586824653 ], [ -79.377289226514506, 43.644522849014081 ], [ -79.375512241185561, 43.645284493981507 ], [ -79.373587913226885, 43.644749762004444 ], [ -79.373721143277251, 43.644531266873287 ], [ -79.376697382267963, 43.64335586824653 ] ] ] } },
{ "type": "Feature", "properties": { "vor_id": 576, "theft_count": 13, "bike_trips": 2210, "theft_per_1000_trips": 5.8823529411764701 }, "geometry": { "type": "Polygon", "coordinates": [ [ [ -79.422890478465419, 43.657798707801909 ], [ -79.421775076199324, 43.65768579212223 ], [ -79.421380778652491, 43.655682157835251 ], [ -79.423460580581335, 43.654890759346905 ], [ -79.424520096864654, 43.656162437679896 ], [ -79.422890478465419, 43.657798707801909 ] ] ] } },
{ "type": "Feature", "properties": { "vor_id": 579, "theft_count": 29, "bike_trips": 1298, "theft_per_1000_trips": 22.342064714946069 }, "geometry": { "type": "Polygon", "coordinates": [ [ [ -79.354704301097584, 43.67601092725647 ], [ -79.354619245933847, 43.675991332422889 ], [ -79.353915589207077, 43.67566148212039 ], [ -79.353048794231682, 43.674195295462539 ], [ -79.35277596757652, 43.672777001975717 ], [ -79.352959796641372, 43.672147437105444 ], [ -79.353192333643378, 43.671830404544082 ], [ -79.355334958925781, 43.673375509764043 ], [ -79.355778083744482, 43.675760818726822 ], [ -79.354704301097584, 43.67601092725647 ] ] ] } },
{ "type": "Feature", "properties": { "vor_id": 580, "theft_count": 12, "bike_trips": 8949, "theft_per_1000_trips": 1.3409319477036541 }, "geometry": { "type": "Polygon", "coordinates": [ [ [ -79.382629830601459, 43.784131875951651 ], [ -79.383074403464192, 43.784374507316514 ], [ -79.383441381755134, 43.794264715431531 ], [ -79.37230668987651, 43.801515120543378 ], [ -79.367809880480863, 43.798611760014673 ], [ -79.379019176742048, 43.783219868707249 ], [ -79.382629830601459, 43.784131875951651 ] ] ] } },
{ "type": "Feature", "properties": { "vor_id": 581, "theft_count": 16, "bike_trips": 4508, "theft_per_1000_trips": 3.5492457852706303 }, "geometry": { "type": "Polygon", "coordinates": [ [ [ -79.354781167611549, 43.778582292258804 ], [ -79.357002595970158, 43.781021201189986 ], [ -79.357167792113913, 43.781318899964674 ], [ -79.352376607511047, 43.787896201321857 ], [ -79.347090386403863, 43.788531452031002 ], [ -79.348763917518312, 43.779901150248797 ], [ -79.354781167611549, 43.778582292258804 ] ] ] } },
{ "type": "Feature", "properties": { "vor_id": 583, "theft_count": 7, "bike_trips": 5478, "theft_per_1000_trips": 1.2778386272362174 }, "geometry": { "type": "Polygon", "coordinates": [ [ [ -79.353310641699807, 43.774063448997737 ], [ -79.352393336273352, 43.767771026303457 ], [ -79.352581507082292, 43.763551691269733 ], [ -79.356444459482887, 43.764963433327921 ], [ -79.361805984371358, 43.771338911509368 ], [ -79.361875327797435, 43.773010717618952 ], [ -79.357002595970158, 43.781021201189986 ], [ -79.354781167611549, 43.778582292258804 ], [ -79.353310641699807, 43.774063448997737 ] ] ] } },
{ "type": "Feature", "properties": { "vor_id": 586, "theft_count": 20, "bike_trips": 1071, "theft_per_1000_trips": 18.674136321195146 }, "geometry": { "type": "Polygon", "coordinates": [ [ [ -79.398509158791114, 43.657093045003911 ], [ -79.397431054763587, 43.657536915760033 ], [ -79.397044321390084, 43.65745253328766 ], [ -79.396765845241518, 43.656071006555287 ], [ -79.397934753482843, 43.655582975643945 ], [ -79.398072076715124, 43.655694178950263 ], [ -79.398529847850966, 43.656890335373774 ], [ -79.398509158791114, 43.657093045003911 ] ] ] } },
{ "type": "Feature", "properties": { "vor_id": 588, "theft_count": 29, "bike_trips": 1021, "theft_per_1000_trips": 28.403525954946133 }, "geometry": { "type": "Polygon", "coordinates": [ [ [ -79.37681320540662, 43.668415215883606 ], [ -79.378315958221151, 43.668341390371857 ], [ -79.378701708611572, 43.668636163738135 ], [ -79.378860732080611, 43.66947521202583 ], [ -79.377306643404765, 43.670122925996814 ], [ -79.377015622041355, 43.669787895993288 ], [ -79.37677202053419, 43.668684524764217 ], [ -79.37681320540662, 43.668415215883606 ] ] ] } },
{ "type": "Feature", "properties": { "vor_id": 589, "theft_count": 19, "bike_trips": 6085, "theft_per_1000_trips": 3.1224322103533275 }, "geometry": { "type": "Polygon", "coordinates": [ [ [ -79.382135885798363, 43.679855141872807 ], [ -79.385512787945103, 43.679491126288795 ], [ -79.388773572649882, 43.686804588099989 ], [ -79.387776415052016, 43.688146411285331 ], [ -79.386705356391104, 43.688278776861623 ], [ -79.384371215011512, 43.686373307830181 ], [ -79.380989184471446, 43.680116418446346 ], [ -79.382135885798363, 43.679855141872807 ] ] ] } },
{ "type": "Feature", "properties": { "vor_id": 590, "theft_count": 57, "bike_trips": 3281, "theft_per_1000_trips": 17.37275220969217 }, "geometry": { "type": "Polygon", "coordinates": [ [ [ -79.375608088166913, 43.672500785772641 ], [ -79.376219239819946, 43.671691129672304 ], [ -79.377520045626795, 43.671179831080977 ], [ -79.377846683008102, 43.671637418652018 ], [ -79.378185340038797, 43.673314070193818 ], [ -79.378171400030581, 43.676095978483829 ], [ -79.375608088166913, 43.672500785772641 ] ] ] } },
{ "type": "Feature", "properties": { "vor_id": 592, "theft_count": 6, "bike_trips": 1271, "theft_per_1000_trips": 4.7206923682140047 }, "geometry": { "type": "Polygon", "coordinates": [ [ [ -79.308510361599929, 43.680626393268639 ], [ -79.305540394993145, 43.679255334199979 ], [ -79.305704611277733, 43.678896170920339 ], [ -79.30839091411174, 43.677674174651685 ], [ -79.308901495119343, 43.680021869274292 ], [ -79.308510361599929, 43.680626393268639 ] ] ] } },
{ "type": "Feature", "properties": { "vor_id": 594, "theft_count": 12, "bike_trips": 4799, "theft_per_1000_trips": 2.500520941862888 }, "geometry": { "type": "Polygon", "coordinates": [ [ [ -79.516563168637973, 43.705376517569817 ], [ -79.517720889710574, 43.69846658095166 ], [ -79.520982343917822, 43.697467477416517 ], [ -79.519097513046859, 43.704845804917476 ], [ -79.516563168637973, 43.705376517569817 ] ] ] } },
{ "type": "Feature", "properties": { "vor_id": 595, "theft_count": 13, "bike_trips": 2434, "theft_per_1000_trips": 5.341002465078061 }, "geometry": { "type": "Polygon", "coordinates": [ [ [ -79.398880849915457, 43.7021773571281 ], [ -79.394964683360712, 43.701505177230629 ], [ -79.394962377271952, 43.701214820627364 ], [ -79.400804240435249, 43.699837746873463 ], [ -79.398880849915457, 43.7021773571281 ] ] ] } },
{ "type": "Feature", "properties": { "vor_id": 596, "theft_count": 62, "bike_trips": 2061, "theft_per_1000_trips": 30.082484230955849 }, "geometry": { "type": "Polygon", "coordinates": [ [ [ -79.374605984168298, 43.658985232637235 ], [ -79.375446289727918, 43.658653156085933 ], [ -79.377408058580201, 43.659933677013981 ], [ -79.37734450539017, 43.660746061465261 ], [ -79.377326601891582, 43.66076672258459 ], [ -79.375134614784145, 43.661700735706575 ], [ -79.374591574454911, 43.661367636718985 ], [ -79.374605984168298, 43.658985232637235 ] ] ] } },
{ "type": "Feature", "properties": { "vor_id": 597, "theft_count": 9, "bike_trips": 5965, "theft_per_1000_trips": 1.5088013411567478 }, "geometry": { "type": "Polygon", "coordinates": [ [ [ -79.372947317213104, 43.768027071487836 ], [ -79.373970842280428, 43.765819627080852 ], [ -79.377196234451432, 43.773997785542761 ], [ -79.376660726185534, 43.781918632719936 ], [ -79.372080460244575, 43.780796428002489 ], [ -79.372006152396807, 43.780628692618492 ], [ -79.371678675073952, 43.77954308760404 ], [ -79.371246727004106, 43.776990281201897 ], [ -79.372947317213104, 43.768027071487836 ] ] ] } },
{ "type": "Feature", "properties": { "vor_id": 598, "theft_count": 31, "bike_trips": 4623, "theft_per_1000_trips": 6.7056024226692621 }, "geometry": { "type": "Polygon", "coordinates": [ [ [ -79.468020038533751, 43.676696643269679 ], [ -79.467389871010681, 43.671792187405408 ], [ -79.468762249072483, 43.669293096784919 ], [ -79.472343603149298, 43.668768389834398 ], [ -79.476661205504897, 43.678227639656576 ], [ -79.468020038533751, 43.676696643269679 ] ] ] } },
{ "type": "Feature", "properties": { "vor_id": 599, "theft_count": 1, "bike_trips": 5681, "theft_per_1000_trips": 0.17602534765006161 }, "geometry": { "type": "Polygon", "coordinates": [ [ [ -79.540133404934735, 43.771586858999079 ], [ -79.539333200502853, 43.771747047033301 ], [ -79.539332951068062, 43.77174709790004 ], [ -79.539154602512724, 43.771784137769565 ], [ -79.53237939566084, 43.755187415415364 ], [ -79.541763151838282, 43.746251809181466 ], [ -79.540862235979702, 43.749848466899195 ], [ -79.54014226366624, 43.754702125983513 ], [ -79.539901499999885, 43.759602983 ], [ -79.54014226366624, 43.764503840016474 ], [ -79.540862235979702, 43.769357499100799 ], [ -79.541030443112547, 43.770029019617134 ], [ -79.540133404934735, 43.771586858999079 ] ] ] } },
{ "type": "Feature", "properties": { "vor_id": 600, "theft_count": 22, "bike_trips": 4258, "theft_per_1000_trips": 5.1667449506810712 }, "geometry": { "type": "Polygon", "coordinates": [ [ [ -79.387277447935318, 43.645276727877651 ], [ -79.386175546434032, 43.64362494086695 ], [ -79.386702925815499, 43.642081435232839 ], [ -79.388970327063518, 43.642186687376444 ], [ -79.389490006886348, 43.644664421159526 ], [ -79.389402561580638, 43.644822173069315 ], [ -79.387992627999736, 43.645400661939163 ], [ -79.387277447935318, 43.645276727877651 ] ] ] } },
{ "type": "Feature", "properties": { "vor_id": 601, "theft_count": 26, "bike_trips": 3253, "theft_per_1000_trips": 7.9926221948970184 }, "geometry": { "type": "Polygon", "coordinates": [ [ [ -79.408911503934249, 43.658034667367943 ], [ -79.408245493349582, 43.658932313517433 ], [ -79.406712826778289, 43.659557264694328 ], [ -79.406151077200761, 43.656810573456298 ], [ -79.406377423570831, 43.656605425064583 ], [ -79.408911503934249, 43.658034667367943 ] ] ] } },
{ "type": "Feature", "properties": { "vor_id": 602, "theft_count": 17, "bike_trips": 2147, "theft_per_1000_trips": 7.9180251513740112 }, "geometry": { "type": "Polygon", "coordinates": [ [ [ -79.396482612554436, 43.645651061907273 ], [ -79.397060387513989, 43.646285734886 ], [ -79.397045714059516, 43.646578773769079 ], [ -79.395614657300086, 43.647117085622661 ], [ -79.395515324557067, 43.64642949261615 ], [ -79.396337132931009, 43.645710370073438 ], [ -79.396482612554436, 43.645651061907273 ] ] ] } },
{ "type": "Feature", "properties": { "vor_id": 604, "theft_count": 29, "bike_trips": 1067, "theft_per_1000_trips": 27.17900656044986 }, "geometry": { "type": "Polygon", "coordinates": [ [ [ -79.394333736752827, 43.645914223169171 ], [ -79.394525832064431, 43.646105460106313 ], [ -79.394661301519861, 43.646769735006636 ], [ -79.394496471138368, 43.647756846509466 ], [ -79.393857586036361, 43.647541170862162 ], [ -79.393016736161542, 43.646429032401159 ], [ -79.394333736752827, 43.645914223169171 ] ] ] } },
{ "type": "Feature", "properties": { "vor_id": 605, "theft_count": 24, "bike_trips": 4822, "theft_per_1000_trips": 4.9771878888428045 }, "geometry": { "type": "Polygon", "coordinates": [ [ [ -79.411703544202751, 43.725683521588145 ], [ -79.410581183732035, 43.724334387421841 ], [ -79.413345022858934, 43.719574758756529 ], [ -79.415936433253677, 43.722180810033997 ], [ -79.415780889172638, 43.727976106851479 ], [ -79.41255912119523, 43.726329440858414 ], [ -79.411703544202751, 43.725683521588145 ] ] ] } },
{ "type": "Feature", "properties": { "vor_id": 606, "theft_count": 19, "bike_trips": 4700, "theft_per_1000_trips": 4.042553191489362 }, "geometry": { "type": "Polygon", "coordinates": [ [ [ -79.272343323863339, 43.702462667033295 ], [ -79.278890874674318, 43.701775244957986 ], [ -79.282959359449109, 43.708862027360581 ], [ -79.277670730598558, 43.71416309214203 ], [ -79.271073159682359, 43.710025788054303 ], [ -79.272343323863339, 43.702462667033295 ] ] ] } },
{ "type": "Feature", "properties": { "vor_id": 610, "theft_count": 20, "bike_trips": 3821, "theft_per_1000_trips": 5.2342318764721272 }, "geometry": { "type": "Polygon", "coordinates": [ [ [ -79.362894548507398, 43.684960558025736 ], [ -79.363049764057777, 43.683544040273318 ], [ -79.365111815486841, 43.680003945758223 ], [ -79.365242462248474, 43.679812087352239 ], [ -79.367120856398799, 43.679794594699523 ], [ -79.370103545716859, 43.680659327569302 ], [ -79.373367136277722, 43.685682399185673 ], [ -79.373070146444832, 43.687650444581436 ], [ -79.37069193584712, 43.690067933968706 ], [ -79.364040749004573, 43.69057694073242 ], [ -79.362980830742785, 43.687827263426833 ], [ -79.362861912663078, 43.68637042229247 ], [ -79.362894548507398, 43.684960558025736 ] ] ] } },
{ "type": "Feature", "properties": { "vor_id": 612, "theft_count": 5, "bike_trips": 3301, "theft_per_1000_trips": 1.514692517418964 }, "geometry": { "type": "Polygon", "coordinates": [ [ [ -79.416292777892679, 43.654119038956232 ], [ -79.416995159085019, 43.654446230921664 ], [ -79.416588071872965, 43.657197225323728 ], [ -79.415873065100186, 43.656917107641789 ], [ -79.416292777892679, 43.654119038956232 ] ] ] } },
{ "type": "Feature", "properties": { "vor_id": 613, "theft_count": 31, "bike_trips": 5885, "theft_per_1000_trips": 5.2676295666949873 }, "geometry": { "type": "Polygon", "coordinates": [ [ [ -79.413877199361266, 43.779669160269599 ], [ -79.416487753170557, 43.778970886984702 ], [ -79.416813498235101, 43.780463748159995 ], [ -79.414018730785287, 43.781098046063491 ], [ -79.413877199361266, 43.779669160269599 ] ] ] } },
{ "type": "Feature", "properties": { "vor_id": 615, "theft_count": 11, "bike_trips": 2051, "theft_per_1000_trips": 5.3632374451487079 }, "geometry": { "type": "Polygon", "coordinates": [ [ [ -79.367349293080025, 43.650891376180191 ], [ -79.367078332527797, 43.64968994148456 ], [ -79.367322840032742, 43.649281822432471 ], [ -79.369035785282264, 43.649898359542021 ], [ -79.369215565155642, 43.650672198176856 ], [ -79.369009785193327, 43.650943012197338 ], [ -79.368007615976637, 43.651370785035837 ], [ -79.367349293080025, 43.650891376180191 ] ] ] } },
{ "type": "Feature", "properties": { "vor_id": 616, "theft_count": 53, "bike_trips": 2146, "theft_per_1000_trips": 24.697110904007456 }, "geometry": { "type": "Polygon", "coordinates": [ [ [ -79.381432965482531, 43.639889616404162 ], [ -79.381158482845009, 43.638749781132923 ], [ -79.379209562590219, 43.628642902566014 ], [ -79.382784610927843, 43.627153773685805 ], [ -79.384562908942385, 43.638635211240697 ], [ -79.381589112026518, 43.640093246922071 ], [ -79.381432965482531, 43.639889616404162 ] ] ] } },
{ "type": "Feature", "properties": { "vor_id": 617, "theft_count": 61, "bike_trips": 2091, "theft_per_1000_trips": 29.172644667623146 }, "geometry": { "type": "Polygon", "coordinates": [ [ [ -79.388262660966376, 43.669015191343966 ], [ -79.388613423409907, 43.669181390738686 ], [ -79.388828857684217, 43.670273515913877 ], [ -79.38872991789016, 43.670892183216921 ], [ -79.388628881631618, 43.671220383730223 ], [ -79.388416663177054, 43.671159660531195 ], [ -79.387834765324214, 43.67078937501114 ], [ -79.387572175137535, 43.669288472485874 ], [ -79.388262660966376, 43.669015191343966 ] ] ] } },
{ "type": "Feature", "properties": { "vor_id": 618, "theft_count": 4, "bike_trips": 1082, "theft_per_1000_trips": 3.6968576709796674 }, "geometry": { "type": "Polygon", "coordinates": [ [ [ -79.398607537131213, 43.639167683999673 ], [ -79.396858740572881, 43.639862343043838 ], [ -79.396560224806535, 43.638820689899028 ], [ -79.397830535920832, 43.638310526678517 ], [ -79.398515397609344, 43.638808404533627 ], [ -79.398607537131213, 43.639167683999673 ] ] ] } },
{ "type": "Feature", "properties": { "vor_id": 619, "theft_count": 21, "bike_trips": 6351, "theft_per_1000_trips": 3.3065658951346246 }, "geometry": { "type": "Polygon", "coordinates": [ [ [ -79.354105897147932, 43.654091649102533 ], [ -79.354923481974893, 43.655382131922366 ], [ -79.353907647230528, 43.656853384783084 ], [ -79.353447973089729, 43.656865754763189 ], [ -79.351656793747566, 43.656168259863001 ], [ -79.348314210557447, 43.649282721494423 ], [ -79.354105897147932, 43.654091649102533 ] ] ] } },
{ "type": "Feature", "properties": { "vor_id": 620, "theft_count": 12, "bike_trips": 4799, "theft_per_1000_trips": 2.500520941862888 }, "geometry": { "type": "Polygon", "coordinates": [ [ [ -79.519097513046859, 43.704845804917476 ], [ -79.520982343917822, 43.697467477416517 ], [ -79.527277337640072, 43.694295130405756 ], [ -79.531912945907038, 43.69836518845716 ], [ -79.528191730141984, 43.704547689376213 ], [ -79.519097513046859, 43.704845804917476 ] ] ] } },
{ "type": "Feature", "properties": { "vor_id": 621, "theft_count": 19, "bike_trips": 1040, "theft_per_1000_trips": 18.26923076923077 }, "geometry": { "type": "Polygon", "coordinates": [ [ [ -79.38193487573308, 43.664080731016575 ], [ -79.381646924210202, 43.663614237530304 ], [ -79.381430664165578, 43.662623847761871 ], [ -79.381456486956822, 43.662262415191641 ], [ -79.38160985075649, 43.662200602485441 ], [ -79.382001426894263, 43.662202402994623 ], [ -79.382664855459765, 43.662383018364253 ], [ -79.383427986170787, 43.662652093048024 ], [ -79.383435840750877, 43.663454299792633 ], [ -79.38193487573308, 43.664080731016575 ] ] ] } },
{ "type": "Feature", "properties": { "vor_id": 622, "theft_count": 15, "bike_trips": 4434, "theft_per_1000_trips": 3.3829499323410013 }, "geometry": { "type": "Polygon", "coordinates": [ [ [ -79.408637275190657, 43.765642977326891 ], [ -79.409147017998734, 43.765481329533451 ], [ -79.40975637849624, 43.765801072316194 ], [ -79.411057362121454, 43.766853925127357 ], [ -79.411467148066066, 43.768675918009919 ], [ -79.411326693948709, 43.7689896537645 ], [ -79.405353577737458, 43.771549371488817 ], [ -79.404971088772797, 43.771184431102007 ], [ -79.408637275190657, 43.765642977326891 ] ] ] } },
{ "type": "Feature", "properties": { "vor_id": 623, "theft_count": 21, "bike_trips": 2203, "theft_per_1000_trips": 9.532455742169768 }, "geometry": { "type": "Polygon", "coordinates": [ [ [ -79.420338126260333, 43.652214991994555 ], [ -79.421037275162064, 43.655588962546723 ], [ -79.419232312768372, 43.656309287763264 ], [ -79.41875121753047, 43.656110463979346 ], [ -79.418639834010122, 43.654762542178936 ], [ -79.419279789907975, 43.65305706271829 ], [ -79.420338126260333, 43.652214991994555 ] ] ] } },
{ "type": "Feature", "properties": { "vor_id": 624, "theft_count": 21, "bike_trips": 1087, "theft_per_1000_trips": 19.319227230910766 }, "geometry": { "type": "Polygon", "coordinates": [ [ [ -79.404442717203494, 43.636727140620174 ], [ -79.405094575066457, 43.63682581270929 ], [ -79.405332694272886, 43.63952978859043 ], [ -79.40460784230126, 43.639408992371251 ], [ -79.404442717203494, 43.636727140620174 ] ] ] } },
{ "type": "Feature", "properties": { "vor_id": 625, "theft_count": 17, "bike_trips": 3882, "theft_per_1000_trips": 4.3791859866048428 }, "geometry": { "type": "Polygon", "coordinates": [ [ [ -79.345186237859778, 43.674167908040594 ], [ -79.34207220409202, 43.673892544480445 ], [ -79.341857595435584, 43.672112629993379 ], [ -79.34544252438387, 43.670619197099072 ], [ -79.345458394878577, 43.670631840377901 ], [ -79.345717874197717, 43.672111378672788 ], [ -79.345588440830355, 43.673026793572831 ], [ -79.345186237859778, 43.674167908040594 ] ] ] } },
{ "type": "Feature", "properties": { "vor_id": 626, "theft_count": 28, "bike_trips": 4551, "theft_per_1000_trips": 6.1524939573720063 }, "geometry": { "type": "Polygon", "coordinates": [ [ [ -79.412265647371299, 43.672034315138966 ], [ -79.413450862582252, 43.670873908976553 ], [ -79.413844633930296, 43.670718411290167 ], [ -79.41447126681372, 43.670763215605682 ], [ -79.415447561943864, 43.671862678744894 ], [ -79.414785122446446, 43.675505168856027 ], [ -79.412265647371299, 43.672034315138966 ] ] ] } },
{ "type": "Feature", "properties": { "vor_id": 627, "theft_count": 0, "bike_trips": 16372, "theft_per_1000_trips": 0.0 }, "geometry": { "type": "Polygon", "coordinates": [ [ [ -79.605960448053111, 43.693767744398514 ], [ -79.60597100397321, 43.693786160349987 ], [ -79.605971654567881, 43.693787207116195 ], [ -79.606200291545022, 43.694127866181184 ], [ -79.607560875331458, 43.696520309846036 ], [ -79.607560955020688, 43.696520448448112 ], [ -79.608344894799387, 43.697869244666585 ], [ -79.610518436235154, 43.701732940086217 ], [ -79.610518600251709, 43.701733225140423 ], [ -79.610980933720512, 43.702519119108018 ], [ -79.608342780100713, 43.701858295979832 ], [ -79.603489121016381, 43.701138323666385 ], [ -79.598588263999901, 43.70089756 ], [ -79.593687406983406, 43.701138323666385 ], [ -79.590965052519437, 43.701542146804222 ], [ -79.605960448053111, 43.693767744398514 ] ] ] } },
{ "type": "Feature", "properties": { "vor_id": 629, "theft_count": 36, "bike_trips": 1104, "theft_per_1000_trips": 32.608695652173914 }, "geometry": { "type": "Polygon", "coordinates": [ [ [ -79.421786075855792, 43.638327696635621 ], [ -79.421846811611019, 43.638127213770105 ], [ -79.424008269091019, 43.638714178377704 ], [ -79.424342427110005, 43.640375163063794 ], [ -79.424022621418644, 43.640873440623622 ], [ -79.421933419953191, 43.639899240437124 ], [ -79.421769654971555, 43.639722453093057 ], [ -79.421786075855792, 43.638327696635621 ] ] ] } },
{ "type": "Feature", "properties": { "vor_id": 631, "theft_count": 24, "bike_trips": 3399, "theft_per_1000_trips": 7.0609002647837604 }, "geometry": { "type": "Polygon", "coordinates": [ [ [ -79.469389699829648, 43.6608170288333 ], [ -79.470266605275242, 43.659589208036031 ], [ -79.472288758441749, 43.659123317875178 ], [ -79.473409853126938, 43.659752223436719 ], [ -79.471600517132259, 43.662653813740462 ], [ -79.469389699829648, 43.6608170288333 ] ] ] } },
{ "type": "Feature", "properties": { "vor_id": 632, "theft_count": 12, "bike_trips": 1023, "theft_per_1000_trips": 11.730205278592376 }, "geometry": { "type": "Polygon", "coordinates": [ [ [ -79.371581450120999, 43.660001682475404 ], [ -79.372321489648129, 43.66171774436004 ], [ -79.372015115199446, 43.662160345258322 ], [ -79.37081255043924, 43.662659875422477 ], [ -79.370406403463477, 43.662631703808344 ], [ -79.369884390586307, 43.660194054468896 ], [ -79.370591966064026, 43.65990532444583 ], [ -79.371581450120999, 43.660001682475404 ] ] ] } },
{ "type": "Feature", "properties": { "vor_id": 634, "theft_count": 6, "bike_trips": 3353, "theft_per_1000_trips": 1.789442290486132 }, "geometry": { "type": "Polygon", "coordinates": [ [ [ -79.444219057480055, 43.652463152553736 ], [ -79.446012912047522, 43.651961693836157 ], [ -79.447540070202066, 43.653703758339759 ], [ -79.448210365520254, 43.655219977826391 ], [ -79.447664700956253, 43.655996867961214 ], [ -79.444620563974198, 43.656908808311044 ], [ -79.443415669066482, 43.655574646163032 ], [ -79.444219057480055, 43.652463152553736 ] ] ] } },
{ "type": "Feature", "properties": { "vor_id": 636, "theft_count": 10, "bike_trips": 3989, "theft_per_1000_trips": 2.5068939583855601 }, "geometry": { "type": "Polygon", "coordinates": [ [ [ -79.498878823130426, 43.64643788871517 ], [ -79.49868230617254, 43.646315950952697 ], [ -79.497524235174865, 43.643696381392147 ], [ -79.506610343543514, 43.635294560482436 ], [ -79.508967371381615, 43.636409351625666 ], [ -79.512845568424581, 43.637796992716019 ], [ -79.51321802448625, 43.640338898651443 ], [ -79.50904457111794, 43.64445665203764 ], [ -79.498878823130426, 43.64643788871517 ] ] ] } },
{ "type": "Feature", "properties": { "vor_id": 638, "theft_count": 11, "bike_trips": 2190, "theft_per_1000_trips": 5.0228310502283104 }, "geometry": { "type": "Polygon", "coordinates": [ [ [ -79.404754722578105, 43.647911891979582 ], [ -79.40449807290068, 43.646595280214093 ], [ -79.404727419274806, 43.64590313536111 ], [ -79.405640564329076, 43.645694391959232 ], [ -79.406061443558897, 43.647745813055373 ], [ -79.405290501986414, 43.648051695194944 ], [ -79.404754722578105, 43.647911891979582 ] ] ] } },
{ "type": "Feature", "properties": { "vor_id": 639, "theft_count": 14, "bike_trips": 2149, "theft_per_1000_trips": 6.5146579804560263 }, "geometry": { "type": "Polygon", "coordinates": [ [ [ -79.399276815827619, 43.656358636662908 ], [ -79.399100997432413, 43.655324676617056 ], [ -79.399714445984031, 43.654924082835507 ], [ -79.400464225822247, 43.655891881651691 ], [ -79.399276815827619, 43.656358636662908 ] ] ] } },
{ "type": "Feature", "properties": { "vor_id": 640, "theft_count": 66, "bike_trips": 2157, "theft_per_1000_trips": 30.598052851182199 }, "geometry": { "type": "Polygon", "coordinates": [ [ [ -79.40491482767041, 43.650809622232821 ], [ -79.405714666873607, 43.653583205170165 ], [ -79.405705165073385, 43.653595167095745 ], [ -79.404751984483752, 43.653685675893605 ], [ -79.404059614194935, 43.651172354349001 ], [ -79.404587246493691, 43.650818860169537 ], [ -79.40491482767041, 43.650809622232821 ] ] ] } },
{ "type": "Feature", "properties": { "vor_id": 642, "theft_count": 22, "bike_trips": 2108, "theft_per_1000_trips": 10.436432637571158 }, "geometry": { "type": "Polygon", "coordinates": [ [ [ -79.384719416657518, 43.652242707905899 ], [ -79.384304624213257, 43.652235475306618 ], [ -79.384109898653435, 43.652080325148056 ], [ -79.383869523422803, 43.651675628741515 ], [ -79.383529076695211, 43.65010946402375 ], [ -79.383551316391149, 43.649792194868859 ], [ -79.384679926098798, 43.649300106155145 ], [ -79.385370879713491, 43.649473798938544 ], [ -79.385850566300206, 43.651701990723886 ], [ -79.385115678068161, 43.652150403859153 ], [ -79.384719416657518, 43.652242707905899 ] ] ] } },
{ "type": "Feature", "properties": { "vor_id": 644, "theft_count": 64, "bike_trips": 1038, "theft_per_1000_trips": 61.657032755298651 }, "geometry": { "type": "Polygon", "coordinates": [ [ [ -79.376296236314275, 43.657725836214901 ], [ -79.37702340581184, 43.657416073678377 ], [ -79.377918554665087, 43.657360901383193 ], [ -79.377971371733651, 43.65738805684088 ], [ -79.378364409087254, 43.659279514444719 ], [ -79.377408058580201, 43.659933677013981 ], [ -79.375446289727918, 43.658653156085933 ], [ -79.375456694332271, 43.658630527960185 ], [ -79.376296236314275, 43.657725836214901 ] ] ] } },
{ "type": "Feature", "properties": { "vor_id": 646, "theft_count": 16, "bike_trips": 2211, "theft_per_1000_trips": 7.2365445499773857 }, "geometry": { "type": "Polygon", "coordinates": [ [ [ -79.425565623230213, 43.652685295794996 ], [ -79.426089148256509, 43.655210170430806 ], [ -79.425003876415261, 43.656252016031537 ], [ -79.424520096864654, 43.656162437679896 ], [ -79.423460580581335, 43.654890759346905 ], [ -79.423041662184048, 43.65292469301604 ], [ -79.423870454311057, 43.652426106686967 ], [ -79.425565623230213, 43.652685295794996 ] ] ] } },
{ "type": "Feature", "properties": { "vor_id": 647, "theft_count": 10, "bike_trips": 2196, "theft_per_1000_trips": 4.5537340619307836 }, "geometry": { "type": "Polygon", "coordinates": [ [ [ -79.4194701408139, 43.639212330242984 ], [ -79.420191224625555, 43.637687726618353 ], [ -79.420617716471227, 43.636495761760692 ], [ -79.421475359041139, 43.636249946651894 ], [ -79.421846811611019, 43.638127213770105 ], [ -79.421786075855792, 43.638327696635621 ], [ -79.4194701408139, 43.639212330242984 ] ] ] } },
{ "type": "Feature", "properties": { "vor_id": 648, "theft_count": 13, "bike_trips": 5459, "theft_per_1000_trips": 2.3813885326982964 }, "geometry": { "type": "Polygon", "coordinates": [ [ [ -79.387504358326424, 43.764293401074177 ], [ -79.383228945753828, 43.766473273951519 ], [ -79.381744332117222, 43.765944769139693 ], [ -79.377402658148071, 43.761584791569298 ], [ -79.376486029521658, 43.759807403452832 ], [ -79.380801691723931, 43.75714077863848 ], [ -79.387226969974293, 43.76321570111547 ], [ -79.387504358326424, 43.764293401074177 ] ] ] } },
{ "type": "Feature", "properties": { "vor_id": 651, "theft_count": 13, "bike_trips": 2088, "theft_per_1000_trips": 6.226053639846743 }, "geometry": { "type": "Polygon", "coordinates": [ [ [ -79.384637917433778, 43.669271550329931 ], [ -79.384270533043576, 43.668946333695033 ], [ -79.384235338994131, 43.668779537476887 ], [ -79.386152400398103, 43.667991162459749 ], [ -79.386736436488832, 43.668443187543424 ], [ -79.384637917433778, 43.669271550329931 ] ] ] } },
{ "type": "Feature", "properties": { "vor_id": 652, "theft_count": 13, "bike_trips": 3933, "theft_per_1000_trips": 3.3053648614289344 }, "geometry": { "type": "Polygon", "coordinates": [ [ [ -79.475196482818518, 43.627452256780124 ], [ -79.478181681950034, 43.628388369665991 ], [ -79.483458488853785, 43.631748465130585 ], [ -79.483499753015565, 43.631822936839278 ], [ -79.481278025125349, 43.635802337462785 ], [ -79.47592922100273, 43.634909866300561 ], [ -79.475196482818518, 43.627452256780124 ] ] ] } },
{ "type": "Feature", "properties": { "vor_id": 653, "theft_count": 18, "bike_trips": 2119, "theft_per_1000_trips": 8.4945729117508257 }, "geometry": { "type": "Polygon", "coordinates": [ [ [ -79.398513965469405, 43.673610497676123 ], [ -79.395407784462378, 43.674877858806404 ], [ -79.394105142810787, 43.67325043251217 ], [ -79.393817849280808, 43.672869901609403 ], [ -79.395677855179045, 43.670732351535648 ], [ -79.398495702140693, 43.672843145102583 ], [ -79.398513965469405, 43.673610497676123 ] ] ] } },
{ "type": "Feature", "properties": { "vor_id": 654, "theft_count": 26, "bike_trips": 2035, "theft_per_1000_trips": 12.776412776412776 }, "geometry": { "type": "Polygon", "coordinates": [ [ [ -79.358187959996314, 43.659093008107931 ], [ -79.359462945735942, 43.659364873006901 ], [ -79.360057385173789, 43.661945515716319 ], [ -79.360011967591461, 43.661984451947674 ], [ -79.358047328703663, 43.662074828972663 ], [ -79.357644147194648, 43.661152967225689 ], [ -79.357876368053752, 43.65941344993999 ], [ -79.358187959996314, 43.659093008107931 ] ] ] } },
{ "type": "Feature", "properties": { "vor_id": 655, "theft_count": 15, "bike_trips": 3388, "theft_per_1000_trips": 4.4273907910271548 }, "geometry": { "type": "Polygon", "coordinates": [ [ [ -79.432002259785747, 43.669139686278683 ], [ -79.43155969010995, 43.671513091206037 ], [ -79.429106549822919, 43.67093025872893 ], [ -79.428978150861411, 43.67076549711787 ], [ -79.43004580174518, 43.668792349536027 ], [ -79.431953441764421, 43.668902399567919 ], [ -79.432002259785747, 43.669139686278683 ] ] ] } },
{ "type": "Feature", "properties": { "vor_id": 657, "theft_count": 20, "bike_trips": 1018, "theft_per_1000_trips": 19.646365422396855 }, "geometry": { "type": "Polygon", "coordinates": [ [ [ -79.362499317384234, 43.660704827934964 ], [ -79.363921658550069, 43.660100981103959 ], [ -79.364298100000028, 43.661841816154819 ], [ -79.362224175996744, 43.661720819555711 ], [ -79.362499317384234, 43.660704827934964 ] ] ] } },
{ "type": "Feature", "properties": { "vor_id": 658, "theft_count": 5, "bike_trips": 7401, "theft_per_1000_trips": 0.67558438048912306 }, "geometry": { "type": "Polygon", "coordinates": [ [ [ -79.324703104336351, 43.775638990591148 ], [ -79.315404275790144, 43.769452272886703 ], [ -79.316238226182449, 43.766505906490153 ], [ -79.322658156759189, 43.762749325881479 ], [ -79.327741121911828, 43.76910320643514 ], [ -79.324703104336351, 43.775638990591148 ] ] ] } },
{ "type": "Feature", "properties": { "vor_id": 659, "theft_count": 28, "bike_trips": 2083, "theft_per_1000_trips": 13.44215074411906 }, "geometry": { "type": "Polygon", "coordinates": [ [ [ -79.379981391575058, 43.66669081134193 ], [ -79.382692946695144, 43.665564144645614 ], [ -79.382919002326787, 43.66574206361144 ], [ -79.38323579878363, 43.666314491056951 ], [ -79.38030186566462, 43.667521422362803 ], [ -79.380033431780802, 43.667016780579694 ], [ -79.379981391575058, 43.66669081134193 ] ] ] } },
{ "type": "Feature", "properties": { "vor_id": 660, "theft_count": 10, "bike_trips": 5823, "theft_per_1000_trips": 1.717327837884252 }, "geometry": { "type": "Polygon", "coordinates": [ [ [ -79.448295712798966, 43.77720060819447 ], [ -79.448318851678479, 43.777494191360049 ], [ -79.443500324107006, 43.78364107694405 ], [ -79.436493155671386, 43.775996000702627 ], [ -79.448295712798966, 43.77720060819447 ] ] ] } },
{ "type": "Feature", "properties": { "vor_id": 661, "theft_count": 8, "bike_trips": 2037, "theft_per_1000_trips": 3.9273441335297004 }, "geometry": { "type": "Polygon", "coordinates": [ [ [ -79.364879665579195, 43.663913388702753 ], [ -79.36241883124265, 43.663371132195685 ], [ -79.362074436548355, 43.66180662471541 ], [ -79.362224175996744, 43.661720819555711 ], [ -79.364298100000028, 43.661841816154819 ], [ -79.365365939256904, 43.66257272272675 ], [ -79.365387007235384, 43.662606344336481 ], [ -79.365281907516533, 43.663713399030513 ], [ -79.364879665579195, 43.663913388702753 ] ] ] } },
{ "type": "Feature", "properties": { "vor_id": 662, "theft_count": 6, "bike_trips": 4685, "theft_per_1000_trips": 1.2806830309498398 }, "geometry": { "type": "Polygon", "coordinates": [ [ [ -79.289388802990601, 43.718727478177442 ], [ -79.284085198662268, 43.709368960482671 ], [ -79.289869342800287, 43.706861745764229 ], [ -79.294804751685803, 43.71078385469589 ], [ -79.289388802990601, 43.718727478177442 ] ] ] } },
{ "type": "Feature", "properties": { "vor_id": 663, "theft_count": 25, "bike_trips": 2157, "theft_per_1000_trips": 11.590171534538712 }, "geometry": { "type": "Polygon", "coordinates": [ [ [ -79.400834060386444, 43.651062026895247 ], [ -79.402593042019987, 43.651785345531316 ], [ -79.402280339612702, 43.65372447720636 ], [ -79.401264218699893, 43.654146354373324 ], [ -79.401248231130864, 43.654136676312277 ], [ -79.400224014640202, 43.652450671483969 ], [ -79.400834060386444, 43.651062026895247 ] ] ] } },
{ "type": "Feature", "properties": { "vor_id": 664, "theft_count": 14, "bike_trips": 1108, "theft_per_1000_trips": 12.63537906137184 }, "geometry": { "type": "Polygon", "coordinates": [ [ [ -79.435380814098536, 43.657234574875645 ], [ -79.434337713137168, 43.6583564109186 ], [ -79.432360980273913, 43.659342002901532 ], [ -79.432013049508811, 43.659167575715976 ], [ -79.430674087173244, 43.656215238899755 ], [ -79.431787402320694, 43.655807070001607 ], [ -79.434979557654259, 43.656470236743672 ], [ -79.435380814098536, 43.657234574875645 ] ] ] } },
{ "type": "Feature", "properties": { "vor_id": 665, "theft_count": 25, "bike_trips": 2079, "theft_per_1000_trips": 12.025012025012025 }, "geometry": { "type": "Polygon", "coordinates": [ [ [ -79.381456486956822, 43.662262415191641 ], [ -79.381430664165578, 43.662623847761871 ], [ -79.37916256635306, 43.663563687349523 ], [ -79.378954005264376, 43.662579608465741 ], [ -79.38097995643848, 43.661760774702913 ], [ -79.381456486956822, 43.662262415191641 ] ] ] } },
{ "type": "Feature", "properties": { "vor_id": 666, "theft_count": 18, "bike_trips": 2190, "theft_per_1000_trips": 8.2191780821917799 }, "geometry": { "type": "Polygon", "coordinates": [ [ [ -79.407307947576612, 43.647530810985373 ], [ -79.406784909679999, 43.644753283052147 ], [ -79.408384397066229, 43.645043625308745 ], [ -79.408760526721835, 43.646849124655098 ], [ -79.408534790828412, 43.647079620559495 ], [ -79.407307947576612, 43.647530810985373 ] ] ] } },
{ "type": "Feature", "properties": { "vor_id": 669, "theft_count": 65, "bike_trips": 3672, "theft_per_1000_trips": 17.701525054466231 }, "geometry": { "type": "Polygon", "coordinates": [ [ [ -79.397032770673803, 43.707700410705385 ], [ -79.396610121409893, 43.705738669078684 ], [ -79.399032647596641, 43.705259391280592 ], [ -79.399409923520821, 43.707152737211047 ], [ -79.397032770673803, 43.707700410705385 ] ] ] } },
{ "type": "Feature", "properties": { "vor_id": 670, "theft_count": 4, "bike_trips": 1024, "theft_per_1000_trips": 3.90625 }, "geometry": { "type": "Polygon", "coordinates": [ [ [ -79.369147201495423, 43.657447474170183 ], [ -79.368958852118979, 43.658468366397571 ], [ -79.368152602767495, 43.658782542315322 ], [ -79.367840314655723, 43.657337195539554 ], [ -79.369147201495423, 43.657447474170183 ] ] ] } },
{ "type": "Feature", "properties": { "vor_id": 671, "theft_count": 12, "bike_trips": 2159, "theft_per_1000_trips": 5.5581287633163505 }, "geometry": { "type": "Polygon", "coordinates": [ [ [ -79.398538720667261, 43.64818477722222 ], [ -79.399588794710482, 43.648485163703313 ], [ -79.40000802147766, 43.648997828489506 ], [ -79.397843534808757, 43.649832312206286 ], [ -79.397743119773722, 43.649557129112978 ], [ -79.398538720667261, 43.64818477722222 ] ] ] } },
{ "type": "Feature", "properties": { "vor_id": 673, "theft_count": 9, "bike_trips": 2041, "theft_per_1000_trips": 4.4096031357177861 }, "geometry": { "type": "Polygon", "coordinates": [ [ [ -79.369613527126646, 43.671806961216909 ], [ -79.369509834016398, 43.671796083850396 ], [ -79.368804809809276, 43.668269539352274 ], [ -79.369096390983515, 43.668312791333705 ], [ -79.37097486401467, 43.668405074796105 ], [ -79.371093378831588, 43.668986995111766 ], [ -79.3704933810711, 43.670825065463042 ], [ -79.369681312464152, 43.671778736615593 ], [ -79.369613527126646, 43.671806961216909 ] ] ] } },
{ "type": "Feature", "properties": { "vor_id": 674, "theft_count": 75, "bike_trips": 28147, "theft_per_1000_trips": 2.6645823711230325 }, "geometry": { "type": "Polygon", "coordinates": [ [ [ -79.179146313020055, 43.771283654899193 ], [ -79.179866285333517, 43.776137313983504 ], [ -79.180048691866943, 43.779850284269266 ], [ -79.1800908426261, 43.780708282682831 ], [ -79.185837627051683, 43.781266232055579 ], [ -79.186285915786485, 43.782519115137376 ], [ -79.187478163020046, 43.787278832899297 ], [ -79.188198135333494, 43.792132491983622 ], [ -79.188438898999848, 43.797033349000102 ], [ -79.188420430603728, 43.797409281839883 ], [ -79.188198135333494, 43.801934206016583 ], [ -79.187478163020046, 43.806787865100894 ], [ -79.186285915786485, 43.811547582862822 ], [ -79.184632875625439, 43.816167520618365 ], [ -79.182534962217304, 43.820603185841399 ], [ -79.180012379615007, 43.824811860651081 ], [ -79.177089421668001, 43.828753013208285 ], [ -79.173794238059187, 43.832388688059432 ], [ -79.170158563208062, 43.835683871668245 ], [ -79.166217410650844, 43.83860682961523 ], [ -79.163410925816521, 43.840288972078113 ], [ -79.160948023478696, 43.834836977329161 ], [ -79.160948014025891, 43.834836956443141 ], [ -79.160627041278005, 43.834129116470756 ], [ -79.159594869076457, 43.831801678921131 ], [ -79.159555608269415, 43.831713067370835 ], [ -79.156386714016222, 43.824324453481594 ], [ -79.159391716208177, 43.822095791668133 ], [ -79.163027391059316, 43.818800608059327 ], [ -79.164043446043522, 43.817679564138238 ], [ -79.166322574668129, 43.81516493320818 ], [ -79.169245532615108, 43.81122378065097 ], [ -79.171768115217418, 43.807015105841288 ], [ -79.173866028625525, 43.802579440618253 ], [ -79.175519068786571, 43.797959502862724 ], [ -79.17671131602016, 43.793199785100803 ], [ -79.17743128833358, 43.788346126016492 ], [ -79.177514524291396, 43.786651819172214 ], [ -79.176458796271675, 43.784859418694957 ], [ -79.176422126135648, 43.783261149776841 ], [ -79.165547625501063, 43.776966298708501 ], [ -79.158478384532103, 43.77403377938009 ], [ -79.152328686117627, 43.767229088285923 ], [ -79.149665274818361, 43.758157395728659 ], [ -79.149931511477519, 43.757929491381361 ], [ -79.164940782456654, 43.754694686988152 ], [ -79.166217410650844, 43.755459868384982 ], [ -79.170158563208062, 43.758382826331953 ], [ -79.171723770582091, 43.759801447604339 ], [ -79.171768115217418, 43.759875432158701 ], [ -79.173866028625525, 43.764311097381743 ], [ -79.174122468526605, 43.76502779889266 ], [ -79.175519068786571, 43.768931035137271 ], [ -79.176009110397786, 43.770887390912478 ], [ -79.178164990607186, 43.76736599622302 ], [ -79.179146313020055, 43.771283654899193 ] ] ] } },
{ "type": "Feature", "properties": { "vor_id": 675, "theft_count": 16, "bike_trips": 3614, "theft_per_1000_trips": 4.4272274488101822 }, "geometry": { "type": "Polygon", "coordinates": [ [ [ -79.355778083744482, 43.675760818726822 ], [ -79.355334958925781, 43.673375509764043 ], [ -79.359023753687822, 43.669784083595204 ], [ -79.360297089203087, 43.672195156018972 ], [ -79.356403020443722, 43.675845056325613 ], [ -79.355778083744482, 43.675760818726822 ] ] ] } },
{ "type": "Feature", "properties": { "vor_id": 676, "theft_count": 32, "bike_trips": 1113, "theft_per_1000_trips": 28.751123090745732 }, "geometry": { "type": "Polygon", "coordinates": [ [ [ -79.448968003992562, 43.660790789146084 ], [ -79.451517571683453, 43.659775253196329 ], [ -79.451963972417531, 43.661895262667386 ], [ -79.451786315370185, 43.663576059417103 ], [ -79.451689464210602, 43.66366174043219 ], [ -79.449250331610742, 43.66340608424219 ], [ -79.448251191525927, 43.662377105111737 ], [ -79.448968003992562, 43.660790789146084 ] ] ] } },
{ "type": "Feature", "properties": { "vor_id": 677, "theft_count": 9, "bike_trips": 3678, "theft_per_1000_trips": 2.4469820554649262 }, "geometry": { "type": "Polygon", "coordinates": [ [ [ -79.389814388133601, 43.718989573361874 ], [ -79.390024402679714, 43.711909868905273 ], [ -79.393042045102305, 43.710784834527423 ], [ -79.39216980439619, 43.7185340831142 ], [ -79.389814388133601, 43.718989573361874 ] ] ] } },
{ "type": "Feature", "properties": { "vor_id": 678, "theft_count": 6, "bike_trips": 1271, "theft_per_1000_trips": 4.7206923682140047 }, "geometry": { "type": "Polygon", "coordinates": [ [ [ -79.302884792613227, 43.68279987401371 ], [ -79.300707790953254, 43.680691279088457 ], [ -79.300374458525496, 43.679841395560651 ], [ -79.302941859298286, 43.677749107503203 ], [ -79.304473770547375, 43.679715668174062 ], [ -79.303201439974373, 43.682853632368911 ], [ -79.302884792613227, 43.68279987401371 ] ] ] } },
{ "type": "Feature", "properties": { "vor_id": 679, "theft_count": 34, "bike_trips": 2235, "theft_per_1000_trips": 15.212527964205815 }, "geometry": { "type": "Polygon", "coordinates": [ [ [ -79.431429385843629, 43.641743531121833 ], [ -79.43130280903371, 43.641116132197048 ], [ -79.434633366321265, 43.639709829070704 ], [ -79.435413603972393, 43.640761274519171 ], [ -79.433875986467271, 43.643674920493801 ], [ -79.431429385843629, 43.641743531121833 ] ] ] } },
{ "type": "Feature", "properties": { "vor_id": 680, "theft_count": 30, "bike_trips": 1056, "theft_per_1000_trips": 28.409090909090907 }, "geometry": { "type": "Polygon", "coordinates": [ [ [ -79.377377881934692, 43.647185744857403 ], [ -79.377717844179614, 43.646920526881559 ], [ -79.378459200687786, 43.647117175291811 ], [ -79.37944176251699, 43.64822143882585 ], [ -79.379432218493889, 43.648286178518561 ], [ -79.378312103101436, 43.648851148010316 ], [ -79.37738197237536, 43.648074054476368 ], [ -79.377278383498762, 43.647484680019119 ], [ -79.377377881934692, 43.647185744857403 ] ] ] } },
{ "type": "Feature", "properties": { "vor_id": 681, "theft_count": 33, "bike_trips": 4523, "theft_per_1000_trips": 7.2960424497015248 }, "geometry": { "type": "Polygon", "coordinates": [ [ [ -79.457767251242316, 43.665118181102002 ], [ -79.455442461503623, 43.668196790413283 ], [ -79.453754925662238, 43.667925357576024 ], [ -79.452235627628966, 43.666256356608507 ], [ -79.451689464210602, 43.66366174043219 ], [ -79.451786315370185, 43.663576059417103 ], [ -79.455547657230184, 43.66295769221697 ], [ -79.456084907046758, 43.662967090161473 ], [ -79.457546129073791, 43.663964800870552 ], [ -79.457767251242316, 43.665118181102002 ] ] ] } },
{ "type": "Feature", "properties": { "vor_id": 682, "theft_count": 93, "bike_trips": 2209, "theft_per_1000_trips": 42.100497962879132 }, "geometry": { "type": "Polygon", "coordinates": [ [ [ -79.423952712015137, 43.641954966110951 ], [ -79.422789404250352, 43.642403254808983 ], [ -79.422426150169045, 43.642330205251731 ], [ -79.421933419953191, 43.639899240437124 ], [ -79.424022621418644, 43.640873440623622 ], [ -79.424165918369283, 43.641717461390712 ], [ -79.423952712015137, 43.641954966110951 ] ] ] } },
{ "type": "Feature", "properties": { "vor_id": 684, "theft_count": 11, "bike_trips": 4190, "theft_per_1000_trips": 2.6252983293556085 }, "geometry": { "type": "Polygon", "coordinates": [ [ [ -79.3887686687182, 43.663110926081494 ], [ -79.388922827407185, 43.663162164431071 ], [ -79.388559025723211, 43.664152776256842 ], [ -79.386438437645495, 43.665037954358823 ], [ -79.386393185546112, 43.6650001710452 ], [ -79.386214563401595, 43.664171278049444 ], [ -79.3887686687182, 43.663110926081494 ] ] ] } },
{ "type": "Feature", "properties": { "vor_id": 685, "theft_count": 61, "bike_trips": 2441, "theft_per_1000_trips": 24.989758295780419 }, "geometry": { "type": "Polygon", "coordinates": [ [ [ -79.388917584489036, 43.699932283066431 ], [ -79.387765937374255, 43.698472506166624 ], [ -79.387136789900822, 43.695622441480744 ], [ -79.391891604661822, 43.694075751613028 ], [ -79.392581103716324, 43.697393416003095 ], [ -79.39044607359159, 43.699783839254543 ], [ -79.388917584489036, 43.699932283066431 ] ] ] } },
{ "type": "Feature", "properties": { "vor_id": 688, "theft_count": 19, "bike_trips": 2161, "theft_per_1000_trips": 8.7922258213789917 }, "geometry": { "type": "Polygon", "coordinates": [ [ [ -79.396161390633708, 43.644068311357053 ], [ -79.396272222672422, 43.643376883777954 ], [ -79.398570180825587, 43.643339368784538 ], [ -79.398891074106743, 43.64489231586618 ], [ -79.398482341558051, 43.645717353868498 ], [ -79.397060387513989, 43.646285734886 ], [ -79.396482612554436, 43.645651061907273 ], [ -79.396161390633708, 43.644068311357053 ] ] ] } },
{ "type": "Feature", "properties": { "vor_id": 689, "theft_count": 26, "bike_trips": 2223, "theft_per_1000_trips": 11.695906432748536 }, "geometry": { "type": "Polygon", "coordinates": [ [ [ -79.437329348334927, 43.663108123956029 ], [ -79.439403517250312, 43.665731786162269 ], [ -79.438150638237801, 43.666979509361873 ], [ -79.436843138545257, 43.667548721259678 ], [ -79.435463827614981, 43.667428500193047 ], [ -79.434257900326628, 43.666851077394696 ], [ -79.437329348334927, 43.663108123956029 ] ] ] } },
{ "type": "Feature", "properties": { "vor_id": 690, "theft_count": 21, "bike_trips": 7358, "theft_per_1000_trips": 2.8540364229410167 }, "geometry": { "type": "Polygon", "coordinates": [ [ [ -79.412233166908322, 43.785449352539665 ], [ -79.418510417128317, 43.783890257717061 ], [ -79.419262984105998, 43.787600316004905 ], [ -79.41145612068172, 43.789531950873659 ], [ -79.41033823961854, 43.789238769228454 ], [ -79.412015387013639, 43.785608684354571 ], [ -79.412233166908322, 43.785449352539665 ] ] ] } },
{ "type": "Feature", "properties": { "vor_id": 691, "theft_count": 11, "bike_trips": 6767, "theft_per_1000_trips": 1.6255356878971479 }, "geometry": { "type": "Polygon", "coordinates": [ [ [ -79.521790066157038, 43.661776921689352 ], [ -79.531214154176766, 43.655916103729368 ], [ -79.534184632563125, 43.655769223967994 ], [ -79.536500375907892, 43.676699267403414 ], [ -79.534105455792343, 43.676885747010239 ], [ -79.528342869637584, 43.673407338179373 ], [ -79.520490892711052, 43.666072556872876 ], [ -79.521790066157038, 43.661776921689352 ] ] ] } },
{ "type": "Feature", "properties": { "vor_id": 692, "theft_count": 35, "bike_trips": 2094, "theft_per_1000_trips": 16.714422158548235 }, "geometry": { "type": "Polygon", "coordinates": [ [ [ -79.385383649911077, 43.66339608663089 ], [ -79.385401516728535, 43.66340339576913 ], [ -79.386214563401595, 43.664171278049444 ], [ -79.386393185546112, 43.6650001710452 ], [ -79.385144309697864, 43.665521731758467 ], [ -79.384869878575273, 43.664193042885188 ], [ -79.385383649911077, 43.66339608663089 ] ] ] } },
{ "type": "Feature", "properties": { "vor_id": 693, "theft_count": 4, "bike_trips": 2603, "theft_per_1000_trips": 1.5366884364195159 }, "geometry": { "type": "Polygon", "coordinates": [ [ [ -79.362861912663078, 43.68637042229247 ], [ -79.362980830742785, 43.687827263426833 ], [ -79.362366699668229, 43.687765181098058 ], [ -79.354799565594405, 43.684999498411287 ], [ -79.354471696527526, 43.684022451103985 ], [ -79.354576229379788, 43.683929832673151 ], [ -79.362861912663078, 43.68637042229247 ] ] ] } },
{ "type": "Feature", "properties": { "vor_id": 694, "theft_count": 21, "bike_trips": 2260, "theft_per_1000_trips": 9.2920353982300892 }, "geometry": { "type": "Polygon", "coordinates": [ [ [ -79.391863478506934, 43.676722426082129 ], [ -79.392353534538813, 43.679153148038488 ], [ -79.389109962383202, 43.680451760628969 ], [ -79.386212091907652, 43.679215043612658 ], [ -79.386348652926372, 43.678983760774535 ], [ -79.391863478506934, 43.676722426082129 ] ] ] } },
{ "type": "Feature", "properties": { "vor_id": 698, "theft_count": 13, "bike_trips": 3393, "theft_per_1000_trips": 3.8314176245210727 }, "geometry": { "type": "Polygon", "coordinates": [ [ [ -79.470207333990345, 43.632749903238391 ], [ -79.47066701369161, 43.640898939049009 ], [ -79.468407128435828, 43.634420198518434 ], [ -79.46900266195621, 43.631977233383104 ], [ -79.470207333990345, 43.632749903238391 ] ] ] } },
{ "type": "Feature", "properties": { "vor_id": 699, "theft_count": 29, "bike_trips": 4944, "theft_per_1000_trips": 5.8656957928802589 }, "geometry": { "type": "Polygon", "coordinates": [ [ [ -79.359851620272394, 43.712969499572523 ], [ -79.354576024380108, 43.722906393688973 ], [ -79.352090426021917, 43.722156991573684 ], [ -79.356912415489234, 43.708835720187004 ], [ -79.358374316455581, 43.709953970947936 ], [ -79.359851620272394, 43.712969499572523 ] ] ] } },
{ "type": "Feature", "properties": { "vor_id": 700, "theft_count": 35, "bike_trips": 2736, "theft_per_1000_trips": 12.792397660818713 }, "geometry": { "type": "Polygon", "coordinates": [ [ [ -79.368542290091483, 43.769738634545945 ], [ -79.367323047996607, 43.76443329615882 ], [ -79.373318592424909, 43.759607569812594 ], [ -79.374782713839792, 43.759970278193926 ], [ -79.373970842280428, 43.765819627080852 ], [ -79.372947317213104, 43.768027071487836 ], [ -79.368542290091483, 43.769738634545945 ] ] ] } },
{ "type": "Feature", "properties": { "vor_id": 702, "theft_count": 4, "bike_trips": 1096, "theft_per_1000_trips": 3.6496350364963503 }, "geometry": { "type": "Polygon", "coordinates": [ [ [ -79.408065594256485, 43.649899589539736 ], [ -79.407146015031884, 43.647735126639006 ], [ -79.407307947576612, 43.647530810985373 ], [ -79.408534790828412, 43.647079620559495 ], [ -79.409138978115962, 43.649743674833026 ], [ -79.409122732867985, 43.649770883678549 ], [ -79.40873567212644, 43.64992713701092 ], [ -79.408194510573807, 43.649951513631208 ], [ -79.408065594256485, 43.649899589539736 ] ] ] } },
{ "type": "Feature", "properties": { "vor_id": 703, "theft_count": 26, "bike_trips": 3815, "theft_per_1000_trips": 6.8152031454783746 }, "geometry": { "type": "Polygon", "coordinates": [ [ [ -79.359402363505069, 43.677414151009565 ], [ -79.359248531764379, 43.676930414681038 ], [ -79.361873851866662, 43.673300004950548 ], [ -79.364058802059091, 43.67430892754809 ], [ -79.364948356398884, 43.678830166924634 ], [ -79.359402363505069, 43.677414151009565 ] ] ] } },
{ "type": "Feature", "properties": { "vor_id": 704, "theft_count": 36, "bike_trips": 2588, "theft_per_1000_trips": 13.910355486862443 }, "geometry": { "type": "Polygon", "coordinates": [ [ [ -79.340655319699181, 43.663729950576382 ], [ -79.341224447347301, 43.663502019229796 ], [ -79.342065117926651, 43.663408856060144 ], [ -79.342129685373891, 43.66342219240984 ], [ -79.344077906936818, 43.666048460662417 ], [ -79.344017457683165, 43.666368453302141 ], [ -79.341571878406612, 43.667360366543498 ], [ -79.340655319699181, 43.663729950576382 ] ] ] } },
{ "type": "Feature", "properties": { "vor_id": 705, "theft_count": 23, "bike_trips": 2531, "theft_per_1000_trips": 9.0873172659028061 }, "geometry": { "type": "Polygon", "coordinates": [ [ [ -79.291209336716747, 43.689327476132483 ], [ -79.291383292986211, 43.689160616259549 ], [ -79.295236479722632, 43.689185052639885 ], [ -79.296129824433436, 43.693260773975965 ], [ -79.293363371401469, 43.693746051190892 ], [ -79.2913669309591, 43.692738399761829 ], [ -79.291209336716747, 43.689327476132483 ] ] ] } },
{ "type": "Feature", "properties": { "vor_id": 706, "theft_count": 24, "bike_trips": 2945, "theft_per_1000_trips": 8.1494057724957543 }, "geometry": { "type": "Polygon", "coordinates": [ [ [ -79.409471835229553, 43.761813981671885 ], [ -79.408296786632548, 43.761397438802454 ], [ -79.407551927822851, 43.759763517005936 ], [ -79.408178646305601, 43.759200995722132 ], [ -79.410568105706147, 43.758499079010889 ], [ -79.41060158590281, 43.758502252198213 ], [ -79.40980268428639, 43.761372100831537 ], [ -79.409471835229553, 43.761813981671885 ] ] ] } },
{ "type": "Feature", "properties": { "vor_id": 707, "theft_count": 16, "bike_trips": 1098, "theft_per_1000_trips": 14.571948998178506 }, "geometry": { "type": "Polygon", "coordinates": [ [ [ -79.409904227356719, 43.657772950607622 ], [ -79.410562220818562, 43.657749331579325 ], [ -79.411041505032841, 43.660238471322032 ], [ -79.410184279733684, 43.660584384119645 ], [ -79.409840552712353, 43.660491956136241 ], [ -79.40931023577059, 43.658009323997781 ], [ -79.409904227356719, 43.657772950607622 ] ] ] } },
{ "type": "Feature", "properties": { "vor_id": 708, "theft_count": 130, "bike_trips": 2085, "theft_per_1000_trips": 62.350119904076742 }, "geometry": { "type": "Polygon", "coordinates": [ [ [ -79.385542640547953, 43.670818668220086 ], [ -79.384009944271071, 43.671477105106469 ], [ -79.383764580445614, 43.671354132232466 ], [ -79.383542324175409, 43.67037219597637 ], [ -79.384118796223703, 43.669133581170065 ], [ -79.384270533043576, 43.668946333695033 ], [ -79.384637917433778, 43.669271550329931 ], [ -79.384988335288327, 43.669600646979852 ], [ -79.385420583607612, 43.670269273447602 ], [ -79.385542640547953, 43.670818668220086 ] ] ] } },
{ "type": "Feature", "properties": { "vor_id": 709, "theft_count": 4, "bike_trips": 5116, "theft_per_1000_trips": 0.78186082877247853 }, "geometry": { "type": "Polygon", "coordinates": [ [ [ -79.330846794399278, 43.70219595020594 ], [ -79.323704126765293, 43.703577254360724 ], [ -79.326392535615128, 43.699952354651082 ], [ -79.328915118217424, 43.695743679841399 ], [ -79.330529174856011, 43.692331043804082 ], [ -79.336371983485435, 43.696946019896608 ], [ -79.337345540207153, 43.699620417324589 ], [ -79.330846794399278, 43.70219595020594 ] ] ] } },
{ "type": "Feature", "properties": { "vor_id": 710, "theft_count": 19, "bike_trips": 6794, "theft_per_1000_trips": 2.7965852222549308 }, "geometry": { "type": "Polygon", "coordinates": [ [ [ -79.316238226182449, 43.766505906490153 ], [ -79.309764454489184, 43.76116819738089 ], [ -79.321706506583851, 43.742376335820438 ], [ -79.322519070193607, 43.742696915583693 ], [ -79.326231915180529, 43.74534837528293 ], [ -79.329079969873035, 43.74898774133429 ], [ -79.322658156759189, 43.762749325881479 ], [ -79.316238226182449, 43.766505906490153 ] ] ] } },
{ "type": "Feature", "properties": { "vor_id": 714, "theft_count": 28, "bike_trips": 2289, "theft_per_1000_trips": 12.232415902140673 }, "geometry": { "type": "Polygon", "coordinates": [ [ [ -79.441735695278737, 43.671683924189146 ], [ -79.440335267957352, 43.670782645326938 ], [ -79.440998634071505, 43.666586832064489 ], [ -79.442144961278245, 43.666947027855102 ], [ -79.444695289948157, 43.669680026417446 ], [ -79.443428115762146, 43.671052995914103 ], [ -79.441735695278737, 43.671683924189146 ] ] ] } },
{ "type": "Feature", "properties": { "vor_id": 716, "theft_count": 26, "bike_trips": 2221, "theft_per_1000_trips": 11.706438541197659 }, "geometry": { "type": "Polygon", "coordinates": [ [ [ -79.431953441764421, 43.668902399567919 ], [ -79.43004580174518, 43.668792349536027 ], [ -79.429434572826779, 43.668200770377602 ], [ -79.429044053880574, 43.666379295413464 ], [ -79.430815903142985, 43.6656396490757 ], [ -79.43288963348293, 43.666375367451614 ], [ -79.433199952280788, 43.666776236260667 ], [ -79.431953441764421, 43.668902399567919 ] ] ] } },
{ "type": "Feature", "properties": { "vor_id": 717, "theft_count": 4, "bike_trips": 4666, "theft_per_1000_trips": 0.85726532361765961 }, "geometry": { "type": "Polygon", "coordinates": [ [ [ -79.451292131121136, 43.673236159243693 ], [ -79.451380440412322, 43.67301667524967 ], [ -79.455184303358507, 43.671146153313252 ], [ -79.456389984781666, 43.676894439878488 ], [ -79.454684555374314, 43.677203638332188 ], [ -79.451292131121136, 43.673236159243693 ] ] ] } },
{ "type": "Feature", "properties": { "vor_id": 718, "theft_count": 11, "bike_trips": 3807, "theft_per_1000_trips": 2.8894142369319673 }, "geometry": { "type": "Polygon", "coordinates": [ [ [ -79.297734572821497, 43.667103100396005 ], [ -79.302244088302302, 43.670854882535608 ], [ -79.300952339954932, 43.673957153960004 ], [ -79.299334599571026, 43.674418446913187 ], [ -79.297734572821497, 43.667103100396005 ] ] ] } },
{ "type": "Feature", "properties": { "vor_id": 719, "theft_count": 49, "bike_trips": 3255, "theft_per_1000_trips": 15.053763440860216 }, "geometry": { "type": "Polygon", "coordinates": [ [ [ -79.399031690027911, 43.634292232663718 ], [ -79.399829359452823, 43.63579399533122 ], [ -79.39823549709422, 43.636376575894019 ], [ -79.398142877342082, 43.636293373439777 ], [ -79.396857926409368, 43.633929033345765 ], [ -79.399031690027911, 43.634292232663718 ] ] ] } },
{ "type": "Feature", "properties": { "vor_id": 720, "theft_count": 2, "bike_trips": 6471, "theft_per_1000_trips": 0.30907124092103233 }, "geometry": { "type": "Polygon", "coordinates": [ [ [ -79.190132388944207, 43.79622072568479 ], [ -79.191343070841612, 43.796089721548341 ], [ -79.199929565959252, 43.798380037870103 ], [ -79.198467083331863, 43.799993638791896 ], [ -79.195544125384856, 43.803934791349114 ], [ -79.194950243145655, 43.804925624005222 ], [ -79.188633630454646, 43.797395821718148 ], [ -79.190132388944207, 43.79622072568479 ] ] ] } },
{ "type": "Feature", "properties": { "vor_id": 721, "theft_count": 15, "bike_trips": 2381, "theft_per_1000_trips": 6.2998740025199496 }, "geometry": { "type": "Polygon", "coordinates": [ [ [ -79.418120121471986, 43.692159185508238 ], [ -79.423698691449829, 43.691287835232032 ], [ -79.424495652632515, 43.69409345960625 ], [ -79.419658744870574, 43.696069193494203 ], [ -79.418892841450699, 43.695653819551829 ], [ -79.417329474572995, 43.69350512414286 ], [ -79.418120121471986, 43.692159185508238 ] ] ] } },
{ "type": "Feature", "properties": { "vor_id": 727, "theft_count": 5, "bike_trips": 10932, "theft_per_1000_trips": 0.45737285034760339 }, "geometry": { "type": "Polygon", "coordinates": [ [ [ -79.560380723022945, 43.678167325911986 ], [ -79.554411425003565, 43.687650754809589 ], [ -79.54651572993825, 43.684138894341778 ], [ -79.543303916572569, 43.678521175759073 ], [ -79.547764182840055, 43.669089212500602 ], [ -79.550988834791781, 43.672011866668136 ], [ -79.554929987348999, 43.674934824615114 ], [ -79.559138662158688, 43.677457407217418 ], [ -79.560382031229096, 43.678045476991159 ], [ -79.560380723022945, 43.678167325911986 ] ] ] } },
{ "type": "Feature", "properties": { "vor_id": 729, "theft_count": 16, "bike_trips": 1101, "theft_per_1000_trips": 14.532243415077202 }, "geometry": { "type": "Polygon", "coordinates": [ [ [ -79.420501207459679, 43.658293515684683 ], [ -79.420547368260713, 43.658159508648971 ], [ -79.421775076199324, 43.65768579212223 ], [ -79.422890478465419, 43.657798707801909 ], [ -79.423258499656029, 43.6596294787849 ], [ -79.422961693481511, 43.660779644448695 ], [ -79.422345397607373, 43.661263366751768 ], [ -79.421070218593925, 43.660948633014954 ], [ -79.420501207459679, 43.658293515684683 ] ] ] } },
{ "type": "Feature", "properties": { "vor_id": 730, "theft_count": 46, "bike_trips": 1052, "theft_per_1000_trips": 43.726235741444867 }, "geometry": { "type": "Polygon", "coordinates": [ [ [ -79.380736682110353, 43.65474300877716 ], [ -79.380718680267364, 43.653917888914044 ], [ -79.381958461467775, 43.653398930539666 ], [ -79.382940856061211, 43.654435895664861 ], [ -79.382196713039463, 43.655428010962282 ], [ -79.380736682110353, 43.65474300877716 ] ] ] } },
{ "type": "Feature", "properties": { "vor_id": 731, "theft_count": 15, "bike_trips": 2278, "theft_per_1000_trips": 6.5847234416154521 }, "geometry": { "type": "Polygon", "coordinates": [ [ [ -79.419171348479225, 43.669519948179513 ], [ -79.419889947637728, 43.669694625968944 ], [ -79.419950417193292, 43.669738367437581 ], [ -79.419576456882908, 43.673146114790661 ], [ -79.41716475126249, 43.671193101157868 ], [ -79.417185040037666, 43.670291740387007 ], [ -79.419171348479225, 43.669519948179513 ] ] ] } },
{ "type": "Feature", "properties": { "vor_id": 732, "theft_count": 13, "bike_trips": 1019, "theft_per_1000_trips": 12.757605495583906 }, "geometry": { "type": "Polygon", "coordinates": [ [ [ -79.363882272457559, 43.664998089234942 ], [ -79.363457738023797, 43.665136033295717 ], [ -79.361909384137448, 43.66476746445997 ], [ -79.361785539733276, 43.664190082502891 ], [ -79.36241883124265, 43.663371132195685 ], [ -79.364879665579195, 43.663913388702753 ], [ -79.363882272457559, 43.664998089234942 ] ] ] } },
{ "type": "Feature", "properties": { "vor_id": 733, "theft_count": 2, "bike_trips": 6720, "theft_per_1000_trips": 0.29761904761904767 }, "geometry": { "type": "Polygon", "coordinates": [ [ [ -79.356444459482887, 43.764963433327921 ], [ -79.364987573231446, 43.764968145628778 ], [ -79.365224376332534, 43.770180013976727 ], [ -79.36356529170429, 43.771294758430756 ], [ -79.361805984371358, 43.771338911509368 ], [ -79.356444459482887, 43.764963433327921 ] ] ] } },
{ "type": "Feature", "properties": { "vor_id": 734, "theft_count": 9, "bike_trips": 3871, "theft_per_1000_trips": 2.3249806251614569 }, "geometry": { "type": "Polygon", "coordinates": [ [ [ -79.345657256418079, 43.683321146837301 ], [ -79.343333619135095, 43.682682527487167 ], [ -79.344066925763727, 43.681036921497508 ], [ -79.345553631935189, 43.680994765493374 ], [ -79.345715421008705, 43.681191825168462 ], [ -79.345657256418079, 43.683321146837301 ] ] ] } },
{ "type": "Feature", "properties": { "vor_id": 735, "theft_count": 22, "bike_trips": 2088, "theft_per_1000_trips": 10.536398467432951 }, "geometry": { "type": "Polygon", "coordinates": [ [ [ -79.38570626233836, 43.6664413198502 ], [ -79.385822640661587, 43.666985823457289 ], [ -79.385281147061619, 43.667209728531439 ], [ -79.383813528119958, 43.667816582108216 ], [ -79.383704025772005, 43.667599900332384 ], [ -79.383583895613995, 43.667362188388637 ], [ -79.38570626233836, 43.6664413198502 ] ] ] } },
{ "type": "Feature", "properties": { "vor_id": 736, "theft_count": 26, "bike_trips": 3837, "theft_per_1000_trips": 6.7761271826948137 }, "geometry": { "type": "Polygon", "coordinates": [ [ [ -79.315129830673797, 43.676742613681654 ], [ -79.315010434126634, 43.676525718108422 ], [ -79.316580989461514, 43.671707976067175 ], [ -79.319739354615365, 43.670402590106036 ], [ -79.320473923866047, 43.673687315828815 ], [ -79.319063602716128, 43.675119473501354 ], [ -79.315129830673797, 43.676742613681654 ] ] ] } },
{ "type": "Feature", "properties": { "vor_id": 738, "theft_count": 10, "bike_trips": 1270, "theft_per_1000_trips": 7.8740157480314963 }, "geometry": { "type": "Polygon", "coordinates": [ [ [ -79.306342826372301, 43.673377298841302 ], [ -79.305558407000774, 43.6704849122805 ], [ -79.307901740637263, 43.670288163510698 ], [ -79.30868611628658, 43.670451082671107 ], [ -79.308820059348221, 43.670719697020424 ], [ -79.308043134740259, 43.67287832382555 ], [ -79.306854705406963, 43.673363842079993 ], [ -79.306342826372301, 43.673377298841302 ] ] ] } },
{ "type": "Feature", "properties": { "vor_id": 739, "theft_count": 9, "bike_trips": 6254, "theft_per_1000_trips": 1.4390789894467539 }, "geometry": { "type": "Polygon", "coordinates": [ [ [ -79.230944831002276, 43.741622969526539 ], [ -79.228569712508943, 43.751387476646855 ], [ -79.228102895136971, 43.75167569681993 ], [ -79.22590342696904, 43.751651337680549 ], [ -79.22783667434031, 43.737786449063485 ], [ -79.230944831002276, 43.741622969526539 ] ] ] } },
{ "type": "Feature", "properties": { "vor_id": 742, "theft_count": 12, "bike_trips": 1047, "theft_per_1000_trips": 11.461318051575931 }, "geometry": { "type": "Polygon", "coordinates": [ [ [ -79.392069519775518, 43.668092941815708 ], [ -79.390625003437222, 43.668674994816286 ], [ -79.389861044558529, 43.668770453365866 ], [ -79.389750529406939, 43.668714577837413 ], [ -79.389446146671744, 43.667079556490769 ], [ -79.389655630949889, 43.666665007921054 ], [ -79.390610369072789, 43.666343868446383 ], [ -79.391763745976576, 43.666624172350375 ], [ -79.392069519775518, 43.668092941815708 ] ] ] } },
{ "type": "Feature", "properties": { "vor_id": 743, "theft_count": 14, "bike_trips": 3357, "theft_per_1000_trips": 4.1703902293714625 }, "geometry": { "type": "Polygon", "coordinates": [ [ [ -79.4376671325155, 43.637441943379514 ], [ -79.43819537379936, 43.637759163366745 ], [ -79.43804949787652, 43.638890859728505 ], [ -79.43569914085549, 43.640784811945522 ], [ -79.435413603972393, 43.640761274519171 ], [ -79.434633366321265, 43.639709829070704 ], [ -79.434573637326935, 43.639446059927288 ], [ -79.434855138634248, 43.638499013324889 ], [ -79.4376671325155, 43.637441943379514 ] ] ] } },
{ "type": "Feature", "properties": { "vor_id": 745, "theft_count": 4, "bike_trips": 4613, "theft_per_1000_trips": 0.86711467591588987 }, "geometry": { "type": "Polygon", "coordinates": [ [ [ -79.21791277763883, 43.770760397823324 ], [ -79.208938256409368, 43.76734236530055 ], [ -79.207933246809446, 43.753806481654607 ], [ -79.208287789162696, 43.753655912731745 ], [ -79.208689896083271, 43.753777120911174 ], [ -79.21791277763883, 43.770760397823324 ] ] ] } },
{ "type": "Feature", "properties": { "vor_id": 747, "theft_count": 25, "bike_trips": 7482, "theft_per_1000_trips": 3.3413525795241914 }, "geometry": { "type": "Polygon", "coordinates": [ [ [ -79.347448527375661, 43.751829436671208 ], [ -79.358740515893558, 43.73937265441333 ], [ -79.366885552335305, 43.735003074270168 ], [ -79.367727084391234, 43.735169211597125 ], [ -79.368284499775967, 43.75420859035183 ], [ -79.351288419340605, 43.75898183583476 ], [ -79.350218210556633, 43.75710001961555 ], [ -79.347448527375661, 43.751829436671208 ] ] ] } },
{ "type": "Feature", "properties": { "vor_id": 748, "theft_count": 23, "bike_trips": 5455, "theft_per_1000_trips": 4.2163153070577453 }, "geometry": { "type": "Polygon", "coordinates": [ [ [ -79.407666793594871, 43.63942521932799 ], [ -79.40925761119874, 43.637224502504068 ], [ -79.410765757729166, 43.636871233900656 ], [ -79.411321906654251, 43.640571809994618 ], [ -79.408155990684264, 43.6401445274021 ], [ -79.407590827227367, 43.639661112071849 ], [ -79.407666793594871, 43.63942521932799 ] ] ] } },
{ "type": "Feature", "properties": { "vor_id": 750, "theft_count": 3, "bike_trips": 2553, "theft_per_1000_trips": 1.1750881316098707 }, "geometry": { "type": "Polygon", "coordinates": [ [ [ -79.319455205556906, 43.680235667468907 ], [ -79.319793070964451, 43.680470908285841 ], [ -79.320634332754111, 43.684508342467005 ], [ -79.319987957195565, 43.685519843782693 ], [ -79.318867422127354, 43.68018901334348 ], [ -79.319455205556906, 43.680235667468907 ] ] ] } },
{ "type": "Feature", "properties": { "vor_id": 751, "theft_count": 19, "bike_trips": 1021, "theft_per_1000_trips": 18.609206660137122 }, "geometry": { "type": "Polygon", "coordinates": [ [ [ -79.374993448103055, 43.6694268254235 ], [ -79.374514675135202, 43.670220035476014 ], [ -79.373852578925622, 43.670028332853207 ], [ -79.373503233794651, 43.668529285638449 ], [ -79.373997248, 43.668553555000088 ], [ -79.374852708914645, 43.668511528900254 ], [ -79.374993448103055, 43.6694268254235 ] ] ] } },
{ "type": "Feature", "properties": { "vor_id": 752, "theft_count": 31, "bike_trips": 2259, "theft_per_1000_trips": 13.722886232846392 }, "geometry": { "type": "Polygon", "coordinates": [ [ [ -79.463004947334994, 43.646872384004489 ], [ -79.464832151378943, 43.644967993391255 ], [ -79.466580200025888, 43.645370103366034 ], [ -79.467315118539432, 43.648741270495222 ], [ -79.465870990047833, 43.655465595784939 ], [ -79.464998004486731, 43.655838759395031 ], [ -79.464938496638155, 43.65581996814052 ], [ -79.463004947334994, 43.646872384004489 ] ] ] } },
{ "type": "Feature", "properties": { "vor_id": 755, "theft_count": 17, "bike_trips": 3592, "theft_per_1000_trips": 4.7327394209354123 }, "geometry": { "type": "Polygon", "coordinates": [ [ [ -79.434093592032639, 43.71137754064199 ], [ -79.432455704494217, 43.713503069828647 ], [ -79.428512640906561, 43.713273253762047 ], [ -79.427113524769766, 43.710517647200184 ], [ -79.42992451429177, 43.704165608769536 ], [ -79.430720330317385, 43.703756719148558 ], [ -79.432930844879351, 43.703842680270625 ], [ -79.43541146584549, 43.707851856947023 ], [ -79.434093592032639, 43.71137754064199 ] ] ] } },
{ "type": "Feature", "properties": { "vor_id": 756, "theft_count": 5, "bike_trips": 2270, "theft_per_1000_trips": 2.2026431718061676 }, "geometry": { "type": "Polygon", "coordinates": [ [ [ -79.452235627628966, 43.666256356608507 ], [ -79.453754925662238, 43.667925357576024 ], [ -79.451236614860647, 43.670125613116475 ], [ -79.450812255978462, 43.66988377329109 ], [ -79.449798073151328, 43.668704415157052 ], [ -79.449516352296641, 43.667434511666528 ], [ -79.452235627628966, 43.666256356608507 ] ] ] } },
{ "type": "Feature", "properties": { "vor_id": 757, "theft_count": 22, "bike_trips": 2088, "theft_per_1000_trips": 10.536398467432951 }, "geometry": { "type": "Polygon", "coordinates": [ [ [ -79.384697811670947, 43.661601256934262 ], [ -79.384800356500349, 43.662088771206321 ], [ -79.383427986170787, 43.662652093048024 ], [ -79.382664855459765, 43.662383018364253 ], [ -79.384662809551685, 43.661536491841858 ], [ -79.384697811670947, 43.661601256934262 ] ] ] } },
{ "type": "Feature", "properties": { "vor_id": 758, "theft_count": 26, "bike_trips": 2222, "theft_per_1000_trips": 11.701170117011701 }, "geometry": { "type": "Polygon", "coordinates": [ [ [ -79.431302348427053, 43.646542568862088 ], [ -79.431295305012284, 43.646590815240891 ], [ -79.429657236569398, 43.647666592363535 ], [ -79.427360110758215, 43.646375732596745 ], [ -79.426769672135748, 43.645423139745503 ], [ -79.4296269948466, 43.644281487244101 ], [ -79.431302348427053, 43.646542568862088 ] ] ] } },
{ "type": "Feature", "properties": { "vor_id": 759, "theft_count": 9, "bike_trips": 2405, "theft_per_1000_trips": 3.7422037422037424 }, "geometry": { "type": "Polygon", "coordinates": [ [ [ -79.420061629728991, 43.70510527229181 ], [ -79.42077956324043, 43.703862938549349 ], [ -79.424175520436251, 43.702900320519547 ], [ -79.425213376192872, 43.709437326166757 ], [ -79.420284692931332, 43.708191159406546 ], [ -79.419813288390429, 43.705709100526974 ], [ -79.420061629728991, 43.70510527229181 ] ] ] } },
{ "type": "Feature", "properties": { "vor_id": 761, "theft_count": 7, "bike_trips": 4405, "theft_per_1000_trips": 1.5891032917139616 }, "geometry": { "type": "Polygon", "coordinates": [ [ [ -79.419017036510866, 43.76827277193189 ], [ -79.419105733321786, 43.769155094118126 ], [ -79.412235022042054, 43.770804675481493 ], [ -79.412047807428365, 43.769939950887824 ], [ -79.419017036510866, 43.76827277193189 ] ] ] } },
{ "type": "Feature", "properties": { "vor_id": 762, "theft_count": 3, "bike_trips": 2613, "theft_per_1000_trips": 1.1481056257175661 }, "geometry": { "type": "Polygon", "coordinates": [ [ [ -79.482170667142071, 43.609905826453875 ], [ -79.479392757809265, 43.609502648530338 ], [ -79.479186229490054, 43.60943096606951 ], [ -79.485870125223158, 43.605440374094208 ], [ -79.492516942784604, 43.61062585688228 ], [ -79.492076527283501, 43.611343535048412 ], [ -79.482170667142071, 43.609905826453875 ] ] ] } },
{ "type": "Feature", "properties": { "vor_id": 764, "theft_count": 7, "bike_trips": 2572, "theft_per_1000_trips": 2.7216174183514776 }, "geometry": { "type": "Polygon", "coordinates": [ [ [ -79.346364875852174, 43.68393185046952 ], [ -79.345971646476102, 43.685696640695518 ], [ -79.341257913944503, 43.685553607738953 ], [ -79.3405380464703, 43.685052360745459 ], [ -79.343333619135095, 43.682682527487167 ], [ -79.345657256418079, 43.683321146837301 ], [ -79.346364875852174, 43.68393185046952 ] ] ] } },
{ "type": "Feature", "properties": { "vor_id": 767, "theft_count": 27, "bike_trips": 2093, "theft_per_1000_trips": 12.900143334925945 }, "geometry": { "type": "Polygon", "coordinates": [ [ [ -79.388021811532653, 43.667745116350794 ], [ -79.389446146671744, 43.667079556490769 ], [ -79.389750529406939, 43.668714577837413 ], [ -79.388613423409907, 43.669181390738686 ], [ -79.388262660966376, 43.669015191343966 ], [ -79.388021811532653, 43.667745116350794 ] ] ] } },
{ "type": "Feature", "properties": { "vor_id": 768, "theft_count": 12, "bike_trips": 3445, "theft_per_1000_trips": 3.4833091436865025 }, "geometry": { "type": "Polygon", "coordinates": [ [ [ -79.502247162789672, 43.683167181800677 ], [ -79.496567348558983, 43.684359631521524 ], [ -79.489278853054316, 43.677132770392262 ], [ -79.491328850923409, 43.675153333650186 ], [ -79.50014846569735, 43.672785893434437 ], [ -79.504107309322521, 43.674744149769907 ], [ -79.502247162789672, 43.683167181800677 ] ] ] } },
{ "type": "Feature", "properties": { "vor_id": 771, "theft_count": 16, "bike_trips": 5730, "theft_per_1000_trips": 2.7923211169284468 }, "geometry": { "type": "Polygon", "coordinates": [ [ [ -79.494069009894076, 43.705800718835526 ], [ -79.498036073834612, 43.697402561199851 ], [ -79.501032778814434, 43.69581371317792 ], [ -79.502516920594019, 43.696265700706022 ], [ -79.505693101457908, 43.703208057175644 ], [ -79.494315448111763, 43.706375134647459 ], [ -79.494069009894076, 43.705800718835526 ] ] ] } },
{ "type": "Feature", "properties": { "vor_id": 772, "theft_count": 4, "bike_trips": 1271, "theft_per_1000_trips": 3.147128245476003 }, "geometry": { "type": "Polygon", "coordinates": [ [ [ -79.308634587946287, 43.676231107714649 ], [ -79.30839091411174, 43.677674174651685 ], [ -79.305704611277733, 43.678896170920339 ], [ -79.306096641261178, 43.676032715906373 ], [ -79.308634587946287, 43.676231107714649 ] ] ] } },
{ "type": "Feature", "properties": { "vor_id": 775, "theft_count": 15, "bike_trips": 9563, "theft_per_1000_trips": 1.5685454355327826 }, "geometry": { "type": "Polygon", "coordinates": [ [ [ -79.531912945907038, 43.69836518845716 ], [ -79.527277337640072, 43.694295130405756 ], [ -79.524295535022318, 43.688811471655072 ], [ -79.534105455792343, 43.676885747010239 ], [ -79.536500375907892, 43.676699267403414 ], [ -79.543303916572569, 43.678521175759073 ], [ -79.54651572993825, 43.684138894341778 ], [ -79.533726700775816, 43.698278492872959 ], [ -79.531912945907038, 43.69836518845716 ] ] ] } },
{ "type": "Feature", "properties": { "vor_id": 776, "theft_count": 23, "bike_trips": 2109, "theft_per_1000_trips": 10.905642484589853 }, "geometry": { "type": "Polygon", "coordinates": [ [ [ -79.379564993228513, 43.649933260974002 ], [ -79.379716070959432, 43.649611609666572 ], [ -79.381287206001119, 43.648948293823359 ], [ -79.381511211914443, 43.649997253722248 ], [ -79.379846984256005, 43.650652939722086 ], [ -79.379641252696715, 43.650279636164775 ], [ -79.379564993228513, 43.649933260974002 ] ] ] } },
{ "type": "Feature", "properties": { "vor_id": 777, "theft_count": 23, "bike_trips": 3212, "theft_per_1000_trips": 7.1606475716064759 }, "geometry": { "type": "Polygon", "coordinates": [ [ [ -79.39272243517982, 43.642375635089309 ], [ -79.393698652720801, 43.641971953335648 ], [ -79.394125495363468, 43.643607098105086 ], [ -79.3930761540784, 43.644067150798534 ], [ -79.392658126304028, 43.643642334109735 ], [ -79.392447596939263, 43.64282886436186 ], [ -79.39272243517982, 43.642375635089309 ] ] ] } },
{ "type": "Feature", "properties": { "vor_id": 779, "theft_count": 3, "bike_trips": 2736, "theft_per_1000_trips": 1.0964912280701753 }, "geometry": { "type": "Polygon", "coordinates": [ [ [ -79.368516340145703, 43.770528422117991 ], [ -79.365952153422711, 43.77040429246577 ], [ -79.365224376332534, 43.770180013976727 ], [ -79.364987573231446, 43.764968145628778 ], [ -79.367323047996607, 43.76443329615882 ], [ -79.368542290091483, 43.769738634545945 ], [ -79.368516340145703, 43.770528422117991 ] ] ] } },
{ "type": "Feature", "properties": { "vor_id": 781, "theft_count": 27, "bike_trips": 2122, "theft_per_1000_trips": 12.723845428840715 }, "geometry": { "type": "Polygon", "coordinates": [ [ [ -79.387643436527341, 43.649479468170597 ], [ -79.385700514556305, 43.649239731783837 ], [ -79.385963975813652, 43.648174182783812 ], [ -79.387218975706404, 43.647655919640215 ], [ -79.388078972510897, 43.648444690309063 ], [ -79.387806140574355, 43.649296148664732 ], [ -79.387643436527341, 43.649479468170597 ] ] ] } },
{ "type": "Feature", "properties": { "vor_id": 782, "theft_count": 36, "bike_trips": 3510, "theft_per_1000_trips": 10.256410256410257 }, "geometry": { "type": "Polygon", "coordinates": [ [ [ -79.448178724201213, 43.673962472740811 ], [ -79.447256864901291, 43.670846388131267 ], [ -79.447321204987475, 43.670784415858257 ], [ -79.450812255978462, 43.66988377329109 ], [ -79.451236614860647, 43.670125613116475 ], [ -79.451380440412322, 43.67301667524967 ], [ -79.451292131121136, 43.673236159243693 ], [ -79.448178724201213, 43.673962472740811 ] ] ] } },
{ "type": "Feature", "properties": { "vor_id": 783, "theft_count": 21, "bike_trips": 1077, "theft_per_1000_trips": 19.498607242339833 }, "geometry": { "type": "Polygon", "coordinates": [ [ [ -79.404159579030434, 43.661773927822232 ], [ -79.403747695585722, 43.661712711525894 ], [ -79.403528298836335, 43.660041881496632 ], [ -79.404213779884657, 43.659108760566731 ], [ -79.40600999214449, 43.660569957525624 ], [ -79.406094380605481, 43.660997995082191 ], [ -79.404159579030434, 43.661773927822232 ] ] ] } },
{ "type": "Feature", "properties": { "vor_id": 784, "theft_count": 16, "bike_trips": 2187, "theft_per_1000_trips": 7.3159579332418838 }, "geometry": { "type": "Polygon", "coordinates": [ [ [ -79.403983171742908, 43.64366040241034 ], [ -79.406399648085895, 43.642749008942509 ], [ -79.406728148770142, 43.644394003700349 ], [ -79.406718853783033, 43.644717930126092 ], [ -79.406625579287393, 43.644754377066072 ], [ -79.403983171742908, 43.64366040241034 ] ] ] } },
{ "type": "Feature", "properties": { "vor_id": 785, "theft_count": 40, "bike_trips": 3331, "theft_per_1000_trips": 12.008405884118885 }, "geometry": { "type": "Polygon", "coordinates": [ [ [ -79.436080247941064, 43.657494797026672 ], [ -79.438374997672796, 43.660727624477246 ], [ -79.437210376360554, 43.662515049977067 ], [ -79.435208997785054, 43.662150900060567 ], [ -79.434337713137168, 43.6583564109186 ], [ -79.435380814098536, 43.657234574875645 ], [ -79.436080247941064, 43.657494797026672 ] ] ] } },
{ "type": "Feature", "properties": { "vor_id": 786, "theft_count": 12, "bike_trips": 2435, "theft_per_1000_trips": 4.9281314168377826 }, "geometry": { "type": "Polygon", "coordinates": [ [ [ -79.402404733996903, 43.704913636637087 ], [ -79.402330456783076, 43.704976603148857 ], [ -79.399255060625421, 43.705009211648544 ], [ -79.39874391786509, 43.702608999379734 ], [ -79.398880849915457, 43.7021773571281 ], [ -79.400804240435249, 43.699837746873463 ], [ -79.400872573343776, 43.699771288746938 ], [ -79.401938339322868, 43.699725772069087 ], [ -79.403571958488158, 43.701693362892378 ], [ -79.403588476635349, 43.701758969323997 ], [ -79.402404733996903, 43.704913636637087 ] ] ] } },
{ "type": "Feature", "properties": { "vor_id": 787, "theft_count": 12, "bike_trips": 3864, "theft_per_1000_trips": 3.1055900621118009 }, "geometry": { "type": "Polygon", "coordinates": [ [ [ -79.34256252161785, 43.680109469836687 ], [ -79.340016679870587, 43.681028286677147 ], [ -79.339592226363791, 43.678891280384804 ], [ -79.34196660806488, 43.677425415530855 ], [ -79.342052727191145, 43.677487810938658 ], [ -79.34256252161785, 43.680109469836687 ] ] ] } },
{ "type": "Feature", "properties": { "vor_id": 791, "theft_count": 2, "bike_trips": 3611, "theft_per_1000_trips": 0.5538631957906397 }, "geometry": { "type": "Polygon", "coordinates": [ [ [ -79.396028661896551, 43.683016512426548 ], [ -79.402091956705974, 43.680545842624703 ], [ -79.403293434211392, 43.681621265197478 ], [ -79.39656375559511, 43.684418556314512 ], [ -79.396463711134899, 43.68424450014588 ], [ -79.396039013823142, 43.683070503148919 ], [ -79.396028661896551, 43.683016512426548 ] ] ] } },
{ "type": "Feature", "properties": { "vor_id": 792, "theft_count": 7, "bike_trips": 5252, "theft_per_1000_trips": 1.3328255902513328 }, "geometry": { "type": "Polygon", "coordinates": [ [ [ -79.46654591205106, 43.726453174506538 ], [ -79.452125753501633, 43.729844708064171 ], [ -79.455099474008975, 43.724154706972818 ], [ -79.468283621845515, 43.721039967030727 ], [ -79.468368487074486, 43.721118279733545 ], [ -79.468238414994687, 43.723755069294569 ], [ -79.46654591205106, 43.726453174506538 ] ] ] } },
{ "type": "Feature", "properties": { "vor_id": 793, "theft_count": 8, "bike_trips": 6786, "theft_per_1000_trips": 1.1788977306218684 }, "geometry": { "type": "Polygon", "coordinates": [ [ [ -79.534184632563125, 43.655769223967994 ], [ -79.534550167884902, 43.65563279789631 ], [ -79.537611546515578, 43.654814978286637 ], [ -79.538612435782568, 43.656931180841298 ], [ -79.541135018384864, 43.661139855650966 ], [ -79.544057976331828, 43.66508100820819 ], [ -79.547353159940656, 43.66871668305933 ], [ -79.547764182840055, 43.669089212500602 ], [ -79.543303916572569, 43.678521175759073 ], [ -79.536500375907892, 43.676699267403414 ], [ -79.534184632563125, 43.655769223967994 ] ] ] } },
{ "type": "Feature", "properties": { "vor_id": 794, "theft_count": 26, "bike_trips": 2272, "theft_per_1000_trips": 11.443661971830986 }, "geometry": { "type": "Polygon", "coordinates": [ [ [ -79.402458515244291, 43.67349920970819 ], [ -79.40456291193594, 43.673921985484967 ], [ -79.405764518405348, 43.674741774716395 ], [ -79.405779128376807, 43.675298656650625 ], [ -79.404193175162348, 43.67627171394971 ], [ -79.402483484344373, 43.676546423012255 ], [ -79.401515991154099, 43.674913861684871 ], [ -79.402458515244291, 43.67349920970819 ] ] ] } },
{ "type": "Feature", "properties": { "vor_id": 795, "theft_count": 41, "bike_trips": 2030, "theft_per_1000_trips": 20.19704433497537 }, "geometry": { "type": "Polygon", "coordinates": [ [ [ -79.355394716499049, 43.653476167719454 ], [ -79.355573374772675, 43.653630648779327 ], [ -79.355904970248275, 43.655129191761624 ], [ -79.354923481974893, 43.655382131922366 ], [ -79.354105897147932, 43.654091649102533 ], [ -79.355394716499049, 43.653476167719454 ] ] ] } },
{ "type": "Feature", "properties": { "vor_id": 796, "theft_count": 68, "bike_trips": 2180, "theft_per_1000_trips": 31.192660550458719 }, "geometry": { "type": "Polygon", "coordinates": [ [ [ -79.415491967904671, 43.635864266813783 ], [ -79.414994338481208, 43.638561897019997 ], [ -79.412788991519918, 43.639406167641035 ], [ -79.412250405523011, 43.636706648688019 ], [ -79.415150505535266, 43.635382626229308 ], [ -79.415491967904671, 43.635864266813783 ] ] ] } },
{ "type": "Feature", "properties": { "vor_id": 797, "theft_count": 7, "bike_trips": 2198, "theft_per_1000_trips": 3.1847133757961785 }, "geometry": { "type": "Polygon", "coordinates": [ [ [ -79.418430010961416, 43.642675155843051 ], [ -79.418775937114475, 43.644422134267145 ], [ -79.416406546310043, 43.645364217461896 ], [ -79.416339710828453, 43.645049097337264 ], [ -79.417747531566931, 43.642700290335561 ], [ -79.418430010961416, 43.642675155843051 ] ] ] } },
{ "type": "Feature", "properties": { "vor_id": 799, "theft_count": 32, "bike_trips": 7844, "theft_per_1000_trips": 4.0795512493625701 }, "geometry": { "type": "Polygon", "coordinates": [ [ [ -79.254520548074794, 43.711878367743488 ], [ -79.257040543349021, 43.71374732361523 ], [ -79.261249218158696, 43.716269906217519 ], [ -79.265684883381738, 43.718367819625669 ], [ -79.267024899953583, 43.718847285221727 ], [ -79.266565551786442, 43.720073997754781 ], [ -79.256561723049259, 43.725767571210206 ], [ -79.248993002888398, 43.722639474847881 ], [ -79.249277358937491, 43.718976506149659 ], [ -79.254520548074794, 43.711878367743488 ] ] ] } },
{ "type": "Feature", "properties": { "vor_id": 800, "theft_count": 5, "bike_trips": 4882, "theft_per_1000_trips": 1.024170421958214 }, "geometry": { "type": "Polygon", "coordinates": [ [ [ -79.401497317425751, 43.741101642332097 ], [ -79.398475525912914, 43.738124494515432 ], [ -79.401313157767746, 43.734058967738953 ], [ -79.404156735390558, 43.733390730514841 ], [ -79.405745020163579, 43.735380113913436 ], [ -79.401497317425751, 43.741101642332097 ] ] ] } },
{ "type": "Feature", "properties": { "vor_id": 801, "theft_count": 27, "bike_trips": 2613, "theft_per_1000_trips": 10.332950631458095 }, "geometry": { "type": "Polygon", "coordinates": [ [ [ -79.480612588354717, 43.61253653398294 ], [ -79.484585715969246, 43.614753277434502 ], [ -79.486528062384735, 43.617993886651071 ], [ -79.488671921742764, 43.62088454636784 ], [ -79.486568189289699, 43.621551970752982 ], [ -79.480612588354717, 43.61253653398294 ] ] ] } },
{ "type": "Feature", "properties": { "vor_id": 803, "theft_count": 13, "bike_trips": 2587, "theft_per_1000_trips": 5.025125628140704 }, "geometry": { "type": "Polygon", "coordinates": [ [ [ -79.343151117381581, 43.65940763184075 ], [ -79.345020807926502, 43.661850047467475 ], [ -79.34280526676875, 43.662745175250976 ], [ -79.342367455768425, 43.66081918032981 ], [ -79.343149568051857, 43.659408272056289 ], [ -79.343151117381581, 43.65940763184075 ] ] ] } },
{ "type": "Feature", "properties": { "vor_id": 804, "theft_count": 10, "bike_trips": 4340, "theft_per_1000_trips": 2.3041474654377878 }, "geometry": { "type": "Polygon", "coordinates": [ [ [ -79.460257782826972, 43.753494957788668 ], [ -79.457664264442769, 43.740803494128052 ], [ -79.460952003052441, 43.74009652510221 ], [ -79.461081627666758, 43.740155401595082 ], [ -79.463263544611181, 43.751130297547412 ], [ -79.460257782826972, 43.753494957788668 ] ] ] } },
{ "type": "Feature", "properties": { "vor_id": 806, "theft_count": 22, "bike_trips": 2135, "theft_per_1000_trips": 10.304449648711945 }, "geometry": { "type": "Polygon", "coordinates": [ [ [ -79.389103503886972, 43.650058342005927 ], [ -79.389997052418565, 43.649393771497621 ], [ -79.390324274450336, 43.649732988431182 ], [ -79.390468772330024, 43.650382850397925 ], [ -79.390390834248677, 43.6512072944087 ], [ -79.389436642862876, 43.651617112544258 ], [ -79.389103503886972, 43.650058342005927 ] ] ] } },
{ "type": "Feature", "properties": { "vor_id": 807, "theft_count": 18, "bike_trips": 3643, "theft_per_1000_trips": 4.9409827065605274 }, "geometry": { "type": "Polygon", "coordinates": [ [ [ -79.39992050731091, 43.709924616468427 ], [ -79.399954602324939, 43.708627142297601 ], [ -79.402205789405528, 43.708266129699879 ], [ -79.406143428939814, 43.712966976826593 ], [ -79.401989845161467, 43.711793459584605 ], [ -79.39992050731091, 43.709924616468427 ] ] ] } },
{ "type": "Feature", "properties": { "vor_id": 808, "theft_count": 12, "bike_trips": 3411, "theft_per_1000_trips": 3.518029903254178 }, "geometry": { "type": "Polygon", "coordinates": [ [ [ -79.468466341410533, 43.665360012095157 ], [ -79.468429198967158, 43.668129649436899 ], [ -79.464235924312078, 43.665122883828481 ], [ -79.467355635601479, 43.663879949708885 ], [ -79.468466341410533, 43.665360012095157 ] ] ] } },
{ "type": "Feature", "properties": { "vor_id": 811, "theft_count": 13, "bike_trips": 6310, "theft_per_1000_trips": 2.0602218700475436 }, "geometry": { "type": "Polygon", "coordinates": [ [ [ -79.217324008580803, 43.71981119185061 ], [ -79.221875125874419, 43.715387622968656 ], [ -79.221876592792398, 43.715386041106179 ], [ -79.221877838989684, 43.715384363270857 ], [ -79.221878852555122, 43.715382605499443 ], [ -79.221879623801073, 43.715380784592675 ], [ -79.221880145355982, 43.715378917954752 ], [ -79.223452954037043, 43.707875479234744 ], [ -79.23320144161471, 43.700600773369345 ], [ -79.234504482582722, 43.700341366666905 ], [ -79.237574306189316, 43.727823196075647 ], [ -79.236860118397004, 43.728258121235015 ], [ -79.229839966305406, 43.727884729115431 ], [ -79.217324008580803, 43.71981119185061 ] ] ] } },
{ "type": "Feature", "properties": { "vor_id": 812, "theft_count": 16, "bike_trips": 2239, "theft_per_1000_trips": 7.1460473425636444 }, "geometry": { "type": "Polygon", "coordinates": [ [ [ -79.453698590002688, 43.659847626229933 ], [ -79.453564042904418, 43.660698054735597 ], [ -79.451963972417531, 43.661895262667386 ], [ -79.451517571683453, 43.659775253196329 ], [ -79.452389653801305, 43.65722805203098 ], [ -79.452631954607796, 43.657541144079879 ], [ -79.453698590002688, 43.659847626229933 ] ] ] } },
{ "type": "Feature", "properties": { "vor_id": 813, "theft_count": 30, "bike_trips": 1282, "theft_per_1000_trips": 23.400936037441497 }, "geometry": { "type": "Polygon", "coordinates": [ [ [ -79.328249806912254, 43.683136040136127 ], [ -79.33069813290129, 43.682138110751914 ], [ -79.33138707604526, 43.685371274815367 ], [ -79.330360704329152, 43.685018191931462 ], [ -79.328249806912254, 43.683136040136127 ] ] ] } },
{ "type": "Feature", "properties": { "vor_id": 815, "theft_count": 10, "bike_trips": 4413, "theft_per_1000_trips": 2.266032177656923 }, "geometry": { "type": "Polygon", "coordinates": [ [ [ -79.423234524592672, 43.794102832400966 ], [ -79.422991166715946, 43.795530757263847 ], [ -79.416966089677487, 43.796931881092689 ], [ -79.417986848106352, 43.792378830715762 ], [ -79.418387188656411, 43.792279996390334 ], [ -79.421587617183803, 43.792909451140147 ], [ -79.423234524592672, 43.794102832400966 ] ] ] } },
{ "type": "Feature", "properties": { "vor_id": 818, "theft_count": 13, "bike_trips": 2603, "theft_per_1000_trips": 4.9942374183634266 }, "geometry": { "type": "Polygon", "coordinates": [ [ [ -79.355034282557909, 43.687498306913845 ], [ -79.362366699668229, 43.687765181098058 ], [ -79.362980830742785, 43.687827263426833 ], [ -79.364040749004573, 43.69057694073242 ], [ -79.362028940203643, 43.694473709320967 ], [ -79.357921476788775, 43.697576495753317 ], [ -79.354228283943371, 43.691338409026244 ], [ -79.35499352043071, 43.687536198458929 ], [ -79.355034282557909, 43.687498306913845 ] ] ] } },
{ "type": "Feature", "properties": { "vor_id": 819, "theft_count": 59, "bike_trips": 4214, "theft_per_1000_trips": 14.000949216896061 }, "geometry": { "type": "Polygon", "coordinates": [ [ [ -79.381757418853368, 43.652493210169837 ], [ -79.38166392190297, 43.652417342322451 ], [ -79.381571321269391, 43.651999709055559 ], [ -79.382022649599421, 43.651171693632136 ], [ -79.383869523422803, 43.651675628741515 ], [ -79.384109898653435, 43.652080325148056 ], [ -79.381757418853368, 43.652493210169837 ] ] ] } },
{ "type": "Feature", "properties": { "vor_id": 822, "theft_count": 40, "bike_trips": 5943, "theft_per_1000_trips": 6.7306074373212175 }, "geometry": { "type": "Polygon", "coordinates": [ [ [ -79.392859352757952, 43.767704639666682 ], [ -79.389659227116667, 43.771041306259711 ], [ -79.386065001376934, 43.769122278576212 ], [ -79.385984519301658, 43.768661063650562 ], [ -79.388040708806514, 43.765501725176321 ], [ -79.392859352757952, 43.767704639666682 ] ] ] } },
{ "type": "Feature", "properties": { "vor_id": 823, "theft_count": 10, "bike_trips": 2213, "theft_per_1000_trips": 4.5187528242205151 }, "geometry": { "type": "Polygon", "coordinates": [ [ [ -79.426436994690903, 43.650380916076742 ], [ -79.426531060230587, 43.650170152837276 ], [ -79.428702065298168, 43.6494851676742 ], [ -79.429436309776094, 43.650974801208385 ], [ -79.426554868188063, 43.652096797461368 ], [ -79.426436994690903, 43.650380916076742 ] ] ] } },
{ "type": "Feature", "properties": { "vor_id": 825, "theft_count": 15, "bike_trips": 1100, "theft_per_1000_trips": 13.636363636363635 }, "geometry": { "type": "Polygon", "coordinates": [ [ [ -79.42484187725448, 43.666964411997697 ], [ -79.422258660985264, 43.666355097186504 ], [ -79.421685067232573, 43.665488172509811 ], [ -79.422780167317825, 43.663252705200883 ], [ -79.424498718149167, 43.663456116595476 ], [ -79.425207005553631, 43.666812252467473 ], [ -79.42484187725448, 43.666964411997697 ] ] ] } },
{ "type": "Feature", "properties": { "vor_id": 826, "theft_count": 2, "bike_trips": 2288, "theft_per_1000_trips": 0.87412587412587417 }, "geometry": { "type": "Polygon", "coordinates": [ [ [ -79.435899580003849, 43.669515478621967 ], [ -79.435463827614981, 43.667428500193047 ], [ -79.436843138545257, 43.667548721259678 ], [ -79.437195116940742, 43.669239336923539 ], [ -79.436103103789449, 43.669646037814196 ], [ -79.435899580003849, 43.669515478621967 ] ] ] } },
{ "type": "Feature", "properties": { "vor_id": 827, "theft_count": 41, "bike_trips": 2155, "theft_per_1000_trips": 19.025522041763342 }, "geometry": { "type": "Polygon", "coordinates": [ [ [ -79.40120805783684, 43.658831497813587 ], [ -79.400832957727602, 43.657010460931645 ], [ -79.402172566874725, 43.656937703612563 ], [ -79.402461019830042, 43.658338259057814 ], [ -79.40120805783684, 43.658831497813587 ] ] ] } },
{ "type": "Feature", "properties": { "vor_id": 829, "theft_count": 15, "bike_trips": 4122, "theft_per_1000_trips": 3.6390101892285296 }, "geometry": { "type": "Polygon", "coordinates": [ [ [ -79.37393604951437, 43.652073701886991 ], [ -79.374011237610731, 43.652264537419562 ], [ -79.373187703107604, 43.65380457167214 ], [ -79.372635305243108, 43.653458748344455 ], [ -79.372225260148198, 43.652952644389714 ], [ -79.372213574819284, 43.652778900162069 ], [ -79.37393604951437, 43.652073701886991 ] ] ] } },
{ "type": "Feature", "properties": { "vor_id": 832, "theft_count": 13, "bike_trips": 2427, "theft_per_1000_trips": 5.3564070869386073 }, "geometry": { "type": "Polygon", "coordinates": [ [ [ -79.4002802825554, 43.689766750422081 ], [ -79.399907183714774, 43.691627341205795 ], [ -79.398366206797661, 43.69221548421519 ], [ -79.396428775131795, 43.692132819807171 ], [ -79.39606840697644, 43.689026858316069 ], [ -79.396536966850192, 43.686587390153818 ], [ -79.396602726520513, 43.686508856183863 ], [ -79.4002802825554, 43.689766750422081 ] ] ] } },
{ "type": "Feature", "properties": { "vor_id": 833, "theft_count": 11, "bike_trips": 1184, "theft_per_1000_trips": 9.2905405405405403 }, "geometry": { "type": "Polygon", "coordinates": [ [ [ -79.42386063000481, 43.687142859002861 ], [ -79.425313409632807, 43.690306582338472 ], [ -79.423780582999953, 43.691211245937396 ], [ -79.421910113109135, 43.687327533195308 ], [ -79.422804329144256, 43.686380626128383 ], [ -79.42386063000481, 43.687142859002861 ] ] ] } },
{ "type": "Feature", "properties": { "vor_id": 834, "theft_count": 41, "bike_trips": 2091, "theft_per_1000_trips": 19.607843137254903 }, "geometry": { "type": "Polygon", "coordinates": [ [ [ -79.387572175137535, 43.669288472485874 ], [ -79.387834765324214, 43.67078937501114 ], [ -79.387182437665842, 43.670672422832617 ], [ -79.386976999058334, 43.66964314656434 ], [ -79.387241129599687, 43.669288249626049 ], [ -79.387572175137535, 43.669288472485874 ] ] ] } },
{ "type": "Feature", "properties": { "vor_id": 835, "theft_count": 26, "bike_trips": 3918, "theft_per_1000_trips": 6.6360387953037261 }, "geometry": { "type": "Polygon", "coordinates": [ [ [ -79.484814046395641, 43.622811367010627 ], [ -79.483881688718796, 43.623417109456675 ], [ -79.478844099223323, 43.619543934465376 ], [ -79.474760693563312, 43.613933159513415 ], [ -79.475944506381012, 43.612574997150325 ], [ -79.484814046395641, 43.622811367010627 ] ] ] } },
{ "type": "Feature", "properties": { "vor_id": 836, "theft_count": 24, "bike_trips": 2073, "theft_per_1000_trips": 11.577424023154848 }, "geometry": { "type": "Polygon", "coordinates": [ [ [ -79.378189155376376, 43.653167623687494 ], [ -79.377099657274911, 43.652195564781067 ], [ -79.377036722654879, 43.651902145488904 ], [ -79.37816203576115, 43.65141896910982 ], [ -79.378319466437745, 43.651576818657482 ], [ -79.378483758790708, 43.65231937873363 ], [ -79.378205369264094, 43.653161005891484 ], [ -79.378189155376376, 43.653167623687494 ] ] ] } },
{ "type": "Feature", "properties": { "vor_id": 838, "theft_count": 15, "bike_trips": 1099, "theft_per_1000_trips": 13.64877161055505 }, "geometry": { "type": "Polygon", "coordinates": [ [ [ -79.412783894914426, 43.667096843289876 ], [ -79.41338195781023, 43.666226772052937 ], [ -79.414632036248733, 43.666244902286941 ], [ -79.414755073931957, 43.666289295873717 ], [ -79.415902701010054, 43.667805316775485 ], [ -79.413414299287751, 43.668778814606419 ], [ -79.413136983930343, 43.668682700947649 ], [ -79.412783894914426, 43.667096843289876 ] ] ] } },
{ "type": "Feature", "properties": { "vor_id": 840, "theft_count": 12, "bike_trips": 2278, "theft_per_1000_trips": 5.2677787532923617 }, "geometry": { "type": "Polygon", "coordinates": [ [ [ -79.425206744191186, 43.670303140039898 ], [ -79.42507542126765, 43.671466580374712 ], [ -79.423495809638666, 43.673420873530198 ], [ -79.42311530213982, 43.673623458096856 ], [ -79.422396333490028, 43.669969517963601 ], [ -79.424564109010817, 43.669051269811987 ], [ -79.425206744191186, 43.670303140039898 ] ] ] } },
{ "type": "Feature", "properties": { "vor_id": 841, "theft_count": 0, "bike_trips": 1103, "theft_per_1000_trips": 0.0 }, "geometry": { "type": "Polygon", "coordinates": [ [ [ -79.416406546310043, 43.645364217461896 ], [ -79.416363555362722, 43.645737217032384 ], [ -79.415794587433354, 43.645958580776515 ], [ -79.416339710828453, 43.645049097337264 ], [ -79.416406546310043, 43.645364217461896 ] ] ] } },
{ "type": "Feature", "properties": { "vor_id": 842, "theft_count": 20, "bike_trips": 2577, "theft_per_1000_trips": 7.7609623593325576 }, "geometry": { "type": "Polygon", "coordinates": [ [ [ -79.339592226363791, 43.678891280384804 ], [ -79.337857981381802, 43.677864920559394 ], [ -79.336426196579424, 43.67491148453928 ], [ -79.341921245716762, 43.674050375749388 ], [ -79.34196660806488, 43.677425415530855 ], [ -79.339592226363791, 43.678891280384804 ] ] ] } },
{ "type": "Feature", "properties": { "vor_id": 843, "theft_count": 26, "bike_trips": 3572, "theft_per_1000_trips": 7.2788353863381863 }, "geometry": { "type": "Polygon", "coordinates": [ [ [ -79.442875612147162, 43.700201676154286 ], [ -79.444554170150752, 43.703471927584211 ], [ -79.444420340263477, 43.703788121372554 ], [ -79.439998929520883, 43.705551269557105 ], [ -79.43981391080699, 43.70545368228241 ], [ -79.438457851025618, 43.703222954521635 ], [ -79.438464943593033, 43.703209271272989 ], [ -79.44096474841237, 43.699037585619784 ], [ -79.441595437527397, 43.698878977664023 ], [ -79.442875612147162, 43.700201676154286 ] ] ] } },
{ "type": "Feature", "properties": { "vor_id": 847, "theft_count": 9, "bike_trips": 1069, "theft_per_1000_trips": 8.4190832553788599 }, "geometry": { "type": "Polygon", "coordinates": [ [ [ -79.394322991848853, 43.651608538175687 ], [ -79.395133972354444, 43.649845044608668 ], [ -79.395631155522238, 43.650177114027798 ], [ -79.396144203586744, 43.650807757374544 ], [ -79.396227742855359, 43.651191177860859 ], [ -79.39600038132437, 43.651566552089477 ], [ -79.394817465161367, 43.652064484799865 ], [ -79.394322991848853, 43.651608538175687 ] ] ] } },
{ "type": "Feature", "properties": { "vor_id": 848, "theft_count": 22, "bike_trips": 4082, "theft_per_1000_trips": 5.3895149436550716 }, "geometry": { "type": "Polygon", "coordinates": [ [ [ -79.364370871044613, 43.658647279079098 ], [ -79.365245165287519, 43.658292240079611 ], [ -79.36697692194862, 43.659772732765674 ], [ -79.365682822516831, 43.660298575896924 ], [ -79.364370800645943, 43.658707855231739 ], [ -79.364370871044613, 43.658647279079098 ] ] ] } },
{ "type": "Feature", "properties": { "vor_id": 850, "theft_count": 14, "bike_trips": 5609, "theft_per_1000_trips": 2.4959885897664469 }, "geometry": { "type": "Polygon", "coordinates": [ [ [ -79.588640765431563, 43.744856110630835 ], [ -79.590386452192647, 43.747370376689979 ], [ -79.590538131244642, 43.753986922884856 ], [ -79.585217108795135, 43.75652149532192 ], [ -79.578355685023624, 43.749768679764877 ], [ -79.588640765431563, 43.744856110630835 ] ] ] } },
{ "type": "Feature", "properties": { "vor_id": 852, "theft_count": 26, "bike_trips": 7175, "theft_per_1000_trips": 3.6236933797909407 }, "geometry": { "type": "Polygon", "coordinates": [ [ [ -79.424483718861595, 43.700472575926185 ], [ -79.427336677844835, 43.70101019639656 ], [ -79.42992451429177, 43.704165608769536 ], [ -79.427113524769766, 43.710517647200184 ], [ -79.425213376192872, 43.709437326166757 ], [ -79.424175520436251, 43.702900320519547 ], [ -79.424483718861595, 43.700472575926185 ] ] ] } },
{ "type": "Feature", "properties": { "vor_id": 854, "theft_count": 5, "bike_trips": 4553, "theft_per_1000_trips": 1.0981770261366131 }, "geometry": { "type": "Polygon", "coordinates": [ [ [ -79.462059744669276, 43.666523320082923 ], [ -79.462225883382487, 43.669366096275816 ], [ -79.459727885293262, 43.67071956397718 ], [ -79.458746184761736, 43.665599767346976 ], [ -79.462059744669276, 43.666523320082923 ] ] ] } },
{ "type": "Feature", "properties": { "vor_id": 855, "theft_count": 35, "bike_trips": 2041, "theft_per_1000_trips": 17.148456638902498 }, "geometry": { "type": "Polygon", "coordinates": [ [ [ -79.362722953715789, 43.653437123523069 ], [ -79.364756160202035, 43.652569824637695 ], [ -79.364895669406309, 43.652763465829217 ], [ -79.36419976278701, 43.654508887502239 ], [ -79.362800046035701, 43.655106262731991 ], [ -79.362674730850145, 43.655068105828626 ], [ -79.362722953715789, 43.653437123523069 ] ] ] } },
{ "type": "Feature", "properties": { "vor_id": 857, "theft_count": 9, "bike_trips": 4944, "theft_per_1000_trips": 1.8203883495145632 }, "geometry": { "type": "Polygon", "coordinates": [ [ [ -79.366885552335305, 43.735003074270168 ], [ -79.362886382902715, 43.729442794265616 ], [ -79.364934452756984, 43.715231793782998 ], [ -79.366835267259034, 43.714832575590606 ], [ -79.371827810637058, 43.717891509757372 ], [ -79.373918058304554, 43.733846195684848 ], [ -79.367727084391234, 43.735169211597125 ], [ -79.366885552335305, 43.735003074270168 ] ] ] } },
{ "type": "Feature", "properties": { "vor_id": 861, "theft_count": 0, "bike_trips": 6264, "theft_per_1000_trips": 0.0 }, "geometry": { "type": "Polygon", "coordinates": [ [ [ -79.289113372844952, 43.776015354726979 ], [ -79.290444317251541, 43.774293478130176 ], [ -79.293837332285662, 43.771672061137259 ], [ -79.298755010200949, 43.771669149004254 ], [ -79.302284310120555, 43.77501253890803 ], [ -79.301510906, 43.774974543999988 ], [ -79.296610048983496, 43.775215307666386 ], [ -79.291756389899192, 43.775935279979826 ], [ -79.289324371541156, 43.776544468865467 ], [ -79.289113372844952, 43.776015354726979 ] ] ] } },
{ "type": "Feature", "properties": { "vor_id": 862, "theft_count": 25, "bike_trips": 6219, "theft_per_1000_trips": 4.0199388969287666 }, "geometry": { "type": "Polygon", "coordinates": [ [ [ -79.382185433139654, 43.73614788741537 ], [ -79.385937068521983, 43.749262162711702 ], [ -79.380801691723931, 43.75714077863848 ], [ -79.376486029521658, 43.759807403452832 ], [ -79.374782713839792, 43.759970278193926 ], [ -79.373318592424909, 43.759607569812594 ], [ -79.368284499775967, 43.75420859035183 ], [ -79.367727084391234, 43.735169211597125 ], [ -79.373918058304554, 43.733846195684848 ], [ -79.379290868495843, 43.733970790140098 ], [ -79.382185433139654, 43.73614788741537 ] ] ] } },
{ "type": "Feature", "properties": { "vor_id": 866, "theft_count": 8, "bike_trips": 6139, "theft_per_1000_trips": 1.3031438345007329 }, "geometry": { "type": "Polygon", "coordinates": [ [ [ -79.302008373356941, 43.738852370874746 ], [ -79.30439844633203, 43.750409466302095 ], [ -79.288935294059797, 43.742703269081176 ], [ -79.302008373356941, 43.738852370874746 ] ] ] } },
{ "type": "Feature", "properties": { "vor_id": 868, "theft_count": 4, "bike_trips": 12289, "theft_per_1000_trips": 0.3254943445357637 }, "geometry": { "type": "Polygon", "coordinates": [ [ [ -79.292564568511636, 43.756396090743827 ], [ -79.302656923723447, 43.758881134708972 ], [ -79.303015150766228, 43.759600647603222 ], [ -79.298755010200949, 43.771669149004254 ], [ -79.293837332285662, 43.771672061137259 ], [ -79.292713103946042, 43.769876258598444 ], [ -79.290304170178814, 43.759555094512706 ], [ -79.292564568511636, 43.756396090743827 ] ] ] } },
{ "type": "Feature", "properties": { "vor_id": 870, "theft_count": 39, "bike_trips": 4566, "theft_per_1000_trips": 8.5413929040735876 }, "geometry": { "type": "Polygon", "coordinates": [ [ [ -79.255721816346806, 43.780923065995744 ], [ -79.249633941287556, 43.777172654507638 ], [ -79.255818010629952, 43.770515511538804 ], [ -79.257927381086731, 43.771223997633129 ], [ -79.260130855706393, 43.772842742576103 ], [ -79.257725840111561, 43.780414640349044 ], [ -79.255721816346806, 43.780923065995744 ] ] ] } },
{ "type": "Feature", "properties": { "vor_id": 871, "theft_count": 12, "bike_trips": 2093, "theft_per_1000_trips": 5.7333970377448642 }, "geometry": { "type": "Polygon", "coordinates": [ [ [ -79.386789470669484, 43.665651670958304 ], [ -79.386438437645495, 43.665037954358823 ], [ -79.388559025723211, 43.664152776256842 ], [ -79.388472795411531, 43.664934924807845 ], [ -79.386789470669484, 43.665651670958304 ] ] ] } },
{ "type": "Feature", "properties": { "vor_id": 872, "theft_count": 9, "bike_trips": 9612, "theft_per_1000_trips": 0.93632958801498123 }, "geometry": { "type": "Polygon", "coordinates": [ [ [ -79.205503694117894, 43.790986820759279 ], [ -79.205008574532457, 43.793415682245161 ], [ -79.20378686386448, 43.799408913124722 ], [ -79.199929565959252, 43.798380037870103 ], [ -79.191343070841612, 43.796089721548341 ], [ -79.205503694117894, 43.790986820759279 ] ] ] } },
{ "type": "Feature", "properties": { "vor_id": 874, "theft_count": 14, "bike_trips": 1055, "theft_per_1000_trips": 13.270142180094787 }, "geometry": { "type": "Polygon", "coordinates": [ [ [ -79.384679926098798, 43.649300106155145 ], [ -79.38447167038882, 43.648281687689732 ], [ -79.385477434641331, 43.647671744479048 ], [ -79.385963975813652, 43.648174182783812 ], [ -79.385700514556305, 43.649239731783837 ], [ -79.385370879713491, 43.649473798938544 ], [ -79.384679926098798, 43.649300106155145 ] ] ] } },
{ "type": "Feature", "properties": { "vor_id": 876, "theft_count": 12, "bike_trips": 2472, "theft_per_1000_trips": 4.8543689320388346 }, "geometry": { "type": "Polygon", "coordinates": [ [ [ -79.345167172476337, 43.70785026296754 ], [ -79.345364101911358, 43.714153773350262 ], [ -79.337901655053713, 43.717266902988925 ], [ -79.333071572036047, 43.715811661809369 ], [ -79.332806065979398, 43.713839836231152 ], [ -79.333386576126401, 43.713047944893688 ], [ -79.345167172476337, 43.70785026296754 ] ] ] } },
{ "type": "Feature", "properties": { "vor_id": 877, "theft_count": 21, "bike_trips": 3329, "theft_per_1000_trips": 6.3082006608591161 }, "geometry": { "type": "Polygon", "coordinates": [ [ [ -79.42987692794452, 43.651542471800767 ], [ -79.429436309776094, 43.650974801208385 ], [ -79.428702065298168, 43.6494851676742 ], [ -79.428762285895615, 43.649207383292023 ], [ -79.429657236569398, 43.647666592363535 ], [ -79.431295305012284, 43.646590815240891 ], [ -79.43131556406658, 43.646614141941107 ], [ -79.431123847066729, 43.650652831453108 ], [ -79.42987692794452, 43.651542471800767 ] ] ] } },
{ "type": "Feature", "properties": { "vor_id": 884, "theft_count": 20, "bike_trips": 3648, "theft_per_1000_trips": 5.4824561403508767 }, "geometry": { "type": "Polygon", "coordinates": [ [ [ -79.391444620511962, 43.692413295287359 ], [ -79.393019017764757, 43.69021968730587 ], [ -79.39606840697644, 43.689026858316069 ], [ -79.396428775131795, 43.692132819807171 ], [ -79.394003944899978, 43.693375874166662 ], [ -79.391991448003807, 43.69379444507868 ], [ -79.391444620511962, 43.692413295287359 ] ] ] } },
{ "type": "Feature", "properties": { "vor_id": 885, "theft_count": 25, "bike_trips": 3383, "theft_per_1000_trips": 7.3898906296186819 }, "geometry": { "type": "Polygon", "coordinates": [ [ [ -79.466867433229424, 43.661680243520088 ], [ -79.463176259536368, 43.661866290782712 ], [ -79.461696615081507, 43.660436330877417 ], [ -79.465516808776556, 43.658192482454531 ], [ -79.467150557241567, 43.659366304499706 ], [ -79.467499832221606, 43.660826069979748 ], [ -79.466867433229424, 43.661680243520088 ] ] ] } },
{ "type": "Feature", "properties": { "vor_id": 886, "theft_count": 28, "bike_trips": 2217, "theft_per_1000_trips": 12.629679747406405 }, "geometry": { "type": "Polygon", "coordinates": [ [ [ -79.428536739966304, 43.654904939290759 ], [ -79.429498989292426, 43.655171328930329 ], [ -79.429985014907999, 43.656037545178691 ], [ -79.429033748726511, 43.657149372930185 ], [ -79.426462411429043, 43.65816366009561 ], [ -79.425003876415261, 43.656252016031537 ], [ -79.426089148256509, 43.655210170430806 ], [ -79.427526440212574, 43.654650793669845 ], [ -79.428536739966304, 43.654904939290759 ] ] ] } },
{ "type": "Feature", "properties": { "vor_id": 887, "theft_count": 17, "bike_trips": 4382, "theft_per_1000_trips": 3.8795070743952533 }, "geometry": { "type": "Polygon", "coordinates": [ [ [ -79.427702341030141, 43.784360749269212 ], [ -79.423971606292909, 43.782420308024747 ], [ -79.42194309476703, 43.773341321634774 ], [ -79.425091993977645, 43.773267288527016 ], [ -79.432044224806063, 43.774795611721288 ], [ -79.432007943979713, 43.774940452899187 ], [ -79.431287971666251, 43.779794111983506 ], [ -79.431228786356129, 43.780998856647919 ], [ -79.428127492559497, 43.784430258335796 ], [ -79.427702341030141, 43.784360749269212 ] ] ] } },
{ "type": "Feature", "properties": { "vor_id": 888, "theft_count": 10, "bike_trips": 5327, "theft_per_1000_trips": 1.8772292096865029 }, "geometry": { "type": "Polygon", "coordinates": [ [ [ -79.345082942052755, 43.654146498712656 ], [ -79.346771449577275, 43.648188713545444 ], [ -79.347507388301153, 43.648068068317009 ], [ -79.348314210557447, 43.649282721494423 ], [ -79.351656793747566, 43.656168259863001 ], [ -79.351451326480401, 43.656556049512673 ], [ -79.350934543991428, 43.657212012288824 ], [ -79.349556153393223, 43.65830810084023 ], [ -79.34884713209351, 43.65846450574157 ], [ -79.345556940455623, 43.655688227168717 ], [ -79.345207293736095, 43.655203896610026 ], [ -79.345082942052755, 43.654146498712656 ] ] ] } },
{ "type": "Feature", "properties": { "vor_id": 890, "theft_count": 33, "bike_trips": 3823, "theft_per_1000_trips": 8.6319644258435773 }, "geometry": { "type": "Polygon", "coordinates": [ [ [ -79.319323265445689, 43.697152538013384 ], [ -79.312578791266446, 43.691691138024218 ], [ -79.315018748521467, 43.68714869481753 ], [ -79.316819181925624, 43.68562835236137 ], [ -79.319559669456396, 43.687399377533502 ], [ -79.322410952412937, 43.691025036670055 ], [ -79.319323265445689, 43.697152538013384 ] ] ] } },
{ "type": "Feature", "properties": { "vor_id": 891, "theft_count": 19, "bike_trips": 2147, "theft_per_1000_trips": 8.8495575221238933 }, "geometry": { "type": "Polygon", "coordinates": [ [ [ -79.402802716388635, 43.669513797521653 ], [ -79.402593575909265, 43.669241818160309 ], [ -79.401946066372943, 43.666282760785521 ], [ -79.402072900926584, 43.666066847830656 ], [ -79.403140309754107, 43.666281762568801 ], [ -79.403697058922717, 43.66883028473346 ], [ -79.402802716388635, 43.669513797521653 ] ] ] } },
{ "type": "Feature", "properties": { "vor_id": 893, "theft_count": 86, "bike_trips": 3205, "theft_per_1000_trips": 26.833073322932918 }, "geometry": { "type": "Polygon", "coordinates": [ [ [ -79.375866848703438, 43.641847870339276 ], [ -79.371556744591786, 43.630334245391843 ], [ -79.374463487216005, 43.629970052560182 ], [ -79.378468030050215, 43.640723265726017 ], [ -79.376259658336878, 43.642199402577113 ], [ -79.375866848703438, 43.641847870339276 ] ] ] } },
{ "type": "Feature", "properties": { "vor_id": 894, "theft_count": 30, "bike_trips": 24197, "theft_per_1000_trips": 1.2398231185684176 }, "geometry": { "type": "Polygon", "coordinates": [ [ [ -79.582143932844701, 43.706115480034015 ], [ -79.577579565237059, 43.705590168685269 ], [ -79.572197924335583, 43.704970797660948 ], [ -79.565537213209808, 43.701719853798835 ], [ -79.554411425003565, 43.687650754809589 ], [ -79.560380723022945, 43.678167325911986 ], [ -79.56059304661369, 43.678145279835235 ], [ -79.563574327381744, 43.679555320625568 ], [ -79.568194265137251, 43.681208360786606 ], [ -79.572953982899165, 43.68240060802016 ], [ -79.577807641983497, 43.683120580333593 ], [ -79.582708498999978, 43.683361344 ], [ -79.587609356016472, 43.683120580333593 ], [ -79.59246301510079, 43.68240060802016 ], [ -79.597222732862704, 43.681208360786606 ], [ -79.598384600055937, 43.680792638087588 ], [ -79.601270103934297, 43.685694333438541 ], [ -79.601270180381903, 43.685694462014133 ], [ -79.602456710054412, 43.687670444640744 ], [ -79.603336122801181, 43.68918909377232 ], [ -79.605568503913929, 43.693083960333894 ], [ -79.605711004107505, 43.693332560640684 ], [ -79.605960448053111, 43.693767744398514 ], [ -79.590965052519437, 43.701542146804222 ], [ -79.582143932844701, 43.706115480034015 ] ] ] } },
{ "type": "Feature", "properties": { "vor_id": 895, "theft_count": 26, "bike_trips": 6302, "theft_per_1000_trips": 4.1256743890828309 }, "geometry": { "type": "Polygon", "coordinates": [ [ [ -79.249277358937491, 43.718976506149659 ], [ -79.234796542253335, 43.700283223877406 ], [ -79.244055754628292, 43.698439884906314 ], [ -79.24405809115558, 43.698439335756667 ], [ -79.244060348798882, 43.698438635043871 ], [ -79.244062508794173, 43.698437788591775 ], [ -79.244064553189062, 43.698436803435506 ], [ -79.244066464991931, 43.698435687762995 ], [ -79.245434185386642, 43.697560150855914 ], [ -79.257654366850119, 43.707363376778972 ], [ -79.257646445372288, 43.707646582263337 ], [ -79.254520548074794, 43.711878367743488 ], [ -79.249277358937491, 43.718976506149659 ] ] ] } },
{ "type": "Feature", "properties": { "vor_id": 897, "theft_count": 10, "bike_trips": 4390, "theft_per_1000_trips": 2.2779043280182232 }, "geometry": { "type": "Polygon", "coordinates": [ [ [ -79.418525320204807, 43.776195748067195 ], [ -79.42096621110278, 43.772882943228922 ], [ -79.42194309476703, 43.773341321634774 ], [ -79.423971606292909, 43.782420308024747 ], [ -79.419931192053568, 43.782522331943355 ], [ -79.418525320204807, 43.776195748067195 ] ] ] } },
{ "type": "Feature", "properties": { "vor_id": 899, "theft_count": 3, "bike_trips": 1075, "theft_per_1000_trips": 2.7906976744186047 }, "geometry": { "type": "Polygon", "coordinates": [ [ [ -79.406956636854744, 43.671263871636988 ], [ -79.406500112865132, 43.669235560176695 ], [ -79.407475546678484, 43.66891705095788 ], [ -79.408450618604547, 43.669625462882365 ], [ -79.407791467300797, 43.671415776404501 ], [ -79.407699878906953, 43.671550109930052 ], [ -79.406956636854744, 43.671263871636988 ] ] ] } },
{ "type": "Feature", "properties": { "vor_id": 900, "theft_count": 9, "bike_trips": 2238, "theft_per_1000_trips": 4.0214477211796247 }, "geometry": { "type": "Polygon", "coordinates": [ [ [ -79.373531979967737, 43.672977265124437 ], [ -79.373462361952264, 43.670197387523928 ], [ -79.373852578925622, 43.670028332853207 ], [ -79.374514675135202, 43.670220035476014 ], [ -79.374534462169308, 43.670244268447227 ], [ -79.374594449748102, 43.6723541613515 ], [ -79.373531979967737, 43.672977265124437 ] ] ] } },
{ "type": "Feature", "properties": { "vor_id": 902, "theft_count": 5, "bike_trips": 1078, "theft_per_1000_trips": 4.6382189239332101 }, "geometry": { "type": "Polygon", "coordinates": [ [ [ -79.400591451040526, 43.655958910444149 ], [ -79.40139693064863, 43.65540137754568 ], [ -79.402897519862051, 43.656235430576608 ], [ -79.402769613121293, 43.656403962862754 ], [ -79.402172566874725, 43.656937703612563 ], [ -79.400832957727602, 43.657010460931645 ], [ -79.400805048438613, 43.656984522769001 ], [ -79.400591451040526, 43.655958910444149 ] ] ] } },
{ "type": "Feature", "properties": { "vor_id": 903, "theft_count": 29, "bike_trips": 3341, "theft_per_1000_trips": 8.6800359173900041 }, "geometry": { "type": "Polygon", "coordinates": [ [ [ -79.4255570860972, 43.639982070975357 ], [ -79.425258623215299, 43.638450214986662 ], [ -79.427188367536772, 43.637712675450281 ], [ -79.427493811604748, 43.639205770329177 ], [ -79.426906311845741, 43.64004974262393 ], [ -79.426179153420051, 43.640278669577356 ], [ -79.4255570860972, 43.639982070975357 ] ] ] } },
{ "type": "Feature", "properties": { "vor_id": 904, "theft_count": 19, "bike_trips": 2221, "theft_per_1000_trips": 8.554705087798288 }, "geometry": { "type": "Polygon", "coordinates": [ [ [ -79.4303383147396, 43.663533791524735 ], [ -79.430815903142985, 43.6656396490757 ], [ -79.429044053880574, 43.666379295413464 ], [ -79.427641648296316, 43.665888884243984 ], [ -79.428000572933286, 43.663912322901929 ], [ -79.429268002060169, 43.663381818982053 ], [ -79.4303383147396, 43.663533791524735 ] ] ] } },
{ "type": "Feature", "properties": { "vor_id": 905, "theft_count": 14, "bike_trips": 8785, "theft_per_1000_trips": 1.5936254980079683 }, "geometry": { "type": "Polygon", "coordinates": [ [ [ -79.322519070193607, 43.742696915583693 ], [ -79.333222283183289, 43.725166460093895 ], [ -79.333928089600633, 43.725011357523762 ], [ -79.342059482192198, 43.730159465325642 ], [ -79.326231915180529, 43.74534837528293 ], [ -79.322519070193607, 43.742696915583693 ] ] ] } },
{ "type": "Feature", "properties": { "vor_id": 906, "theft_count": 9, "bike_trips": 2146, "theft_per_1000_trips": 4.193849021435228 }, "geometry": { "type": "Polygon", "coordinates": [ [ [ -79.392820512626173, 43.639465117384489 ], [ -79.393553695660373, 43.639165794156291 ], [ -79.393910130659904, 43.640916063863656 ], [ -79.39306847875136, 43.640937238115988 ], [ -79.392820512626173, 43.639465117384489 ] ] ] } },
{ "type": "Feature", "properties": { "vor_id": 908, "theft_count": 6, "bike_trips": 5658, "theft_per_1000_trips": 1.0604453870625663 }, "geometry": { "type": "Polygon", "coordinates": [ [ [ -79.47660602161028, 43.771568438911181 ], [ -79.473122719322276, 43.768370355565011 ], [ -79.483535832365959, 43.75979875056094 ], [ -79.489022082030772, 43.760788277719136 ], [ -79.490395908747544, 43.76730519025255 ], [ -79.48855029130435, 43.775752182356335 ], [ -79.47660602161028, 43.771568438911181 ] ] ] } },
{ "type": "Feature", "properties": { "vor_id": 909, "theft_count": 27, "bike_trips": 7541, "theft_per_1000_trips": 3.580426999071741 }, "geometry": { "type": "Polygon", "coordinates": [ [ [ -79.36281353905099, 43.707975654699631 ], [ -79.362319508732611, 43.708372210818908 ], [ -79.358374316455581, 43.709953970947936 ], [ -79.356912415489234, 43.708835720187004 ], [ -79.350943965244127, 43.70319419041072 ], [ -79.357298436569451, 43.698502634917354 ], [ -79.361625059716189, 43.702122309846594 ], [ -79.36281353905099, 43.707975654699631 ] ] ] } },
{ "type": "Feature", "properties": { "vor_id": 910, "theft_count": 27, "bike_trips": 1037, "theft_per_1000_trips": 26.036644165863066 }, "geometry": { "type": "Polygon", "coordinates": [ [ [ -79.378356180754338, 43.655247443814361 ], [ -79.377556154538738, 43.65557320223585 ], [ -79.377213010229809, 43.655488320741526 ], [ -79.376854397145948, 43.653933398157321 ], [ -79.376993478293272, 43.653849813194228 ], [ -79.377973977709445, 43.653446200884446 ], [ -79.378356180754338, 43.655247443814361 ] ] ] } },
{ "type": "Feature", "properties": { "vor_id": 911, "theft_count": 22, "bike_trips": 1304, "theft_per_1000_trips": 16.871165644171779 }, "geometry": { "type": "Polygon", "coordinates": [ [ [ -79.469654552483178, 43.622234493670412 ], [ -79.479185357712439, 43.62507411719745 ], [ -79.478181681950034, 43.628388369665991 ], [ -79.475196482818518, 43.627452256780124 ], [ -79.469654552483178, 43.622234493670412 ] ] ] } },
{ "type": "Feature", "properties": { "vor_id": 912, "theft_count": 43, "bike_trips": 4168, "theft_per_1000_trips": 10.316698656429942 }, "geometry": { "type": "Polygon", "coordinates": [ [ [ -79.366580542993503, 43.646948789816285 ], [ -79.363386375944344, 43.646157444101767 ], [ -79.356761900323377, 43.640773901901127 ], [ -79.36333530079655, 43.635240626754921 ], [ -79.367383321893115, 43.64666940092561 ], [ -79.36708889402604, 43.64690036070121 ], [ -79.366580542993503, 43.646948789816285 ] ] ] } },
{ "type": "Feature", "properties": { "vor_id": 913, "theft_count": 9, "bike_trips": 2199, "theft_per_1000_trips": 4.0927694406548429 }, "geometry": { "type": "Polygon", "coordinates": [ [ [ -79.419889947637728, 43.669694625968944 ], [ -79.41954116107496, 43.667946604991116 ], [ -79.421981324693533, 43.667009119435257 ], [ -79.421516383822976, 43.669136009194816 ], [ -79.419950417193292, 43.669738367437581 ], [ -79.419889947637728, 43.669694625968944 ] ] ] } },
{ "type": "Feature", "properties": { "vor_id": 914, "theft_count": 28, "bike_trips": 8169, "theft_per_1000_trips": 3.4275921165381322 }, "geometry": { "type": "Polygon", "coordinates": [ [ [ -79.478842167180332, 43.716948545226231 ], [ -79.469812833210526, 43.720711513663595 ], [ -79.468368487074486, 43.721118279733545 ], [ -79.468283621845515, 43.721039967030727 ], [ -79.465282197939743, 43.716109174500993 ], [ -79.464325035779851, 43.71328880901531 ], [ -79.462528952865682, 43.705122373303077 ], [ -79.464199893020535, 43.703726746423193 ], [ -79.470920640859603, 43.70013191412216 ], [ -79.479857158836921, 43.702638864673887 ], [ -79.478842167180332, 43.716948545226231 ] ] ] } },
{ "type": "Feature", "properties": { "vor_id": 917, "theft_count": 37, "bike_trips": 2147, "theft_per_1000_trips": 17.233348858872848 }, "geometry": { "type": "Polygon", "coordinates": [ [ [ -79.398875782663595, 43.666683032168109 ], [ -79.399859612686654, 43.666281479410635 ], [ -79.400571089962753, 43.666832121678063 ], [ -79.400779591110762, 43.667837897677252 ], [ -79.399250754041432, 43.668448731122112 ], [ -79.398875782663595, 43.666683032168109 ] ] ] } },
{ "type": "Feature", "properties": { "vor_id": 919, "theft_count": 18, "bike_trips": 10034, "theft_per_1000_trips": 1.7939007374925253 }, "geometry": { "type": "Polygon", "coordinates": [ [ [ -79.319765176946021, 43.719345658208248 ], [ -79.32548186485991, 43.720399705161284 ], [ -79.333222283183289, 43.725166460093895 ], [ -79.322519070193607, 43.742696915583693 ], [ -79.321706506583851, 43.742376335820438 ], [ -79.321299299996113, 43.742128896420581 ], [ -79.315044096268565, 43.733491249296669 ], [ -79.317107159568309, 43.722850197240597 ], [ -79.319765176946021, 43.719345658208248 ] ] ] } },
{ "type": "Feature", "properties": { "vor_id": 920, "theft_count": 12, "bike_trips": 2199, "theft_per_1000_trips": 5.4570259208731242 }, "geometry": { "type": "Polygon", "coordinates": [ [ [ -79.422258660985264, 43.666355097186504 ], [ -79.421981324693533, 43.667009119435257 ], [ -79.41954116107496, 43.667946604991116 ], [ -79.419028686656802, 43.667457348451535 ], [ -79.419821419605, 43.665303645455012 ], [ -79.420281969325714, 43.665176181117182 ], [ -79.421685067232573, 43.665488172509811 ], [ -79.422258660985264, 43.666355097186504 ] ] ] } },
{ "type": "Feature", "properties": { "vor_id": 921, "theft_count": 16, "bike_trips": 4439, "theft_per_1000_trips": 3.6044154088758731 }, "geometry": { "type": "Polygon", "coordinates": [ [ [ -79.403192684102876, 43.762605035801982 ], [ -79.402845370569437, 43.761611025584301 ], [ -79.404671471958935, 43.759470974949302 ], [ -79.407551927822851, 43.759763517005936 ], [ -79.408296786632548, 43.761397438802454 ], [ -79.406586057058504, 43.763428628882274 ], [ -79.403192684102876, 43.762605035801982 ] ] ] } },
{ "type": "Feature", "properties": { "vor_id": 922, "theft_count": 16, "bike_trips": 2155, "theft_per_1000_trips": 7.4245939675174011 }, "geometry": { "type": "Polygon", "coordinates": [ [ [ -79.403178052951134, 43.658455709953266 ], [ -79.402461019830042, 43.658338259057814 ], [ -79.402172566874725, 43.656937703612563 ], [ -79.402769613121293, 43.656403962862754 ], [ -79.403178052951134, 43.658455709953266 ] ] ] } },
{ "type": "Feature", "properties": { "vor_id": 925, "theft_count": 2, "bike_trips": 7464, "theft_per_1000_trips": 0.26795284030010719 }, "geometry": { "type": "Polygon", "coordinates": [ [ [ -79.365643047227437, 43.772841112254483 ], [ -79.36356529170429, 43.771294758430756 ], [ -79.365224376332534, 43.770180013976727 ], [ -79.365952153422711, 43.77040429246577 ], [ -79.365643047227437, 43.772841112254483 ] ] ] } },
{ "type": "Feature", "properties": { "vor_id": 926, "theft_count": 24, "bike_trips": 3809, "theft_per_1000_trips": 6.3008663691257549 }, "geometry": { "type": "Polygon", "coordinates": [ [ [ -79.298671624878907, 43.67469227162286 ], [ -79.299334599571026, 43.674418446913187 ], [ -79.300952339954932, 43.673957153960004 ], [ -79.302377728138097, 43.674981979009388 ], [ -79.302941859298286, 43.677749107503203 ], [ -79.300374458525496, 43.679841395560651 ], [ -79.299760822009333, 43.679275754845939 ], [ -79.298671624878907, 43.67469227162286 ] ] ] } },
{ "type": "Feature", "properties": { "vor_id": 927, "theft_count": 13, "bike_trips": 10696, "theft_per_1000_trips": 1.2154076290201943 }, "geometry": { "type": "Polygon", "coordinates": [ [ [ -79.383074403464192, 43.784374507316514 ], [ -79.385725026644565, 43.783785660084327 ], [ -79.400050362841, 43.788527277343299 ], [ -79.403967997963136, 43.793415668396293 ], [ -79.403922498361212, 43.80155921451243 ], [ -79.402877908282136, 43.801791957570714 ], [ -79.402545046213959, 43.801860887612378 ], [ -79.402049925079879, 43.801961071685838 ], [ -79.402049127462661, 43.8019612427059 ], [ -79.401653062409764, 43.802050989495747 ], [ -79.400962786800889, 43.802197457053836 ], [ -79.400860978186572, 43.802216683148508 ], [ -79.400859733302866, 43.80221694146249 ], [ -79.400753776731079, 43.802240931637137 ], [ -79.400329220202153, 43.802335921940461 ], [ -79.400329088290178, 43.802335951722235 ], [ -79.399961015112197, 43.802419800077473 ], [ -79.39944504316253, 43.802530151338615 ], [ -79.399444130362767, 43.80253035935619 ], [ -79.398631876072173, 43.802726978905973 ], [ -79.398307735099024, 43.802790530110812 ], [ -79.39830650730039, 43.802790793600174 ], [ -79.397342118632622, 43.803015891024863 ], [ -79.397262629969873, 43.803034388392362 ], [ -79.39726250029517, 43.803034418829853 ], [ -79.397209700295164, 43.803046918833722 ], [ -79.397124705441144, 43.803067051809791 ], [ -79.39628492656604, 43.803229412440331 ], [ -79.396283731604427, 43.803229664962387 ], [ -79.394628331604437, 43.80360966508028 ], [ -79.394268500106577, 43.803692349364205 ], [ -79.392882746794129, 43.80400425888665 ], [ -79.392725530237513, 43.804032319065719 ], [ -79.392723642159083, 43.804032709255218 ], [ -79.392554152402226, 43.804072612682987 ], [ -79.391844966719745, 43.804221625673726 ], [ -79.39184457798639, 43.804221709649916 ], [ -79.391549477986388, 43.804287209670306 ], [ -79.391549264371164, 43.804287257785568 ], [ -79.391236285168475, 43.804358784494411 ], [ -79.391053715689267, 43.804396915474641 ], [ -79.390953922980799, 43.804417713961463 ], [ -79.390953340463525, 43.804417840525751 ], [ -79.390689852088414, 43.804477437914905 ], [ -79.390594063706828, 43.804499035301994 ], [ -79.390416645098639, 43.804539139515363 ], [ -79.390215538190233, 43.804584641091843 ], [ -79.389990337026461, 43.804635641370524 ], [ -79.389762149189593, 43.804687238636269 ], [ -79.389692155741088, 43.804703037162405 ], [ -79.389457558256836, 43.804756047670324 ], [ -79.383441381755134, 43.794264715431531 ], [ -79.383074403464192, 43.784374507316514 ] ] ] } },
{ "type": "Feature", "properties": { "vor_id": 930, "theft_count": 12, "bike_trips": 2958, "theft_per_1000_trips": 4.056795131845842 }, "geometry": { "type": "Polygon", "coordinates": [ [ [ -79.406586057058504, 43.763428628882274 ], [ -79.408296786632548, 43.761397438802454 ], [ -79.409471835229553, 43.761813981671885 ], [ -79.409740658973575, 43.762300008705949 ], [ -79.409904751434894, 43.763141965414015 ], [ -79.40972941987404, 43.764482981232931 ], [ -79.409147017998734, 43.765481329533451 ], [ -79.408637275190657, 43.765642977326891 ], [ -79.406586057058504, 43.763428628882274 ] ] ] } },
{ "type": "Feature", "properties": { "vor_id": 932, "theft_count": 0, "bike_trips": 1306, "theft_per_1000_trips": 0.0 }, "geometry": { "type": "Polygon", "coordinates": [ [ [ -79.482170667142071, 43.609905826453875 ], [ -79.482507349357292, 43.610617681188941 ], [ -79.479392757809265, 43.609502648530338 ], [ -79.482170667142071, 43.609905826453875 ] ] ] } },
{ "type": "Feature", "properties": { "vor_id": 933, "theft_count": 9, "bike_trips": 4297, "theft_per_1000_trips": 2.0944845240865719 }, "geometry": { "type": "Polygon", "coordinates": [ [ [ -79.50494759483378, 43.739421783571864 ], [ -79.502348146720806, 43.727957594062133 ], [ -79.516780097397145, 43.731029776955758 ], [ -79.522240623135104, 43.735118577024281 ], [ -79.50494759483378, 43.739421783571864 ] ] ] } },
{ "type": "Feature", "properties": { "vor_id": 934, "theft_count": 14, "bike_trips": 2033, "theft_per_1000_trips": 6.8863748155435314 }, "geometry": { "type": "Polygon", "coordinates": [ [ [ -79.358594628443072, 43.656534056488319 ], [ -79.359338952657794, 43.655751032809022 ], [ -79.361127086953118, 43.655799315557076 ], [ -79.361051631536327, 43.657572605441551 ], [ -79.358798711025244, 43.65746446532345 ], [ -79.358594628443072, 43.656534056488319 ] ] ] } },
{ "type": "Feature", "properties": { "vor_id": 935, "theft_count": 33, "bike_trips": 1073, "theft_per_1000_trips": 30.754892823858341 }, "geometry": { "type": "Polygon", "coordinates": [ [ [ -79.39709805764852, 43.666074679722755 ], [ -79.397264152594374, 43.665351124631975 ], [ -79.399377806476537, 43.664495112093029 ], [ -79.400084437332865, 43.665361974628446 ], [ -79.399859612686654, 43.666281479410635 ], [ -79.398875782663595, 43.666683032168109 ], [ -79.397520175986173, 43.666331087450018 ], [ -79.39709805764852, 43.666074679722755 ] ] ] } },
{ "type": "Feature", "properties": { "vor_id": 936, "theft_count": 12, "bike_trips": 10500, "theft_per_1000_trips": 1.142857142857143 }, "geometry": { "type": "Polygon", "coordinates": [ [ [ -79.358490222926548, 43.811699016606191 ], [ -79.357559785397669, 43.811919077798798 ], [ -79.356657752193954, 43.812122395186492 ], [ -79.355282354158518, 43.812416630679806 ], [ -79.3550230684735, 43.812470307031546 ], [ -79.35489896598591, 43.812496007554664 ], [ -79.354897819127231, 43.812496265153932 ], [ -79.353694444172191, 43.812787937984439 ], [ -79.352291776020095, 43.813082226491225 ], [ -79.352290338194294, 43.813082559956605 ], [ -79.351935839649713, 43.813172759613963 ], [ -79.350924998859455, 43.813429866588692 ], [ -79.350420771190102, 43.813534206802295 ], [ -79.350420012405735, 43.813534372571851 ], [ -79.348737312405746, 43.813921572691982 ], [ -79.348737178693582, 43.81392160373715 ], [ -79.348488118408497, 43.813979947600608 ], [ -79.347021709973859, 43.814301714308257 ], [ -79.345488354780869, 43.801717347894808 ], [ -79.345699456957064, 43.801600256054407 ], [ -79.356523681650629, 43.795596393787186 ], [ -79.36250596445511, 43.7971724965428 ], [ -79.363152099734009, 43.798042516035515 ], [ -79.358490222926548, 43.811699016606191 ] ] ] } },
{ "type": "Feature", "properties": { "vor_id": 937, "theft_count": 11, "bike_trips": 1184, "theft_per_1000_trips": 9.2905405405405403 }, "geometry": { "type": "Polygon", "coordinates": [ [ [ -79.422930882032261, 43.685557380634719 ], [ -79.425946815114912, 43.684340020199912 ], [ -79.426619403065402, 43.684650163107115 ], [ -79.426958971916534, 43.685507212887622 ], [ -79.426862424198177, 43.685953383805924 ], [ -79.42386063000481, 43.687142859002861 ], [ -79.422804329144256, 43.686380626128383 ], [ -79.422785448361353, 43.685855294916976 ], [ -79.422930882032261, 43.685557380634719 ] ] ] } },
{ "type": "Feature", "properties": { "vor_id": 939, "theft_count": 24, "bike_trips": 1055, "theft_per_1000_trips": 22.748815165876778 }, "geometry": { "type": "Polygon", "coordinates": [ [ [ -79.383252357036696, 43.649542427049937 ], [ -79.383551316391149, 43.649792194868859 ], [ -79.383529076695211, 43.65010946402375 ], [ -79.381947439534571, 43.650832880539497 ], [ -79.381767029998045, 43.650615770042812 ], [ -79.381670794694017, 43.650173069428597 ], [ -79.383252357036696, 43.649542427049937 ] ] ] } },
{ "type": "Feature", "properties": { "vor_id": 941, "theft_count": 18, "bike_trips": 2219, "theft_per_1000_trips": 8.1117620549797209 }, "geometry": { "type": "Polygon", "coordinates": [ [ [ -79.432886987730129, 43.661802379291153 ], [ -79.430865291223668, 43.661356394740046 ], [ -79.430510421596566, 43.659765175732595 ], [ -79.432013049508811, 43.659167575715976 ], [ -79.432360980273913, 43.659342002901532 ], [ -79.432886987730129, 43.661802379291153 ] ] ] } },
{ "type": "Feature", "properties": { "vor_id": 942, "theft_count": 9, "bike_trips": 2209, "theft_per_1000_trips": 4.074241738343142 }, "geometry": { "type": "Polygon", "coordinates": [ [ [ -79.424902536233986, 43.64654878593695 ], [ -79.42542532489874, 43.648027303645975 ], [ -79.425356218651601, 43.648228472015035 ], [ -79.42370954667085, 43.648891158730571 ], [ -79.42220779401471, 43.647592481831794 ], [ -79.422208617416572, 43.647589703052134 ], [ -79.424902536233986, 43.64654878593695 ] ] ] } },
{ "type": "Feature", "properties": { "vor_id": 944, "theft_count": 29, "bike_trips": 1188, "theft_per_1000_trips": 24.410774410774412 }, "geometry": { "type": "Polygon", "coordinates": [ [ [ -79.448373031986932, 43.697909676335641 ], [ -79.448603385260512, 43.697977105642543 ], [ -79.448554457896776, 43.701710770199938 ], [ -79.444554170150752, 43.703471927584211 ], [ -79.442875612147162, 43.700201676154286 ], [ -79.448373031986932, 43.697909676335641 ] ] ] } },
{ "type": "Feature", "properties": { "vor_id": 946, "theft_count": 10, "bike_trips": 2033, "theft_per_1000_trips": 4.9188391539596656 }, "geometry": { "type": "Polygon", "coordinates": [ [ [ -79.356673122386923, 43.65717867973261 ], [ -79.356828379376324, 43.656638253240644 ], [ -79.358431977626424, 43.656467112585311 ], [ -79.358594628443072, 43.656534056488319 ], [ -79.358798711025244, 43.65746446532345 ], [ -79.358210250572469, 43.6583081871267 ], [ -79.356673122386923, 43.65717867973261 ] ] ] } },
{ "type": "Feature", "properties": { "vor_id": 947, "theft_count": 39, "bike_trips": 10139, "theft_per_1000_trips": 3.8465331886773844 }, "geometry": { "type": "Polygon", "coordinates": [ [ [ -79.457194716027786, 43.740768322748174 ], [ -79.457664264442769, 43.740803494128052 ], [ -79.460257782826972, 43.753494957788668 ], [ -79.460103622600073, 43.763094740933319 ], [ -79.450729010630681, 43.756043916506286 ], [ -79.448711971665205, 43.746602368386029 ], [ -79.448403227498972, 43.74515716928363 ], [ -79.45637182260262, 43.740706684168778 ], [ -79.457194716027786, 43.740768322748174 ] ] ] } },
{ "type": "Feature", "properties": { "vor_id": 949, "theft_count": 48, "bike_trips": 1301, "theft_per_1000_trips": 36.894696387394312 }, "geometry": { "type": "Polygon", "coordinates": [ [ [ -79.35499352043071, 43.687536198458929 ], [ -79.354228283943371, 43.691338409026244 ], [ -79.351181511171504, 43.689606441301869 ], [ -79.350688324138531, 43.687118858530738 ], [ -79.35499352043071, 43.687536198458929 ] ] ] } },
{ "type": "Feature", "properties": { "vor_id": 952, "theft_count": 40, "bike_trips": 1072, "theft_per_1000_trips": 37.31343283582089 }, "geometry": { "type": "Polygon", "coordinates": [ [ [ -79.392931269627468, 43.662265388395603 ], [ -79.392979316688127, 43.660911648598827 ], [ -79.39395260302291, 43.660114297702577 ], [ -79.395496581436177, 43.659479322250391 ], [ -79.39612322936965, 43.661557604503606 ], [ -79.395631913451311, 43.66262662367231 ], [ -79.39488688751247, 43.662804686310068 ], [ -79.392931269627468, 43.662265388395603 ] ] ] } },
{ "type": "Feature", "properties": { "vor_id": 954, "theft_count": 24, "bike_trips": 5495, "theft_per_1000_trips": 4.3676069153776158 }, "geometry": { "type": "Polygon", "coordinates": [ [ [ -79.342258365843193, 43.773604684595547 ], [ -79.340567072664271, 43.771819371808114 ], [ -79.339789726135137, 43.769546511980714 ], [ -79.351679411210085, 43.762115790114848 ], [ -79.352581507082292, 43.763551691269733 ], [ -79.352393336273352, 43.767771026303457 ], [ -79.345267842749308, 43.77461743038824 ], [ -79.342258365843193, 43.773604684595547 ] ] ] } },
{ "type": "Feature", "properties": { "vor_id": 956, "theft_count": 9, "bike_trips": 2583, "theft_per_1000_trips": 3.484320557491289 }, "geometry": { "type": "Polygon", "coordinates": [ [ [ -79.331505373823646, 43.661369520802516 ], [ -79.332354395052107, 43.66521916172244 ], [ -79.331221349340666, 43.665011322773076 ], [ -79.330456570581021, 43.661541961350395 ], [ -79.330809286139768, 43.66120047297693 ], [ -79.331505373823646, 43.661369520802516 ] ] ] } },
{ "type": "Feature", "properties": { "vor_id": 957, "theft_count": 13, "bike_trips": 2137, "theft_per_1000_trips": 6.0832943378568087 }, "geometry": { "type": "Polygon", "coordinates": [ [ [ -79.393143520956301, 43.65023990168644 ], [ -79.393503866333702, 43.651680713151748 ], [ -79.392370459394002, 43.652685712922882 ], [ -79.391540107902685, 43.651534187196006 ], [ -79.391912715321055, 43.650751527531796 ], [ -79.393143520956301, 43.65023990168644 ] ] ] } },
{ "type": "Feature", "properties": { "vor_id": 958, "theft_count": 4, "bike_trips": 1104, "theft_per_1000_trips": 3.6231884057971016 }, "geometry": { "type": "Polygon", "coordinates": [ [ [ -79.424906111403928, 43.638367776697152 ], [ -79.425258623215299, 43.638450214986662 ], [ -79.4255570860972, 43.639982070975357 ], [ -79.424342427110005, 43.640375163063794 ], [ -79.424008269091019, 43.638714178377704 ], [ -79.424906111403928, 43.638367776697152 ] ] ] } },
{ "type": "Feature", "properties": { "vor_id": 960, "theft_count": 17, "bike_trips": 1025, "theft_per_1000_trips": 16.585365853658537 }, "geometry": { "type": "Polygon", "coordinates": [ [ [ -79.36684416700713, 43.652138871233916 ], [ -79.367340709179075, 43.654303468431173 ], [ -79.366962110306773, 43.654204804584211 ], [ -79.364928453672874, 43.652773654979029 ], [ -79.366643041992802, 43.652029611766196 ], [ -79.36684416700713, 43.652138871233916 ] ] ] } },
{ "type": "Feature", "properties": { "vor_id": 962, "theft_count": 8, "bike_trips": 2431, "theft_per_1000_trips": 3.2908268202385851 }, "geometry": { "type": "Polygon", "coordinates": [ [ [ -79.385512787945103, 43.679491126288795 ], [ -79.386212091907652, 43.679215043612658 ], [ -79.389109962383202, 43.680451760628969 ], [ -79.390234378126607, 43.683369499616411 ], [ -79.389530333869558, 43.685742033143832 ], [ -79.389144581692008, 43.68651229126155 ], [ -79.388773572649882, 43.686804588099989 ], [ -79.385512787945103, 43.679491126288795 ] ] ] } },
{ "type": "Feature", "properties": { "vor_id": 966, "theft_count": 6, "bike_trips": 2358, "theft_per_1000_trips": 2.5445292620865141 }, "geometry": { "type": "Polygon", "coordinates": [ [ [ -79.452503997713862, 43.719039192148514 ], [ -79.452200955355835, 43.717634292605446 ], [ -79.453699266138798, 43.715368760237062 ], [ -79.464325035779851, 43.71328880901531 ], [ -79.465282197939743, 43.716109174500993 ], [ -79.452503997713862, 43.719039192148514 ] ] ] } },
{ "type": "Feature", "properties": { "vor_id": 967, "theft_count": 88, "bike_trips": 4122, "theft_per_1000_trips": 21.348859776807377 }, "geometry": { "type": "Polygon", "coordinates": [ [ [ -79.375456694332271, 43.658630527960185 ], [ -79.375446289727918, 43.658653156085933 ], [ -79.374605984168298, 43.658985232637235 ], [ -79.374050202955132, 43.658786699671907 ], [ -79.373121659969783, 43.656965713904789 ], [ -79.373512159660393, 43.656488490500159 ], [ -79.374579020109522, 43.65607096092257 ], [ -79.374905872477328, 43.656141256442254 ], [ -79.375456694332271, 43.658630527960185 ] ] ] } },
{ "type": "Feature", "properties": { "vor_id": 968, "theft_count": 9, "bike_trips": 2261, "theft_per_1000_trips": 3.9805395842547546 }, "geometry": { "type": "Polygon", "coordinates": [ [ [ -79.463923776987912, 43.643701259227079 ], [ -79.461706880660444, 43.633835332065679 ], [ -79.466637225502666, 43.632737342860679 ], [ -79.466639734960609, 43.632736683875237 ], [ -79.466642142028419, 43.632735848428062 ], [ -79.466644423087402, 43.632734844716751 ], [ -79.466646555755332, 43.632733682589922 ], [ -79.466648519106002, 43.632732373450601 ], [ -79.466650293874537, 43.632730930144369 ], [ -79.466651862646557, 43.632729366833232 ], [ -79.466653210028937, 43.632727698856755 ], [ -79.466654322800849, 43.632725942581473 ], [ -79.466655190043539, 43.632724115240315 ], [ -79.466655803247392, 43.632722234763591 ], [ -79.46665615639553, 43.632720319602917 ], [ -79.466931356395548, 43.630329719667344 ], [ -79.4670666940833, 43.629154247612441 ], [ -79.46900266195621, 43.631977233383104 ], [ -79.468407128435828, 43.634420198518434 ], [ -79.464400623926551, 43.644229638363242 ], [ -79.463923776987912, 43.643701259227079 ] ] ] } },
{ "type": "Feature", "properties": { "vor_id": 969, "theft_count": 26, "bike_trips": 2235, "theft_per_1000_trips": 11.633109619686801 }, "geometry": { "type": "Polygon", "coordinates": [ [ [ -79.438422033430072, 43.642496450123751 ], [ -79.436968346514604, 43.645656283111506 ], [ -79.433920310497456, 43.644074818292495 ], [ -79.433875986467271, 43.643674920493801 ], [ -79.435413603972393, 43.640761274519171 ], [ -79.43569914085549, 43.640784811945522 ], [ -79.438422033430072, 43.642496450123751 ] ] ] } },
{ "type": "Feature", "properties": { "vor_id": 972, "theft_count": 6, "bike_trips": 1293, "theft_per_1000_trips": 4.6403712296983759 }, "geometry": { "type": "Polygon", "coordinates": [ [ [ -79.33709270011903, 43.664109330980089 ], [ -79.33662445759829, 43.663665848291423 ], [ -79.337641546009337, 43.66201827972619 ], [ -79.339123422902802, 43.662399696148313 ], [ -79.339370024582735, 43.662475768955545 ], [ -79.339605317364885, 43.663073317709113 ], [ -79.33709270011903, 43.664109330980089 ] ] ] } },
{ "type": "Feature", "properties": { "vor_id": 973, "theft_count": 5, "bike_trips": 2373, "theft_per_1000_trips": 2.1070375052675936 }, "geometry": { "type": "Polygon", "coordinates": [ [ [ -79.443627216683794, 43.695756703843585 ], [ -79.443152040220312, 43.693019364662049 ], [ -79.447069572368974, 43.691638374861022 ], [ -79.444397888738322, 43.695656299984229 ], [ -79.443627216683794, 43.695756703843585 ] ] ] } },
{ "type": "Feature", "properties": { "vor_id": 974, "theft_count": 64, "bike_trips": 2088, "theft_per_1000_trips": 30.651340996168582 }, "geometry": { "type": "Polygon", "coordinates": [ [ [ -79.383753089273426, 43.663553743236001 ], [ -79.383435840750877, 43.663454299792633 ], [ -79.383427986170787, 43.662652093048024 ], [ -79.384800356500349, 43.662088771206321 ], [ -79.384992720756273, 43.662391143435052 ], [ -79.385121382343385, 43.662985011841243 ], [ -79.383753089273426, 43.663553743236001 ] ] ] } },
{ "type": "Feature", "properties": { "vor_id": 976, "theft_count": 17, "bike_trips": 2153, "theft_per_1000_trips": 7.8959591267998146 }, "geometry": { "type": "Polygon", "coordinates": [ [ [ -79.404478346392963, 43.663359427642234 ], [ -79.403405449605231, 43.663790140328082 ], [ -79.403059584837436, 43.663577543978292 ], [ -79.402750782622363, 43.662102439979833 ], [ -79.403747695585722, 43.661712711525894 ], [ -79.404159579030434, 43.661773927822232 ], [ -79.404478346392963, 43.663359427642234 ] ] ] } },
{ "type": "Feature", "properties": { "vor_id": 977, "theft_count": 27, "bike_trips": 1293, "theft_per_1000_trips": 20.881670533642691 }, "geometry": { "type": "Polygon", "coordinates": [ [ [ -79.340116365172847, 43.66368211307514 ], [ -79.339605317364885, 43.663073317709113 ], [ -79.339370024582735, 43.662475768955545 ], [ -79.339664821361012, 43.661948743173632 ], [ -79.340440305789954, 43.661621467705231 ], [ -79.34089937512141, 43.661949644489908 ], [ -79.341224447347301, 43.663502019229796 ], [ -79.340655319699181, 43.663729950576382 ], [ -79.340116365172847, 43.66368211307514 ] ] ] } },
{ "type": "Feature", "properties": { "vor_id": 978, "theft_count": 11, "bike_trips": 2380, "theft_per_1000_trips": 4.6218487394957988 }, "geometry": { "type": "Polygon", "coordinates": [ [ [ -79.431401596138855, 43.701506192018456 ], [ -79.430720330317385, 43.703756719148558 ], [ -79.42992451429177, 43.704165608769536 ], [ -79.427336677844835, 43.70101019639656 ], [ -79.429336627898934, 43.697482216036136 ], [ -79.431587518621384, 43.699129098879439 ], [ -79.431401596138855, 43.701506192018456 ] ] ] } },
{ "type": "Feature", "properties": { "vor_id": 979, "theft_count": 2, "bike_trips": 4521, "theft_per_1000_trips": 0.44238000442380004 }, "geometry": { "type": "Polygon", "coordinates": [ [ [ -79.348763917518312, 43.779901150248797 ], [ -79.347090386403863, 43.788531452031002 ], [ -79.341845322360115, 43.789977702565125 ], [ -79.345603954810727, 43.782181227169339 ], [ -79.347960691075443, 43.780237024453527 ], [ -79.348586269874929, 43.779883170646286 ], [ -79.348763917518312, 43.779901150248797 ] ] ] } },
{ "type": "Feature", "properties": { "vor_id": 980, "theft_count": 0, "bike_trips": 3851, "theft_per_1000_trips": 0.0 }, "geometry": { "type": "Polygon", "coordinates": [ [ [ -79.334016369807586, 43.681248327403232 ], [ -79.335017563052588, 43.682187602811155 ], [ -79.332930554040573, 43.685940029171157 ], [ -79.33289357056259, 43.685779850838472 ], [ -79.333858319020152, 43.681928359100908 ], [ -79.333955358987737, 43.681274168777882 ], [ -79.334016369807586, 43.681248327403232 ] ] ] } },
{ "type": "Feature", "properties": { "vor_id": 981, "theft_count": 6, "bike_trips": 1231, "theft_per_1000_trips": 4.8740861088545904 }, "geometry": { "type": "Polygon", "coordinates": [ [ [ -79.365010872276585, 43.710322355497745 ], [ -79.366452708908696, 43.70973456318093 ], [ -79.367365652996853, 43.710406022606193 ], [ -79.364795479338852, 43.711481896716954 ], [ -79.364803111806026, 43.710679422882919 ], [ -79.365010872276585, 43.710322355497745 ] ] ] } },
{ "type": "Feature", "properties": { "vor_id": 982, "theft_count": 21, "bike_trips": 3549, "theft_per_1000_trips": 5.9171597633136095 }, "geometry": { "type": "Polygon", "coordinates": [ [ [ -79.308846962590607, 43.666478386635937 ], [ -79.311678295487795, 43.665307561911568 ], [ -79.31214504863064, 43.665239473613894 ], [ -79.312869013527319, 43.668494857906126 ], [ -79.309490325076922, 43.669322779816376 ], [ -79.308846962590607, 43.666478386635937 ] ] ] } },
{ "type": "Feature", "properties": { "vor_id": 987, "theft_count": 9, "bike_trips": 2433, "theft_per_1000_trips": 3.6991368680641186 }, "geometry": { "type": "Polygon", "coordinates": [ [ [ -79.398474565852197, 43.697438908826491 ], [ -79.393696502379214, 43.698412262757238 ], [ -79.392791770887769, 43.697535496923159 ], [ -79.397503049730346, 43.696479414594222 ], [ -79.398198679191566, 43.696756142660305 ], [ -79.398474565852197, 43.697438908826491 ] ] ] } },
{ "type": "Feature", "properties": { "vor_id": 988, "theft_count": 23, "bike_trips": 2088, "theft_per_1000_trips": 11.015325670498084 }, "geometry": { "type": "Polygon", "coordinates": [ [ [ -79.38058866068107, 43.660884605157221 ], [ -79.380582549988617, 43.660870400647703 ], [ -79.381482270112386, 43.659467192938955 ], [ -79.383148875145267, 43.659834864365671 ], [ -79.38058866068107, 43.660884605157221 ] ] ] } },
{ "type": "Feature", "properties": { "vor_id": 989, "theft_count": 17, "bike_trips": 1108, "theft_per_1000_trips": 15.342960288808664 }, "geometry": { "type": "Polygon", "coordinates": [ [ [ -79.432013049508811, 43.659167575715976 ], [ -79.430510421596566, 43.659765175732595 ], [ -79.429582011940283, 43.659830572229261 ], [ -79.429033748726511, 43.657149372930185 ], [ -79.429985014907999, 43.656037545178691 ], [ -79.430674087173244, 43.656215238899755 ], [ -79.432013049508811, 43.659167575715976 ] ] ] } },
{ "type": "Feature", "properties": { "vor_id": 990, "theft_count": 15, "bike_trips": 2435, "theft_per_1000_trips": 6.1601642710472282 }, "geometry": { "type": "Polygon", "coordinates": [ [ [ -79.399652146894383, 43.707396398140361 ], [ -79.401853736970821, 43.706569472235081 ], [ -79.402205789405528, 43.708266129699879 ], [ -79.399954602324939, 43.708627142297601 ], [ -79.39974661784521, 43.708323786517497 ], [ -79.399652146894383, 43.707396398140361 ] ] ] } },
{ "type": "Feature", "properties": { "vor_id": 991, "theft_count": 16, "bike_trips": 3262, "theft_per_1000_trips": 4.9049662783568362 }, "geometry": { "type": "Polygon", "coordinates": [ [ [ -79.415150505535266, 43.635382626229308 ], [ -79.412250405523011, 43.636706648688019 ], [ -79.41140989987187, 43.636629538793962 ], [ -79.408339352064445, 43.625177925948009 ], [ -79.415938842886007, 43.625468939556349 ], [ -79.416386701111094, 43.628545074910782 ], [ -79.415150505535266, 43.635382626229308 ] ] ] } },
{ "type": "Feature", "properties": { "vor_id": 992, "theft_count": 15, "bike_trips": 5856, "theft_per_1000_trips": 2.5614754098360653 }, "geometry": { "type": "Polygon", "coordinates": [ [ [ -79.422157820914876, 43.788154783515523 ], [ -79.419559238450418, 43.787941908538343 ], [ -79.419262984105998, 43.787600316004905 ], [ -79.418510417128317, 43.783890257717061 ], [ -79.419780780848967, 43.782589969306969 ], [ -79.419931192053568, 43.782522331943355 ], [ -79.423971606292909, 43.782420308024747 ], [ -79.427702341030141, 43.784360749269212 ], [ -79.422157820914876, 43.788154783515523 ] ] ] } },
{ "type": "Feature", "properties": { "vor_id": 994, "theft_count": 70, "bike_trips": 3171, "theft_per_1000_trips": 22.075055187637972 }, "geometry": { "type": "Polygon", "coordinates": [ [ [ -79.378459200687786, 43.647117175291811 ], [ -79.377717844179614, 43.646920526881559 ], [ -79.377751487480595, 43.646586010833587 ], [ -79.380718264454174, 43.645274263464778 ], [ -79.380892217786041, 43.646042475010155 ], [ -79.378459200687786, 43.647117175291811 ] ] ] } },
{ "type": "Feature", "properties": { "vor_id": 996, "theft_count": 15, "bike_trips": 2588, "theft_per_1000_trips": 5.7959814528593512 }, "geometry": { "type": "Polygon", "coordinates": [ [ [ -79.34280526676875, 43.662745175250976 ], [ -79.345020807926502, 43.661850047467475 ], [ -79.345542855347404, 43.662124770348328 ], [ -79.345686688856986, 43.662299585227629 ], [ -79.345919514319462, 43.663674911784284 ], [ -79.344077906936818, 43.666048460662417 ], [ -79.342129685373891, 43.66342219240984 ], [ -79.34280526676875, 43.662745175250976 ] ] ] } },
{ "type": "Feature", "properties": { "vor_id": 997, "theft_count": 67, "bike_trips": 5151, "theft_per_1000_trips": 13.007183071248301 }, "geometry": { "type": "Polygon", "coordinates": [ [ [ -79.372654904256095, 43.648061001482269 ], [ -79.371493983440047, 43.648538668856105 ], [ -79.370906684600641, 43.648503043369608 ], [ -79.369385265824278, 43.646323169114304 ], [ -79.370189872283234, 43.645411937277821 ], [ -79.372805445453693, 43.645326467877211 ], [ -79.373212587313191, 43.646484144559487 ], [ -79.372654904256095, 43.648061001482269 ] ] ] } },
{ "type": "Feature", "properties": { "vor_id": 998, "theft_count": 33, "bike_trips": 1046, "theft_per_1000_trips": 31.548757170172081 }, "geometry": { "type": "Polygon", "coordinates": [ [ [ -79.386740012986976, 43.668445570238021 ], [ -79.386736436488832, 43.668443187543424 ], [ -79.386152400398103, 43.667991162459749 ], [ -79.386304414096486, 43.667222017489088 ], [ -79.387173059218526, 43.666819597034554 ], [ -79.387683529492136, 43.667579804572689 ], [ -79.386740012986976, 43.668445570238021 ] ] ] } },
{ "type": "Feature", "properties": { "vor_id": 999, "theft_count": 18, "bike_trips": 4244, "theft_per_1000_trips": 4.2412818096135716 }, "geometry": { "type": "Polygon", "coordinates": [ [ [ -79.387218975706404, 43.647655919640215 ], [ -79.385963975813652, 43.648174182783812 ], [ -79.385477434641331, 43.647671744479048 ], [ -79.385327244049407, 43.646925400263001 ], [ -79.38692787462908, 43.646272395303448 ], [ -79.387218975706404, 43.647655919640215 ] ] ] } },
{ "type": "Feature", "properties": { "vor_id": 1000, "theft_count": 8, "bike_trips": 1077, "theft_per_1000_trips": 7.4280408542246983 }, "geometry": { "type": "Polygon", "coordinates": [ [ [ -79.40238873269935, 43.66190943636817 ], [ -79.402116520326899, 43.660634500738162 ], [ -79.403528298836335, 43.660041881496632 ], [ -79.403747695585722, 43.661712711525894 ], [ -79.402750782622363, 43.662102439979833 ], [ -79.40238873269935, 43.66190943636817 ] ] ] } },
{ "type": "Feature", "properties": { "vor_id": 1001, "theft_count": 4, "bike_trips": 1069, "theft_per_1000_trips": 3.7418147801683816 }, "geometry": { "type": "Polygon", "coordinates": [ [ [ -79.397614345287693, 43.651953938959636 ], [ -79.396988210797119, 43.652912948701136 ], [ -79.396242329996369, 43.652664870444866 ], [ -79.39600038132437, 43.651566552089477 ], [ -79.396227742855359, 43.651191177860859 ], [ -79.397394117180738, 43.65174899065893 ], [ -79.397614955830633, 43.65188979230026 ], [ -79.397614345287693, 43.651953938959636 ] ] ] } },
{ "type": "Feature", "properties": { "vor_id": 1002, "theft_count": 10, "bike_trips": 2837, "theft_per_1000_trips": 3.5248501938667607 }, "geometry": { "type": "Polygon", "coordinates": [ [ [ -79.284948035186673, 43.689389249901559 ], [ -79.279469415658994, 43.687593432295046 ], [ -79.279530593274288, 43.686610305480201 ], [ -79.285894473068836, 43.683904918986173 ], [ -79.286608534691297, 43.684266831594051 ], [ -79.286406377007822, 43.688012712593363 ], [ -79.284948035186673, 43.689389249901559 ] ] ] } },
{ "type": "Feature", "properties": { "vor_id": 1003, "theft_count": 2, "bike_trips": 2377, "theft_per_1000_trips": 0.84139671855279763 }, "geometry": { "type": "Polygon", "coordinates": [ [ [ -79.419913619357416, 43.677729449732297 ], [ -79.419734850596996, 43.679117679710117 ], [ -79.415943975161824, 43.680587345936011 ], [ -79.415426011623879, 43.6794833075108 ], [ -79.419913619357416, 43.677729449732297 ] ] ] } },
{ "type": "Feature", "properties": { "vor_id": 1005, "theft_count": 8, "bike_trips": 1020, "theft_per_1000_trips": 7.8431372549019605 }, "geometry": { "type": "Polygon", "coordinates": [ [ [ -79.367112671417203, 43.668263678360432 ], [ -79.367054698174385, 43.668009934814606 ], [ -79.366939577916995, 43.667506064047963 ], [ -79.368319896930046, 43.666944000873656 ], [ -79.368497967417312, 43.66744580642483 ], [ -79.368576817869553, 43.667820284518065 ], [ -79.36765602279921, 43.668099132896678 ], [ -79.367112671417203, 43.668263678360432 ] ] ] } },
{ "type": "Feature", "properties": { "vor_id": 1006, "theft_count": 70, "bike_trips": 2106, "theft_per_1000_trips": 33.238366571699906 }, "geometry": { "type": "Polygon", "coordinates": [ [ [ -79.380139408093683, 43.653029300668486 ], [ -79.379872935441057, 43.651750732498712 ], [ -79.380024315645414, 43.651153874011875 ], [ -79.380344465272643, 43.651226528305052 ], [ -79.381571321269391, 43.651999709055559 ], [ -79.38166392190297, 43.652417342322451 ], [ -79.380143888736072, 43.653031036187933 ], [ -79.380139408093683, 43.653029300668486 ] ] ] } },
{ "type": "Feature", "properties": { "vor_id": 1008, "theft_count": 14, "bike_trips": 13134, "theft_per_1000_trips": 1.0659357393025735 }, "geometry": { "type": "Polygon", "coordinates": [ [ [ -79.573298166024074, 43.749368535035714 ], [ -79.575661004369962, 43.764113422561707 ], [ -79.574774883452648, 43.764307373978987 ], [ -79.574773898430564, 43.764307604589412 ], [ -79.57311667047756, 43.764721161964133 ], [ -79.563891052360944, 43.766693316811931 ], [ -79.563420556253504, 43.766790995273617 ], [ -79.562963158438251, 43.766885894849992 ], [ -79.562255558928015, 43.767032694794288 ], [ -79.562094450832745, 43.767066196484258 ], [ -79.561416758755669, 43.767206794884487 ], [ -79.561415214359116, 43.767207151952576 ], [ -79.560918579345227, 43.767333992574947 ], [ -79.560810614133445, 43.767339975362624 ], [ -79.56659342338591, 43.748010122298652 ], [ -79.567886826189223, 43.747596193881769 ], [ -79.573298166024074, 43.749368535035714 ] ] ] } },
{ "type": "Feature", "properties": { "vor_id": 1009, "theft_count": 21, "bike_trips": 1288, "theft_per_1000_trips": 16.304347826086957 }, "geometry": { "type": "Polygon", "coordinates": [ [ [ -79.337857981381802, 43.677864920559394 ], [ -79.336405104892989, 43.679979574685269 ], [ -79.334323242561993, 43.678794099171554 ], [ -79.3345782913336, 43.677074700016583 ], [ -79.334675825013747, 43.675089356347641 ], [ -79.335815923469866, 43.674568547095696 ], [ -79.336426196579424, 43.67491148453928 ], [ -79.337857981381802, 43.677864920559394 ] ] ] } },
{ "type": "Feature", "properties": { "vor_id": 1013, "theft_count": 16, "bike_trips": 2075, "theft_per_1000_trips": 7.7108433734939759 }, "geometry": { "type": "Polygon", "coordinates": [ [ [ -79.376642228031074, 43.655723566026886 ], [ -79.377213010229809, 43.655488320741526 ], [ -79.377556154538738, 43.65557320223585 ], [ -79.377918554665087, 43.657360901383193 ], [ -79.37702340581184, 43.657416073678377 ], [ -79.376642228031074, 43.655723566026886 ] ] ] } },
{ "type": "Feature", "properties": { "vor_id": 1014, "theft_count": 10, "bike_trips": 2199, "theft_per_1000_trips": 4.5475216007276034 }, "geometry": { "type": "Polygon", "coordinates": [ [ [ -79.416418433749968, 43.6677716325528 ], [ -79.418181154681193, 43.665191761316009 ], [ -79.419012050830716, 43.665198629016778 ], [ -79.419821419605, 43.665303645455012 ], [ -79.419028686656802, 43.667457348451535 ], [ -79.417718071412722, 43.667975532886238 ], [ -79.416418433749968, 43.6677716325528 ] ] ] } },
{ "type": "Feature", "properties": { "vor_id": 1015, "theft_count": 4, "bike_trips": 4783, "theft_per_1000_trips": 0.8362952122099101 }, "geometry": { "type": "Polygon", "coordinates": [ [ [ -79.185457655305342, 43.774869293995053 ], [ -79.199585199442694, 43.776117626499897 ], [ -79.200379306938828, 43.779184685851689 ], [ -79.195568886382503, 43.782211029987366 ], [ -79.185837627051683, 43.781266232055579 ], [ -79.1800908426261, 43.780708282682831 ], [ -79.180048691866943, 43.779850284269266 ], [ -79.181891704446556, 43.776320697494583 ], [ -79.183564323087623, 43.775639912860932 ], [ -79.185457655305342, 43.774869293995053 ] ] ] } },
{ "type": "Feature", "properties": { "vor_id": 1017, "theft_count": 12, "bike_trips": 4604, "theft_per_1000_trips": 2.6064291920069507 }, "geometry": { "type": "Polygon", "coordinates": [ [ [ -79.480580318508572, 43.678889346698526 ], [ -79.479752849160775, 43.679558330138043 ], [ -79.476661205504897, 43.678227639656576 ], [ -79.472343603149298, 43.668768389834398 ], [ -79.472849708545738, 43.668378213284313 ], [ -79.479847635661784, 43.668966421799546 ], [ -79.480502855959173, 43.670014831158873 ], [ -79.481046695143931, 43.67244424289369 ], [ -79.480580318508572, 43.678889346698526 ] ] ] } },
{ "type": "Feature", "properties": { "vor_id": 1018, "theft_count": 14, "bike_trips": 3061, "theft_per_1000_trips": 4.5736687357072849 }, "geometry": { "type": "Polygon", "coordinates": [ [ [ -79.369715887475252, 43.665401757687007 ], [ -79.369765821113347, 43.665640875169679 ], [ -79.368430458371392, 43.666178806151578 ], [ -79.368343126351121, 43.66614218871814 ], [ -79.367724859091382, 43.665566227667107 ], [ -79.367546017075455, 43.665010104813597 ], [ -79.368775096893557, 43.664505743055983 ], [ -79.369715887475252, 43.665401757687007 ] ] ] } },
{ "type": "Feature", "properties": { "vor_id": 1019, "theft_count": 35, "bike_trips": 3334, "theft_per_1000_trips": 10.497900419916016 }, "geometry": { "type": "Polygon", "coordinates": [ [ [ -79.437602427597255, 43.656526239043657 ], [ -79.439806274166671, 43.655682216526849 ], [ -79.440694079201634, 43.656295397282101 ], [ -79.439423021182421, 43.660383203145095 ], [ -79.438374997672796, 43.660727624477246 ], [ -79.436080247941064, 43.657494797026672 ], [ -79.437602427597255, 43.656526239043657 ] ] ] } },
{ "type": "Feature", "properties": { "vor_id": 1020, "theft_count": 57, "bike_trips": 2145, "theft_per_1000_trips": 26.573426573426573 }, "geometry": { "type": "Polygon", "coordinates": [ [ [ -79.399377806476537, 43.664495112093029 ], [ -79.397264152594374, 43.665351124631975 ], [ -79.396890661436345, 43.663554199546631 ], [ -79.398506568580061, 43.662895649327965 ], [ -79.399452221099949, 43.663682547947097 ], [ -79.399377806476537, 43.664495112093029 ] ] ] } },
{ "type": "Feature", "properties": { "vor_id": 1022, "theft_count": 71, "bike_trips": 1037, "theft_per_1000_trips": 68.466730954676947 }, "geometry": { "type": "Polygon", "coordinates": [ [ [ -79.379247881305901, 43.655117105543937 ], [ -79.378864577473436, 43.653337980676852 ], [ -79.37950168586012, 43.653299871760559 ], [ -79.379845437366654, 43.655086165106958 ], [ -79.379247881305901, 43.655117105543937 ] ] ] } },
{ "type": "Feature", "properties": { "vor_id": 1024, "theft_count": 37, "bike_trips": 9390, "theft_per_1000_trips": 3.9403620873269438 }, "geometry": { "type": "Polygon", "coordinates": [ [ [ -79.339617808646508, 43.791055558584013 ], [ -79.339834019489672, 43.792893639430879 ], [ -79.340000197556705, 43.794306374877984 ], [ -79.329622903838768, 43.802859693233422 ], [ -79.31938486622019, 43.803198001740213 ], [ -79.322801493963851, 43.787012615146864 ], [ -79.326729091580418, 43.785211421253145 ], [ -79.33144056163907, 43.784996460498739 ], [ -79.332096923556776, 43.784966513995577 ], [ -79.334144810944665, 43.785752389368916 ], [ -79.339617808646508, 43.791055558584013 ] ] ] } },
{ "type": "Feature", "properties": { "vor_id": 1027, "theft_count": 22, "bike_trips": 3685, "theft_per_1000_trips": 5.9701492537313436 }, "geometry": { "type": "Polygon", "coordinates": [ [ [ -79.384911308331709, 43.720959608510249 ], [ -79.379080247768727, 43.713361818119594 ], [ -79.382442172994516, 43.707440018035115 ], [ -79.384908118197998, 43.706804702990965 ], [ -79.386499788335399, 43.708604381185737 ], [ -79.384975857868781, 43.720912278523294 ], [ -79.384911308331709, 43.720959608510249 ] ] ] } },
{ "type": "Feature", "properties": { "vor_id": 1028, "theft_count": 69, "bike_trips": 5875, "theft_per_1000_trips": 11.74468085106383 }, "geometry": { "type": "Polygon", "coordinates": [ [ [ -79.414018730785287, 43.781098046063491 ], [ -79.416813498235101, 43.780463748159995 ], [ -79.419780780848967, 43.782589969306969 ], [ -79.418510417128317, 43.783890257717061 ], [ -79.412233166908322, 43.785449352539665 ], [ -79.414018730785287, 43.781098046063491 ] ] ] } },
{ "type": "Feature", "properties": { "vor_id": 1029, "theft_count": 12, "bike_trips": 8981, "theft_per_1000_trips": 1.3361541031065582 }, "geometry": { "type": "Polygon", "coordinates": [ [ [ -79.289928927804269, 43.735688704296905 ], [ -79.296592705607821, 43.729693515487554 ], [ -79.305814354607392, 43.730734878548141 ], [ -79.309956295611386, 43.73315599571994 ], [ -79.302008373356941, 43.738852370874746 ], [ -79.288935294059797, 43.742703269081176 ], [ -79.287119558739548, 43.742561135610643 ], [ -79.286821821847823, 43.742384007068068 ], [ -79.289928927804269, 43.735688704296905 ] ] ] } },
{ "type": "Feature", "properties": { "vor_id": 1033, "theft_count": 26, "bike_trips": 2120, "theft_per_1000_trips": 12.264150943396228 }, "geometry": { "type": "Polygon", "coordinates": [ [ [ -79.383637552226475, 43.643736664116418 ], [ -79.385093554468, 43.644083412039024 ], [ -79.384788827744146, 43.644789744158658 ], [ -79.383245035644634, 43.645666297474612 ], [ -79.382970830833003, 43.64548092512657 ], [ -79.382640872540719, 43.643966328507894 ], [ -79.383637552226475, 43.643736664116418 ] ] ] } },
{ "type": "Feature", "properties": { "vor_id": 1034, "theft_count": 15, "bike_trips": 12284, "theft_per_1000_trips": 1.2211006186909801 }, "geometry": { "type": "Polygon", "coordinates": [ [ [ -79.26078419870862, 43.74982824858742 ], [ -79.25924899177096, 43.767709736300304 ], [ -79.257927381086731, 43.771223997633129 ], [ -79.255818010629952, 43.770515511538804 ], [ -79.246992186840686, 43.7610478805274 ], [ -79.251600532881156, 43.751171738152514 ], [ -79.25515801649469, 43.749620852962856 ], [ -79.258850578241891, 43.748933999345319 ], [ -79.26078419870862, 43.74982824858742 ] ] ] } },
{ "type": "Feature", "properties": { "vor_id": 1036, "theft_count": 2, "bike_trips": 2209, "theft_per_1000_trips": 0.90538705296514255 }, "geometry": { "type": "Polygon", "coordinates": [ [ [ -79.421946875911047, 43.64628240200517 ], [ -79.421441399076699, 43.645366487650477 ], [ -79.422000192652646, 43.644708540677989 ], [ -79.423172411851255, 43.644253678460551 ], [ -79.424478945602317, 43.644556654406479 ], [ -79.425160983861474, 43.645040554072303 ], [ -79.421946875911047, 43.64628240200517 ] ] ] } },
{ "type": "Feature", "properties": { "vor_id": 1037, "theft_count": 28, "bike_trips": 4368, "theft_per_1000_trips": 6.4102564102564097 }, "geometry": { "type": "Polygon", "coordinates": [ [ [ -79.411321906654251, 43.640571809994618 ], [ -79.410765757729166, 43.636871233900656 ], [ -79.41140989987187, 43.636629538793962 ], [ -79.412250405523011, 43.636706648688019 ], [ -79.412788991519918, 43.639406167641035 ], [ -79.412790910804219, 43.640199762335463 ], [ -79.411697585492448, 43.640711650069363 ], [ -79.411321906654251, 43.640571809994618 ] ] ] } },
{ "type": "Feature", "properties": { "vor_id": 1038, "theft_count": 30, "bike_trips": 11006, "theft_per_1000_trips": 2.7257859349445757 }, "geometry": { "type": "Polygon", "coordinates": [ [ [ -79.219439305144675, 43.741637428140223 ], [ -79.225431376579451, 43.751748811298846 ], [ -79.222044717561673, 43.754662275326474 ], [ -79.208689896083271, 43.753777120911174 ], [ -79.208287789162696, 43.753655912731745 ], [ -79.211183483958735, 43.738944308813323 ], [ -79.219439305144675, 43.741637428140223 ] ] ] } },
{ "type": "Feature", "properties": { "vor_id": 1040, "theft_count": 17, "bike_trips": 2239, "theft_per_1000_trips": 7.5926753014738724 }, "geometry": { "type": "Polygon", "coordinates": [ [ [ -79.455841730778104, 43.660891405179562 ], [ -79.456084907046758, 43.662967090161473 ], [ -79.455547657230184, 43.66295769221697 ], [ -79.453564042904418, 43.660698054735597 ], [ -79.453698590002688, 43.659847626229933 ], [ -79.455841730778104, 43.660891405179562 ] ] ] } },
{ "type": "Feature", "properties": { "vor_id": 1041, "theft_count": 45, "bike_trips": 2187, "theft_per_1000_trips": 20.5761316872428 }, "geometry": { "type": "Polygon", "coordinates": [ [ [ -79.403968149053426, 43.643656769389324 ], [ -79.403814008765522, 43.643240215662331 ], [ -79.406375737374759, 43.642196066348653 ], [ -79.406399648085895, 43.642749008942509 ], [ -79.403983171742908, 43.64366040241034 ], [ -79.403968149053426, 43.643656769389324 ] ] ] } },
{ "type": "Feature", "properties": { "vor_id": 1042, "theft_count": 32, "bike_trips": 3054, "theft_per_1000_trips": 10.478061558611657 }, "geometry": { "type": "Polygon", "coordinates": [ [ [ -79.364370800645943, 43.658707855231739 ], [ -79.365682822516831, 43.660298575896924 ], [ -79.365365939256904, 43.66257272272675 ], [ -79.364298100000028, 43.661841816154819 ], [ -79.363921658550069, 43.660100981103959 ], [ -79.364091627666284, 43.659265844456741 ], [ -79.364370800645943, 43.658707855231739 ] ] ] } },
{ "type": "Feature", "properties": { "vor_id": 1044, "theft_count": 8, "bike_trips": 2413, "theft_per_1000_trips": 3.315375051802735 }, "geometry": { "type": "Polygon", "coordinates": [ [ [ -79.402948043108935, 43.694268444544669 ], [ -79.398438155855416, 43.696055754526405 ], [ -79.398447010409129, 43.695396754009401 ], [ -79.40212534463646, 43.6936339109701 ], [ -79.402948043108935, 43.694268444544669 ] ] ] } },
{ "type": "Feature", "properties": { "vor_id": 1045, "theft_count": 25, "bike_trips": 1078, "theft_per_1000_trips": 23.191094619666046 }, "geometry": { "type": "Polygon", "coordinates": [ [ [ -79.400464225822247, 43.655891881651691 ], [ -79.399714445984031, 43.654924082835507 ], [ -79.399699110626699, 43.654732194888425 ], [ -79.401248231130864, 43.654136676312277 ], [ -79.401264218699893, 43.654146354373324 ], [ -79.401463439659082, 43.655166783312417 ], [ -79.40139693064863, 43.65540137754568 ], [ -79.400591451040526, 43.655958910444149 ], [ -79.400464225822247, 43.655891881651691 ] ] ] } },
{ "type": "Feature", "properties": { "vor_id": 1052, "theft_count": 34, "bike_trips": 3393, "theft_per_1000_trips": 10.020630710285882 }, "geometry": { "type": "Polygon", "coordinates": [ [ [ -79.475168108108193, 43.635023465009468 ], [ -79.470911874510321, 43.642286064634185 ], [ -79.47066701369161, 43.640898939049009 ], [ -79.470207333990345, 43.632749903238391 ], [ -79.475168108108193, 43.635023465009468 ] ] ] } },
{ "type": "Feature", "properties": { "vor_id": 1053, "theft_count": 6, "bike_trips": 2585, "theft_per_1000_trips": 2.3210831721470018 }, "geometry": { "type": "Polygon", "coordinates": [ [ [ -79.339123422902802, 43.662399696148313 ], [ -79.338517393845848, 43.660023111611437 ], [ -79.338988455793981, 43.659021782557765 ], [ -79.339664821361012, 43.661948743173632 ], [ -79.339370024582735, 43.662475768955545 ], [ -79.339123422902802, 43.662399696148313 ] ] ] } },
{ "type": "Feature", "properties": { "vor_id": 1055, "theft_count": 30, "bike_trips": 4689, "theft_per_1000_trips": 6.3979526551503518 }, "geometry": { "type": "Polygon", "coordinates": [ [ [ -79.392353534538813, 43.679153148038488 ], [ -79.393317026614227, 43.679817255281762 ], [ -79.394396844944382, 43.681614826634018 ], [ -79.390234378126607, 43.683369499616411 ], [ -79.389109962383202, 43.680451760628969 ], [ -79.392353534538813, 43.679153148038488 ] ] ] } },
{ "type": "Feature", "properties": { "vor_id": 1056, "theft_count": 9, "bike_trips": 3698, "theft_per_1000_trips": 2.4337479718766901 }, "geometry": { "type": "Polygon", "coordinates": [ [ [ -79.364934452756984, 43.715231793782998 ], [ -79.363924513708298, 43.714327430540706 ], [ -79.364795479338852, 43.711481896716954 ], [ -79.367365652996853, 43.710406022606193 ], [ -79.369781193100621, 43.710965553324321 ], [ -79.369735275274095, 43.71112968385745 ], [ -79.366835267259034, 43.714832575590606 ], [ -79.364934452756984, 43.715231793782998 ] ] ] } },
{ "type": "Feature", "properties": { "vor_id": 1057, "theft_count": 4, "bike_trips": 7707, "theft_per_1000_trips": 0.5190086933956144 }, "geometry": { "type": "Polygon", "coordinates": [ [ [ -79.290444317251541, 43.774293478130176 ], [ -79.276461496341668, 43.764935607197337 ], [ -79.279987186406601, 43.762737545411497 ], [ -79.292713103946042, 43.769876258598444 ], [ -79.293837332285662, 43.771672061137259 ], [ -79.290444317251541, 43.774293478130176 ] ] ] } },
{ "type": "Feature", "properties": { "vor_id": 1058, "theft_count": 5, "bike_trips": 4432, "theft_per_1000_trips": 1.128158844765343 }, "geometry": { "type": "Polygon", "coordinates": [ [ [ -79.423143049758565, 43.635132823160966 ], [ -79.423575450912168, 43.634467520354868 ], [ -79.426058007763785, 43.633465805548418 ], [ -79.426647042271952, 43.636059918621164 ], [ -79.426605427601643, 43.636320924796266 ], [ -79.424380519299731, 43.635895835337003 ], [ -79.423143049758565, 43.635132823160966 ] ] ] } },
{ "type": "Feature", "properties": { "vor_id": 1059, "theft_count": 13, "bike_trips": 1087, "theft_per_1000_trips": 11.959521619135234 }, "geometry": { "type": "Polygon", "coordinates": [ [ [ -79.403457142857022, 43.639576889500724 ], [ -79.402846915674388, 43.640120859747093 ], [ -79.401804497730708, 43.640155005442189 ], [ -79.400898126528361, 43.637880647943255 ], [ -79.401752814008049, 43.637525234980146 ], [ -79.403146453587098, 43.638792527726665 ], [ -79.403457142857022, 43.639576889500724 ] ] ] } },
{ "type": "Feature", "properties": { "vor_id": 1060, "theft_count": 26, "bike_trips": 4766, "theft_per_1000_trips": 5.4553084347461187 }, "geometry": { "type": "Polygon", "coordinates": [ [ [ -79.449183948731147, 43.729120426257538 ], [ -79.442092536580716, 43.728258752420317 ], [ -79.445430452573532, 43.720231867793096 ], [ -79.450376223199285, 43.72048080203114 ], [ -79.449183948731147, 43.729120426257538 ] ] ] } },
{ "type": "Feature", "properties": { "vor_id": 1061, "theft_count": 19, "bike_trips": 1066, "theft_per_1000_trips": 17.823639774859288 }, "geometry": { "type": "Polygon", "coordinates": [ [ [ -79.393097959359693, 43.644528376507843 ], [ -79.391245509865641, 43.645343107222089 ], [ -79.391008935799434, 43.64426719624155 ], [ -79.392658126304028, 43.643642334109735 ], [ -79.3930761540784, 43.644067150798534 ], [ -79.393120703365682, 43.644487411788873 ], [ -79.393097959359693, 43.644528376507843 ] ] ] } },
{ "type": "Feature", "properties": { "vor_id": 1062, "theft_count": 30, "bike_trips": 2149, "theft_per_1000_trips": 13.959981386691485 }, "geometry": { "type": "Polygon", "coordinates": [ [ [ -79.402072900926584, 43.666066847830656 ], [ -79.401941057514591, 43.66543532510611 ], [ -79.4036186588703, 43.664783571512736 ], [ -79.404142437038814, 43.665411122029738 ], [ -79.403993341919303, 43.665642785177617 ], [ -79.403140309754107, 43.666281762568801 ], [ -79.402072900926584, 43.666066847830656 ] ] ] } },
{ "type": "Feature", "properties": { "vor_id": 1064, "theft_count": 13, "bike_trips": 2197, "theft_per_1000_trips": 5.9171597633136095 }, "geometry": { "type": "Polygon", "coordinates": [ [ [ -79.412548422119244, 43.665467383685524 ], [ -79.412313230888387, 43.664394067430401 ], [ -79.414069385313283, 43.663700064591424 ], [ -79.414632036248733, 43.666244902286941 ], [ -79.41338195781023, 43.666226772052937 ], [ -79.412548422119244, 43.665467383685524 ] ] ] } },
{ "type": "Feature", "properties": { "vor_id": 1065, "theft_count": 9, "bike_trips": 6920, "theft_per_1000_trips": 1.300578034682081 }, "geometry": { "type": "Polygon", "coordinates": [ [ [ -79.48212201220467, 43.701734863204848 ], [ -79.484868057874081, 43.692177818026174 ], [ -79.490894864296351, 43.690562695653433 ], [ -79.498036073834612, 43.697402561199851 ], [ -79.494069009894076, 43.705800718835526 ], [ -79.48212201220467, 43.701734863204848 ] ] ] } },
{ "type": "Feature", "properties": { "vor_id": 1072, "theft_count": 34, "bike_trips": 2591, "theft_per_1000_trips": 13.122346584330375 }, "geometry": { "type": "Polygon", "coordinates": [ [ [ -79.354367162594087, 43.668118797104782 ], [ -79.353174429391899, 43.667685880602939 ], [ -79.350987739454482, 43.663873784117222 ], [ -79.352060687934014, 43.663422100601522 ], [ -79.354863076381747, 43.664747531625665 ], [ -79.356473589661988, 43.665323782491583 ], [ -79.356459131346298, 43.667732185071749 ], [ -79.354367162594087, 43.668118797104782 ] ] ] } },
{ "type": "Feature", "properties": { "vor_id": 1074, "theft_count": 36, "bike_trips": 2195, "theft_per_1000_trips": 16.400911161731209 }, "geometry": { "type": "Polygon", "coordinates": [ [ [ -79.411770314080201, 43.657509519647554 ], [ -79.411101737268382, 43.657531895533459 ], [ -79.410335040397868, 43.653719170673973 ], [ -79.41073980162237, 43.653557328468509 ], [ -79.412000975842631, 43.653421847512611 ], [ -79.412207171041942, 43.653457442075158 ], [ -79.41294306201064, 43.657034439138513 ], [ -79.411770314080201, 43.657509519647554 ] ] ] } },
{ "type": "Feature", "properties": { "vor_id": 1075, "theft_count": 69, "bike_trips": 8019, "theft_per_1000_trips": 8.6045641601197165 }, "geometry": { "type": "Polygon", "coordinates": [ [ [ -79.517449377525153, 43.657141399522288 ], [ -79.515467303976322, 43.654520153257103 ], [ -79.517518825050601, 43.64492155498862 ], [ -79.522333138970239, 43.644827089030237 ], [ -79.526270025588815, 43.647755543584985 ], [ -79.531214154176766, 43.655916103729368 ], [ -79.521790066157038, 43.661776921689352 ], [ -79.517449377525153, 43.657141399522288 ] ] ] } },
{ "type": "Feature", "properties": { "vor_id": 1076, "theft_count": 8, "bike_trips": 2589, "theft_per_1000_trips": 3.0899961375048282 }, "geometry": { "type": "Polygon", "coordinates": [ [ [ -79.350934543991428, 43.657212012288824 ], [ -79.351451326480401, 43.656556049512673 ], [ -79.352085856477075, 43.659206194407922 ], [ -79.351455459664777, 43.65951576638048 ], [ -79.350934543991428, 43.657212012288824 ] ] ] } },
{ "type": "Feature", "properties": { "vor_id": 1077, "theft_count": 33, "bike_trips": 1038, "theft_per_1000_trips": 31.791907514450866 }, "geometry": { "type": "Polygon", "coordinates": [ [ [ -79.381482270112386, 43.659467192938955 ], [ -79.380582549988617, 43.660870400647703 ], [ -79.380134047425216, 43.660472999595846 ], [ -79.379355070918379, 43.659333806338232 ], [ -79.379795116600178, 43.658777491552698 ], [ -79.380778510536288, 43.658410414912098 ], [ -79.381334077759917, 43.658712659390609 ], [ -79.381482270112386, 43.659467192938955 ] ] ] } },
{ "type": "Feature", "properties": { "vor_id": 1079, "theft_count": 40, "bike_trips": 1067, "theft_per_1000_trips": 37.488284910965319 }, "geometry": { "type": "Polygon", "coordinates": [ [ [ -79.392510229940498, 43.64817764041365 ], [ -79.392798666451341, 43.64896298347751 ], [ -79.392697851288332, 43.649220786644065 ], [ -79.391490789191465, 43.649272048272877 ], [ -79.391305352585505, 43.64841824297357 ], [ -79.391996855193099, 43.648139089514437 ], [ -79.392510229940498, 43.64817764041365 ] ] ] } },
{ "type": "Feature", "properties": { "vor_id": 1080, "theft_count": 6, "bike_trips": 3821, "theft_per_1000_trips": 1.5702695629416383 }, "geometry": { "type": "Polygon", "coordinates": [ [ [ -79.313611024496382, 43.681135639259914 ], [ -79.315958911554873, 43.679140770003841 ], [ -79.316554814965258, 43.679722641196157 ], [ -79.316381377081612, 43.683615786091231 ], [ -79.312669408080495, 43.685184028558609 ], [ -79.312149112525418, 43.685109998315177 ], [ -79.313611024496382, 43.681135639259914 ] ] ] } },
{ "type": "Feature", "properties": { "vor_id": 1081, "theft_count": 6, "bike_trips": 4017, "theft_per_1000_trips": 1.4936519790888725 }, "geometry": { "type": "Polygon", "coordinates": [ [ [ -79.535044222374438, 43.64912780761825 ], [ -79.536133885363228, 43.651431706437648 ], [ -79.537142135782545, 43.653563472841299 ], [ -79.537853515636598, 43.654750338424655 ], [ -79.537611546515578, 43.654814978286637 ], [ -79.534550167884902, 43.65563279789631 ], [ -79.531346582978017, 43.642181755451993 ], [ -79.533239278244139, 43.643901435223839 ], [ -79.533391182213379, 43.644507869862721 ], [ -79.535044222374438, 43.64912780761825 ] ] ] } },
{ "type": "Feature", "properties": { "vor_id": 1082, "theft_count": 111, "bike_trips": 2062, "theft_per_1000_trips": 53.831231813773037 }, "geometry": { "type": "Polygon", "coordinates": [ [ [ -79.379703293935037, 43.671269137989121 ], [ -79.379699175861475, 43.67126639390348 ], [ -79.379305668702543, 43.670332452213252 ], [ -79.379368721285985, 43.669802059418402 ], [ -79.380857620403447, 43.669213816120497 ], [ -79.38103607402445, 43.66938448642675 ], [ -79.3813996747581, 43.670257105024035 ], [ -79.381285483661784, 43.670589304954966 ], [ -79.379703293935037, 43.671269137989121 ] ] ] } },
{ "type": "Feature", "properties": { "vor_id": 1084, "theft_count": 12, "bike_trips": 3671, "theft_per_1000_trips": 3.2688640697357667 }, "geometry": { "type": "Polygon", "coordinates": [ [ [ -79.387136789900822, 43.695622441480744 ], [ -79.387765937374255, 43.698472506166624 ], [ -79.386396271900196, 43.698782078558764 ], [ -79.383781065840935, 43.698459700172464 ], [ -79.382078375694803, 43.694816532892084 ], [ -79.387136789900822, 43.695622441480744 ] ] ] } },
{ "type": "Feature", "properties": { "vor_id": 1085, "theft_count": 5, "bike_trips": 4766, "theft_per_1000_trips": 1.0490977759127151 }, "geometry": { "type": "Polygon", "coordinates": [ [ [ -79.43981391080699, 43.70545368228241 ], [ -79.436232848706567, 43.707121660512179 ], [ -79.435280644087968, 43.702849926505735 ], [ -79.435839244834568, 43.702438729557521 ], [ -79.438457851025618, 43.703222954521635 ], [ -79.43981391080699, 43.70545368228241 ] ] ] } },
{ "type": "Feature", "properties": { "vor_id": 1088, "theft_count": 35, "bike_trips": 2133, "theft_per_1000_trips": 16.408813877168306 }, "geometry": { "type": "Polygon", "coordinates": [ [ [ -79.39266974113275, 43.646253828908911 ], [ -79.392312861939544, 43.646398853319617 ], [ -79.392076101079738, 43.64641293250088 ], [ -79.391212227333625, 43.64548400440264 ], [ -79.391245509865641, 43.645343107222089 ], [ -79.393097959359693, 43.644528376507843 ], [ -79.39266974113275, 43.646253828908911 ] ] ] } },
{ "type": "Feature", "properties": { "vor_id": 1089, "theft_count": 14, "bike_trips": 5942, "theft_per_1000_trips": 2.3561090541905081 }, "geometry": { "type": "Polygon", "coordinates": [ [ [ -79.385725026644565, 43.783785660084327 ], [ -79.387737860363529, 43.781249577950774 ], [ -79.392672384244875, 43.777259228863251 ], [ -79.397990717898068, 43.775054619115636 ], [ -79.402255151162862, 43.781690344573484 ], [ -79.400050362841, 43.788527277343299 ], [ -79.385725026644565, 43.783785660084327 ] ] ] } },
{ "type": "Feature", "properties": { "vor_id": 1093, "theft_count": 20, "bike_trips": 3642, "theft_per_1000_trips": 5.4914881933003841 }, "geometry": { "type": "Polygon", "coordinates": [ [ [ -79.39606840697644, 43.689026858316069 ], [ -79.393019017764757, 43.69021968730587 ], [ -79.394021661897412, 43.687635059263805 ], [ -79.396536966850192, 43.686587390153818 ], [ -79.39606840697644, 43.689026858316069 ] ] ] } },
{ "type": "Feature", "properties": { "vor_id": 1095, "theft_count": 13, "bike_trips": 6366, "theft_per_1000_trips": 2.0420986490732016 }, "geometry": { "type": "Polygon", "coordinates": [ [ [ -79.191082451664272, 43.768976544293317 ], [ -79.190685216490124, 43.768108635471755 ], [ -79.190261104489963, 43.766177307884668 ], [ -79.190239123638264, 43.764422415945717 ], [ -79.196770627829864, 43.76426656721636 ], [ -79.199336134878905, 43.775367151796878 ], [ -79.191506696274587, 43.769712694657343 ], [ -79.191082451664272, 43.768976544293317 ] ] ] } },
{ "type": "Feature", "properties": { "vor_id": 1096, "theft_count": 10, "bike_trips": 2288, "theft_per_1000_trips": 4.3706293706293708 }, "geometry": { "type": "Polygon", "coordinates": [ [ [ -79.438150638237801, 43.666979509361873 ], [ -79.438685537381176, 43.670350298179045 ], [ -79.437195116940742, 43.669239336923539 ], [ -79.436843138545257, 43.667548721259678 ], [ -79.438150638237801, 43.666979509361873 ] ] ] } },
{ "type": "Feature", "properties": { "vor_id": 1097, "theft_count": 4, "bike_trips": 1135, "theft_per_1000_trips": 3.5242290748898681 }, "geometry": { "type": "Polygon", "coordinates": [ [ [ -79.470951459765757, 43.655605312817386 ], [ -79.471047222326945, 43.655295895088663 ], [ -79.471620267575091, 43.655123396594561 ], [ -79.473935240787142, 43.657124159318258 ], [ -79.47405933937749, 43.659595517382151 ], [ -79.473409853126938, 43.659752223436719 ], [ -79.472288758441749, 43.659123317875178 ], [ -79.470951459765757, 43.655605312817386 ] ] ] } },
{ "type": "Feature", "properties": { "vor_id": 1098, "theft_count": 4, "bike_trips": 2398, "theft_per_1000_trips": 1.6680567139282736 }, "geometry": { "type": "Polygon", "coordinates": [ [ [ -79.419204124741995, 43.701006294340729 ], [ -79.421567099413338, 43.700875707137492 ], [ -79.42077956324043, 43.703862938549349 ], [ -79.420061629728991, 43.70510527229181 ], [ -79.419204124741995, 43.701006294340729 ] ] ] } },
{ "type": "Feature", "properties": { "vor_id": 1099, "theft_count": 8, "bike_trips": 2271, "theft_per_1000_trips": 3.5226772346983708 }, "geometry": { "type": "Polygon", "coordinates": [ [ [ -79.471600517132259, 43.662653813740462 ], [ -79.473409853126938, 43.659752223436719 ], [ -79.47405933937749, 43.659595517382151 ], [ -79.477227880402353, 43.660582200521986 ], [ -79.477513800053472, 43.661284142478074 ], [ -79.473992989808707, 43.664335145799207 ], [ -79.473576488535855, 43.664497007640144 ], [ -79.47170872647159, 43.66310649563178 ], [ -79.471600517132259, 43.662653813740462 ] ] ] } },
{ "type": "Feature", "properties": { "vor_id": 1100, "theft_count": 4, "bike_trips": 5664, "theft_per_1000_trips": 0.70621468926553677 }, "geometry": { "type": "Polygon", "coordinates": [ [ [ -79.529024070197352, 43.749989924876836 ], [ -79.532235734354288, 43.754990711083813 ], [ -79.522702167369502, 43.757052396438326 ], [ -79.522620688615007, 43.756916457349014 ], [ -79.519697730668028, 43.752975304791811 ], [ -79.519279025816701, 43.752513335178371 ], [ -79.529024070197352, 43.749989924876836 ] ] ] } },
{ "type": "Feature", "properties": { "vor_id": 1102, "theft_count": 21, "bike_trips": 2088, "theft_per_1000_trips": 10.057471264367816 }, "geometry": { "type": "Polygon", "coordinates": [ [ [ -79.387241129599687, 43.669288249626049 ], [ -79.386976999058334, 43.66964314656434 ], [ -79.385420583607612, 43.670269273447602 ], [ -79.384988335288327, 43.669600646979852 ], [ -79.386815593763885, 43.668817043590174 ], [ -79.387241129599687, 43.669288249626049 ] ] ] } },
{ "type": "Feature", "properties": { "vor_id": 1103, "theft_count": 15, "bike_trips": 1185, "theft_per_1000_trips": 12.658227848101266 }, "geometry": { "type": "Polygon", "coordinates": [ [ [ -79.431587518621384, 43.699129098879439 ], [ -79.429336627898934, 43.697482216036136 ], [ -79.429239898180469, 43.697028315327515 ], [ -79.431969105116735, 43.694045829860293 ], [ -79.433298440003057, 43.69484536361491 ], [ -79.433616415604462, 43.69557229924537 ], [ -79.433672180687921, 43.6983427811737 ], [ -79.431587518621384, 43.699129098879439 ] ] ] } },
{ "type": "Feature", "properties": { "vor_id": 1104, "theft_count": 62, "bike_trips": 4407, "theft_per_1000_trips": 14.068527342863625 }, "geometry": { "type": "Polygon", "coordinates": [ [ [ -79.411467148066066, 43.768675918009919 ], [ -79.411057362121454, 43.766853925127357 ], [ -79.419203559130764, 43.764805568044295 ], [ -79.418977066929656, 43.766775745258045 ], [ -79.411467148066066, 43.768675918009919 ] ] ] } },
{ "type": "Feature", "properties": { "vor_id": 1109, "theft_count": 16, "bike_trips": 1087, "theft_per_1000_trips": 14.719411223551058 }, "geometry": { "type": "Polygon", "coordinates": [ [ [ -79.401828104776271, 43.637317804070854 ], [ -79.401752814008049, 43.637525234980146 ], [ -79.400898126528361, 43.637880647943255 ], [ -79.400874135017361, 43.637874150612866 ], [ -79.400426433718337, 43.636756087005914 ], [ -79.400583552544845, 43.63599347553933 ], [ -79.401255700039314, 43.636065024986223 ], [ -79.401746154614031, 43.636648660387642 ], [ -79.401828104776271, 43.637317804070854 ] ] ] } },
{ "type": "Feature", "properties": { "vor_id": 1112, "theft_count": 4, "bike_trips": 7107, "theft_per_1000_trips": 0.56282538342479249 }, "geometry": { "type": "Polygon", "coordinates": [ [ [ -79.543197313031257, 43.741894753765116 ], [ -79.542054483213263, 43.745088749137274 ], [ -79.541763151838282, 43.746251809181466 ], [ -79.53237939566084, 43.755187415415364 ], [ -79.532235734354288, 43.754990711083813 ], [ -79.529024070197352, 43.749989924876836 ], [ -79.526951814475865, 43.74202639324713 ], [ -79.541212937244666, 43.738711762555305 ], [ -79.543197313031257, 43.741894753765116 ] ] ] } },
{ "type": "Feature", "properties": { "vor_id": 1118, "theft_count": 53, "bike_trips": 4122, "theft_per_1000_trips": 12.857836001940806 }, "geometry": { "type": "Polygon", "coordinates": [ [ [ -79.376601757340936, 43.664106908187868 ], [ -79.375633324282845, 43.663202913376423 ], [ -79.375525554911746, 43.662694612704122 ], [ -79.377216773203969, 43.661990513697631 ], [ -79.377429721185464, 43.662972954203987 ], [ -79.37703070148099, 43.663926375444163 ], [ -79.376601757340936, 43.664106908187868 ] ] ] } },
{ "type": "Feature", "properties": { "vor_id": 1120, "theft_count": 9, "bike_trips": 2147, "theft_per_1000_trips": 4.1918956683744755 }, "geometry": { "type": "Polygon", "coordinates": [ [ [ -79.394506840134369, 43.647770550447412 ], [ -79.394496471138368, 43.647756846509466 ], [ -79.394661301519861, 43.646769735006636 ], [ -79.395515324557067, 43.64642949261615 ], [ -79.395614657300086, 43.647117085622661 ], [ -79.395029142409413, 43.647561361660912 ], [ -79.394506840134369, 43.647770550447412 ] ] ] } },
{ "type": "Feature", "properties": { "vor_id": 1122, "theft_count": 0, "bike_trips": 1328, "theft_per_1000_trips": 0.0 }, "geometry": { "type": "Polygon", "coordinates": [ [ [ -79.532198934979832, 43.639748152100807 ], [ -79.532224160157398, 43.639848856654652 ], [ -79.531018907269015, 43.639840447942774 ], [ -79.529312681707893, 43.638161706245413 ], [ -79.531050425137266, 43.638783480786614 ], [ -79.532094638541821, 43.639045042628112 ], [ -79.532198934979832, 43.639748152100807 ] ] ] } },
{ "type": "Feature", "properties": { "vor_id": 1123, "theft_count": 7, "bike_trips": 2551, "theft_per_1000_trips": 2.7440219521756175 }, "geometry": { "type": "Polygon", "coordinates": [ [ [ -79.322547039970189, 43.684272428278355 ], [ -79.323751858377634, 43.690055309352815 ], [ -79.322410952412937, 43.691025036670055 ], [ -79.319559669456396, 43.687399377533502 ], [ -79.319987957195565, 43.685519843782693 ], [ -79.320634332754111, 43.684508342467005 ], [ -79.322285094212603, 43.683809361196239 ], [ -79.322547039970189, 43.684272428278355 ] ] ] } },
{ "type": "Feature", "properties": { "vor_id": 1124, "theft_count": 21, "bike_trips": 2215, "theft_per_1000_trips": 9.4808126410835207 }, "geometry": { "type": "Polygon", "coordinates": [ [ [ -79.428045251960185, 43.652618074509 ], [ -79.429943766191499, 43.651875306303488 ], [ -79.430121567495647, 43.652210231226981 ], [ -79.429498989292426, 43.655171328930329 ], [ -79.428536739966304, 43.654904939290759 ], [ -79.428045251960185, 43.652618074509 ] ] ] } },
{ "type": "Feature", "properties": { "vor_id": 1127, "theft_count": 58, "bike_trips": 16260, "theft_per_1000_trips": 3.5670356703567032 }, "geometry": { "type": "Polygon", "coordinates": [ [ [ -79.299957780885748, 43.793264818243472 ], [ -79.302330469293096, 43.788838794432273 ], [ -79.307884167359603, 43.780317417094089 ], [ -79.308079761576266, 43.780276726562604 ], [ -79.322801493963851, 43.787012615146864 ], [ -79.31938486622019, 43.803198001740213 ], [ -79.312174811856138, 43.810484099739774 ], [ -79.296562065095657, 43.805038986420094 ], [ -79.299957780885748, 43.793264818243472 ] ] ] } },
{ "type": "Feature", "properties": { "vor_id": 1131, "theft_count": 12, "bike_trips": 8858, "theft_per_1000_trips": 1.3547076089410701 }, "geometry": { "type": "Polygon", "coordinates": [ [ [ -79.311352157919202, 43.701066531964571 ], [ -79.319554179303069, 43.699060031400236 ], [ -79.323060234935383, 43.703701775128799 ], [ -79.322824195215176, 43.704605577014455 ], [ -79.321436568709657, 43.709918832983156 ], [ -79.320351714713325, 43.711883796479704 ], [ -79.316367107337896, 43.710951641705556 ], [ -79.31166133367239, 43.709850778063284 ], [ -79.311352157919202, 43.701066531964571 ] ] ] } },
{ "type": "Feature", "properties": { "vor_id": 1132, "theft_count": 3, "bike_trips": 2228, "theft_per_1000_trips": 1.3464991023339319 }, "geometry": { "type": "Polygon", "coordinates": [ [ [ -79.449415405379597, 43.658291033278623 ], [ -79.44878099460945, 43.659156454972255 ], [ -79.446934658015877, 43.658759291537201 ], [ -79.447909927505833, 43.657158824311892 ], [ -79.449415405379597, 43.658291033278623 ] ] ] } },
{ "type": "Feature", "properties": { "vor_id": 1133, "theft_count": 24, "bike_trips": 3360, "theft_per_1000_trips": 7.1428571428571423 }, "geometry": { "type": "Polygon", "coordinates": [ [ [ -79.434007683454681, 43.634383467026296 ], [ -79.431501177426568, 43.636546519190681 ], [ -79.429521550735998, 43.636424671572904 ], [ -79.428740935989637, 43.632756635853873 ], [ -79.428736513395293, 43.630754482768282 ], [ -79.429621777061456, 43.628231350398217 ], [ -79.435308754583914, 43.629976708231922 ], [ -79.434896436966, 43.63248772198601 ], [ -79.434007683454681, 43.634383467026296 ] ] ] } },
{ "type": "Feature", "properties": { "vor_id": 1135, "theft_count": 10, "bike_trips": 3874, "theft_per_1000_trips": 2.5813113061435207 }, "geometry": { "type": "Polygon", "coordinates": [ [ [ -79.33638515587883, 43.667014607340882 ], [ -79.336625491029977, 43.667294082349144 ], [ -79.334730361133907, 43.66990654657225 ], [ -79.334701317766857, 43.669777246562489 ], [ -79.333800727836604, 43.66576785307749 ], [ -79.334397747993322, 43.666055861647877 ], [ -79.33638515587883, 43.667014607340882 ] ] ] } },
{ "type": "Feature", "properties": { "vor_id": 1138, "theft_count": 11, "bike_trips": 2136, "theft_per_1000_trips": 5.1498127340823965 }, "geometry": { "type": "Polygon", "coordinates": [ [ [ -79.392780633418596, 43.649612950568326 ], [ -79.392697851288332, 43.649220786644065 ], [ -79.392798666451341, 43.64896298347751 ], [ -79.393422064156866, 43.648876355091446 ], [ -79.393680550957129, 43.650014280694869 ], [ -79.39314957526571, 43.650223460059962 ], [ -79.392780633418596, 43.649612950568326 ] ] ] } },
{ "type": "Feature", "properties": { "vor_id": 1139, "theft_count": 23, "bike_trips": 3903, "theft_per_1000_trips": 5.8929028952088132 }, "geometry": { "type": "Polygon", "coordinates": [ [ [ -79.365111815486841, 43.680003945758223 ], [ -79.363049764057777, 43.683544040273318 ], [ -79.359318166729011, 43.68139246343793 ], [ -79.357577138611347, 43.679283585322132 ], [ -79.359036608771532, 43.678222535096374 ], [ -79.365111815486841, 43.680003945758223 ] ] ] } },
{ "type": "Feature", "properties": { "vor_id": 1141, "theft_count": 5, "bike_trips": 1285, "theft_per_1000_trips": 3.8910505836575875 }, "geometry": { "type": "Polygon", "coordinates": [ [ [ -79.34732305234941, 43.687222930746252 ], [ -79.344895043371721, 43.692154355104456 ], [ -79.341257913944503, 43.685553607738953 ], [ -79.345971646476102, 43.685696640695518 ], [ -79.34732305234941, 43.687222930746252 ] ] ] } },
{ "type": "Feature", "properties": { "vor_id": 1143, "theft_count": 29, "bike_trips": 2572, "theft_per_1000_trips": 11.275272161741835 }, "geometry": { "type": "Polygon", "coordinates": [ [ [ -79.343333619135095, 43.682682527487167 ], [ -79.3405380464703, 43.685052360745459 ], [ -79.340482257985997, 43.68504332076882 ], [ -79.339638271256959, 43.683391543821372 ], [ -79.340016679870587, 43.681028286677147 ], [ -79.34256252161785, 43.680109469836687 ], [ -79.343888510695592, 43.680671172481652 ], [ -79.344066925763727, 43.681036921497508 ], [ -79.343333619135095, 43.682682527487167 ] ] ] } },
{ "type": "Feature", "properties": { "vor_id": 1147, "theft_count": 43, "bike_trips": 2825, "theft_per_1000_trips": 15.221238938053096 }, "geometry": { "type": "Polygon", "coordinates": [ [ [ -79.50321366461101, 43.779467913294233 ], [ -79.494624050705411, 43.781461976888863 ], [ -79.494623532581087, 43.781462101364014 ], [ -79.494483485871626, 43.781496888137674 ], [ -79.493433688872571, 43.781754110780703 ], [ -79.491653356190596, 43.778904010876317 ], [ -79.49797075458487, 43.772511172996879 ], [ -79.503150167879966, 43.770300097602266 ], [ -79.504597512637091, 43.770810593528054 ], [ -79.506174110231044, 43.77207493018512 ], [ -79.50321366461101, 43.779467913294233 ] ] ] } },
{ "type": "Feature", "properties": { "vor_id": 1148, "theft_count": 8, "bike_trips": 2084, "theft_per_1000_trips": 3.8387715930902111 }, "geometry": { "type": "Polygon", "coordinates": [ [ [ -79.381285483661784, 43.670589304954966 ], [ -79.3813996747581, 43.670257105024035 ], [ -79.381524415301087, 43.670264072118222 ], [ -79.382660928559886, 43.670718078549903 ], [ -79.3828959344048, 43.671739118908654 ], [ -79.381862215906466, 43.673290784745774 ], [ -79.381285483661784, 43.670589304954966 ] ] ] } },
{ "type": "Feature", "properties": { "vor_id": 1149, "theft_count": 24, "bike_trips": 3809, "theft_per_1000_trips": 6.3008663691257549 }, "geometry": { "type": "Polygon", "coordinates": [ [ [ -79.312081894966354, 43.685138169344214 ], [ -79.309758901232371, 43.690835315195869 ], [ -79.309369761846327, 43.690828425594908 ], [ -79.306944107961485, 43.684556479558111 ], [ -79.308669473029738, 43.682937509778426 ], [ -79.309177770112896, 43.68297917203865 ], [ -79.312081894966354, 43.685138169344214 ] ] ] } },
{ "type": "Feature", "properties": { "vor_id": 1150, "theft_count": 26, "bike_trips": 3258, "theft_per_1000_trips": 7.9803560466543892 }, "geometry": { "type": "Polygon", "coordinates": [ [ [ -79.401746154614031, 43.636648660387642 ], [ -79.401255700039314, 43.636065024986223 ], [ -79.403781586131018, 43.633835704069917 ], [ -79.403713294330259, 43.635807091815742 ], [ -79.401746154614031, 43.636648660387642 ] ] ] } },
{ "type": "Feature", "properties": { "vor_id": 1151, "theft_count": 26, "bike_trips": 2215, "theft_per_1000_trips": 11.738148984198645 }, "geometry": { "type": "Polygon", "coordinates": [ [ [ -79.430138524463786, 43.65221381058155 ], [ -79.432026081682807, 43.652886978545595 ], [ -79.432339706627118, 43.654441520863017 ], [ -79.431787402320694, 43.655807070001607 ], [ -79.430674087173244, 43.656215238899755 ], [ -79.429985014907999, 43.656037545178691 ], [ -79.429498989292426, 43.655171328930329 ], [ -79.430121567495647, 43.652210231226981 ], [ -79.430138524463786, 43.65221381058155 ] ] ] } },
{ "type": "Feature", "properties": { "vor_id": 1153, "theft_count": 6, "bike_trips": 2977, "theft_per_1000_trips": 2.0154517971111856 }, "geometry": { "type": "Polygon", "coordinates": [ [ [ -79.382021154233712, 43.769686537822778 ], [ -79.382397747208316, 43.769120588445212 ], [ -79.385131297391936, 43.768439505811969 ], [ -79.385984519301658, 43.768661063650562 ], [ -79.386065001376934, 43.769122278576212 ], [ -79.38341422569458, 43.776479580856972 ], [ -79.382021154233712, 43.769686537822778 ] ] ] } },
{ "type": "Feature", "properties": { "vor_id": 1154, "theft_count": 34, "bike_trips": 2109, "theft_per_1000_trips": 16.121384542437173 }, "geometry": { "type": "Polygon", "coordinates": [ [ [ -79.381670794694017, 43.650173069428597 ], [ -79.381767029998045, 43.650615770042812 ], [ -79.380344465272643, 43.651226528305052 ], [ -79.380024315645414, 43.651153874011875 ], [ -79.379902997191337, 43.650927094068244 ], [ -79.379846984256005, 43.650652939722086 ], [ -79.381511211914443, 43.649997253722248 ], [ -79.381670794694017, 43.650173069428597 ] ] ] } },
{ "type": "Feature", "properties": { "vor_id": 1155, "theft_count": 47, "bike_trips": 3861, "theft_per_1000_trips": 12.173012173012173 }, "geometry": { "type": "Polygon", "coordinates": [ [ [ -79.340016679870587, 43.681028286677147 ], [ -79.339638271256959, 43.683391543821372 ], [ -79.336105297025142, 43.681883538399376 ], [ -79.336405104892989, 43.679979574685269 ], [ -79.337857981381802, 43.677864920559394 ], [ -79.339592226363791, 43.678891280384804 ], [ -79.340016679870587, 43.681028286677147 ] ] ] } },
{ "type": "Feature", "properties": { "vor_id": 1157, "theft_count": 17, "bike_trips": 9305, "theft_per_1000_trips": 1.8269747447608813 }, "geometry": { "type": "Polygon", "coordinates": [ [ [ -79.285361302613978, 43.742443649881551 ], [ -79.283484205333323, 43.742807376466402 ], [ -79.274831668589869, 43.732923565203954 ], [ -79.273912538396317, 43.72882990460154 ], [ -79.280154293007726, 43.722830085738913 ], [ -79.281631489176775, 43.72294816136187 ], [ -79.285361302613978, 43.742443649881551 ] ] ] } },
{ "type": "Feature", "properties": { "vor_id": 1158, "theft_count": 8, "bike_trips": 4244, "theft_per_1000_trips": 1.8850141376060321 }, "geometry": { "type": "Polygon", "coordinates": [ [ [ -79.380063879788338, 43.642050848813788 ], [ -79.379856945567596, 43.641682480790308 ], [ -79.38195080612509, 43.640783932985258 ], [ -79.382152403131386, 43.641131898541381 ], [ -79.380063879788338, 43.642050848813788 ] ] ] } },
{ "type": "Feature", "properties": { "vor_id": 1162, "theft_count": 24, "bike_trips": 3315, "theft_per_1000_trips": 7.2398190045248869 }, "geometry": { "type": "Polygon", "coordinates": [ [ [ -79.427674646215408, 43.641959338774285 ], [ -79.428225790606291, 43.642994450362998 ], [ -79.426723720358652, 43.643558286392661 ], [ -79.426405524257575, 43.642032966729268 ], [ -79.427455355879474, 43.641676396193972 ], [ -79.427674646215408, 43.641959338774285 ] ] ] } },
{ "type": "Feature", "properties": { "vor_id": 1163, "theft_count": 29, "bike_trips": 5247, "theft_per_1000_trips": 5.5269677911187349 }, "geometry": { "type": "Polygon", "coordinates": [ [ [ -79.509266818147466, 43.604900868593283 ], [ -79.508363400600075, 43.60078183181588 ], [ -79.510813817111128, 43.598292091900134 ], [ -79.512311998449263, 43.598068732844837 ], [ -79.512782050668207, 43.606523543569118 ], [ -79.511089643200819, 43.607633777687354 ], [ -79.509266818147466, 43.604900868593283 ] ] ] } },
{ "type": "Feature", "properties": { "vor_id": 1169, "theft_count": 33, "bike_trips": 3429, "theft_per_1000_trips": 9.623797025371827 }, "geometry": { "type": "Polygon", "coordinates": [ [ [ -79.514741115732875, 43.697048549650887 ], [ -79.517720889710574, 43.69846658095166 ], [ -79.516563168637973, 43.705376517569817 ], [ -79.516454881316136, 43.705453467418401 ], [ -79.514084131524768, 43.705188370835295 ], [ -79.511897353933733, 43.701580566593336 ], [ -79.514741115732875, 43.697048549650887 ] ] ] } },
{ "type": "Feature", "properties": { "vor_id": 1170, "theft_count": 13, "bike_trips": 3654, "theft_per_1000_trips": 3.5577449370552818 }, "geometry": { "type": "Polygon", "coordinates": [ [ [ -79.380989184471446, 43.680116418446346 ], [ -79.384371215011512, 43.686373307830181 ], [ -79.378971499825511, 43.688470166779354 ], [ -79.3809655085212, 43.680110100064788 ], [ -79.380989184471446, 43.680116418446346 ] ] ] } },
{ "type": "Feature", "properties": { "vor_id": 1171, "theft_count": 31, "bike_trips": 2073, "theft_per_1000_trips": 14.954172696575013 }, "geometry": { "type": "Polygon", "coordinates": [ [ [ -79.375989340413483, 43.652657636939672 ], [ -79.376142668007859, 43.65276029361511 ], [ -79.376384175490273, 43.653880452070034 ], [ -79.375984915167578, 43.654044971562726 ], [ -79.375198680470348, 43.654089346490061 ], [ -79.3751902227974, 43.654085860660309 ], [ -79.374962058461193, 43.653086517949731 ], [ -79.375989340413483, 43.652657636939672 ] ] ] } },
{ "type": "Feature", "properties": { "vor_id": 1172, "theft_count": 36, "bike_trips": 6149, "theft_per_1000_trips": 5.8546105057732962 }, "geometry": { "type": "Polygon", "coordinates": [ [ [ -79.379080247768727, 43.713361818119594 ], [ -79.37714334270801, 43.712697401501217 ], [ -79.373366928167513, 43.707643358084432 ], [ -79.376132361835346, 43.703181388940081 ], [ -79.382442172994516, 43.707440018035115 ], [ -79.379080247768727, 43.713361818119594 ] ] ] } },
{ "type": "Feature", "properties": { "vor_id": 1174, "theft_count": 16, "bike_trips": 1076, "theft_per_1000_trips": 14.869888475836431 }, "geometry": { "type": "Polygon", "coordinates": [ [ [ -79.406685201455034, 43.663780889958225 ], [ -79.40662424256854, 43.6638926451852 ], [ -79.406115979306094, 43.664508422198551 ], [ -79.405536148850203, 43.665056739257494 ], [ -79.404712886306044, 43.665399800999687 ], [ -79.404142437038814, 43.665411122029738 ], [ -79.4036186588703, 43.664783571512736 ], [ -79.403405449605231, 43.663790140328082 ], [ -79.404478346392963, 43.663359427642234 ], [ -79.406685201455034, 43.663780889958225 ] ] ] } },
{ "type": "Feature", "properties": { "vor_id": 1176, "theft_count": 22, "bike_trips": 3903, "theft_per_1000_trips": 5.636689725851908 }, "geometry": { "type": "Polygon", "coordinates": [ [ [ -79.355199590501911, 43.682936845119926 ], [ -79.355331684892931, 43.682510269128677 ], [ -79.359318166729011, 43.68139246343793 ], [ -79.363049764057777, 43.683544040273318 ], [ -79.362894548507398, 43.684960558025736 ], [ -79.355199590501911, 43.682936845119926 ] ] ] } },
{ "type": "Feature", "properties": { "vor_id": 1179, "theft_count": 23, "bike_trips": 4722, "theft_per_1000_trips": 4.870817450232952 }, "geometry": { "type": "Polygon", "coordinates": [ [ [ -79.433396391678102, 43.679614165516838 ], [ -79.436481014269305, 43.675944811360992 ], [ -79.437667991206752, 43.676613695717066 ], [ -79.437568634606919, 43.685054184419648 ], [ -79.436104638561332, 43.684319893832686 ], [ -79.435635235873491, 43.683979014786523 ], [ -79.434264622777178, 43.68169841019369 ], [ -79.433396391678102, 43.679614165516838 ] ] ] } },
{ "type": "Feature", "properties": { "vor_id": 1180, "theft_count": 16, "bike_trips": 2151, "theft_per_1000_trips": 7.4384007438400745 }, "geometry": { "type": "Polygon", "coordinates": [ [ [ -79.410343999509081, 43.664051759703128 ], [ -79.410780954238945, 43.666162547931364 ], [ -79.410222958356741, 43.666981230478484 ], [ -79.409607740605949, 43.666941124869787 ], [ -79.408980891136963, 43.663936154847647 ], [ -79.410343999509081, 43.664051759703128 ] ] ] } },
{ "type": "Feature", "properties": { "vor_id": 1182, "theft_count": 9, "bike_trips": 5140, "theft_per_1000_trips": 1.7509727626459144 }, "geometry": { "type": "Polygon", "coordinates": [ [ [ -79.33140929171671, 43.668999378313679 ], [ -79.330933874058104, 43.670826856656902 ], [ -79.327628766116703, 43.672010643249003 ], [ -79.32761100336549, 43.67195926428537 ], [ -79.327474409033684, 43.67040715866532 ], [ -79.331315236135083, 43.668830465845453 ], [ -79.33140929171671, 43.668999378313679 ] ] ] } },
{ "type": "Feature", "properties": { "vor_id": 1185, "theft_count": 10, "bike_trips": 2585, "theft_per_1000_trips": 3.8684719535783367 }, "geometry": { "type": "Polygon", "coordinates": [ [ [ -79.337594804280016, 43.661805808372961 ], [ -79.338517393845848, 43.660023111611437 ], [ -79.339123422902802, 43.662399696148313 ], [ -79.337641546009337, 43.66201827972619 ], [ -79.337594804280016, 43.661805808372961 ] ] ] } },
{ "type": "Feature", "properties": { "vor_id": 1186, "theft_count": 36, "bike_trips": 10974, "theft_per_1000_trips": 3.2804811372334606 }, "geometry": { "type": "Polygon", "coordinates": [ [ [ -79.533726700775816, 43.698278492872959 ], [ -79.54651572993825, 43.684138894341778 ], [ -79.554411425003565, 43.687650754809589 ], [ -79.565537213209808, 43.701719853798835 ], [ -79.543841877354438, 43.707029071009792 ], [ -79.533726700775816, 43.698278492872959 ] ] ] } },
{ "type": "Feature", "properties": { "vor_id": 1188, "theft_count": 16, "bike_trips": 4554, "theft_per_1000_trips": 3.5133948177426442 }, "geometry": { "type": "Polygon", "coordinates": [ [ [ -79.504107309322521, 43.674744149769907 ], [ -79.50014846569735, 43.672785893434437 ], [ -79.499493652688159, 43.671557018516957 ], [ -79.497965190880493, 43.660154289853494 ], [ -79.498859079474613, 43.659737895627394 ], [ -79.509797368833674, 43.670456796170242 ], [ -79.51042267578724, 43.671869729154402 ], [ -79.504107309322521, 43.674744149769907 ] ] ] } },
{ "type": "Feature", "properties": { "vor_id": 1189, "theft_count": 25, "bike_trips": 4578, "theft_per_1000_trips": 5.4608999563128009 }, "geometry": { "type": "Polygon", "coordinates": [ [ [ -79.330809286139768, 43.66120047297693 ], [ -79.330456570581021, 43.661541961350395 ], [ -79.328636832401742, 43.662324510544074 ], [ -79.326966810986264, 43.660718112781019 ], [ -79.330367074953102, 43.659121938576867 ], [ -79.330809286139768, 43.66120047297693 ] ] ] } },
{ "type": "Feature", "properties": { "vor_id": 1191, "theft_count": 10, "bike_trips": 2364, "theft_per_1000_trips": 4.230118443316413 }, "geometry": { "type": "Polygon", "coordinates": [ [ [ -79.419609198702872, 43.684812640067726 ], [ -79.419321898095021, 43.684929504567798 ], [ -79.418871194504007, 43.682855331793142 ], [ -79.419522819695004, 43.682320658634929 ], [ -79.420320375136995, 43.683903210807117 ], [ -79.419609198702872, 43.684812640067726 ] ] ] } },
{ "type": "Feature", "properties": { "vor_id": 1192, "theft_count": 28, "bike_trips": 3772, "theft_per_1000_trips": 7.4231177094379639 }, "geometry": { "type": "Polygon", "coordinates": [ [ [ -79.320351714713325, 43.711883796479704 ], [ -79.321436568709657, 43.709918832983156 ], [ -79.332806065979398, 43.713839836231152 ], [ -79.333071572036047, 43.715811661809369 ], [ -79.33278600814397, 43.716254817181586 ], [ -79.32548186485991, 43.720399705161284 ], [ -79.319765176946021, 43.719345658208248 ], [ -79.320351714713325, 43.711883796479704 ] ] ] } },
{ "type": "Feature", "properties": { "vor_id": 1196, "theft_count": 33, "bike_trips": 2097, "theft_per_1000_trips": 15.736766809728183 }, "geometry": { "type": "Polygon", "coordinates": [ [ [ -79.38631134194425, 43.661078168007641 ], [ -79.386899100056482, 43.661438273655087 ], [ -79.386979266720743, 43.661797598927684 ], [ -79.384992720756273, 43.662391143435052 ], [ -79.384800356500349, 43.662088771206321 ], [ -79.384697811670947, 43.661601256934262 ], [ -79.38631134194425, 43.661078168007641 ] ] ] } },
{ "type": "Feature", "properties": { "vor_id": 1199, "theft_count": 7, "bike_trips": 2138, "theft_per_1000_trips": 3.2740879326473342 }, "geometry": { "type": "Polygon", "coordinates": [ [ [ -79.392930002679108, 43.654836180192206 ], [ -79.392802720192464, 43.655754336465861 ], [ -79.391585223328576, 43.656291055748248 ], [ -79.391314457764111, 43.654986856435059 ], [ -79.392052343868514, 43.654014968896135 ], [ -79.392899354591449, 43.654769221916176 ], [ -79.392930002679108, 43.654836180192206 ] ] ] } },
{ "type": "Feature", "properties": { "vor_id": 1200, "theft_count": 6, "bike_trips": 6250, "theft_per_1000_trips": 0.96 }, "geometry": { "type": "Polygon", "coordinates": [ [ [ -79.267024899953583, 43.718847285221727 ], [ -79.270304821137273, 43.7200208597867 ], [ -79.275064538899201, 43.721213107020247 ], [ -79.279499816946242, 43.72187101836937 ], [ -79.280154293007726, 43.722830085738913 ], [ -79.273912538396317, 43.72882990460154 ], [ -79.271902488905553, 43.727693426168095 ], [ -79.266565551786442, 43.720073997754781 ], [ -79.267024899953583, 43.718847285221727 ] ] ] } },
{ "type": "Feature", "properties": { "vor_id": 1202, "theft_count": 5, "bike_trips": 1038, "theft_per_1000_trips": 4.8169556840077066 }, "geometry": { "type": "Polygon", "coordinates": [ [ [ -79.380614071572438, 43.660996024077654 ], [ -79.378572513406738, 43.661832378780538 ], [ -79.378177710654057, 43.661299473418957 ], [ -79.380134047425216, 43.660472999595846 ], [ -79.380582549988617, 43.660870400647703 ], [ -79.38058866068107, 43.660884605157221 ], [ -79.380614071572438, 43.660996024077654 ] ] ] } },
{ "type": "Feature", "properties": { "vor_id": 1203, "theft_count": 73, "bike_trips": 20550, "theft_per_1000_trips": 3.5523114355231145 }, "geometry": { "type": "MultiPolygon", "coordinates": [ [ [ [ -79.174203112217327, 43.757468334158702 ], [ -79.174385616862935, 43.75785420781127 ], [ -79.176301025625463, 43.761903999381737 ], [ -79.177923360175001, 43.766438120702034 ], [ -79.177954065786508, 43.766523937137265 ], [ -79.178164990607186, 43.76736599622302 ], [ -79.176009110397786, 43.770887390912478 ], [ -79.175519068786571, 43.768931035137271 ], [ -79.174122468526605, 43.76502779889266 ], [ -79.173866028625525, 43.764311097381743 ], [ -79.171768115217418, 43.759875432158701 ], [ -79.171723770582091, 43.759801447604339 ], [ -79.169245532615108, 43.755666757349026 ], [ -79.168030686909404, 43.754028727775719 ], [ -79.169442905617856, 43.753724353417866 ], [ -79.169445165104534, 43.753723786415236 ], [ -79.169447346087708, 43.753723076930697 ], [ -79.169449431385914, 43.753722230553464 ], [ -79.171380341680418, 43.752854902832695 ], [ -79.171680529615031, 43.753259659349006 ], [ -79.174203112217327, 43.757468334158702 ] ] ], [ [ [ -79.132737306224953, 43.786134072387284 ], [ -79.131126673317013, 43.791767642509747 ], [ -79.14515084093847, 43.791793623367042 ], [ -79.155615147347504, 43.806430873788038 ], [ -79.156111674116673, 43.823674878286702 ], [ -79.156092511010186, 43.823686364211994 ], [ -79.155586818183195, 43.822610260549105 ], [ -79.152076707661621, 43.814558564999309 ], [ -79.152075943078998, 43.814557037147878 ], [ -79.151736643079005, 43.813958537074086 ], [ -79.151735498676771, 43.81395677546702 ], [ -79.151734116065896, 43.81395510519031 ], [ -79.151732509085377, 43.813953542962288 ], [ -79.151730693820014, 43.81395210441984 ], [ -79.151728688439363, 43.813950803961774 ], [ -79.151726513015944, 43.813949654604833 ], [ -79.151724189324241, 43.813948667853296 ], [ -79.151721740622889, 43.813947853583898 ], [ -79.151719191421705, 43.813947219946918 ], [ -79.151716567236434, 43.813946773284641 ], [ -79.15171389433344, 43.813946518067873 ], [ -79.151711199466661, 43.813946456851134 ], [ -79.151708509609861, 43.813946590247205 ], [ -79.151460174477947, 43.813967954523619 ], [ -79.151274482757543, 43.813932960936206 ], [ -79.151149520094933, 43.813846614533716 ], [ -79.151031010259388, 43.813691224016161 ], [ -79.150963707510911, 43.813603020399377 ], [ -79.150962227225861, 43.81360129916353 ], [ -79.150864627225857, 43.813499999144696 ], [ -79.150863096281498, 43.813498558599306 ], [ -79.15086138585049, 43.813497227346126 ], [ -79.150729485850491, 43.81340372732442 ], [ -79.150727046571873, 43.813402194535719 ], [ -79.150724370376793, 43.813400883666127 ], [ -79.150493808164754, 43.813301986408781 ], [ -79.150036464320237, 43.813002179749404 ], [ -79.149565930250787, 43.812545300143213 ], [ -79.149564437363992, 43.812543976155467 ], [ -79.149427137364, 43.812432576131371 ], [ -79.149425342078942, 43.812431252242185 ], [ -79.149423380390147, 43.812430057612055 ], [ -79.149421270094564, 43.812429003078933 ], [ -79.14941903033727, 43.812428098209828 ], [ -79.149416681437899, 43.812427351213913 ], [ -79.149193481437905, 43.812365351195062 ], [ -79.149191313914216, 43.81236482415656 ], [ -79.149189092265289, 43.812364431646444 ], [ -79.149017492265273, 43.81233963163853 ], [ -79.149014673943597, 43.812339335088026 ], [ -79.149011827990194, 43.812339254826284 ], [ -79.149008986191802, 43.812339391749731 ], [ -79.148795987341856, 43.812357852979439 ], [ -79.148464980577288, 43.812357852979439 ], [ -79.148088668142009, 43.812315672462731 ], [ -79.147927621929639, 43.812211029938517 ], [ -79.147857553879902, 43.812087055924877 ], [ -79.147835453661202, 43.812047955533117 ], [ -79.147834180122373, 43.812046015953896 ], [ -79.147832618148755, 43.812044189458561 ], [ -79.147830786765908, 43.812042498294723 ], [ -79.147650586765891, 43.811893798262851 ], [ -79.147649014360354, 43.811892606481138 ], [ -79.147647307961492, 43.811891514891876 ], [ -79.147645479787016, 43.811890531310759 ], [ -79.147269347222249, 43.811705502322447 ], [ -79.146884549515491, 43.811452524171187 ], [ -79.146883071373523, 43.811451620374491 ], [ -79.146479671373527, 43.811222420315865 ], [ -79.146477785764972, 43.81122144094082 ], [ -79.146475790272774, 43.811220582398533 ], [ -79.146473699726869, 43.81121985106946 ], [ -79.146471529663586, 43.811219252388618 ], [ -79.146317029663592, 43.811182052377113 ], [ -79.146314623822505, 43.811181561334955 ], [ -79.146312165273045, 43.811181233299791 ], [ -79.146309675176212, 43.811181071095064 ], [ -79.146307174964548, 43.811181076116895 ], [ -79.146304686157563, 43.811181248322036 ], [ -79.1461932040569, 43.811192748975152 ], [ -79.146076354832971, 43.811147806952512 ], [ -79.145991355065135, 43.811080815596732 ], [ -79.145975023096227, 43.810927940760998 ], [ -79.14600258181818, 43.810647777005961 ], [ -79.14605218202081, 43.810142774956013 ], [ -79.146052224475042, 43.810140562788739 ], [ -79.146051918489334, 43.81013836145604 ], [ -79.146026118489331, 43.810020661450068 ], [ -79.146025605683093, 43.810018871666387 ], [ -79.146024862320829, 43.810017124524755 ], [ -79.146023894967655, 43.810015435455313 ], [ -79.146022712166911, 43.810013819375321 ], [ -79.146021324364639, 43.810012290557417 ], [ -79.146019743817433, 43.810010862503596 ], [ -79.146017984484104, 43.810009547825892 ], [ -79.146016061902444, 43.810008358135107 ], [ -79.145938861902451, 43.809964958123942 ], [ -79.145936679506875, 43.809963851946137 ], [ -79.14593435629007, 43.809962906847211 ], [ -79.145931915003757, 43.809962132082717 ], [ -79.145929379555881, 43.80996153524007 ], [ -79.145926774776598, 43.809961122164296 ], [ -79.14592412617499, 43.809960896900691 ], [ -79.145921459689305, 43.809960861655327 ], [ -79.145699903147772, 43.809965849422404 ], [ -79.144946326344538, 43.80996086808284 ], [ -79.144520615062874, 43.809905620818135 ], [ -79.144171929148925, 43.809835506762866 ], [ -79.144078749688688, 43.809806904198361 ], [ -79.143778450586794, 43.809714704446471 ], [ -79.14377640041495, 43.809714144894571 ], [ -79.143150803082065, 43.809564085354211 ], [ -79.142628276578208, 43.80940498172496 ], [ -79.14262596594422, 43.809404366315682 ], [ -79.142623587103373, 43.809403905710901 ], [ -79.142197332106534, 43.809336272965325 ], [ -79.141635917920937, 43.809145897507328 ], [ -79.14115741903845, 43.808893107454665 ], [ -79.14115554350019, 43.808892201149916 ], [ -79.141153569445734, 43.808891411287362 ], [ -79.141023269445725, 43.808844311273653 ], [ -79.141021460552523, 43.808843716574415 ], [ -79.141019595838031, 43.808843219711811 ], [ -79.140696874891475, 43.808766864270432 ], [ -79.140556228043408, 43.80871615856509 ], [ -79.140481322639218, 43.808416052395899 ], [ -79.140480697477443, 43.808414119215151 ], [ -79.14047980249812, 43.808412242095031 ], [ -79.140478647025759, 43.808410440592652 ], [ -79.140477243098829, 43.8084087334773 ], [ -79.140425843098825, 43.808352933467248 ], [ -79.14042434153086, 43.808351458871989 ], [ -79.140422654560439, 43.808350092651558 ], [ -79.140420797122829, 43.808348846901595 ], [ -79.140418785662618, 43.808347732651136 ], [ -79.140416637987883, 43.808346759765044 ], [ -79.140414373112776, 43.808345936856604 ], [ -79.140412011088969, 43.808345271211309 ], [ -79.140409572828261, 43.808344768722364 ], [ -79.140407079917424, 43.808344433838464 ], [ -79.140404554427022, 43.808344269524461 ], [ -79.140402018716074, 43.808344277235072 ], [ -79.140245684221384, 43.808350067403431 ], [ -79.139957955526057, 43.808356620232985 ], [ -79.139625052559154, 43.808331953378293 ], [ -79.13962319865017, 43.808331862484202 ], [ -79.139373779306041, 43.808325857045617 ], [ -79.139176239557742, 43.808224881601717 ], [ -79.138947358595018, 43.808059749657104 ], [ -79.138920363526466, 43.808040253214223 ], [ -79.138918002321503, 43.80803873711254 ], [ -79.138915411400347, 43.808037430929708 ], [ -79.138803811400351, 43.807987930915985 ], [ -79.13880167132595, 43.807987075735838 ], [ -79.138799432613112, 43.807986364123948 ], [ -79.138797113707838, 43.807985801943701 ], [ -79.138677013707834, 43.807961001935936 ], [ -79.138674516658341, 43.807960577951043 ], [ -79.138671975061328, 43.807960327222162 ], [ -79.138669411944988, 43.807960252021019 ], [ -79.138666850532502, 43.807960353028982 ], [ -79.138664314031672, 43.807960629330871 ], [ -79.138587486855442, 43.807971719637045 ], [ -79.138492761062466, 43.807937507980597 ], [ -79.138490260858532, 43.807936716591598 ], [ -79.138487662533549, 43.807936111815053 ], [ -79.138484992753575, 43.807935699857637 ], [ -79.138482278917991, 43.807935484947208 ], [ -79.138479548878337, 43.807935469289333 ], [ -79.138476830652365, 43.807935653044709 ], [ -79.138474152136695, 43.807936034327504 ], [ -79.138405552136675, 43.807948434331415 ], [ -79.138402985877036, 43.807948997510671 ], [ -79.138400509904812, 43.807949742000282 ], [ -79.138398148747797, 43.807950660425085 ], [ -79.138395925796374, 43.807951743686857 ], [ -79.138335937250872, 43.80798422657714 ], [ -79.138291280774212, 43.807980196442585 ], [ -79.138243794926666, 43.80792132098685 ], [ -79.138240244724287, 43.807916913838426 ], [ -79.13820852580001, 43.807802762589461 ], [ -79.138298773719512, 43.807670596772837 ], [ -79.138299845815894, 43.807668805218356 ], [ -79.138300663731172, 43.807666945147218 ], [ -79.138301219230414, 43.807665035287066 ], [ -79.138301506720694, 43.807663094866825 ], [ -79.13830152330749, 43.80766114342314 ], [ -79.138301268823824, 43.807659200603624 ], [ -79.138300745831884, 43.80765728596905 ], [ -79.138299959597276, 43.807655418796443 ], [ -79.138298918036, 43.807653617884959 ], [ -79.138230418036002, 43.807550117870434 ], [ -79.138229281843081, 43.807548581961051 ], [ -79.138227959866697, 43.807547125536587 ], [ -79.138226462701454, 43.807545760269079 ], [ -79.138114862701443, 43.807452860249256 ], [ -79.138112874644278, 43.807451372922621 ], [ -79.138110679130719, 43.807450046224815 ], [ -79.138007679130723, 43.807394246210301 ], [ -79.138005487192615, 43.807393175991251 ], [ -79.138003160369266, 43.807392266085536 ], [ -79.138000721099331, 43.807391525267839 ], [ -79.137998192905897, 43.807390960682227 ], [ -79.137995600169546, 43.807390577773269 ], [ -79.137992967893283, 43.807390380233542 ], [ -79.137990321461402, 43.807390369968026 ], [ -79.137987686394766, 43.807390547075713 ], [ -79.137867486394754, 43.807402947079702 ], [ -79.137864800599885, 43.807403325433484 ], [ -79.13786218181815, 43.807403898396565 ], [ -79.137859657050882, 43.80740466006128 ], [ -79.137857252330122, 43.807405602574399 ], [ -79.13785499245013, 43.80740671621794 ], [ -79.137852900711763, 43.807407989509507 ], [ -79.137850998682211, 43.807409409320627 ], [ -79.137849305972665, 43.807410961012074 ], [ -79.137708605972662, 43.80755436103906 ], [ -79.137707025164616, 43.807556176749245 ], [ -79.137705730950742, 43.807558107015808 ], [ -79.137569995400582, 43.807792731373077 ], [ -79.137496776954691, 43.807888512361899 ], [ -79.137285876643588, 43.807858993421476 ], [ -79.137074109378389, 43.807727077588815 ], [ -79.137072045507637, 43.807725913320432 ], [ -79.137069834752552, 43.807724899159965 ], [ -79.137067498001869, 43.807724044689877 ], [ -79.137065057334752, 43.807723357983818 ], [ -79.13706253581222, 43.807722845530222 ], [ -79.137059957259325, 43.80772251217109 ], [ -79.137057346039924, 43.80772236105625 ], [ -79.137054726826577, 43.80772239361351 ], [ -79.137052124367372, 43.807722609535247 ], [ -79.137049563252063, 43.807723006781316 ], [ -79.136792063252074, 43.80777250679688 ], [ -79.136789830091359, 43.807773011974461 ], [ -79.136787666083478, 43.807773655067137 ], [ -79.136785587547791, 43.807774431225155 ], [ -79.136783610159142, 43.807775334595277 ], [ -79.136586210159152, 43.807874434621766 ], [ -79.136584033985713, 43.807875650670674 ], [ -79.136582041028873, 43.807877020557669 ], [ -79.136580252075532, 43.807878529994561 ], [ -79.13657868578477, 43.807880163237655 ], [ -79.136467085784759, 43.808010263259959 ], [ -79.136466224421227, 43.808011343255529 ], [ -79.136403154877684, 43.808096629454475 ], [ -79.136244415336705, 43.808125306186689 ], [ -79.136082838149221, 43.808142809603545 ], [ -79.135728209003872, 43.808005820384018 ], [ -79.135450810114776, 43.807883189143638 ], [ -79.135050357779548, 43.807562291545416 ], [ -79.134845639236332, 43.807373128780661 ], [ -79.134843978012825, 43.807371734956767 ], [ -79.134842141842114, 43.807370460561557 ], [ -79.134840147132067, 43.807369316982907 ], [ -79.134838011707217, 43.807368314439728 ], [ -79.134835754649501, 43.807367461890671 ], [ -79.134602484972078, 43.807289252484786 ], [ -79.134349215501601, 43.807002934975188 ], [ -79.134347527502413, 43.807001235592381 ], [ -79.134345596466403, 43.806999676806335 ], [ -79.134343444712542, 43.806998276633557 ], [ -79.133945352667894, 43.806765973984547 ], [ -79.133777694892458, 43.806475503915642 ], [ -79.133745979037471, 43.806315151694015 ], [ -79.133735862617812, 43.806264096860318 ], [ -79.133799649204676, 43.805982512017188 ], [ -79.134056054604514, 43.805501179163009 ], [ -79.134056464859967, 43.805500353947515 ], [ -79.134202464859982, 43.805184453980047 ], [ -79.134203136780116, 43.805182743260012 ], [ -79.134203589408443, 43.805180995402353 ], [ -79.134323689408433, 43.8045615954303 ], [ -79.134323935262373, 43.804559531215808 ], [ -79.134323875477705, 43.804557459838733 ], [ -79.134323510732798, 43.804555404803338 ], [ -79.134183610732805, 43.804002704770994 ], [ -79.134183010672785, 43.804000852005487 ], [ -79.13418216264553, 43.803999050420664 ], [ -79.134181074766786, 43.803997317257839 ], [ -79.13364841533722, 43.803248480037432 ], [ -79.133544557946195, 43.803010884484245 ], [ -79.133633764292824, 43.802845867007086 ], [ -79.134038967162269, 43.802439868131735 ], [ -79.134040112218599, 43.802438622544656 ], [ -79.134567144645501, 43.801814515804821 ], [ -79.134836012776148, 43.801625327028873 ], [ -79.135251412874595, 43.801333027027759 ], [ -79.13525304400747, 43.801331773053093 ], [ -79.135254515274539, 43.801330419979074 ], [ -79.135255815170979, 43.801328978386294 ], [ -79.135256933531949, 43.801327459547572 ], [ -79.135428533531936, 43.801067259583988 ], [ -79.135429581309992, 43.801065438187642 ], [ -79.135430368158751, 43.801063549576256 ], [ -79.135430885989138, 43.801061613165437 ], [ -79.135431129477652, 43.801059648862221 ], [ -79.135439729477653, 43.800898548864247 ], [ -79.135439690961732, 43.80089651912543 ], [ -79.135439359562156, 43.800894503337233 ], [ -79.135438738888354, 43.800892523454664 ], [ -79.135437835700387, 43.800890601041672 ], [ -79.135436659835392, 43.800888757036297 ], [ -79.135435224100291, 43.800887011522569 ], [ -79.135263624100304, 43.800701211489006 ], [ -79.135262094675582, 43.80069971567054 ], [ -79.135260374383165, 43.800698332066361 ], [ -79.135258478937487, 43.800697073315348 ], [ -79.135256425653012, 43.800695950915916 ], [ -79.135254233285963, 43.800694975120877 ], [ -79.135251921863059, 43.800694154843903 ], [ -79.135249512498604, 43.800693497578045 ], [ -79.135247027201544, 43.80069300932724 ], [ -79.135244488674417, 43.800692694551557 ], [ -79.135241920106068, 43.800692556126393 ], [ -79.135239344959729, 43.800692595316228 ], [ -79.134990344959732, 43.80070499532026 ], [ -79.134987991110904, 43.800705187865063 ], [ -79.134985669783347, 43.800705528858344 ], [ -79.134711069783364, 43.800755028873972 ], [ -79.134709133483682, 43.800755434012309 ], [ -79.134707244564012, 43.800755942489346 ], [ -79.133119344563994, 43.801232942632716 ], [ -79.133117169207239, 43.801233679870691 ], [ -79.131634174944381, 43.801795823719665 ], [ -79.13122414154607, 43.801838366046248 ], [ -79.130776420707804, 43.801795749386415 ], [ -79.130255417593432, 43.80164055692223 ], [ -79.129660461759798, 43.801369833045712 ], [ -79.128266851039371, 43.800563920585759 ], [ -79.128264792028375, 43.800562841006943 ], [ -79.127746992028378, 43.800317440940162 ], [ -79.127744516872852, 43.8003163993952 ], [ -79.127741902503473, 43.800315553393716 ], [ -79.127054002503471, 43.800123953335522 ], [ -79.127051073977071, 43.800123273489014 ], [ -79.127048057184282, 43.800122838956085 ], [ -79.127044991434559, 43.800122655398802 ], [ -79.126710291434577, 43.800116455396783 ], [ -79.126707709310125, 43.800116496921603 ], [ -79.126705144551295, 43.8001167166599 ], [ -79.12670262071488, 43.800117112593398 ], [ -79.126351841481423, 43.800184995723129 ], [ -79.125586319913054, 43.800283200528469 ], [ -79.125272597560624, 43.800223668279244 ], [ -79.124680641156374, 43.799814678327586 ], [ -79.124203545108585, 43.799045924202389 ], [ -79.124112385125912, 43.798678524815479 ], [ -79.124195449381276, 43.798250333046994 ], [ -79.124392392838359, 43.797731136657482 ], [ -79.124393000128563, 43.797729121802639 ], [ -79.12439330851231, 43.797727071867946 ], [ -79.124393314524326, 43.797725009888566 ], [ -79.124393018097038, 43.797722959035021 ], [ -79.124392422561385, 43.797720942352832 ], [ -79.124332322561386, 43.797559842339183 ], [ -79.124331450136467, 43.797557911526887 ], [ -79.124330303555823, 43.79755605689423 ], [ -79.124328895318087, 43.797554298658142 ], [ -79.124327240774093, 43.797552655984731 ], [ -79.124325357959677, 43.797551146780428 ], [ -79.124136557959673, 43.797414846749064 ], [ -79.124134489627622, 43.797413500478498 ], [ -79.124132239839469, 43.797412315476905 ], [ -79.124129832623908, 43.797411304400583 ], [ -79.123546232623909, 43.797194504337831 ], [ -79.123543881288938, 43.797193731386614 ], [ -79.123541438210864, 43.797193124513264 ], [ -79.123538925845224, 43.79719268929589 ], [ -79.123536367284473, 43.797192429734785 ], [ -79.12353378604567, 43.79719234821571 ], [ -79.123531205854263, 43.797192445487958 ], [ -79.123178205854259, 43.797218045496244 ], [ -79.123176013457382, 43.797218270491697 ], [ -79.123173854054315, 43.79721862464892 ], [ -79.123171742225196, 43.797219105576659 ], [ -79.122487823649934, 43.79739746712734 ], [ -79.122099273009823, 43.79745848573787 ], [ -79.121902243766442, 43.797440695713057 ], [ -79.121641809076465, 43.797349773541114 ], [ -79.121441144331769, 43.797253142726149 ], [ -79.120200413608032, 43.796069432845684 ], [ -79.120136625420912, 43.795884985060844 ], [ -79.120160729387734, 43.795763437544821 ], [ -79.120359152339489, 43.795566555779416 ], [ -79.120608365358308, 43.795470511006357 ], [ -79.120957278767349, 43.795402988994987 ], [ -79.120960048604346, 43.795402335227458 ], [ -79.120962704450605, 43.795401469404155 ], [ -79.120965215251218, 43.795400401649154 ], [ -79.120967551647311, 43.795399144447771 ], [ -79.121173551647303, 43.795275244478766 ], [ -79.121175525208486, 43.795273931931476 ], [ -79.121177308138613, 43.795272484214273 ], [ -79.121178882758713, 43.795270915682224 ], [ -79.121180233455362, 43.79526924188842 ], [ -79.121181346835442, 43.79526747942964 ], [ -79.121182211859065, 43.795265645781875 ], [ -79.121250911859079, 43.795092145797405 ], [ -79.121251529059037, 43.795090222546889 ], [ -79.121251873024207, 43.795088264045944 ], [ -79.121251940211891, 43.795086290466074 ], [ -79.121251729930108, 43.795084322134052 ], [ -79.121251244344663, 43.795082379322629 ], [ -79.12119114434465, 43.794896479308882 ], [ -79.121190495673545, 43.794894812049407 ], [ -79.121189644149524, 43.794893193038611 ], [ -79.121188596521165, 43.794891635107618 ], [ -79.121187361091231, 43.794890150603457 ], [ -79.121185947650829, 43.794888751291261 ], [ -79.121014347650842, 43.794733851259778 ], [ -79.121012640874326, 43.794732453463851 ], [ -79.12101075665926, 43.794731179947604 ], [ -79.121008712291982, 43.794730042394598 ], [ -79.121006526528049, 43.794729051241099 ], [ -79.121004219420314, 43.794728215580214 ], [ -79.12100181213475, 43.794727543078544 ], [ -79.120770012134756, 43.794671843061337 ], [ -79.120767688001877, 43.794671366969752 ], [ -79.120765314139746, 43.79467104303157 ], [ -79.120762909625668, 43.794670873850102 ], [ -79.12076049378328, 43.79467086078494 ], [ -79.120758086027251, 43.794671003941083 ], [ -79.120423439530953, 43.794701852926998 ], [ -79.119527569796148, 43.794757353701428 ], [ -79.118982346740964, 43.794665159966108 ], [ -79.11897913263374, 43.794664762739394 ], [ -79.118722832244345, 43.79464451038146 ], [ -79.117974746722126, 43.794393855402902 ], [ -79.117972680515919, 43.794393236966116 ], [ -79.117970550376825, 43.794392744342311 ], [ -79.117968370979185, 43.794392380925139 ], [ -79.117693770979201, 43.794355180913236 ], [ -79.117691296220926, 43.794354930746657 ], [ -79.1176888, 43.794354847118122 ], [ -79.1175, 43.794354847118122 ], [ -79.117497324121331, 43.794354943248621 ], [ -79.11749467468951, 43.794355230690002 ], [ -79.117492077889949, 43.794355706601372 ], [ -79.117045677889948, 43.794454806632196 ], [ -79.117042835770448, 43.794455566273321 ], [ -79.117040129785877, 43.794456551457166 ], [ -79.117037594158774, 43.79445774972411 ], [ -79.11667709415876, 43.79464984977443 ], [ -79.116674885102341, 43.794651163266224 ], [ -79.116472290186962, 43.794785275427948 ], [ -79.116069742723269, 43.794912390575554 ], [ -79.11572932306737, 43.794908969762503 ], [ -79.115513481597802, 43.794882926724874 ], [ -79.115349450641659, 43.794854427483237 ], [ -79.115319410825165, 43.794795120291198 ], [ -79.115318465655079, 43.794793488428546 ], [ -79.115317319046, 43.7947919252804 ], [ -79.115315980477334, 43.794790443769827 ], [ -79.115314461015458, 43.794789056144964 ], [ -79.113252522714376, 43.793072562856878 ], [ -79.124437355595106, 43.779749185296694 ], [ -79.131891707235013, 43.773370007269136 ], [ -79.134201600830281, 43.783906970902429 ], [ -79.132737306224953, 43.786134072387284 ] ] ] ] } },
{ "type": "Feature", "properties": { "vor_id": 1204, "theft_count": 2, "bike_trips": 2361, "theft_per_1000_trips": 0.84709868699703517 }, "geometry": { "type": "Polygon", "coordinates": [ [ [ -79.442708293911821, 43.6915765123996 ], [ -79.447769011809882, 43.689507283680918 ], [ -79.448026582292911, 43.6902598533336 ], [ -79.44798027247532, 43.690395183310685 ], [ -79.447069572368974, 43.691638374861022 ], [ -79.443152040220312, 43.693019364662049 ], [ -79.442708293911821, 43.6915765123996 ] ] ] } },
{ "type": "Feature", "properties": { "vor_id": 1205, "theft_count": 5, "bike_trips": 1295, "theft_per_1000_trips": 3.8610038610038613 }, "geometry": { "type": "Polygon", "coordinates": [ [ [ -79.347822071990265, 43.661421310065464 ], [ -79.345686688856986, 43.662299585227629 ], [ -79.345542855347404, 43.662124770348328 ], [ -79.346279788968531, 43.660163629147114 ], [ -79.347735427912028, 43.661036105553606 ], [ -79.347822071990265, 43.661421310065464 ] ] ] } },
{ "type": "Feature", "properties": { "vor_id": 1207, "theft_count": 30, "bike_trips": 3045, "theft_per_1000_trips": 9.8522167487684733 }, "geometry": { "type": "Polygon", "coordinates": [ [ [ -79.358908190897509, 43.653090592111873 ], [ -79.358387420399822, 43.654102858404798 ], [ -79.357395189468164, 43.654744797617383 ], [ -79.356885861906846, 43.654861432902287 ], [ -79.356485532061001, 43.653205743099939 ], [ -79.356727069273731, 43.652358964431734 ], [ -79.358778769923831, 43.652631841471198 ], [ -79.358908190897509, 43.653090592111873 ] ] ] } },
{ "type": "Feature", "properties": { "vor_id": 1208, "theft_count": 23, "bike_trips": 6272, "theft_per_1000_trips": 3.6670918367346941 }, "geometry": { "type": "Polygon", "coordinates": [ [ [ -79.504242876959182, 43.654778408668896 ], [ -79.503086441571469, 43.656804155568629 ], [ -79.498859079474613, 43.659737895627394 ], [ -79.497965190880493, 43.660154289853494 ], [ -79.496204808348736, 43.659759458644174 ], [ -79.495627666977626, 43.659371102585169 ], [ -79.491385098109831, 43.654167709568675 ], [ -79.49868230617254, 43.646315950952697 ], [ -79.498878823130426, 43.64643788871517 ], [ -79.504242876959182, 43.654778408668896 ] ] ] } },
{ "type": "Feature", "properties": { "vor_id": 1209, "theft_count": 5, "bike_trips": 6196, "theft_per_1000_trips": 0.80697224015493862 }, "geometry": { "type": "Polygon", "coordinates": [ [ [ -79.239749620600733, 43.741535107839248 ], [ -79.241580352015461, 43.74591521099709 ], [ -79.228569712508943, 43.751387476646855 ], [ -79.230944831002276, 43.741622969526539 ], [ -79.239749620600733, 43.741535107839248 ] ] ] } },
{ "type": "Feature", "properties": { "vor_id": 1211, "theft_count": 23, "bike_trips": 3840, "theft_per_1000_trips": 5.9895833333333339 }, "geometry": { "type": "Polygon", "coordinates": [ [ [ -79.330360704329152, 43.685018191931462 ], [ -79.33138707604526, 43.685371274815367 ], [ -79.33230583065972, 43.68598647390268 ], [ -79.327965050077268, 43.690305755059804 ], [ -79.324151122069992, 43.689893047059961 ], [ -79.32557410614271, 43.68701982546785 ], [ -79.330360704329152, 43.685018191931462 ] ] ] } },
{ "type": "Feature", "properties": { "vor_id": 1212, "theft_count": 15, "bike_trips": 1079, "theft_per_1000_trips": 13.901760889712696 }, "geometry": { "type": "Polygon", "coordinates": [ [ [ -79.400797489542796, 43.650989053754181 ], [ -79.400899778277036, 43.649915381148077 ], [ -79.401331660348362, 43.649417774252434 ], [ -79.4019716506713, 43.648972934421622 ], [ -79.403198405072828, 43.648464166176026 ], [ -79.403275792644408, 43.648493200957979 ], [ -79.404587246493691, 43.650818860169537 ], [ -79.404059614194935, 43.651172354349001 ], [ -79.402648825121076, 43.651783228737131 ], [ -79.402593042019987, 43.651785345531316 ], [ -79.400834060386444, 43.651062026895247 ], [ -79.400797489542796, 43.650989053754181 ] ] ] } },
{ "type": "Feature", "properties": { "vor_id": 1213, "theft_count": 2, "bike_trips": 3185, "theft_per_1000_trips": 0.62794348508634223 }, "geometry": { "type": "Polygon", "coordinates": [ [ [ -79.191506696274587, 43.769712694657343 ], [ -79.199336134878905, 43.775367151796878 ], [ -79.199517054481291, 43.775579510954763 ], [ -79.199585199442694, 43.776117626499897 ], [ -79.185457655305342, 43.774869293995053 ], [ -79.191506696274587, 43.769712694657343 ] ] ] } },
{ "type": "Feature", "properties": { "vor_id": 1214, "theft_count": 16, "bike_trips": 3522, "theft_per_1000_trips": 4.5428733674048836 }, "geometry": { "type": "Polygon", "coordinates": [ [ [ -79.448818873143153, 43.683327147890736 ], [ -79.45848882971562, 43.687231734324634 ], [ -79.457452161894551, 43.689125161813671 ], [ -79.453507066909225, 43.693450781292533 ], [ -79.448026582292911, 43.6902598533336 ], [ -79.447769011809882, 43.689507283680918 ], [ -79.447621977262401, 43.683539938863575 ], [ -79.44767254459849, 43.683493957527496 ], [ -79.448818873143153, 43.683327147890736 ] ] ] } },
{ "type": "Feature", "properties": { "vor_id": 1215, "theft_count": 22, "bike_trips": 2219, "theft_per_1000_trips": 9.9143758449752148 }, "geometry": { "type": "Polygon", "coordinates": [ [ [ -79.425978942954103, 43.660566562422282 ], [ -79.426715822079515, 43.659777764508782 ], [ -79.427109513087288, 43.6600131301049 ], [ -79.427582614784498, 43.662246115757839 ], [ -79.427228207559196, 43.662979717026744 ], [ -79.426468053647454, 43.662875758924478 ], [ -79.425978942954103, 43.660566562422282 ] ] ] } },
{ "type": "Feature", "properties": { "vor_id": 1217, "theft_count": 24, "bike_trips": 3060, "theft_per_1000_trips": 7.8431372549019605 }, "geometry": { "type": "Polygon", "coordinates": [ [ [ -79.365365939256904, 43.66257272272675 ], [ -79.365682822516831, 43.660298575896924 ], [ -79.36697692194862, 43.659772732765674 ], [ -79.367375988091425, 43.6597673190413 ], [ -79.367696144391573, 43.659961803632235 ], [ -79.368134689323711, 43.660450334512959 ], [ -79.367172614689011, 43.661886691363826 ], [ -79.365387007235384, 43.662606344336481 ], [ -79.365365939256904, 43.66257272272675 ] ] ] } },
{ "type": "Feature", "properties": { "vor_id": 1221, "theft_count": 10, "bike_trips": 2149, "theft_per_1000_trips": 4.6533271288971614 }, "geometry": { "type": "Polygon", "coordinates": [ [ [ -79.397750863330259, 43.654685495467369 ], [ -79.399640446700005, 43.654619664820601 ], [ -79.399699110626699, 43.654732194888425 ], [ -79.399714445984031, 43.654924082835507 ], [ -79.399100997432413, 43.655324676617056 ], [ -79.398072076715124, 43.655694178950263 ], [ -79.397934753482843, 43.655582975643945 ], [ -79.397750863330259, 43.654685495467369 ] ] ] } },
{ "type": "Feature", "properties": { "vor_id": 1223, "theft_count": 3, "bike_trips": 3597, "theft_per_1000_trips": 0.8340283569641368 }, "geometry": { "type": "Polygon", "coordinates": [ [ [ -79.41602359810021, 43.701953486503911 ], [ -79.4158386912694, 43.701960401856148 ], [ -79.411431351993286, 43.699142551480733 ], [ -79.411176432088837, 43.698387221527312 ], [ -79.411206519618133, 43.69489264905436 ], [ -79.411801651897989, 43.69468459296629 ], [ -79.417329474572995, 43.69350512414286 ], [ -79.418892841450699, 43.695653819551829 ], [ -79.41764091451536, 43.70063959758248 ], [ -79.41602359810021, 43.701953486503911 ] ] ] } },
{ "type": "Feature", "properties": { "vor_id": 1224, "theft_count": 3, "bike_trips": 5967, "theft_per_1000_trips": 0.50276520864756158 }, "geometry": { "type": "Polygon", "coordinates": [ [ [ -79.357002595970158, 43.781021201189986 ], [ -79.361875327797435, 43.773010717618952 ], [ -79.372006152396807, 43.780628692618492 ], [ -79.372080460244575, 43.780796428002489 ], [ -79.364820422436267, 43.783720143974492 ], [ -79.357167792113913, 43.781318899964674 ], [ -79.357002595970158, 43.781021201189986 ] ] ] } },
{ "type": "Feature", "properties": { "vor_id": 1225, "theft_count": 30, "bike_trips": 6423, "theft_per_1000_trips": 4.6707146193367581 }, "geometry": { "type": "Polygon", "coordinates": [ [ [ -79.335017563052588, 43.682187602811155 ], [ -79.336105297025142, 43.681883538399376 ], [ -79.339638271256959, 43.683391543821372 ], [ -79.340482257985997, 43.68504332076882 ], [ -79.336332573442505, 43.688864286408609 ], [ -79.332919567974443, 43.685970907341733 ], [ -79.332930554040573, 43.685940029171157 ], [ -79.335017563052588, 43.682187602811155 ] ] ] } },
{ "type": "Feature", "properties": { "vor_id": 1226, "theft_count": 30, "bike_trips": 2379, "theft_per_1000_trips": 12.610340479192939 }, "geometry": { "type": "Polygon", "coordinates": [ [ [ -79.447574334537379, 43.710982476992335 ], [ -79.452904628781795, 43.708364112655019 ], [ -79.453699266138798, 43.715368760237062 ], [ -79.452200955355835, 43.717634292605446 ], [ -79.44692840981061, 43.711827288906093 ], [ -79.447574334537379, 43.710982476992335 ] ] ] } },
{ "type": "Feature", "properties": { "vor_id": 1233, "theft_count": 11, "bike_trips": 1185, "theft_per_1000_trips": 9.2827004219409286 }, "geometry": { "type": "Polygon", "coordinates": [ [ [ -79.425281495463878, 43.696522568487403 ], [ -79.42460662421999, 43.694239272432945 ], [ -79.427544273835565, 43.693387751180992 ], [ -79.427589278934676, 43.696220398653757 ], [ -79.425281495463878, 43.696522568487403 ] ] ] } },
{ "type": "Feature", "properties": { "vor_id": 1235, "theft_count": 33, "bike_trips": 6567, "theft_per_1000_trips": 5.025125628140704 }, "geometry": { "type": "Polygon", "coordinates": [ [ [ -79.486181560178679, 43.622139491115675 ], [ -79.487489280883011, 43.625380572258244 ], [ -79.488022323437875, 43.62923857421513 ], [ -79.487763887339042, 43.630846548461982 ], [ -79.483499753015565, 43.631822936839278 ], [ -79.483458488853785, 43.631748465130585 ], [ -79.482522699125397, 43.625868162779348 ], [ -79.483881688718796, 43.623417109456675 ], [ -79.484814046395641, 43.622811367010627 ], [ -79.486181560178679, 43.622139491115675 ] ] ] } },
{ "type": "Feature", "properties": { "vor_id": 1236, "theft_count": 27, "bike_trips": 4222, "theft_per_1000_trips": 6.3950734249171006 }, "geometry": { "type": "Polygon", "coordinates": [ [ [ -79.381287206001119, 43.648948293823359 ], [ -79.379716070959432, 43.649611609666572 ], [ -79.379432218493889, 43.648286178518561 ], [ -79.37944176251699, 43.64822143882585 ], [ -79.381538191227179, 43.647327804530043 ], [ -79.381751970285109, 43.647526966448304 ], [ -79.381834193183252, 43.647899042121153 ], [ -79.381287206001119, 43.648948293823359 ] ] ] } },
{ "type": "Feature", "properties": { "vor_id": 1237, "theft_count": 22, "bike_trips": 2054, "theft_per_1000_trips": 10.710808179162608 }, "geometry": { "type": "Polygon", "coordinates": [ [ [ -79.36708889402604, 43.64690036070121 ], [ -79.367383321893115, 43.64666940092561 ], [ -79.369225468135724, 43.646397624414284 ], [ -79.369149321642382, 43.649700389456562 ], [ -79.369035785282264, 43.649898359542021 ], [ -79.367322840032742, 43.649281822432471 ], [ -79.367199373653165, 43.648743012837791 ], [ -79.36708889402604, 43.64690036070121 ] ] ] } },
{ "type": "Feature", "properties": { "vor_id": 1238, "theft_count": 7, "bike_trips": 2413, "theft_per_1000_trips": 2.9009531703273934 }, "geometry": { "type": "Polygon", "coordinates": [ [ [ -79.40212534463646, 43.6936339109701 ], [ -79.398447010409129, 43.695396754009401 ], [ -79.398310710889206, 43.694677875816431 ], [ -79.398366206797661, 43.69221548421519 ], [ -79.399907183714774, 43.691627341205795 ], [ -79.40212534463646, 43.6936339109701 ] ] ] } },
{ "type": "Feature", "properties": { "vor_id": 1240, "theft_count": 17, "bike_trips": 4767, "theft_per_1000_trips": 3.5661841829242711 }, "geometry": { "type": "Polygon", "coordinates": [ [ [ -79.190239123638264, 43.764422415945717 ], [ -79.190261104489963, 43.766177307884668 ], [ -79.181727274687233, 43.76881017064531 ], [ -79.179821248085744, 43.764660680656839 ], [ -79.176015120974839, 43.750772997928472 ], [ -79.176801331277588, 43.750419831514314 ], [ -79.178601374332274, 43.749611263408326 ], [ -79.186683417045643, 43.757222814685633 ], [ -79.190239123638264, 43.764422415945717 ] ] ] } },
{ "type": "Feature", "properties": { "vor_id": 1241, "theft_count": 29, "bike_trips": 4896, "theft_per_1000_trips": 5.9232026143790844 }, "geometry": { "type": "Polygon", "coordinates": [ [ [ -79.411020016636328, 43.741314370705645 ], [ -79.410083625893918, 43.743998493128416 ], [ -79.404828116187886, 43.744710529473693 ], [ -79.404499198693273, 43.744698297307608 ], [ -79.401497317425751, 43.741101642332097 ], [ -79.405745020163579, 43.735380113913436 ], [ -79.406641140445913, 43.735529497061094 ], [ -79.411020016636328, 43.741314370705645 ] ] ] } },
{ "type": "Feature", "properties": { "vor_id": 1243, "theft_count": 0, "bike_trips": 2315, "theft_per_1000_trips": 0.0 }, "geometry": { "type": "Polygon", "coordinates": [ [ [ -79.356473589661988, 43.665323782491583 ], [ -79.358832610369475, 43.666167853597429 ], [ -79.35759550399392, 43.668231471538483 ], [ -79.356459131346298, 43.667732185071749 ], [ -79.356473589661988, 43.665323782491583 ] ] ] } },
{ "type": "Feature", "properties": { "vor_id": 1246, "theft_count": 17, "bike_trips": 1074, "theft_per_1000_trips": 15.828677839851025 }, "geometry": { "type": "Polygon", "coordinates": [ [ [ -79.401890069531447, 43.670793220746958 ], [ -79.402588566352946, 43.670191908380502 ], [ -79.403984225462139, 43.67114058234457 ], [ -79.40456291193594, 43.673921985484967 ], [ -79.402458515244291, 43.67349920970819 ], [ -79.401890069531447, 43.670793220746958 ] ] ] } },
{ "type": "Feature", "properties": { "vor_id": 1249, "theft_count": 31, "bike_trips": 3347, "theft_per_1000_trips": 9.2620256946519266 }, "geometry": { "type": "Polygon", "coordinates": [ [ [ -79.40785900967488, 43.672748283191616 ], [ -79.408293074546819, 43.672931101452839 ], [ -79.409341407524948, 43.676086624656072 ], [ -79.406411948918802, 43.675921764825262 ], [ -79.405779128376807, 43.675298656650625 ], [ -79.405764518405348, 43.674741774716395 ], [ -79.405898755699653, 43.67453444405654 ], [ -79.40785900967488, 43.672748283191616 ] ] ] } },
{ "type": "Feature", "properties": { "vor_id": 1252, "theft_count": 0, "bike_trips": 4475, "theft_per_1000_trips": 0.0 }, "geometry": { "type": "Polygon", "coordinates": [ [ [ -79.541030443112547, 43.770029019617134 ], [ -79.541359195909763, 43.771341474564025 ], [ -79.540133404934735, 43.771586858999079 ], [ -79.541030443112547, 43.770029019617134 ] ] ] } },
{ "type": "Feature", "properties": { "vor_id": 1253, "theft_count": 26, "bike_trips": 8640, "theft_per_1000_trips": 3.0092592592592591 }, "geometry": { "type": "Polygon", "coordinates": [ [ [ -79.379290868495843, 43.733970790140098 ], [ -79.373918058304554, 43.733846195684848 ], [ -79.371827810637058, 43.717891509757372 ], [ -79.372898446508742, 43.715931061670908 ], [ -79.37714334270801, 43.712697401501217 ], [ -79.379080247768727, 43.713361818119594 ], [ -79.384911308331709, 43.720959608510249 ], [ -79.379290868495843, 43.733970790140098 ] ] ] } },
{ "type": "Feature", "properties": { "vor_id": 1255, "theft_count": 14, "bike_trips": 2238, "theft_per_1000_trips": 6.2555853440571942 }, "geometry": { "type": "Polygon", "coordinates": [ [ [ -79.374594449748102, 43.6723541613515 ], [ -79.374534462169308, 43.670244268447227 ], [ -79.375461412814985, 43.670442242113396 ], [ -79.376219239819946, 43.671691129672304 ], [ -79.375608088166913, 43.672500785772641 ], [ -79.374594449748102, 43.6723541613515 ] ] ] } },
{ "type": "Feature", "properties": { "vor_id": 1257, "theft_count": 5, "bike_trips": 6250, "theft_per_1000_trips": 0.8 }, "geometry": { "type": "Polygon", "coordinates": [ [ [ -79.266565551786442, 43.720073997754781 ], [ -79.271902488905553, 43.727693426168095 ], [ -79.265877855232134, 43.730267508809433 ], [ -79.257861617728267, 43.728237904185626 ], [ -79.256561723049259, 43.725767571210206 ], [ -79.266565551786442, 43.720073997754781 ] ] ] } },
{ "type": "Feature", "properties": { "vor_id": 1261, "theft_count": 57, "bike_trips": 1043, "theft_per_1000_trips": 54.650047938638544 }, "geometry": { "type": "Polygon", "coordinates": [ [ [ -79.385841498108377, 43.671223911990396 ], [ -79.386028385631221, 43.672133562752812 ], [ -79.3860059112952, 43.672665914062996 ], [ -79.385950584029331, 43.673127851097796 ], [ -79.385865330998499, 43.673432386252472 ], [ -79.385542645070558, 43.673488973830239 ], [ -79.384386345530459, 43.673297567444706 ], [ -79.384009944271071, 43.671477105106469 ], [ -79.385542640547953, 43.670818668220086 ], [ -79.385841498108377, 43.671223911990396 ] ] ] } },
{ "type": "Feature", "properties": { "vor_id": 1265, "theft_count": 8, "bike_trips": 3315, "theft_per_1000_trips": 2.4132730015082959 }, "geometry": { "type": "Polygon", "coordinates": [ [ [ -79.42429772067392, 43.651239841483189 ], [ -79.424085289767575, 43.650182615784033 ], [ -79.425814048512152, 43.6494277912836 ], [ -79.426531060230587, 43.650170152837276 ], [ -79.426436994690903, 43.650380916076742 ], [ -79.42429772067392, 43.651239841483189 ] ] ] } },
{ "type": "Feature", "properties": { "vor_id": 1267, "theft_count": 7, "bike_trips": 2172, "theft_per_1000_trips": 3.2228360957642725 }, "geometry": { "type": "Polygon", "coordinates": [ [ [ -79.399856305164903, 43.634171361524423 ], [ -79.400486335121442, 43.635346340933161 ], [ -79.400416958852801, 43.635801539140459 ], [ -79.399829359452823, 43.63579399533122 ], [ -79.399031690027911, 43.634292232663718 ], [ -79.399856305164903, 43.634171361524423 ] ] ] } },
{ "type": "Feature", "properties": { "vor_id": 1268, "theft_count": 18, "bike_trips": 1295, "theft_per_1000_trips": 13.899613899613898 }, "geometry": { "type": "Polygon", "coordinates": [ [ [ -79.346028883504474, 43.663714268634862 ], [ -79.349728494254165, 43.662230703546378 ], [ -79.350427411158691, 43.662649618217493 ], [ -79.350663418197172, 43.662761241233568 ], [ -79.350904426109153, 43.663799896895881 ], [ -79.348259352795566, 43.664887920798641 ], [ -79.346028883504474, 43.663714268634862 ] ] ] } },
{ "type": "Feature", "properties": { "vor_id": 1269, "theft_count": 16, "bike_trips": 2539, "theft_per_1000_trips": 6.3016935801496654 }, "geometry": { "type": "Polygon", "coordinates": [ [ [ -79.303849009763397, 43.666509433171484 ], [ -79.30465175018341, 43.668538212684496 ], [ -79.304154013686983, 43.669861421159162 ], [ -79.303032287742411, 43.670252781826477 ], [ -79.300408270994666, 43.662696260125948 ], [ -79.303849009763397, 43.666509433171484 ] ] ] } },
{ "type": "Feature", "properties": { "vor_id": 1272, "theft_count": 38, "bike_trips": 3533, "theft_per_1000_trips": 10.755731672799321 }, "geometry": { "type": "Polygon", "coordinates": [ [ [ -79.44767254459849, 43.683493957527496 ], [ -79.447621977262401, 43.683539938863575 ], [ -79.442436075187928, 43.684015154915159 ], [ -79.440192674396371, 43.676003402127009 ], [ -79.441706327895048, 43.675222811553823 ], [ -79.446238246506894, 43.677078719289092 ], [ -79.44767254459849, 43.683493957527496 ] ] ] } },
{ "type": "Feature", "properties": { "vor_id": 1274, "theft_count": 7, "bike_trips": 2237, "theft_per_1000_trips": 3.1291908806437192 }, "geometry": { "type": "Polygon", "coordinates": [ [ [ -79.434855138634248, 43.638499013324889 ], [ -79.434573637326935, 43.639446059927288 ], [ -79.43185751469106, 43.638280986662345 ], [ -79.431501177426568, 43.636546519190681 ], [ -79.434007683454681, 43.634383467026296 ], [ -79.434855138634248, 43.638499013324889 ] ] ] } },
{ "type": "Feature", "properties": { "vor_id": 1276, "theft_count": 16, "bike_trips": 5292, "theft_per_1000_trips": 3.0234315948601664 }, "geometry": { "type": "Polygon", "coordinates": [ [ [ -79.321183343498532, 43.666700741041652 ], [ -79.319113384972496, 43.667560022851319 ], [ -79.317477820475972, 43.666308101882791 ], [ -79.316171593976307, 43.659086848226195 ], [ -79.316780433205267, 43.656466199482601 ], [ -79.321183343498532, 43.666700741041652 ] ] ] } },
{ "type": "Feature", "properties": { "vor_id": 1281, "theft_count": 18, "bike_trips": 2239, "theft_per_1000_trips": 8.0393032603841004 }, "geometry": { "type": "Polygon", "coordinates": [ [ [ -79.451963972417531, 43.661895262667386 ], [ -79.453564042904418, 43.660698054735597 ], [ -79.455547657230184, 43.66295769221697 ], [ -79.451786315370185, 43.663576059417103 ], [ -79.451963972417531, 43.661895262667386 ] ] ] } },
{ "type": "Feature", "properties": { "vor_id": 1283, "theft_count": 22, "bike_trips": 3393, "theft_per_1000_trips": 6.4839375184202765 }, "geometry": { "type": "Polygon", "coordinates": [ [ [ -79.464400623926551, 43.644229638363242 ], [ -79.468407128435828, 43.634420198518434 ], [ -79.47066701369161, 43.640898939049009 ], [ -79.470911874510321, 43.642286064634185 ], [ -79.470044994953184, 43.644856398724031 ], [ -79.466580200025888, 43.645370103366034 ], [ -79.464832151378943, 43.644967993391255 ], [ -79.464400623926551, 43.644229638363242 ] ] ] } },
{ "type": "Feature", "properties": { "vor_id": 1289, "theft_count": 20, "bike_trips": 5676, "theft_per_1000_trips": 3.5236081747709656 }, "geometry": { "type": "Polygon", "coordinates": [ [ [ -79.284785733295266, 43.679227563078499 ], [ -79.284890117461742, 43.679301483468478 ], [ -79.285241190100976, 43.683328876392686 ], [ -79.279924579123573, 43.681263125462777 ], [ -79.284785733295266, 43.679227563078499 ] ] ] } },
{ "type": "Feature", "properties": { "vor_id": 1291, "theft_count": 15, "bike_trips": 4457, "theft_per_1000_trips": 3.365492483733453 }, "geometry": { "type": "Polygon", "coordinates": [ [ [ -79.42920937089049, 43.641233940095489 ], [ -79.429317455371518, 43.641176321769329 ], [ -79.431148279868765, 43.640934108313935 ], [ -79.43130280903371, 43.641116132197048 ], [ -79.431429385843629, 43.641743531121833 ], [ -79.429561461438738, 43.643874031905838 ], [ -79.428862000001956, 43.643204920253794 ], [ -79.429161133145996, 43.641376230930639 ], [ -79.42920937089049, 43.641233940095489 ] ] ] } },
{ "type": "Feature", "properties": { "vor_id": 1295, "theft_count": 14, "bike_trips": 3882, "theft_per_1000_trips": 3.6063884595569293 }, "geometry": { "type": "Polygon", "coordinates": [ [ [ -79.343709496889062, 43.658266056799022 ], [ -79.346218736349002, 43.660127035615226 ], [ -79.346279788968531, 43.660163629147114 ], [ -79.345542855347404, 43.662124770348328 ], [ -79.345020807926502, 43.661850047467475 ], [ -79.343151117381581, 43.65940763184075 ], [ -79.343709496889062, 43.658266056799022 ] ] ] } },
{ "type": "Feature", "properties": { "vor_id": 1296, "theft_count": 21, "bike_trips": 3541, "theft_per_1000_trips": 5.9305280994069474 }, "geometry": { "type": "Polygon", "coordinates": [ [ [ -79.437667991206752, 43.676613695717066 ], [ -79.439752991816491, 43.676023506161705 ], [ -79.440192674396371, 43.676003402127009 ], [ -79.442436075187928, 43.684015154915159 ], [ -79.437878515569182, 43.685364997418702 ], [ -79.437568634606919, 43.685054184419648 ], [ -79.437667991206752, 43.676613695717066 ] ] ] } },
{ "type": "Feature", "properties": { "vor_id": 1300, "theft_count": 17, "bike_trips": 1022, "theft_per_1000_trips": 16.634050880626223 }, "geometry": { "type": "Polygon", "coordinates": [ [ [ -79.373318021492238, 43.665404202512619 ], [ -79.372817202341352, 43.666718989229828 ], [ -79.370801716278692, 43.667554901056072 ], [ -79.370554973423566, 43.667231430561237 ], [ -79.370388800643113, 43.666670700282175 ], [ -79.370230988822414, 43.665960669503633 ], [ -79.372635100223093, 43.664952347895742 ], [ -79.373147746642445, 43.66515534104289 ], [ -79.373318021492238, 43.665404202512619 ] ] ] } },
{ "type": "Feature", "properties": { "vor_id": 1301, "theft_count": 26, "bike_trips": 2051, "theft_per_1000_trips": 12.676743052169673 }, "geometry": { "type": "Polygon", "coordinates": [ [ [ -79.366468564191521, 43.651269003341028 ], [ -79.365102799065554, 43.65054003247559 ], [ -79.367078332527797, 43.64968994148456 ], [ -79.367349293080025, 43.650891376180191 ], [ -79.366468564191521, 43.651269003341028 ] ] ] } },
{ "type": "Feature", "properties": { "vor_id": 1303, "theft_count": 44, "bike_trips": 2101, "theft_per_1000_trips": 20.942408376963353 }, "geometry": { "type": "Polygon", "coordinates": [ [ [ -79.38324669368545, 43.65822681438511 ], [ -79.383049278393557, 43.657975241124724 ], [ -79.382924864506947, 43.65738706952645 ], [ -79.384816770696617, 43.656612853246266 ], [ -79.385053887755731, 43.65683347447635 ], [ -79.385176136794414, 43.657432789615939 ], [ -79.38324669368545, 43.65822681438511 ] ] ] } },
{ "type": "Feature", "properties": { "vor_id": 1306, "theft_count": 51, "bike_trips": 3657, "theft_per_1000_trips": 13.945857260049221 }, "geometry": { "type": "Polygon", "coordinates": [ [ [ -79.396466248163179, 43.705633455776997 ], [ -79.396064608632614, 43.704106466137638 ], [ -79.39874391786509, 43.702608999379734 ], [ -79.399255060625421, 43.705009211648544 ], [ -79.399032647596641, 43.705259391280592 ], [ -79.396610121409893, 43.705738669078684 ], [ -79.396466248163179, 43.705633455776997 ] ] ] } },
{ "type": "Feature", "properties": { "vor_id": 1307, "theft_count": 7, "bike_trips": 2364, "theft_per_1000_trips": 2.9610829103214891 }, "geometry": { "type": "Polygon", "coordinates": [ [ [ -79.420320375136995, 43.683903210807117 ], [ -79.419522819695004, 43.682320658634929 ], [ -79.420383481971982, 43.680475065450359 ], [ -79.420809923871076, 43.68087479106002 ], [ -79.42109057873472, 43.683278721379466 ], [ -79.420320375136995, 43.683903210807117 ] ] ] } },
{ "type": "Feature", "properties": { "vor_id": 1309, "theft_count": 43, "bike_trips": 1051, "theft_per_1000_trips": 40.913415794481445 }, "geometry": { "type": "Polygon", "coordinates": [ [ [ -79.38574782700384, 43.659922983379154 ], [ -79.385473247873563, 43.658672982784807 ], [ -79.38563445743776, 43.658350534940752 ], [ -79.387809315823716, 43.658652773641336 ], [ -79.38801287163794, 43.659115545012277 ], [ -79.387952672536926, 43.659180714006666 ], [ -79.386100197387051, 43.659949802448693 ], [ -79.38574782700384, 43.659922983379154 ] ] ] } },
{ "type": "Feature", "properties": { "vor_id": 1310, "theft_count": 9, "bike_trips": 6007, "theft_per_1000_trips": 1.4982520392874981 }, "geometry": { "type": "Polygon", "coordinates": [ [ [ -79.345267842749308, 43.77461743038824 ], [ -79.352393336273352, 43.767771026303457 ], [ -79.353310641699807, 43.774063448997737 ], [ -79.34573396302234, 43.776775861910764 ], [ -79.345267842749308, 43.77461743038824 ] ] ] } },
{ "type": "Feature", "properties": { "vor_id": 1311, "theft_count": 10, "bike_trips": 3432, "theft_per_1000_trips": 2.9137529137529139 }, "geometry": { "type": "Polygon", "coordinates": [ [ [ -79.499493652688159, 43.671557018516957 ], [ -79.50014846569735, 43.672785893434437 ], [ -79.491328850923409, 43.675153333650186 ], [ -79.488846621424614, 43.669016646750528 ], [ -79.489330224116301, 43.666503831443308 ], [ -79.491842057634003, 43.666360691763053 ], [ -79.499493652688159, 43.671557018516957 ] ] ] } },
{ "type": "Feature", "properties": { "vor_id": 1314, "theft_count": 5, "bike_trips": 4766, "theft_per_1000_trips": 1.0490977759127151 }, "geometry": { "type": "Polygon", "coordinates": [ [ [ -79.440675118616667, 43.708732718270049 ], [ -79.434093592032639, 43.71137754064199 ], [ -79.43541146584549, 43.707851856947023 ], [ -79.436232848706567, 43.707121660512179 ], [ -79.43981391080699, 43.70545368228241 ], [ -79.439998929520883, 43.705551269557105 ], [ -79.440675118616667, 43.708732718270049 ] ] ] } },
{ "type": "Feature", "properties": { "vor_id": 1315, "theft_count": 28, "bike_trips": 3831, "theft_per_1000_trips": 7.3087966588358135 }, "geometry": { "type": "Polygon", "coordinates": [ [ [ -79.318867422127354, 43.68018901334348 ], [ -79.319987957195565, 43.685519843782693 ], [ -79.319559669456396, 43.687399377533502 ], [ -79.316819181925624, 43.68562835236137 ], [ -79.316381377081612, 43.683615786091231 ], [ -79.316554814965258, 43.679722641196157 ], [ -79.318867422127354, 43.68018901334348 ] ] ] } },
{ "type": "Feature", "properties": { "vor_id": 1317, "theft_count": 55, "bike_trips": 1074, "theft_per_1000_trips": 51.210428305400377 }, "geometry": { "type": "Polygon", "coordinates": [ [ [ -79.400459056444433, 43.671011065351692 ], [ -79.399183409287559, 43.669385540491518 ], [ -79.399067432877274, 43.668843743033399 ], [ -79.399250754041432, 43.668448731122112 ], [ -79.400779591110762, 43.667837897677252 ], [ -79.402593575909265, 43.669241818160309 ], [ -79.402802716388635, 43.669513797521653 ], [ -79.402588566352946, 43.670191908380502 ], [ -79.401890069531447, 43.670793220746958 ], [ -79.400459056444433, 43.671011065351692 ] ] ] } },
{ "type": "Feature", "properties": { "vor_id": 1319, "theft_count": 2, "bike_trips": 3284, "theft_per_1000_trips": 0.60901339829476242 }, "geometry": { "type": "Polygon", "coordinates": [ [ [ -79.322303399556958, 43.658938048611944 ], [ -79.325129659830537, 43.663293317051483 ], [ -79.324587385294606, 43.665687020687365 ], [ -79.323365611414829, 43.665743909320739 ], [ -79.321796295759029, 43.658553913502651 ], [ -79.322303399556958, 43.658938048611944 ] ] ] } },
{ "type": "Feature", "properties": { "vor_id": 1320, "theft_count": 14, "bike_trips": 2586, "theft_per_1000_trips": 5.4137664346481049 }, "geometry": { "type": "Polygon", "coordinates": [ [ [ -79.350688324138531, 43.687118858530738 ], [ -79.351181511171504, 43.689606441301869 ], [ -79.344897124045431, 43.695776532954383 ], [ -79.344895043371721, 43.692154355104456 ], [ -79.34732305234941, 43.687222930746252 ], [ -79.349041557048778, 43.686856503039429 ], [ -79.350663478915607, 43.687082062796271 ], [ -79.350688324138531, 43.687118858530738 ] ] ] } },
{ "type": "Feature", "properties": { "vor_id": 1321, "theft_count": 38, "bike_trips": 4398, "theft_per_1000_trips": 8.6402910413824472 }, "geometry": { "type": "Polygon", "coordinates": [ [ [ -79.418126155582257, 43.66130354765145 ], [ -79.419012050830716, 43.665198629016778 ], [ -79.418181154681193, 43.665191761316009 ], [ -79.418117996227039, 43.665134188023401 ], [ -79.417379719005211, 43.66172437869561 ], [ -79.417969149314345, 43.661259652374994 ], [ -79.418126155582257, 43.66130354765145 ] ] ] } },
{ "type": "Feature", "properties": { "vor_id": 1323, "theft_count": 15, "bike_trips": 2089, "theft_per_1000_trips": 7.1804691239827667 }, "geometry": { "type": "Polygon", "coordinates": [ [ [ -79.394105142810787, 43.67325043251217 ], [ -79.395407784462378, 43.674877858806404 ], [ -79.395255044477949, 43.6760602795176 ], [ -79.393485339801742, 43.676332069916079 ], [ -79.394105142810787, 43.67325043251217 ] ] ] } },
{ "type": "Feature", "properties": { "vor_id": 1325, "theft_count": 25, "bike_trips": 2535, "theft_per_1000_trips": 9.8619329388560164 }, "geometry": { "type": "Polygon", "coordinates": [ [ [ -79.291605066949316, 43.676628364985248 ], [ -79.292250064065541, 43.681450600593514 ], [ -79.290930210559935, 43.682832281475953 ], [ -79.287390260917519, 43.683743376581099 ], [ -79.286984812238316, 43.679358885792134 ], [ -79.290582909599578, 43.676124023263291 ], [ -79.291605066949316, 43.676628364985248 ] ] ] } },
{ "type": "Feature", "properties": { "vor_id": 1326, "theft_count": 4, "bike_trips": 6294, "theft_per_1000_trips": 0.63552589768033052 }, "geometry": { "type": "Polygon", "coordinates": [ [ [ -79.519735467765912, 43.71666153446477 ], [ -79.513633677767558, 43.71629261504043 ], [ -79.509943428982908, 43.713782720101477 ], [ -79.507862148789116, 43.71023036663113 ], [ -79.514084131524768, 43.705188370835295 ], [ -79.516454881316136, 43.705453467418401 ], [ -79.519735467765912, 43.71666153446477 ] ] ] } },
{ "type": "Feature", "properties": { "vor_id": 1329, "theft_count": 24, "bike_trips": 1230, "theft_per_1000_trips": 19.512195121951219 }, "geometry": { "type": "Polygon", "coordinates": [ [ [ -79.385555551379952, 43.703131511816473 ], [ -79.384540755401915, 43.702061073795313 ], [ -79.383781065840935, 43.698459700172464 ], [ -79.386396271900196, 43.698782078558764 ], [ -79.387030325283149, 43.701584177201035 ], [ -79.385555551379952, 43.703131511816473 ] ] ] } },
{ "type": "Feature", "properties": { "vor_id": 1330, "theft_count": 0, "bike_trips": 1020, "theft_per_1000_trips": 0.0 }, "geometry": { "type": "Polygon", "coordinates": [ [ [ -79.364327921210943, 43.667640191919517 ], [ -79.364341582818042, 43.667607482168926 ], [ -79.365533600306421, 43.667784301260227 ], [ -79.364995906661278, 43.668001151447442 ], [ -79.364327921210943, 43.667640191919517 ] ] ] } },
{ "type": "Feature", "properties": { "vor_id": 1331, "theft_count": 56, "bike_trips": 4230, "theft_per_1000_trips": 13.238770685579196 }, "geometry": { "type": "Polygon", "coordinates": [ [ [ -79.38007313326743, 43.644250491552562 ], [ -79.380607647422579, 43.644673094537332 ], [ -79.380718264454174, 43.645274263464778 ], [ -79.377751487480595, 43.646586010833587 ], [ -79.377843931383737, 43.64482591554173 ], [ -79.379255746989386, 43.644223902859501 ], [ -79.38007313326743, 43.644250491552562 ] ] ] } },
{ "type": "Feature", "properties": { "vor_id": 1332, "theft_count": 31, "bike_trips": 3293, "theft_per_1000_trips": 9.4139082903127846 }, "geometry": { "type": "Polygon", "coordinates": [ [ [ -79.412558317544025, 43.647846953043 ], [ -79.4113762600293, 43.647027719088953 ], [ -79.410981322655616, 43.645055008320568 ], [ -79.41234769746616, 43.645210325658319 ], [ -79.412748994806975, 43.645598342374782 ], [ -79.413204118739998, 43.647908329316202 ], [ -79.413198997397757, 43.647923627986387 ], [ -79.412558317544025, 43.647846953043 ] ] ] } },
{ "type": "Feature", "properties": { "vor_id": 1335, "theft_count": 18, "bike_trips": 4794, "theft_per_1000_trips": 3.7546933667083855 }, "geometry": { "type": "Polygon", "coordinates": [ [ [ -79.429688396276546, 43.72082461630557 ], [ -79.436919324789187, 43.725083222163512 ], [ -79.437923960584811, 43.728239322049987 ], [ -79.432825651188764, 43.730517710346462 ], [ -79.428202123999441, 43.72367376017538 ], [ -79.429688396276546, 43.72082461630557 ] ] ] } },
{ "type": "Feature", "properties": { "vor_id": 1339, "theft_count": 15, "bike_trips": 4938, "theft_per_1000_trips": 3.0376670716889431 }, "geometry": { "type": "Polygon", "coordinates": [ [ [ -79.359851620272394, 43.712969499572523 ], [ -79.363924513708298, 43.714327430540706 ], [ -79.364934452756984, 43.715231793782998 ], [ -79.362886382902715, 43.729442794265616 ], [ -79.354576024380108, 43.722906393688973 ], [ -79.359851620272394, 43.712969499572523 ] ] ] } },
{ "type": "Feature", "properties": { "vor_id": 1341, "theft_count": 10, "bike_trips": 1268, "theft_per_1000_trips": 7.8864353312302837 }, "geometry": { "type": "Polygon", "coordinates": [ [ [ -79.290582909599578, 43.676124023263291 ], [ -79.286984812238316, 43.679358885792134 ], [ -79.284890117461742, 43.679301483468478 ], [ -79.284785733295266, 43.679227563078499 ], [ -79.284124800279358, 43.676115955593211 ], [ -79.284338449713218, 43.67599599215378 ], [ -79.287705576609596, 43.674619210089304 ], [ -79.28887050938981, 43.674375524421272 ], [ -79.290582909599578, 43.676124023263291 ] ] ] } },
{ "type": "Feature", "properties": { "vor_id": 1343, "theft_count": 33, "bike_trips": 3801, "theft_per_1000_trips": 8.681925808997633 }, "geometry": { "type": "Polygon", "coordinates": [ [ [ -79.301602824096733, 43.692127965695938 ], [ -79.303353180518897, 43.689598447238922 ], [ -79.303741459416926, 43.689426380670128 ], [ -79.308652110060947, 43.691250593964924 ], [ -79.30456045136178, 43.697289768329888 ], [ -79.303631014535952, 43.696760352498046 ], [ -79.301602824096733, 43.692127965695938 ] ] ] } },
{ "type": "Feature", "properties": { "vor_id": 1345, "theft_count": 7, "bike_trips": 1073, "theft_per_1000_trips": 6.5237651444547993 }, "geometry": { "type": "Polygon", "coordinates": [ [ [ -79.40144548876485, 43.664812475309816 ], [ -79.401941057514591, 43.66543532510611 ], [ -79.402072900926584, 43.666066847830656 ], [ -79.401946066372943, 43.666282760785521 ], [ -79.400571089962753, 43.666832121678063 ], [ -79.399859612686654, 43.666281479410635 ], [ -79.400084437332865, 43.665361974628446 ], [ -79.40144548876485, 43.664812475309816 ] ] ] } },
{ "type": "Feature", "properties": { "vor_id": 1346, "theft_count": 20, "bike_trips": 3064, "theft_per_1000_trips": 6.5274151436031325 }, "geometry": { "type": "Polygon", "coordinates": [ [ [ -79.368629290366727, 43.664122634454841 ], [ -79.368775096893557, 43.664505743055983 ], [ -79.367546017075455, 43.665010104813597 ], [ -79.367236237184869, 43.664680003554459 ], [ -79.368629290366727, 43.664122634454841 ] ] ] } },
{ "type": "Feature", "properties": { "vor_id": 1348, "theft_count": 25, "bike_trips": 2464, "theft_per_1000_trips": 10.146103896103895 }, "geometry": { "type": "Polygon", "coordinates": [ [ [ -79.369781193100621, 43.710965553324321 ], [ -79.371851490170982, 43.707943386461437 ], [ -79.373366928167513, 43.707643358084432 ], [ -79.37714334270801, 43.712697401501217 ], [ -79.372898446508742, 43.715931061670908 ], [ -79.369735275274095, 43.71112968385745 ], [ -79.369781193100621, 43.710965553324321 ] ] ] } },
{ "type": "Feature", "properties": { "vor_id": 1351, "theft_count": 20, "bike_trips": 2197, "theft_per_1000_trips": 9.1033227127901668 }, "geometry": { "type": "Polygon", "coordinates": [ [ [ -79.416237532934659, 43.662158943306203 ], [ -79.41678746889832, 43.664673030468009 ], [ -79.415645137315607, 43.665057181797806 ], [ -79.415160384170719, 43.662814005008897 ], [ -79.415775313907687, 43.662187292766824 ], [ -79.416237532934659, 43.662158943306203 ] ] ] } },
{ "type": "Feature", "properties": { "vor_id": 1352, "theft_count": 25, "bike_trips": 2429, "theft_per_1000_trips": 10.29230135858378 }, "geometry": { "type": "Polygon", "coordinates": [ [ [ -79.396602726520513, 43.686508856183863 ], [ -79.396536966850192, 43.686587390153818 ], [ -79.394021661897412, 43.687635059263805 ], [ -79.390679397454221, 43.686598064988274 ], [ -79.396463711134899, 43.68424450014588 ], [ -79.39656375559511, 43.684418556314512 ], [ -79.396780732051354, 43.684962979824064 ], [ -79.396602726520513, 43.686508856183863 ] ] ] } },
{ "type": "Feature", "properties": { "vor_id": 1353, "theft_count": 46, "bike_trips": 2073, "theft_per_1000_trips": 22.190062711046792 }, "geometry": { "type": "Polygon", "coordinates": [ [ [ -79.377973977709445, 43.653446200884446 ], [ -79.376993478293272, 43.653849813194228 ], [ -79.376706390603616, 43.652533875593633 ], [ -79.377099657274911, 43.652195564781067 ], [ -79.378189155376376, 43.653167623687494 ], [ -79.377973977709445, 43.653446200884446 ] ] ] } },
{ "type": "Feature", "properties": { "vor_id": 1355, "theft_count": 15, "bike_trips": 2596, "theft_per_1000_trips": 5.778120184899846 }, "geometry": { "type": "Polygon", "coordinates": [ [ [ -79.348326577166389, 43.67802966604448 ], [ -79.34845129644826, 43.678022742738541 ], [ -79.351295730231314, 43.680000777365635 ], [ -79.350309964874555, 43.681825294757815 ], [ -79.348426856173944, 43.681936101796708 ], [ -79.347594369596877, 43.679413939106183 ], [ -79.348326577166389, 43.67802966604448 ] ] ] } },
{ "type": "Feature", "properties": { "vor_id": 1356, "theft_count": 24, "bike_trips": 2151, "theft_per_1000_trips": 11.15760111576011 }, "geometry": { "type": "Polygon", "coordinates": [ [ [ -79.406115979306094, 43.664508422198551 ], [ -79.406699376535713, 43.667267801235113 ], [ -79.406028363056436, 43.667305525999545 ], [ -79.405536148850203, 43.665056739257494 ], [ -79.406115979306094, 43.664508422198551 ] ] ] } },
{ "type": "Feature", "properties": { "vor_id": 1358, "theft_count": 3, "bike_trips": 3753, "theft_per_1000_trips": 0.79936051159072741 }, "geometry": { "type": "Polygon", "coordinates": [ [ [ -79.377867576549065, 43.698805507578541 ], [ -79.376042809591866, 43.701292635597937 ], [ -79.37377848587407, 43.699880885767385 ], [ -79.372479081802453, 43.695602694382657 ], [ -79.372072229781494, 43.692220641150286 ], [ -79.3742099738934, 43.693009755967154 ], [ -79.377867576549065, 43.698805507578541 ] ] ] } },
{ "type": "Feature", "properties": { "vor_id": 1360, "theft_count": 10, "bike_trips": 3302, "theft_per_1000_trips": 3.0284675953967293 }, "geometry": { "type": "Polygon", "coordinates": [ [ [ -79.331811564326117, 43.651649292075106 ], [ -79.334031628224324, 43.661090193084632 ], [ -79.333530119939226, 43.661109082722582 ], [ -79.332956175149477, 43.661130700728911 ], [ -79.331570688208728, 43.654598217123237 ], [ -79.331438123179126, 43.654227722685235 ], [ -79.331466409568932, 43.654106549908576 ], [ -79.331811564326117, 43.651649292075106 ] ] ] } },
{ "type": "Feature", "properties": { "vor_id": 1364, "theft_count": 16, "bike_trips": 2559, "theft_per_1000_trips": 6.2524423602969916 }, "geometry": { "type": "Polygon", "coordinates": [ [ [ -79.327582350459124, 43.673186773901016 ], [ -79.323684558334449, 43.673046137940645 ], [ -79.323149229098419, 43.670667806608506 ], [ -79.32761100336549, 43.67195926428537 ], [ -79.327628766116703, 43.672010643249003 ], [ -79.327582350459124, 43.673186773901016 ] ] ] } },
{ "type": "Feature", "properties": { "vor_id": 1365, "theft_count": 9, "bike_trips": 1045, "theft_per_1000_trips": 8.6124401913875595 }, "geometry": { "type": "Polygon", "coordinates": [ [ [ -79.390372184378876, 43.670130612272722 ], [ -79.38872991789016, 43.670892183216921 ], [ -79.388828857684217, 43.670273515913877 ], [ -79.39008066750533, 43.669803247629311 ], [ -79.390372184378876, 43.670130612272722 ] ] ] } },
{ "type": "Feature", "properties": { "vor_id": 1367, "theft_count": 12, "bike_trips": 5042, "theft_per_1000_trips": 2.3800079333597779 }, "geometry": { "type": "Polygon", "coordinates": [ [ [ -79.317107159568309, 43.722850197240597 ], [ -79.315044096268565, 43.733491249296669 ], [ -79.309956295611386, 43.73315599571994 ], [ -79.305814354607392, 43.730734878548141 ], [ -79.301099850355826, 43.719388773977421 ], [ -79.303953226618248, 43.718367819625669 ], [ -79.306501882306321, 43.717162395259329 ], [ -79.317107159568309, 43.722850197240597 ] ] ] } },
{ "type": "Feature", "properties": { "vor_id": 1368, "theft_count": 3, "bike_trips": 2367, "theft_per_1000_trips": 1.2674271229404308 }, "geometry": { "type": "Polygon", "coordinates": [ [ [ -79.436104638561332, 43.684319893832686 ], [ -79.4300448434212, 43.686710516563863 ], [ -79.429249032193752, 43.685683979250555 ], [ -79.430800184735062, 43.683458645624754 ], [ -79.435635235873491, 43.683979014786523 ], [ -79.436104638561332, 43.684319893832686 ] ] ] } },
{ "type": "Feature", "properties": { "vor_id": 1369, "theft_count": 100, "bike_trips": 55944, "theft_per_1000_trips": 1.7875017875017876 }, "geometry": { "type": "MultiPolygon", "coordinates": [ [ [ [ -79.593687406983406, 43.701138323666385 ], [ -79.598588263999901, 43.70089756 ], [ -79.603489121016381, 43.701138323666385 ], [ -79.608342780100713, 43.701858295979832 ], [ -79.610980933720512, 43.702519119108018 ], [ -79.61399449691578, 43.707641448750294 ], [ -79.61603599822314, 43.711309170990617 ], [ -79.616826997956565, 43.712730370339251 ], [ -79.616827237441441, 43.712730786640186 ], [ -79.617995037441446, 43.714696286388097 ], [ -79.620360337625428, 43.718676886187154 ], [ -79.620360430091338, 43.718677039965435 ], [ -79.621896772518838, 43.721202257268253 ], [ -79.621621164208037, 43.720952460331851 ], [ -79.617680011650862, 43.718029502384859 ], [ -79.613471336841187, 43.715506919782584 ], [ -79.60903567161813, 43.713409006374434 ], [ -79.604415733862609, 43.711755966213381 ], [ -79.599656016100695, 43.710563718979827 ], [ -79.594802357016363, 43.709843746666394 ], [ -79.589901499999883, 43.709602983000011 ], [ -79.585000642983402, 43.709843746666394 ], [ -79.582155463196941, 43.71026578921974 ], [ -79.588008966088879, 43.73878445384161 ], [ -79.579839229494993, 43.740082082311886 ], [ -79.574572283021652, 43.749099937303548 ], [ -79.578355685023624, 43.749768679764877 ], [ -79.585217108795135, 43.75652149532192 ], [ -79.583855437458709, 43.762259129763187 ], [ -79.580639223631181, 43.763007907626246 ], [ -79.577515417808144, 43.763678844651231 ], [ -79.577513499525722, 43.763679314006133 ], [ -79.57700628082253, 43.763818971393043 ], [ -79.575661004369962, 43.764113422561707 ], [ -79.573298166024074, 43.749368535035714 ], [ -79.567886826189223, 43.747596193881769 ], [ -79.56659342338591, 43.748010122298652 ], [ -79.560810614133445, 43.767339975362624 ], [ -79.560765138113695, 43.767342495372048 ], [ -79.560762427084967, 43.767342745982141 ], [ -79.560759765148219, 43.767343193601526 ], [ -79.560567265148222, 43.767383093614001 ], [ -79.560567096959602, 43.767383128902516 ], [ -79.560341051464206, 43.767431132398002 ], [ -79.560094010385583, 43.767476847488737 ], [ -79.560091425907217, 43.767477427041619 ], [ -79.56008893494689, 43.767478190855257 ], [ -79.560086562622928, 43.767479131227525 ], [ -79.560048187866855, 43.767496207080889 ], [ -79.559205580193179, 43.767655371887258 ], [ -79.559203196983603, 43.767655908365406 ], [ -79.559015762091306, 43.767705087820303 ], [ -79.558820345403973, 43.767728194196962 ], [ -79.558817876387792, 43.767728572629338 ], [ -79.558564983008552, 43.767776371393012 ], [ -79.558122289634909, 43.767859870169453 ], [ -79.557721579349831, 43.767935572134768 ], [ -79.557720479000508, 43.767935798136463 ], [ -79.557511979000523, 43.767982098150867 ], [ -79.557141879018303, 43.768064298172455 ], [ -79.555415897614736, 43.768447505354018 ], [ -79.554100858504626, 43.768706114798619 ], [ -79.553971198129332, 43.768731307107657 ], [ -79.553626086718722, 43.768798509347597 ], [ -79.553113089802949, 43.768898308778944 ], [ -79.5531124777701, 43.768898433456116 ], [ -79.552879324106982, 43.768948081016866 ], [ -79.552178271782893, 43.769086932005493 ], [ -79.552177714241012, 43.769087047104094 ], [ -79.552064943631791, 43.769111278103125 ], [ -79.550741247213296, 43.765411793862718 ], [ -79.549548999979706, 43.760652076100783 ], [ -79.548910084796091, 43.756344859799285 ], [ -79.553819644399738, 43.747818685520116 ], [ -79.558709969126738, 43.745891217 ], [ -79.556439789588154, 43.733337985075153 ], [ -79.570806185750214, 43.730395277195022 ], [ -79.5723094159612, 43.728586903922746 ], [ -79.580646281266311, 43.710489655211795 ], [ -79.581722086892952, 43.708154350360623 ], [ -79.582143932844701, 43.706115480034015 ], [ -79.590965052519437, 43.701542146804222 ], [ -79.593687406983406, 43.701138323666385 ] ] ], [ [ [ -79.590386452192647, 43.747370376689979 ], [ -79.588640765431563, 43.744856110630835 ], [ -79.589021999174122, 43.740002952523426 ], [ -79.625571543198888, 43.733535630739013 ], [ -79.597032897683306, 43.747565580640547 ], [ -79.596538415576333, 43.75753888917027 ], [ -79.590538131244642, 43.753986922884856 ], [ -79.590386452192647, 43.747370376689979 ] ] ], [ [ [ -79.638960634039179, 43.749982419712175 ], [ -79.63894076402002, 43.749848466899195 ], [ -79.638844913099234, 43.749465808706304 ], [ -79.639244570837278, 43.749839330504258 ], [ -79.638960634039179, 43.749982419712175 ] ] ] ] } },
{ "type": "Feature", "properties": { "vor_id": 1370, "theft_count": 18, "bike_trips": 1278, "theft_per_1000_trips": 14.084507042253522 }, "geometry": { "type": "Polygon", "coordinates": [ [ [ -79.312666913848759, 43.675188470159142 ], [ -79.311759703830219, 43.672880977362453 ], [ -79.312922010431748, 43.668551647503392 ], [ -79.315214705116034, 43.669147827362629 ], [ -79.316580989461514, 43.671707976067175 ], [ -79.315010434126634, 43.676525718108422 ], [ -79.312666913848759, 43.675188470159142 ] ] ] } },
{ "type": "Feature", "properties": { "vor_id": 1371, "theft_count": 7, "bike_trips": 2585, "theft_per_1000_trips": 2.7079303675048356 }, "geometry": { "type": "Polygon", "coordinates": [ [ [ -79.34475861361129, 43.669016677120958 ], [ -79.344969128819216, 43.66989208350779 ], [ -79.341586338678454, 43.671226843245343 ], [ -79.341232496506123, 43.670528573713845 ], [ -79.34475861361129, 43.669016677120958 ] ] ] } },
{ "type": "Feature", "properties": { "vor_id": 1374, "theft_count": 28, "bike_trips": 6756, "theft_per_1000_trips": 4.1444641799881587 }, "geometry": { "type": "Polygon", "coordinates": [ [ [ -79.443247453373687, 43.741851173876285 ], [ -79.429950779315135, 43.737017426512423 ], [ -79.43162798332817, 43.731579617357994 ], [ -79.432825651188764, 43.730517710346462 ], [ -79.437923960584811, 43.728239322049987 ], [ -79.440557080526176, 43.728916757660024 ], [ -79.443247453373687, 43.741851173876285 ] ] ] } },
{ "type": "Feature", "properties": { "vor_id": 1375, "theft_count": 5, "bike_trips": 2149, "theft_per_1000_trips": 2.3266635644485807 }, "geometry": { "type": "Polygon", "coordinates": [ [ [ -79.401552727339151, 43.664185770538005 ], [ -79.403059584837436, 43.663577543978292 ], [ -79.403405449605231, 43.663790140328082 ], [ -79.4036186588703, 43.664783571512736 ], [ -79.401941057514591, 43.66543532510611 ], [ -79.40144548876485, 43.664812475309816 ], [ -79.401552727339151, 43.664185770538005 ] ] ] } },
{ "type": "Feature", "properties": { "vor_id": 1376, "theft_count": 9, "bike_trips": 5860, "theft_per_1000_trips": 1.5358361774744027 }, "geometry": { "type": "Polygon", "coordinates": [ [ [ -79.457452161894551, 43.689125161813671 ], [ -79.460601892005656, 43.703091183250258 ], [ -79.453620885601168, 43.696225944440492 ], [ -79.453507066909225, 43.693450781292533 ], [ -79.457452161894551, 43.689125161813671 ] ] ] } },
{ "type": "Feature", "properties": { "vor_id": 1378, "theft_count": 14, "bike_trips": 3362, "theft_per_1000_trips": 4.1641879833432478 }, "geometry": { "type": "Polygon", "coordinates": [ [ [ -79.442701480263452, 43.639422373959249 ], [ -79.441338588615523, 43.641130180198822 ], [ -79.440751358056801, 43.638196830415083 ], [ -79.440788583732868, 43.63809162375712 ], [ -79.442799486820746, 43.638349548798587 ], [ -79.442701480263452, 43.639422373959249 ] ] ] } },
{ "type": "Feature", "properties": { "vor_id": 1381, "theft_count": 17, "bike_trips": 3614, "theft_per_1000_trips": 4.7039291643608188 }, "geometry": { "type": "Polygon", "coordinates": [ [ [ -79.417696506081597, 43.730845042787124 ], [ -79.417109599353438, 43.7311702682846 ], [ -79.415780889172638, 43.727976106851479 ], [ -79.415936433253677, 43.722180810033997 ], [ -79.422292012886388, 43.719921672502238 ], [ -79.423524182941293, 43.723702223324892 ], [ -79.423127994251502, 43.725235579407077 ], [ -79.417696506081597, 43.730845042787124 ] ] ] } },
{ "type": "Feature", "properties": { "vor_id": 1385, "theft_count": 38, "bike_trips": 2155, "theft_per_1000_trips": 17.633410672853827 }, "geometry": { "type": "Polygon", "coordinates": [ [ [ -79.406091895977426, 43.656531151245822 ], [ -79.405262421225245, 43.657541151153985 ], [ -79.404147274041989, 43.65889899664564 ], [ -79.404103863410128, 43.65887473889596 ], [ -79.40387547722537, 43.658704962109447 ], [ -79.403752476090816, 43.658661002787795 ], [ -79.403852482449636, 43.658586833017146 ], [ -79.403359658876994, 43.656055092678017 ], [ -79.40380019326895, 43.655672232915421 ], [ -79.406091895977426, 43.656531151245822 ] ] ] } },
{ "type": "Feature", "properties": { "vor_id": 1387, "theft_count": 17, "bike_trips": 2237, "theft_per_1000_trips": 7.5994635672776045 }, "geometry": { "type": "Polygon", "coordinates": [ [ [ -79.427371540548222, 43.637216266454139 ], [ -79.429217447651737, 43.636670253914616 ], [ -79.429749292031573, 43.639238052718127 ], [ -79.428998568551009, 43.639526980002294 ], [ -79.428215274306581, 43.639528009355921 ], [ -79.427493811604748, 43.639205770329177 ], [ -79.427188367536772, 43.637712675450281 ], [ -79.427371540548222, 43.637216266454139 ] ] ] } },
{ "type": "Feature", "properties": { "vor_id": 1389, "theft_count": 12, "bike_trips": 4111, "theft_per_1000_trips": 2.9189978107516419 }, "geometry": { "type": "Polygon", "coordinates": [ [ [ -79.356366779978501, 43.640977145710508 ], [ -79.32914778900394, 43.614995976650235 ], [ -79.332207714220658, 43.614277459655497 ], [ -79.332208233044014, 43.61427733359789 ], [ -79.343927233044028, 43.611333734500171 ], [ -79.347630784386482, 43.610403401576733 ], [ -79.353940212672242, 43.610248601525193 ], [ -79.354599895597232, 43.610232420944669 ], [ -79.367383302227864, 43.630259647908161 ], [ -79.365756346023019, 43.632668933882641 ], [ -79.36333530079655, 43.635240626754921 ], [ -79.356761900323377, 43.640773901901127 ], [ -79.356366779978501, 43.640977145710508 ] ] ] } },
{ "type": "Feature", "properties": { "vor_id": 1391, "theft_count": 12, "bike_trips": 9534, "theft_per_1000_trips": 1.2586532410320956 }, "geometry": { "type": "Polygon", "coordinates": [ [ [ -79.468368487074486, 43.721118279733545 ], [ -79.469812833210526, 43.720711513663595 ], [ -79.487983942381604, 43.732671024334188 ], [ -79.487453608746861, 43.73515905898244 ], [ -79.486762654545174, 43.738400637267539 ], [ -79.48359153768223, 43.74087848829307 ], [ -79.481752711507411, 43.74100476484346 ], [ -79.476966359429071, 43.734895448234667 ], [ -79.468238414994687, 43.723755069294569 ], [ -79.468368487074486, 43.721118279733545 ] ] ] } },
{ "type": "Feature", "properties": { "vor_id": 1392, "theft_count": 10, "bike_trips": 2312, "theft_per_1000_trips": 4.3252595155709344 }, "geometry": { "type": "Polygon", "coordinates": [ [ [ -79.357876368053752, 43.65941344993999 ], [ -79.357644147194648, 43.661152967225689 ], [ -79.355016912377749, 43.66052664026423 ], [ -79.35485787060334, 43.659833687028261 ], [ -79.355321158652345, 43.658775886816649 ], [ -79.357876368053752, 43.65941344993999 ] ] ] } },
{ "type": "Feature", "properties": { "vor_id": 1394, "theft_count": 10, "bike_trips": 2261, "theft_per_1000_trips": 4.4228217602830613 }, "geometry": { "type": "Polygon", "coordinates": [ [ [ -79.456570731883687, 43.640929991940176 ], [ -79.455871672392746, 43.635134808692847 ], [ -79.461706880660444, 43.633835332065679 ], [ -79.463923776987912, 43.643701259227079 ], [ -79.456570731883687, 43.640929991940176 ] ] ] } },
{ "type": "Feature", "properties": { "vor_id": 1395, "theft_count": 13, "bike_trips": 1066, "theft_per_1000_trips": 12.195121951219512 }, "geometry": { "type": "Polygon", "coordinates": [ [ [ -79.389402561580638, 43.644822173069315 ], [ -79.389490006886348, 43.644664421159526 ], [ -79.390754077691483, 43.644145358666478 ], [ -79.391008935799434, 43.64426719624155 ], [ -79.391245509865641, 43.645343107222089 ], [ -79.391212227333625, 43.64548400440264 ], [ -79.390318226386952, 43.645844108748364 ], [ -79.389402561580638, 43.644822173069315 ] ] ] } },
{ "type": "Feature", "properties": { "vor_id": 1396, "theft_count": 16, "bike_trips": 1102, "theft_per_1000_trips": 14.519056261343012 }, "geometry": { "type": "Polygon", "coordinates": [ [ [ -79.419279789907975, 43.65305706271829 ], [ -79.418639834010122, 43.654762542178936 ], [ -79.416995159085019, 43.654446230921664 ], [ -79.416292777892679, 43.654119038956232 ], [ -79.416044505760951, 43.653742089460223 ], [ -79.416342853350841, 43.652540260672751 ], [ -79.419279789907975, 43.65305706271829 ] ] ] } },
{ "type": "Feature", "properties": { "vor_id": 1398, "theft_count": 13, "bike_trips": 5664, "theft_per_1000_trips": 2.2951977401129944 }, "geometry": { "type": "Polygon", "coordinates": [ [ [ -79.489022082030772, 43.760788277719136 ], [ -79.4925463887662, 43.759871164644139 ], [ -79.494620020823376, 43.76101028880889 ], [ -79.490395908747544, 43.76730519025255 ], [ -79.489022082030772, 43.760788277719136 ] ] ] } },
{ "type": "Feature", "properties": { "vor_id": 1399, "theft_count": 11, "bike_trips": 2289, "theft_per_1000_trips": 4.8055919615552636 }, "geometry": { "type": "Polygon", "coordinates": [ [ [ -79.445128305362473, 43.666190492505457 ], [ -79.445598632502126, 43.66825923135049 ], [ -79.444916133694946, 43.66961423263551 ], [ -79.444695289948157, 43.669680026417446 ], [ -79.442144961278245, 43.666947027855102 ], [ -79.444751221358629, 43.665938723656758 ], [ -79.445128305362473, 43.666190492505457 ] ] ] } },
{ "type": "Feature", "properties": { "vor_id": 1400, "theft_count": 16, "bike_trips": 2187, "theft_per_1000_trips": 7.3159579332418838 }, "geometry": { "type": "Polygon", "coordinates": [ [ [ -79.411098090593683, 43.643098750205489 ], [ -79.410493996936296, 43.644740690869646 ], [ -79.409977575415752, 43.645003704054858 ], [ -79.408704591578015, 43.644881732291907 ], [ -79.409314622153161, 43.642517405475594 ], [ -79.411098090593683, 43.643098750205489 ] ] ] } },
{ "type": "Feature", "properties": { "vor_id": 1401, "theft_count": 8, "bike_trips": 1103, "theft_per_1000_trips": 7.252946509519492 }, "geometry": { "type": "Polygon", "coordinates": [ [ [ -79.422208617416572, 43.647589703052134 ], [ -79.42220779401471, 43.647592481831794 ], [ -79.420615037351666, 43.648894046729019 ], [ -79.420079749511885, 43.646347559217986 ], [ -79.420793576232157, 43.645261144230318 ], [ -79.42086833491517, 43.645246418477278 ], [ -79.421441399076699, 43.645366487650477 ], [ -79.421946875911047, 43.64628240200517 ], [ -79.422208617416572, 43.647589703052134 ] ] ] } },
{ "type": "Feature", "properties": { "vor_id": 1402, "theft_count": 10, "bike_trips": 2600, "theft_per_1000_trips": 3.8461538461538463 }, "geometry": { "type": "Polygon", "coordinates": [ [ [ -79.347898359157796, 43.682397614478731 ], [ -79.348426856173944, 43.681936101796708 ], [ -79.350309964874555, 43.681825294757815 ], [ -79.351032276060508, 43.683308061112967 ], [ -79.348618505200349, 43.684230424446454 ], [ -79.34767766617172, 43.682970510825882 ], [ -79.347898359157796, 43.682397614478731 ] ] ] } },
{ "type": "Feature", "properties": { "vor_id": 1405, "theft_count": 5, "bike_trips": 3126, "theft_per_1000_trips": 1.599488163787588 }, "geometry": { "type": "Polygon", "coordinates": [ [ [ -79.383764580445614, 43.671354132232466 ], [ -79.3828959344048, 43.671739118908654 ], [ -79.382660928559886, 43.670718078549903 ], [ -79.383542324175409, 43.67037219597637 ], [ -79.383764580445614, 43.671354132232466 ] ] ] } },
{ "type": "Feature", "properties": { "vor_id": 1406, "theft_count": 29, "bike_trips": 4348, "theft_per_1000_trips": 6.6697332106715725 }, "geometry": { "type": "Polygon", "coordinates": [ [ [ -79.411541654649497, 43.663569171233064 ], [ -79.412313230888387, 43.664394067430401 ], [ -79.412548422119244, 43.665467383685524 ], [ -79.410780954238945, 43.666162547931364 ], [ -79.410343999509081, 43.664051759703128 ], [ -79.411541654649497, 43.663569171233064 ] ] ] } },
{ "type": "Feature", "properties": { "vor_id": 1409, "theft_count": 29, "bike_trips": 2451, "theft_per_1000_trips": 11.831905344757242 }, "geometry": { "type": "Polygon", "coordinates": [ [ [ -79.39323291803548, 43.710129005342012 ], [ -79.393042045102305, 43.710784834527423 ], [ -79.390024402679714, 43.711909868905273 ], [ -79.389413281394525, 43.708924575697338 ], [ -79.390211034826748, 43.708619133828137 ], [ -79.39323291803548, 43.710129005342012 ] ] ] } },
{ "type": "Feature", "properties": { "vor_id": 1410, "theft_count": 25, "bike_trips": 1023, "theft_per_1000_trips": 24.437927663734115 }, "geometry": { "type": "Polygon", "coordinates": [ [ [ -79.368618255814667, 43.663128741522435 ], [ -79.367172614689011, 43.661886691363826 ], [ -79.368134689323711, 43.660450334512959 ], [ -79.368793026544949, 43.660455336277074 ], [ -79.36933320413462, 43.662847003236095 ], [ -79.368618255814667, 43.663128741522435 ] ] ] } },
{ "type": "Feature", "properties": { "vor_id": 1412, "theft_count": 16, "bike_trips": 1293, "theft_per_1000_trips": 12.37432327919567 }, "geometry": { "type": "Polygon", "coordinates": [ [ [ -79.342065117926651, 43.663408856060144 ], [ -79.341224447347301, 43.663502019229796 ], [ -79.34089937512141, 43.661949644489908 ], [ -79.341684416968292, 43.661664012545899 ], [ -79.342065117926651, 43.663408856060144 ] ] ] } },
{ "type": "Feature", "properties": { "vor_id": 1414, "theft_count": 7, "bike_trips": 3538, "theft_per_1000_trips": 1.978518937252685 }, "geometry": { "type": "Polygon", "coordinates": [ [ [ -79.427393433306761, 43.676041185548335 ], [ -79.422282501179211, 43.674635596501126 ], [ -79.42311530213982, 43.673623458096856 ], [ -79.423495809638666, 43.673420873530198 ], [ -79.427187060191272, 43.673781645669187 ], [ -79.427393433306761, 43.676041185548335 ] ] ] } },
{ "type": "Feature", "properties": { "vor_id": 1415, "theft_count": 6, "bike_trips": 4530, "theft_per_1000_trips": 1.3245033112582782 }, "geometry": { "type": "Polygon", "coordinates": [ [ [ -79.393317026614227, 43.679817255281762 ], [ -79.395894830703099, 43.677031687947441 ], [ -79.398269108571668, 43.677923818978172 ], [ -79.398350814789836, 43.678085405965057 ], [ -79.395790309497144, 43.682515325796096 ], [ -79.394396844944382, 43.681614826634018 ], [ -79.393317026614227, 43.679817255281762 ] ] ] } },
{ "type": "Feature", "properties": { "vor_id": 1416, "theft_count": 52, "bike_trips": 1072, "theft_per_1000_trips": 48.507462686567166 }, "geometry": { "type": "Polygon", "coordinates": [ [ [ -79.398357301821818, 43.659821912240254 ], [ -79.398418152028199, 43.660397374582317 ], [ -79.398226735930564, 43.660702174305122 ], [ -79.39612322936965, 43.661557604503606 ], [ -79.395496581436177, 43.659479322250391 ], [ -79.39561620935433, 43.659170146823975 ], [ -79.397808109313502, 43.659425593342661 ], [ -79.398357301821818, 43.659821912240254 ] ] ] } },
{ "type": "Feature", "properties": { "vor_id": 1418, "theft_count": 6, "bike_trips": 2596, "theft_per_1000_trips": 2.3112480739599386 }, "geometry": { "type": "Polygon", "coordinates": [ [ [ -79.352553652392643, 43.678392450012758 ], [ -79.352135323851513, 43.679793915602019 ], [ -79.351755742030335, 43.679826514191802 ], [ -79.35110139456998, 43.676414967743014 ], [ -79.352143917591505, 43.676387870055237 ], [ -79.352553652392643, 43.678392450012758 ] ] ] } },
{ "type": "Feature", "properties": { "vor_id": 1419, "theft_count": 8, "bike_trips": 5450, "theft_per_1000_trips": 1.4678899082568808 }, "geometry": { "type": "Polygon", "coordinates": [ [ [ -79.534105455792343, 43.676885747010239 ], [ -79.524295535022318, 43.688811471655072 ], [ -79.520921684801266, 43.687368054273499 ], [ -79.518792700667248, 43.683139779419321 ], [ -79.528342869637584, 43.673407338179373 ], [ -79.534105455792343, 43.676885747010239 ] ] ] } },
{ "type": "Feature", "properties": { "vor_id": 1420, "theft_count": 49, "bike_trips": 2289, "theft_per_1000_trips": 21.406727828746178 }, "geometry": { "type": "Polygon", "coordinates": [ [ [ -79.446501699499663, 43.665648345589901 ], [ -79.44815916817852, 43.665962835307589 ], [ -79.448318761747245, 43.666734557663645 ], [ -79.447665787443754, 43.667451768537916 ], [ -79.445598632502126, 43.66825923135049 ], [ -79.445128305362473, 43.666190492505457 ], [ -79.446501699499663, 43.665648345589901 ] ] ] } },
{ "type": "Feature", "properties": { "vor_id": 1421, "theft_count": 20, "bike_trips": 1295, "theft_per_1000_trips": 15.444015444015445 }, "geometry": { "type": "Polygon", "coordinates": [ [ [ -79.353271502436385, 43.659696198161207 ], [ -79.35485787060334, 43.659833687028261 ], [ -79.355016912377749, 43.66052664026423 ], [ -79.354554252929461, 43.661766287179965 ], [ -79.352492184160567, 43.661129705607621 ], [ -79.353271502436385, 43.659696198161207 ] ] ] } },
{ "type": "Feature", "properties": { "vor_id": 1423, "theft_count": 7, "bike_trips": 2593, "theft_per_1000_trips": 2.6995757809487082 }, "geometry": { "type": "Polygon", "coordinates": [ [ [ -79.345588440830355, 43.673026793572831 ], [ -79.345717874197717, 43.672111378672788 ], [ -79.348740044033036, 43.670762503917125 ], [ -79.34894571081378, 43.670818348077589 ], [ -79.349105471104991, 43.671559852545968 ], [ -79.345588440830355, 43.673026793572831 ] ] ] } },
{ "type": "Feature", "properties": { "vor_id": 1424, "theft_count": 16, "bike_trips": 3807, "theft_per_1000_trips": 4.2027843446283164 }, "geometry": { "type": "Polygon", "coordinates": [ [ [ -79.297041651693547, 43.674695680750972 ], [ -79.294736435458645, 43.663800444821035 ], [ -79.297734572821497, 43.667103100396005 ], [ -79.299334599571026, 43.674418446913187 ], [ -79.298671624878907, 43.67469227162286 ], [ -79.297041651693547, 43.674695680750972 ] ] ] } },
{ "type": "Feature", "properties": { "vor_id": 1425, "theft_count": 29, "bike_trips": 1112, "theft_per_1000_trips": 26.079136690647484 }, "geometry": { "type": "Polygon", "coordinates": [ [ [ -79.444252570818179, 43.663519384006477 ], [ -79.442153007850521, 43.664377064790415 ], [ -79.441446044183593, 43.660756150879983 ], [ -79.442656573009089, 43.660570134055938 ], [ -79.444756456763741, 43.660735942031771 ], [ -79.445346581212434, 43.661792162761181 ], [ -79.444252570818179, 43.663519384006477 ] ] ] } },
{ "type": "Feature", "properties": { "vor_id": 1428, "theft_count": 13, "bike_trips": 7994, "theft_per_1000_trips": 1.6262196647485614 }, "geometry": { "type": "Polygon", "coordinates": [ [ [ -79.152328686117627, 43.767229088285923 ], [ -79.145624269367772, 43.781046957332741 ], [ -79.134201600830281, 43.783906970902429 ], [ -79.131891707235013, 43.773370007269136 ], [ -79.133168797347565, 43.772277049144499 ], [ -79.143108397262864, 43.76376995100194 ], [ -79.149665274818361, 43.758157395728659 ], [ -79.152328686117627, 43.767229088285923 ] ] ] } },
{ "type": "Feature", "properties": { "vor_id": 1429, "theft_count": 16, "bike_trips": 2233, "theft_per_1000_trips": 7.1652485445588896 }, "geometry": { "type": "Polygon", "coordinates": [ [ [ -79.433920310497456, 43.644074818292495 ], [ -79.436968346514604, 43.645656283111506 ], [ -79.437240090602614, 43.646296374534202 ], [ -79.437101642673326, 43.646494823582792 ], [ -79.432873841424509, 43.648112745887438 ], [ -79.43131556406658, 43.646614141941107 ], [ -79.431295305012284, 43.646590815240891 ], [ -79.431302348427053, 43.646542568862088 ], [ -79.433920310497456, 43.644074818292495 ] ] ] } },
{ "type": "Feature", "properties": { "vor_id": 1430, "theft_count": 25, "bike_trips": 5723, "theft_per_1000_trips": 4.3683382841167218 }, "geometry": { "type": "Polygon", "coordinates": [ [ [ -79.479847635661784, 43.668966421799546 ], [ -79.47976020370271, 43.668008951865303 ], [ -79.484212491618067, 43.662607572262338 ], [ -79.484184191196789, 43.66736773103321 ], [ -79.480502855959173, 43.670014831158873 ], [ -79.479847635661784, 43.668966421799546 ] ] ] } },
{ "type": "Feature", "properties": { "vor_id": 1432, "theft_count": 15, "bike_trips": 5194, "theft_per_1000_trips": 2.887947631882942 }, "geometry": { "type": "Polygon", "coordinates": [ [ [ -79.354619245933847, 43.675991332422889 ], [ -79.352553652392643, 43.678392450012758 ], [ -79.352143917591505, 43.676387870055237 ], [ -79.353915589207077, 43.67566148212039 ], [ -79.354619245933847, 43.675991332422889 ] ] ] } },
{ "type": "Feature", "properties": { "vor_id": 1433, "theft_count": 25, "bike_trips": 5872, "theft_per_1000_trips": 4.2574931880108995 }, "geometry": { "type": "Polygon", "coordinates": [ [ [ -79.416974582869571, 43.776934914660345 ], [ -79.413461861495506, 43.776690370592782 ], [ -79.414472739564829, 43.772926340099296 ], [ -79.419279438478881, 43.770163253375785 ], [ -79.42096621110278, 43.772882943228922 ], [ -79.418525320204807, 43.776195748067195 ], [ -79.416974582869571, 43.776934914660345 ] ] ] } },
{ "type": "Feature", "properties": { "vor_id": 1434, "theft_count": 7, "bike_trips": 10477, "theft_per_1000_trips": 0.66813018993986828 }, "geometry": { "type": "Polygon", "coordinates": [ [ [ -79.379019176742048, 43.783219868707249 ], [ -79.367809880480863, 43.798611760014673 ], [ -79.363152099734009, 43.798042516035515 ], [ -79.36250596445511, 43.7971724965428 ], [ -79.364820422436267, 43.783720143974492 ], [ -79.372080460244575, 43.780796428002489 ], [ -79.376660726185534, 43.781918632719936 ], [ -79.379019176742048, 43.783219868707249 ] ] ] } },
{ "type": "Feature", "properties": { "vor_id": 1435, "theft_count": 8, "bike_trips": 1099, "theft_per_1000_trips": 7.2793448589626939 }, "geometry": { "type": "Polygon", "coordinates": [ [ [ -79.416069794124525, 43.66821729037779 ], [ -79.41447126681372, 43.670763215605682 ], [ -79.413844633930296, 43.670718411290167 ], [ -79.413414299287751, 43.668778814606419 ], [ -79.415902701010054, 43.667805316775485 ], [ -79.416064372285618, 43.667909118660042 ], [ -79.416069794124525, 43.66821729037779 ] ] ] } },
{ "type": "Feature", "properties": { "vor_id": 1436, "theft_count": 16, "bike_trips": 2359, "theft_per_1000_trips": 6.7825349724459514 }, "geometry": { "type": "Polygon", "coordinates": [ [ [ -79.428744210065787, 43.673307652761281 ], [ -79.428875224576174, 43.673025077326805 ], [ -79.431713939644339, 43.671863934118456 ], [ -79.433363477937533, 43.674055469560955 ], [ -79.431194647307223, 43.675890981738057 ], [ -79.428744210065787, 43.673307652761281 ] ] ] } },
{ "type": "Feature", "properties": { "vor_id": 1438, "theft_count": 6, "bike_trips": 1098, "theft_per_1000_trips": 5.4644808743169397 }, "geometry": { "type": "Polygon", "coordinates": [ [ [ -79.414407086773892, 43.663116180606224 ], [ -79.414069385313283, 43.663700064591424 ], [ -79.412313230888387, 43.664394067430401 ], [ -79.411541654649497, 43.663569171233064 ], [ -79.411765300137219, 43.662593854305591 ], [ -79.412331664530868, 43.66200432406086 ], [ -79.414407086773892, 43.663116180606224 ] ] ] } },
{ "type": "Feature", "properties": { "vor_id": 1439, "theft_count": 16, "bike_trips": 2140, "theft_per_1000_trips": 7.4766355140186915 }, "geometry": { "type": "Polygon", "coordinates": [ [ [ -79.395552122182295, 43.654546034630009 ], [ -79.395247225756236, 43.653069965716128 ], [ -79.396242329996369, 43.652664870444866 ], [ -79.396988210797119, 43.652912948701136 ], [ -79.397221347339169, 43.65403044716151 ], [ -79.395656308079282, 43.654680746818627 ], [ -79.395552122182295, 43.654546034630009 ] ] ] } },
{ "type": "Feature", "properties": { "vor_id": 1440, "theft_count": 4, "bike_trips": 6355, "theft_per_1000_trips": 0.6294256490952006 }, "geometry": { "type": "Polygon", "coordinates": [ [ [ -79.178164990607186, 43.76736599622302 ], [ -79.177954065786508, 43.766523937137265 ], [ -79.177923360175001, 43.766438120702034 ], [ -79.176301025625463, 43.761903999381737 ], [ -79.174385616862935, 43.75785420781127 ], [ -79.174622427812679, 43.751398591903346 ], [ -79.176015120974839, 43.750772997928472 ], [ -79.179821248085744, 43.764660680656839 ], [ -79.178366911527732, 43.767036180468814 ], [ -79.178164990607186, 43.76736599622302 ] ] ] } },
{ "type": "Feature", "properties": { "vor_id": 1442, "theft_count": 15, "bike_trips": 1093, "theft_per_1000_trips": 13.723696248856358 }, "geometry": { "type": "Polygon", "coordinates": [ [ [ -79.40352741045362, 43.64242483715617 ], [ -79.406528637563071, 43.641168896013838 ], [ -79.406375737374759, 43.642196066348653 ], [ -79.403814008765522, 43.643240215662331 ], [ -79.403711044048791, 43.643080507018247 ], [ -79.40352741045362, 43.64242483715617 ] ] ] } },
{ "type": "Feature", "properties": { "vor_id": 1444, "theft_count": 34, "bike_trips": 1080, "theft_per_1000_trips": 31.481481481481477 }, "geometry": { "type": "Polygon", "coordinates": [ [ [ -79.4017904120156, 43.64518368788378 ], [ -79.402026134680455, 43.645859028533486 ], [ -79.400257747851995, 43.64659626161577 ], [ -79.39998456561716, 43.645227845574667 ], [ -79.400565117112961, 43.644990746349251 ], [ -79.4017904120156, 43.64518368788378 ] ] ] } },
{ "type": "Feature", "properties": { "vor_id": 1446, "theft_count": 0, "bike_trips": 1072, "theft_per_1000_trips": 0.0 }, "geometry": { "type": "Polygon", "coordinates": [ [ [ -79.396890661436345, 43.663554199546631 ], [ -79.396407421346069, 43.663198098202628 ], [ -79.397567084841299, 43.662649618217493 ], [ -79.398509711190854, 43.6620846297265 ], [ -79.398600189830304, 43.662526656656716 ], [ -79.398506568580061, 43.662895649327965 ], [ -79.396890661436345, 43.663554199546631 ] ] ] } },
{ "type": "Feature", "properties": { "vor_id": 1447, "theft_count": 12, "bike_trips": 6034, "theft_per_1000_trips": 1.9887305270135895 }, "geometry": { "type": "Polygon", "coordinates": [ [ [ -79.403588476635349, 43.701758969323997 ], [ -79.403571958488158, 43.701693362892378 ], [ -79.411176432088837, 43.698387221527312 ], [ -79.411431351993286, 43.699142551480733 ], [ -79.409327527096991, 43.705898733356605 ], [ -79.403588476635349, 43.701758969323997 ] ] ] } },
{ "type": "Feature", "properties": { "vor_id": 1449, "theft_count": 44, "bike_trips": 28453, "theft_per_1000_trips": 1.5464098689066179 }, "geometry": { "type": "Polygon", "coordinates": [ [ [ -79.560594755441059, 43.65823192154317 ], [ -79.56030440379881, 43.657986971181273 ], [ -79.5676237523612, 43.647335388745525 ], [ -79.571828754286528, 43.643306886672406 ], [ -79.573780074266381, 43.642037377790821 ], [ -79.580768389505138, 43.642624182518418 ], [ -79.602717166312374, 43.651865518361127 ], [ -79.588794670196748, 43.664588999525968 ], [ -79.588793115392136, 43.664590575131093 ], [ -79.588791784269162, 43.664592254516698 ], [ -79.588790689953385, 43.664594021123172 ], [ -79.588789843235332, 43.664595857530891 ], [ -79.588789252464039, 43.664597745631937 ], [ -79.588788923464833, 43.664599666808691 ], [ -79.588788859481795, 43.664601602117358 ], [ -79.588789061145832, 43.66460353247485 ], [ -79.588789526468446, 43.664605438846841 ], [ -79.588790250861308, 43.664607302435563 ], [ -79.588791227181545, 43.664609104865086 ], [ -79.591221570431514, 43.668513052559476 ], [ -79.592142623603635, 43.670111997463636 ], [ -79.592142646829132, 43.670112037655912 ], [ -79.593303728703077, 43.672114991799575 ], [ -79.560594755441059, 43.65823192154317 ] ] ] } },
{ "type": "Feature", "properties": { "vor_id": 1450, "theft_count": 7, "bike_trips": 5258, "theft_per_1000_trips": 1.3313046785850131 }, "geometry": { "type": "Polygon", "coordinates": [ [ [ -79.491264991875397, 43.631937124796693 ], [ -79.487763887339042, 43.630846548461982 ], [ -79.488022323437875, 43.62923857421513 ], [ -79.491076605223469, 43.624524786716755 ], [ -79.49218204145474, 43.624948256677627 ], [ -79.49274620394057, 43.625570714059421 ], [ -79.493633872996355, 43.626375250395164 ], [ -79.491264991875397, 43.631937124796693 ] ] ] } },
{ "type": "Feature", "properties": { "vor_id": 1452, "theft_count": 22, "bike_trips": 6177, "theft_per_1000_trips": 3.5615994819491661 }, "geometry": { "type": "Polygon", "coordinates": [ [ [ -79.275556849090506, 43.765268265576204 ], [ -79.276461496341668, 43.764935607197337 ], [ -79.290444317251541, 43.774293478130176 ], [ -79.289113372844952, 43.776015354726979 ], [ -79.287974447554333, 43.77651989088352 ], [ -79.276298105335371, 43.77059588795818 ], [ -79.275556849090506, 43.765268265576204 ] ] ] } },
{ "type": "Feature", "properties": { "vor_id": 1453, "theft_count": 5, "bike_trips": 2381, "theft_per_1000_trips": 2.0999580008399832 }, "geometry": { "type": "Polygon", "coordinates": [ [ [ -79.419658744870574, 43.696069193494203 ], [ -79.424495652632515, 43.69409345960625 ], [ -79.42460662421999, 43.694239272432945 ], [ -79.425281495463878, 43.696522568487403 ], [ -79.423258306283529, 43.698925470829799 ], [ -79.419658744870574, 43.696069193494203 ] ] ] } },
{ "type": "Feature", "properties": { "vor_id": 1454, "theft_count": 26, "bike_trips": 2591, "theft_per_1000_trips": 10.034735623311462 }, "geometry": { "type": "Polygon", "coordinates": [ [ [ -79.353174429391899, 43.667685880602939 ], [ -79.350606385597516, 43.668512352260578 ], [ -79.347971053799355, 43.66716370704939 ], [ -79.348259352795566, 43.664887920798641 ], [ -79.350904426109153, 43.663799896895881 ], [ -79.350987739454482, 43.663873784117222 ], [ -79.353174429391899, 43.667685880602939 ] ] ] } },
{ "type": "Feature", "properties": { "vor_id": 1456, "theft_count": 45, "bike_trips": 3279, "theft_per_1000_trips": 13.723696248856358 }, "geometry": { "type": "Polygon", "coordinates": [ [ [ -79.407590827227367, 43.639661112071849 ], [ -79.408155990684264, 43.6401445274021 ], [ -79.409040199749029, 43.642174531364674 ], [ -79.406728148770142, 43.644394003700349 ], [ -79.406399648085895, 43.642749008942509 ], [ -79.406375737374759, 43.642196066348653 ], [ -79.406528637563071, 43.641168896013838 ], [ -79.407126179345283, 43.639874496602928 ], [ -79.407590827227367, 43.639661112071849 ] ] ] } },
{ "type": "Feature", "properties": { "vor_id": 1457, "theft_count": 0, "bike_trips": 1097, "theft_per_1000_trips": 0.0 }, "geometry": { "type": "Polygon", "coordinates": [ [ [ -79.412000975842631, 43.653421847512611 ], [ -79.41073980162237, 43.653557328468509 ], [ -79.410543776182692, 43.652594619392822 ], [ -79.411596292664598, 43.65143334640841 ], [ -79.412000975842631, 43.653421847512611 ] ] ] } },
{ "type": "Feature", "properties": { "vor_id": 1458, "theft_count": 23, "bike_trips": 1016, "theft_per_1000_trips": 22.637795275590552 }, "geometry": { "type": "Polygon", "coordinates": [ [ [ -79.356828379376324, 43.656638253240644 ], [ -79.356411243552017, 43.655184017516568 ], [ -79.356885861906846, 43.654861432902287 ], [ -79.357395189468164, 43.654744797617383 ], [ -79.358431977626424, 43.656467112585311 ], [ -79.356828379376324, 43.656638253240644 ] ] ] } },
{ "type": "Feature", "properties": { "vor_id": 1459, "theft_count": 23, "bike_trips": 2092, "theft_per_1000_trips": 10.994263862332696 }, "geometry": { "type": "Polygon", "coordinates": [ [ [ -79.392772339237268, 43.668933407483848 ], [ -79.391980642920188, 43.670121383467013 ], [ -79.390970140271591, 43.670282817573138 ], [ -79.390625003437222, 43.668674994816286 ], [ -79.392069519775518, 43.668092941815708 ], [ -79.392772339237268, 43.668933407483848 ] ] ] } },
{ "type": "Feature", "properties": { "vor_id": 1460, "theft_count": 17, "bike_trips": 2243, "theft_per_1000_trips": 7.5791350869371383 }, "geometry": { "type": "Polygon", "coordinates": [ [ [ -79.434896436966, 43.63248772198601 ], [ -79.435308754583914, 43.629976708231922 ], [ -79.440960679874735, 43.631711258170441 ], [ -79.440961446477445, 43.631711483449038 ], [ -79.440965372123614, 43.631712586566309 ], [ -79.439715917774478, 43.637196593289346 ], [ -79.43819537379936, 43.637759163366745 ], [ -79.4376671325155, 43.637441943379514 ], [ -79.434896436966, 43.63248772198601 ] ] ] } },
{ "type": "Feature", "properties": { "vor_id": 1461, "theft_count": 21, "bike_trips": 2071, "theft_per_1000_trips": 10.140028971511347 }, "geometry": { "type": "Polygon", "coordinates": [ [ [ -79.376097095515746, 43.651067499638586 ], [ -79.373950108324635, 43.650462402244173 ], [ -79.375311800351938, 43.649190218609554 ], [ -79.376605616876589, 43.650196777459712 ], [ -79.376288915189676, 43.650975470841622 ], [ -79.37614618517037, 43.651066599128477 ], [ -79.376097095515746, 43.651067499638586 ] ] ] } },
{ "type": "Feature", "properties": { "vor_id": 1465, "theft_count": 11, "bike_trips": 9287, "theft_per_1000_trips": 1.1844513836545709 }, "geometry": { "type": "Polygon", "coordinates": [ [ [ -79.479857158836921, 43.702638864673887 ], [ -79.470920640859603, 43.70013191412216 ], [ -79.471125761819181, 43.691874856420135 ], [ -79.473059093140279, 43.688444621246191 ], [ -79.478746159919723, 43.6842973112824 ], [ -79.484868057874081, 43.692177818026174 ], [ -79.48212201220467, 43.701734863204848 ], [ -79.479857158836921, 43.702638864673887 ] ] ] } },
{ "type": "Feature", "properties": { "vor_id": 1466, "theft_count": 14, "bike_trips": 1077, "theft_per_1000_trips": 12.99907149489322 }, "geometry": { "type": "Polygon", "coordinates": [ [ [ -79.404213779884657, 43.659108760566731 ], [ -79.403528298836335, 43.660041881496632 ], [ -79.402116520326899, 43.660634500738162 ], [ -79.401616987105683, 43.660222200216573 ], [ -79.401775759650945, 43.660127035615226 ], [ -79.402717485685116, 43.659428603987557 ], [ -79.404103863410128, 43.65887473889596 ], [ -79.404147274041989, 43.65889899664564 ], [ -79.404213779884657, 43.659108760566731 ] ] ] } },
{ "type": "Feature", "properties": { "vor_id": 1467, "theft_count": 14, "bike_trips": 3400, "theft_per_1000_trips": 4.1176470588235299 }, "geometry": { "type": "Polygon", "coordinates": [ [ [ -79.439403517250312, 43.665731786162269 ], [ -79.440621217135771, 43.66604792681634 ], [ -79.440998634071505, 43.666586832064489 ], [ -79.440335267957352, 43.670782645326938 ], [ -79.439067116118864, 43.670910849763622 ], [ -79.438685537381176, 43.670350298179045 ], [ -79.438150638237801, 43.666979509361873 ], [ -79.439403517250312, 43.665731786162269 ] ] ] } },
{ "type": "Feature", "properties": { "vor_id": 1469, "theft_count": 0, "bike_trips": 3189, "theft_per_1000_trips": 0.0 }, "geometry": { "type": "Polygon", "coordinates": [ [ [ -79.21354776915868, 43.787617239782669 ], [ -79.209339094349019, 43.790139822384958 ], [ -79.205397941791816, 43.793062780331958 ], [ -79.205008574532457, 43.793415682245161 ], [ -79.205503694117894, 43.790986820759279 ], [ -79.210084106211696, 43.784745357707678 ], [ -79.216789646969787, 43.784847960980422 ], [ -79.216902582791931, 43.786030531104458 ], [ -79.21354776915868, 43.787617239782669 ] ] ] } },
{ "type": "Feature", "properties": { "vor_id": 1473, "theft_count": 18, "bike_trips": 2539, "theft_per_1000_trips": 7.0894052776683738 }, "geometry": { "type": "Polygon", "coordinates": [ [ [ -79.297734572821497, 43.667103100396005 ], [ -79.294736435458645, 43.663800444821035 ], [ -79.293441879154244, 43.661388292946292 ], [ -79.298098573371533, 43.658780889648433 ], [ -79.300408270994666, 43.662696260125948 ], [ -79.303032287742411, 43.670252781826477 ], [ -79.302244088302302, 43.670854882535608 ], [ -79.297734572821497, 43.667103100396005 ] ] ] } },
{ "type": "Feature", "properties": { "vor_id": 1474, "theft_count": 28, "bike_trips": 2088, "theft_per_1000_trips": 13.409961685823756 }, "geometry": { "type": "Polygon", "coordinates": [ [ [ -79.387182437665842, 43.670672422832617 ], [ -79.387834765324214, 43.67078937501114 ], [ -79.388416663177054, 43.671159660531195 ], [ -79.386028385631221, 43.672133562752812 ], [ -79.385841498108377, 43.671223911990396 ], [ -79.387182437665842, 43.670672422832617 ] ] ] } },
{ "type": "Feature", "properties": { "vor_id": 1476, "theft_count": 9, "bike_trips": 4461, "theft_per_1000_trips": 2.0174848688634839 }, "geometry": { "type": "Polygon", "coordinates": [ [ [ -79.388040708806514, 43.765501725176321 ], [ -79.385984519301658, 43.768661063650562 ], [ -79.385131297391936, 43.768439505811969 ], [ -79.383228945753828, 43.766473273951519 ], [ -79.387504358326424, 43.764293401074177 ], [ -79.388040708806514, 43.765501725176321 ] ] ] } },
{ "type": "Feature", "properties": { "vor_id": 1477, "theft_count": 16, "bike_trips": 7059, "theft_per_1000_trips": 2.2666100014166313 }, "geometry": { "type": "Polygon", "coordinates": [ [ [ -79.448750169538613, 43.697853555380206 ], [ -79.453620885601168, 43.696225944440492 ], [ -79.460601892005656, 43.703091183250258 ], [ -79.462135217086825, 43.705027594111627 ], [ -79.455231972529234, 43.706579372198036 ], [ -79.448554457896776, 43.701710770199938 ], [ -79.448603385260512, 43.697977105642543 ], [ -79.448750169538613, 43.697853555380206 ] ] ] } },
{ "type": "Feature", "properties": { "vor_id": 1478, "theft_count": 9, "bike_trips": 4738, "theft_per_1000_trips": 1.8995356690586744 }, "geometry": { "type": "Polygon", "coordinates": [ [ [ -79.431969105116735, 43.694045829860293 ], [ -79.431737598790122, 43.693275281123547 ], [ -79.437720299502189, 43.687451033561153 ], [ -79.438292048212404, 43.689243538351825 ], [ -79.436656175909746, 43.693495654663195 ], [ -79.433298440003057, 43.69484536361491 ], [ -79.431969105116735, 43.694045829860293 ] ] ] } },
{ "type": "Feature", "properties": { "vor_id": 1483, "theft_count": 12, "bike_trips": 5642, "theft_per_1000_trips": 2.1269053527118045 }, "geometry": { "type": "Polygon", "coordinates": [ [ [ -79.289455692509605, 43.719102181538481 ], [ -79.289388802990601, 43.718727478177442 ], [ -79.294804751685803, 43.71078385469589 ], [ -79.299352150438224, 43.709736233879063 ], [ -79.302167650710331, 43.716712026255315 ], [ -79.300716012847232, 43.718465016085133 ], [ -79.294410826798369, 43.720764025509887 ], [ -79.289620807678602, 43.719211277927833 ], [ -79.289455692509605, 43.719102181538481 ] ] ] } },
{ "type": "Feature", "properties": { "vor_id": 1485, "theft_count": 13, "bike_trips": 2221, "theft_per_1000_trips": 5.8532192705988297 }, "geometry": { "type": "Polygon", "coordinates": [ [ [ -79.430515164371329, 43.663332510788088 ], [ -79.433128389396629, 43.662231594802684 ], [ -79.433309051766116, 43.662341950534405 ], [ -79.43288963348293, 43.666375367451614 ], [ -79.430815903142985, 43.6656396490757 ], [ -79.4303383147396, 43.663533791524735 ], [ -79.430515164371329, 43.663332510788088 ] ] ] } },
{ "type": "Feature", "properties": { "vor_id": 1486, "theft_count": 14, "bike_trips": 7613, "theft_per_1000_trips": 1.8389596742414291 }, "geometry": { "type": "Polygon", "coordinates": [ [ [ -79.239743894140076, 43.766288404343712 ], [ -79.246992186840686, 43.7610478805274 ], [ -79.255818010629952, 43.770515511538804 ], [ -79.249633941287556, 43.777172654507638 ], [ -79.238338913112003, 43.778928116054757 ], [ -79.234306542821471, 43.77605316824539 ], [ -79.239743894140076, 43.766288404343712 ] ] ] } },
{ "type": "Feature", "properties": { "vor_id": 1488, "theft_count": 4, "bike_trips": 1103, "theft_per_1000_trips": 3.626473254759746 }, "geometry": { "type": "Polygon", "coordinates": [ [ [ -79.419482472193508, 43.644962981380914 ], [ -79.418743487756572, 43.646849679791181 ], [ -79.417913163363622, 43.647660508201383 ], [ -79.417520447900714, 43.646887629292159 ], [ -79.418813789893647, 43.644484596110814 ], [ -79.419482472193508, 43.644962981380914 ] ] ] } },
{ "type": "Feature", "properties": { "vor_id": 1490, "theft_count": 8, "bike_trips": 1106, "theft_per_1000_trips": 7.2332730560578655 }, "geometry": { "type": "Polygon", "coordinates": [ [ [ -79.425299179836742, 43.645099016511637 ], [ -79.425714576419139, 43.644935157312617 ], [ -79.426769672135748, 43.645423139745503 ], [ -79.427360110758215, 43.646375732596745 ], [ -79.426527478013455, 43.647839789219802 ], [ -79.42542532489874, 43.648027303645975 ], [ -79.424902536233986, 43.64654878593695 ], [ -79.425299179836742, 43.645099016511637 ] ] ] } },
{ "type": "Feature", "properties": { "vor_id": 1494, "theft_count": 313, "bike_trips": 47904, "theft_per_1000_trips": 6.533901135604542 }, "geometry": { "type": "MultiPolygon", "coordinates": [ [ [ [ -79.503556152823407, 43.603747844207554 ], [ -79.501665798299584, 43.59513129515021 ], [ -79.504503786140106, 43.597222355106929 ], [ -79.505526910510198, 43.601851283131182 ], [ -79.503556152823407, 43.603747844207554 ] ] ], [ [ [ -79.509266818147466, 43.604900868593283 ], [ -79.506781044034526, 43.601911614592517 ], [ -79.507208708825573, 43.601260544758212 ], [ -79.506467597205244, 43.597882578039979 ], [ -79.510813817111128, 43.598292091900134 ], [ -79.508363400600075, 43.60078183181588 ], [ -79.509266818147466, 43.604900868593283 ] ] ], [ [ [ -79.541288894933587, 43.605375353841119 ], [ -79.541135018384864, 43.605582832349022 ], [ -79.538612435782568, 43.609791507158697 ], [ -79.536846533983422, 43.613525192813874 ], [ -79.534487446706521, 43.61707432845192 ], [ -79.535066250842476, 43.618274820157239 ], [ -79.534861482213387, 43.618847110137267 ], [ -79.533669234979826, 43.623606827899195 ], [ -79.533559876338288, 43.624344063976061 ], [ -79.532949262666378, 43.628460486983521 ], [ -79.532708499, 43.633361344 ], [ -79.532936457234285, 43.638001540458077 ], [ -79.531917427325936, 43.637850381650289 ], [ -79.532058590200407, 43.638802024450008 ], [ -79.530407228137165, 43.638388379786612 ], [ -79.529049201359697, 43.637902470035918 ], [ -79.526227125963032, 43.636892715313031 ], [ -79.525787290381658, 43.636735339625574 ], [ -79.524082208755004, 43.635928896076145 ], [ -79.521351625158601, 43.634637426217409 ], [ -79.517718787322409, 43.632459987014606 ], [ -79.517786147349014, 43.632509944615123 ], [ -79.521994822158661, 43.635032527217419 ], [ -79.523292939727625, 43.635646491102499 ], [ -79.520765709381749, 43.634742233625651 ], [ -79.516330044158664, 43.632644320217487 ], [ -79.516216324320922, 43.632576159169858 ], [ -79.517394049550191, 43.632265346684434 ], [ -79.517142950348912, 43.632114843615135 ], [ -79.513201797791723, 43.629191885668142 ], [ -79.509566122940569, 43.625896702059336 ], [ -79.5067182497977, 43.622754558253732 ], [ -79.506270939331756, 43.622261027208189 ], [ -79.503347981384778, 43.618319874650986 ], [ -79.501448088697302, 43.615150095200498 ], [ -79.500200966278541, 43.614772800804268 ], [ -79.497964444201557, 43.615722881242377 ], [ -79.497091776862732, 43.614266923747572 ], [ -79.495803817782573, 43.612118093841381 ], [ -79.49530326422223, 43.611059762257611 ], [ -79.49484085462818, 43.610082079314545 ], [ -79.495348102221726, 43.609963387263726 ], [ -79.496322326609885, 43.609009155334491 ], [ -79.495671227988353, 43.606092148167484 ], [ -79.491991040468776, 43.602815676639096 ], [ -79.491431796570907, 43.600583050334343 ], [ -79.495368371751795, 43.596831944854159 ], [ -79.495882197979739, 43.600295879100813 ], [ -79.4970744452133, 43.605055596862734 ], [ -79.497141427413695, 43.605242799571933 ], [ -79.497599307184799, 43.604978277947268 ], [ -79.497827328962558, 43.604846547534812 ], [ -79.500311404712022, 43.603802989571179 ], [ -79.503054721767668, 43.605024287359136 ], [ -79.505330823169231, 43.60969327982977 ], [ -79.499172511084922, 43.609516783967187 ], [ -79.499370682374433, 43.610070635618257 ], [ -79.501468595782569, 43.614506300841292 ], [ -79.501944482742019, 43.615300270266381 ], [ -79.507794738891803, 43.61707015975648 ], [ -79.507625576885161, 43.611371538444807 ], [ -79.511089643200819, 43.607633777687354 ], [ -79.512782050668207, 43.606523543569118 ], [ -79.512311998449263, 43.598068732844837 ], [ -79.514763845777949, 43.594390410884202 ], [ -79.514952473434221, 43.589574692007353 ], [ -79.523862335339203, 43.59540394163475 ], [ -79.525371036934089, 43.59565256810842 ], [ -79.526514264787963, 43.592589168006342 ], [ -79.522775919508206, 43.586091790899573 ], [ -79.52769462714231, 43.587002312411236 ], [ -79.527697041512141, 43.587002675011426 ], [ -79.527699491530669, 43.587002876256534 ], [ -79.527701956688261, 43.587002914461891 ], [ -79.52770441634857, 43.587002789307689 ], [ -79.527706849921287, 43.587002501841617 ], [ -79.527709237034472, 43.587002054470076 ], [ -79.527711557705089, 43.587001450938146 ], [ -79.533013640203009, 43.585420663118029 ], [ -79.532647382961315, 43.586727459477387 ], [ -79.533998580920041, 43.592595249984583 ], [ -79.532183395123539, 43.593415232545766 ], [ -79.530539601469627, 43.592886076985423 ], [ -79.530191397102584, 43.600963235759274 ], [ -79.531846730294646, 43.60027092970769 ], [ -79.538643762977259, 43.598724973246682 ], [ -79.536784204615003, 43.594193185928333 ], [ -79.533291287012332, 43.595010268309089 ], [ -79.533097696323068, 43.594174714585947 ], [ -79.53485018320201, 43.593376424066939 ], [ -79.53673025124229, 43.593959030314466 ], [ -79.537506243503415, 43.590599118025217 ], [ -79.533822769216201, 43.585179421936466 ], [ -79.541726257705093, 43.582822952191137 ], [ -79.541728707489526, 43.582822115130782 ], [ -79.541731028903897, 43.582821104164559 ], [ -79.541733198497511, 43.58281992950517 ], [ -79.541735194353294, 43.582818603018943 ], [ -79.54173699630924, 43.582817138105895 ], [ -79.541738586162197, 43.582815549564451 ], [ -79.541739947851553, 43.582813853441948 ], [ -79.541741067621629, 43.582812066872442 ], [ -79.541741934160598, 43.582810207903719 ], [ -79.5417425387148, 43.582808295314919 ], [ -79.541742875177022, 43.582806348426864 ], [ -79.541742940148367, 43.582804386906858 ], [ -79.541742732972537, 43.582802430570005 ], [ -79.541742255742335, 43.582800499179079 ], [ -79.54073324023048, 43.579641632163991 ], [ -79.543564586675302, 43.580537335836041 ], [ -79.543775513530505, 43.580762076244262 ], [ -79.543775529580614, 43.580762093326015 ], [ -79.544298820211068, 43.581318383264083 ], [ -79.544786162817957, 43.581837830962563 ], [ -79.544825667404936, 43.581970467125934 ], [ -79.544686130140221, 43.583560573109537 ], [ -79.544535867236007, 43.58472638533479 ], [ -79.544535785145584, 43.584727211068419 ], [ -79.544510785145604, 43.585084211074282 ], [ -79.544510775422793, 43.585086038640092 ], [ -79.544511001694971, 43.585087858855132 ], [ -79.544511461978828, 43.585089655765152 ], [ -79.54451215223996, 43.585091413620162 ], [ -79.544513066428223, 43.585093117012512 ], [ -79.544514196530713, 43.58509475101188 ], [ -79.544515532642023, 43.585096301296225 ], [ -79.544517063051089, 43.585097754277243 ], [ -79.544518774343814, 43.585099097219512 ], [ -79.544520651520656, 43.585100318352097 ], [ -79.545732651520652, 43.585817418171999 ], [ -79.545732968754379, 43.585817602991455 ], [ -79.547382968754377, 43.586764102750841 ], [ -79.547384972293031, 43.586765147563284 ], [ -79.547387099425535, 43.586766055188164 ], [ -79.547389332301151, 43.586766818008755 ], [ -79.547891719692927, 43.586918483968056 ], [ -79.548071507514024, 43.586974149219003 ], [ -79.548073717707851, 43.586974752015713 ], [ -79.548075992274917, 43.586975212339134 ], [ -79.548078313747283, 43.586975526654115 ], [ -79.548175325419493, 43.586985497872419 ], [ -79.547859501252788, 43.587317832073083 ], [ -79.547859221928164, 43.587318131909491 ], [ -79.547612442923281, 43.587588399446666 ], [ -79.547467866879444, 43.58774126840823 ], [ -79.54746770657097, 43.587741439855179 ], [ -79.547354233274845, 43.587864194630654 ], [ -79.547233670111794, 43.587986454483527 ], [ -79.547232849817476, 43.587987336134795 ], [ -79.54662915518486, 43.588675931692151 ], [ -79.546334665411194, 43.588948880783391 ], [ -79.546333131114096, 43.588950457666321 ], [ -79.54633181921055, 43.588952136543995 ], [ -79.546330742514485, 43.58895390101808 ], [ -79.546329911542401, 43.588955733854199 ], [ -79.546329334410842, 43.588957617150236 ], [ -79.546329016756829, 43.588959532511225 ], [ -79.546328961683059, 43.588961461229005 ], [ -79.546329169727471, 43.588963384464954 ], [ -79.546329638857998, 43.588965283434007 ], [ -79.546330364492405, 43.588967139588107 ], [ -79.546331339543158, 43.588968934797407 ], [ -79.546332554486511, 43.588970651527326 ], [ -79.546333997455548, 43.588972273009823 ], [ -79.546335654356199, 43.588973783407212 ], [ -79.5463375090048, 43.588975167966765 ], [ -79.546484010220382, 43.589074234390225 ], [ -79.54659463187518, 43.589236636366422 ], [ -79.546595987223682, 43.589238391909745 ], [ -79.546597584800878, 43.589240037110535 ], [ -79.54659940764347, 43.589241554499893 ], [ -79.546601436396315, 43.589242927965998 ], [ -79.546779736396317, 43.589351727939025 ], [ -79.546781817350549, 43.589352877405588 ], [ -79.546932753152092, 43.589428145635793 ], [ -79.547160893357727, 43.589547809337304 ], [ -79.547162761282777, 43.589548705790087 ], [ -79.547164725571619, 43.589549486749263 ], [ -79.547166772644303, 43.589550146815732 ], [ -79.547420862176551, 43.589623068023208 ], [ -79.547830237000255, 43.589847464542721 ], [ -79.547832637760706, 43.589848639056981 ], [ -79.548302821567475, 43.590052906527056 ], [ -79.548450020833485, 43.590143756823153 ], [ -79.548451690808889, 43.590144707843464 ], [ -79.548453459018702, 43.590145560637723 ], [ -79.54863915901872, 43.590227660615 ], [ -79.548641553567833, 43.59022860238138 ], [ -79.548644067176113, 43.590229364202123 ], [ -79.54907168150983, 43.590340924395313 ], [ -79.549157815506263, 43.590373284650028 ], [ -79.549222799995661, 43.590408569915404 ], [ -79.549281520318758, 43.590464765627402 ], [ -79.549342701571248, 43.590561765004566 ], [ -79.549399035483418, 43.590699286013866 ], [ -79.549415080823508, 43.590944225055033 ], [ -79.549415158055595, 43.590945041791585 ], [ -79.549448406558625, 43.591213825478953 ], [ -79.549468066885268, 43.591519608422544 ], [ -79.549484693590301, 43.591981472403901 ], [ -79.549390002496366, 43.592402146016795 ], [ -79.549051821725584, 43.592870251087987 ], [ -79.549051695212228, 43.592870428406513 ], [ -79.548847795212225, 43.593159828449167 ], [ -79.54884686756607, 43.593161291087291 ], [ -79.548846109470304, 43.593162804108921 ], [ -79.548845526080299, 43.593164357224907 ], [ -79.548782126080297, 43.593365557239416 ], [ -79.548781690943954, 43.593367298772691 ], [ -79.548781475409839, 43.593369061693224 ], [ -79.548764596917536, 43.593653414654746 ], [ -79.548593202724845, 43.594135230551096 ], [ -79.54859277056876, 43.594136667473478 ], [ -79.548592489023918, 43.594138123882772 ], [ -79.548551289023905, 43.594431323892401 ], [ -79.548551159523512, 43.594432796124188 ], [ -79.548551183928183, 43.594434271234469 ], [ -79.54857468392818, 43.594775871228961 ], [ -79.548574922927997, 43.594777667974 ], [ -79.548575390100808, 43.594779441044096 ], [ -79.548576081450847, 43.594781175273916 ], [ -79.548576991064849, 43.594782855830317 ], [ -79.548674191064876, 43.594940555809465 ], [ -79.548675115047928, 43.594941911289538 ], [ -79.548676181108831, 43.59494321091438 ], [ -79.548824381108801, 43.595108910885159 ], [ -79.548825773707321, 43.595110325673126 ], [ -79.548827334518208, 43.595111645161005 ], [ -79.548829051172476, 43.595112858892243 ], [ -79.549038751172475, 43.595248458859437 ], [ -79.5490402547006, 43.59524936234186 ], [ -79.54911285470061, 43.595289862331455 ], [ -79.54911513119724, 43.595291002352603 ], [ -79.549117557137677, 43.595291967262348 ], [ -79.549120106934609, 43.59529274688343 ], [ -79.549227406934605, 43.595320946874828 ], [ -79.549229386778393, 43.595321405445411 ], [ -79.54923140953467, 43.595321752139682 ], [ -79.549392509534684, 43.59534465213239 ], [ -79.549394694211344, 43.595344895774495 ], [ -79.549396899109396, 43.595345008931957 ], [ -79.549596599109378, 43.595349308930572 ], [ -79.549596680515677, 43.59534931059428 ], [ -79.550270001700127, 43.595362333969604 ], [ -79.548185338003776, 43.59725176270905 ], [ -79.547353159940656, 43.598006004940672 ], [ -79.544057976331828, 43.601641679791825 ], [ -79.541288894933587, 43.605375353841119 ] ], [ [ -79.54574534694477, 43.592165337537544 ], [ -79.544699426475134, 43.591623911953356 ], [ -79.543956342603337, 43.591527428891403 ], [ -79.543422473192692, 43.593879010331392 ], [ -79.54574534694477, 43.592165337537544 ] ] ], [ [ [ -79.505932739333375, 43.624606363016909 ], [ -79.506044936320592, 43.625263474258077 ], [ -79.505053619843324, 43.624364997375302 ], [ -79.505932739333375, 43.624606363016909 ] ] ], [ [ [ -79.573824085600776, 43.625990741885452 ], [ -79.57382679616795, 43.625989943631559 ], [ -79.573829371186989, 43.625988937346484 ], [ -79.574079171186966, 43.625878237377115 ], [ -79.574081177853984, 43.625877255745891 ], [ -79.574083054668449, 43.625876147671264 ], [ -79.574084786472298, 43.625874922102575 ], [ -79.574371978455218, 43.625652551244528 ], [ -79.574676310991379, 43.62553362119904 ], [ -79.575112283976082, 43.625495357364656 ], [ -79.57549328037102, 43.625554054542405 ], [ -79.57692131907902, 43.626353034451903 ], [ -79.576923454117818, 43.626354113868167 ], [ -79.576925723121306, 43.62635503907461 ], [ -79.576928104901114, 43.626355801431508 ], [ -79.57693057721572, 43.62635639381979 ], [ -79.579253510948575, 43.626824158480524 ], [ -79.576641126208088, 43.629191885668142 ], [ -79.576549065150047, 43.629260162802112 ], [ -79.573597349850814, 43.626047338951153 ], [ -79.573824085600776, 43.625990741885452 ] ] ], [ [ [ -79.5607542953245, 43.633928619419621 ], [ -79.559912157038497, 43.633215465130377 ], [ -79.56022560925841, 43.634178669306372 ], [ -79.559034052618216, 43.634742233625651 ], [ -79.554414114862709, 43.636395273786704 ], [ -79.554273446684476, 43.63643050933107 ], [ -79.554975660225836, 43.632330928772532 ], [ -79.555880054650871, 43.631788855615234 ], [ -79.558174070095475, 43.63008749780758 ], [ -79.559821207208074, 43.628865897668234 ], [ -79.563456882059214, 43.625570714059421 ], [ -79.563572920582558, 43.625442685308812 ], [ -79.563576756782183, 43.625555190998512 ], [ -79.563441197297706, 43.625896915953959 ], [ -79.563440619780167, 43.625898675544263 ], [ -79.563440269867627, 43.625900466287739 ], [ -79.563440150567686, 43.625902272792445 ], [ -79.563439150567703, 43.626421272792669 ], [ -79.563439231968573, 43.626422815294397 ], [ -79.563439481605343, 43.626424348307971 ], [ -79.563505181605365, 43.626724948292726 ], [ -79.563505717923491, 43.626726809315606 ], [ -79.563530217923486, 43.626795009310044 ], [ -79.563530450806752, 43.626795617067202 ], [ -79.563632450806736, 43.627046017044208 ], [ -79.563790205870703, 43.627432880666049 ], [ -79.563872528843731, 43.627844296178225 ], [ -79.563873075160885, 43.62784628861003 ], [ -79.563873904759731, 43.627848229117021 ], [ -79.563875008644672, 43.627850096657525 ], [ -79.563876374845833, 43.627851870981132 ], [ -79.563877988548967, 43.627853532848114 ], [ -79.563879832256063, 43.627855064238254 ], [ -79.564117632256071, 43.628032964198098 ], [ -79.564119594010421, 43.628034292440041 ], [ -79.564121728698282, 43.628035472721308 ], [ -79.564124015110949, 43.628036493315435 ], [ -79.564404915110913, 43.628148293283658 ], [ -79.564407578934976, 43.628149219648598 ], [ -79.564410366875862, 43.628149929316805 ], [ -79.564413245406911, 43.628150413754113 ], [ -79.56513414540693, 43.628241913724864 ], [ -79.565136765014998, 43.628242151186512 ], [ -79.565773465014985, 43.628277051175203 ], [ -79.565774745161775, 43.628277099214827 ], [ -79.566405845161782, 43.628289899210685 ], [ -79.566409267112448, 43.628289811098895 ], [ -79.566919067112451, 43.628253111110745 ], [ -79.566922175850266, 43.628252753597778 ], [ -79.566925205790895, 43.628252136145562 ], [ -79.567225305790885, 43.628177036168594 ], [ -79.567228133509914, 43.628176195758655 ], [ -79.567230811555177, 43.628175128966248 ], [ -79.567233305471674, 43.628173849516422 ], [ -79.567429705471682, 43.628060449545195 ], [ -79.567431528523045, 43.628059296220385 ], [ -79.567433201209596, 43.628058029114371 ], [ -79.567434710029829, 43.628056658454931 ], [ -79.567436042804943, 43.62805519530567 ], [ -79.567437188777106, 43.628053651476755 ], [ -79.567585088777079, 43.627830951508059 ], [ -79.567585913423841, 43.627829576935454 ], [ -79.567905574479525, 43.62723523834449 ], [ -79.568168927944384, 43.627001190274413 ], [ -79.568395454926858, 43.626837214010017 ], [ -79.568519288715308, 43.626812207343569 ], [ -79.568651559935191, 43.626812207343569 ], [ -79.569145442171404, 43.626888402891218 ], [ -79.569226595688363, 43.626906345969935 ], [ -79.569735172278257, 43.628596325881084 ], [ -79.567678392650961, 43.630121737615205 ], [ -79.563469717841301, 43.632644320217487 ], [ -79.5607542953245, 43.633928619419621 ] ] ] ] } },
{ "type": "Feature", "properties": { "vor_id": 1495, "theft_count": 8, "bike_trips": 6927, "theft_per_1000_trips": 1.1549011115923198 }, "geometry": { "type": "Polygon", "coordinates": [ [ [ -79.395603854542117, 43.758985139251919 ], [ -79.395745408262883, 43.758622581688499 ], [ -79.402845370569437, 43.761611025584301 ], [ -79.403192684102876, 43.762605035801982 ], [ -79.40169274197055, 43.770052791234534 ], [ -79.400654439279549, 43.770249896646924 ], [ -79.395218136019693, 43.767000927162385 ], [ -79.395603854542117, 43.758985139251919 ] ] ] } },
{ "type": "Feature", "properties": { "vor_id": 1496, "theft_count": 11, "bike_trips": 4584, "theft_per_1000_trips": 2.3996509598603839 }, "geometry": { "type": "Polygon", "coordinates": [ [ [ -79.494315448111763, 43.706375134647459 ], [ -79.505693101457908, 43.703208057175644 ], [ -79.506717080365149, 43.704068794735051 ], [ -79.50723669734586, 43.709988595751774 ], [ -79.495689440649386, 43.710476974029916 ], [ -79.494315448111763, 43.706375134647459 ] ] ] } },
{ "type": "Feature", "properties": { "vor_id": 1499, "theft_count": 21, "bike_trips": 3081, "theft_per_1000_trips": 6.8159688412852972 }, "geometry": { "type": "Polygon", "coordinates": [ [ [ -79.364605501854371, 43.649578026362036 ], [ -79.36419509213664, 43.649990521264918 ], [ -79.363386375944344, 43.646157444101767 ], [ -79.366580542993503, 43.646948789816285 ], [ -79.364605501854371, 43.649578026362036 ] ] ] } },
{ "type": "Feature", "properties": { "vor_id": 1501, "theft_count": 16, "bike_trips": 2433, "theft_per_1000_trips": 6.5762433210028766 }, "geometry": { "type": "Polygon", "coordinates": [ [ [ -79.398366206797661, 43.69221548421519 ], [ -79.398310710889206, 43.694677875816431 ], [ -79.396253139794752, 43.695059470371035 ], [ -79.394003944899978, 43.693375874166662 ], [ -79.396428775131795, 43.692132819807171 ], [ -79.398366206797661, 43.69221548421519 ] ] ] } },
{ "type": "Feature", "properties": { "vor_id": 1503, "theft_count": 14, "bike_trips": 2377, "theft_per_1000_trips": 5.8897770298695837 }, "geometry": { "type": "Polygon", "coordinates": [ [ [ -79.419734850596996, 43.679117679710117 ], [ -79.419823067459021, 43.679539360248413 ], [ -79.417720430848135, 43.682199889282352 ], [ -79.416916831549983, 43.682512480057433 ], [ -79.415671586406319, 43.681775489861025 ], [ -79.415943975161824, 43.680587345936011 ], [ -79.419734850596996, 43.679117679710117 ] ] ] } },
{ "type": "Feature", "properties": { "vor_id": 1504, "theft_count": 4, "bike_trips": 2383, "theft_per_1000_trips": 1.678556441460344 }, "geometry": { "type": "Polygon", "coordinates": [ [ [ -79.445583216009439, 43.712313452645624 ], [ -79.435641798469504, 43.716372963869311 ], [ -79.434357274072227, 43.714951183698162 ], [ -79.443263911350257, 43.711216494672193 ], [ -79.445583216009439, 43.712313452645624 ] ] ] } },
{ "type": "Feature", "properties": { "vor_id": 1505, "theft_count": 21, "bike_trips": 5566, "theft_per_1000_trips": 3.7729069349622706 }, "geometry": { "type": "Polygon", "coordinates": [ [ [ -79.426281219104951, 43.747341694988094 ], [ -79.426598434231806, 43.741212346380436 ], [ -79.429950779315135, 43.737017426512423 ], [ -79.443247453373687, 43.741851173876285 ], [ -79.444704571967804, 43.744451140383781 ], [ -79.432628191542662, 43.752282872980636 ], [ -79.426281219104951, 43.747341694988094 ] ] ] } },
{ "type": "Feature", "properties": { "vor_id": 1506, "theft_count": 5, "bike_trips": 2538, "theft_per_1000_trips": 1.970055161544523 }, "geometry": { "type": "Polygon", "coordinates": [ [ [ -79.296621008857826, 43.681575778403456 ], [ -79.297430724010923, 43.680214093540307 ], [ -79.299760822009333, 43.679275754845939 ], [ -79.300374458525496, 43.679841395560651 ], [ -79.300707790953254, 43.680691279088457 ], [ -79.297038368615432, 43.682520929421308 ], [ -79.296179928659868, 43.682522076708509 ], [ -79.296621008857826, 43.681575778403456 ] ] ] } },
{ "type": "Feature", "properties": { "vor_id": 1507, "theft_count": 7, "bike_trips": 2980, "theft_per_1000_trips": 2.348993288590604 }, "geometry": { "type": "Polygon", "coordinates": [ [ [ -79.383228945753828, 43.766473273951519 ], [ -79.385131297391936, 43.768439505811969 ], [ -79.382397747208316, 43.769120588445212 ], [ -79.381744332117222, 43.765944769139693 ], [ -79.383228945753828, 43.766473273951519 ] ] ] } },
{ "type": "Feature", "properties": { "vor_id": 1509, "theft_count": 24, "bike_trips": 4773, "theft_per_1000_trips": 5.0282840980515404 }, "geometry": { "type": "Polygon", "coordinates": [ [ [ -79.181727274687233, 43.76881017064531 ], [ -79.190261104489963, 43.766177307884668 ], [ -79.190685216490124, 43.768108635471755 ], [ -79.182121985670292, 43.770561189020384 ], [ -79.181727274687233, 43.76881017064531 ] ] ] } },
{ "type": "Feature", "properties": { "vor_id": 1510, "theft_count": 20, "bike_trips": 11460, "theft_per_1000_trips": 1.7452006980802792 }, "geometry": { "type": "Polygon", "coordinates": [ [ [ -79.503215076655493, 43.747678437319792 ], [ -79.502916185530012, 43.752072358522291 ], [ -79.502412238898529, 43.752857745997005 ], [ -79.491512340023149, 43.752812080225965 ], [ -79.486879898696088, 43.749867788417554 ], [ -79.48359153768223, 43.74087848829307 ], [ -79.486762654545174, 43.738400637267539 ], [ -79.502274120857351, 43.741907888078991 ], [ -79.503215076655493, 43.747678437319792 ] ] ] } },
{ "type": "Feature", "properties": { "vor_id": 1513, "theft_count": 9, "bike_trips": 1100, "theft_per_1000_trips": 8.1818181818181817 }, "geometry": { "type": "Polygon", "coordinates": [ [ [ -79.424564109010817, 43.669051269811987 ], [ -79.422396333490028, 43.669969517963601 ], [ -79.421516383822976, 43.669136009194816 ], [ -79.421981324693533, 43.667009119435257 ], [ -79.422258660985264, 43.666355097186504 ], [ -79.42484187725448, 43.666964411997697 ], [ -79.424564109010817, 43.669051269811987 ] ] ] } },
{ "type": "Feature", "properties": { "vor_id": 1516, "theft_count": 30, "bike_trips": 2201, "theft_per_1000_trips": 13.630168105406632 }, "geometry": { "type": "Polygon", "coordinates": [ [ [ -79.421070218593925, 43.660948633014954 ], [ -79.422345397607373, 43.661263366751768 ], [ -79.422780167317825, 43.663252705200883 ], [ -79.421685067232573, 43.665488172509811 ], [ -79.420281969325714, 43.665176181117182 ], [ -79.419493032031298, 43.66155281738402 ], [ -79.421070218593925, 43.660948633014954 ] ] ] } },
{ "type": "Feature", "properties": { "vor_id": 1518, "theft_count": 1, "bike_trips": 3399, "theft_per_1000_trips": 0.29420417769932328 }, "geometry": { "type": "Polygon", "coordinates": [ [ [ -79.477280509024851, 43.650002085922402 ], [ -79.47816981533677, 43.654745747310209 ], [ -79.477552630652838, 43.654399740175293 ], [ -79.476459283515098, 43.649854743660057 ], [ -79.477280509024851, 43.650002085922402 ] ] ] } },
{ "type": "Feature", "properties": { "vor_id": 1519, "theft_count": 0, "bike_trips": 1007, "theft_per_1000_trips": 0.0 }, "geometry": { "type": "Polygon", "coordinates": [ [ [ -79.318927840355016, 43.631979035676395 ], [ -79.320576334154879, 43.617008638948988 ], [ -79.324113952568112, 43.616177979351981 ], [ -79.323997248, 43.618553555000098 ], [ -79.324238011666381, 43.623454412016578 ], [ -79.324957983979829, 43.628308071100903 ], [ -79.32615023121339, 43.633067788862824 ], [ -79.327803271374435, 43.637687726618353 ], [ -79.328994805709641, 43.640207014303066 ], [ -79.326810264767389, 43.639226157122529 ], [ -79.318927840355016, 43.631979035676395 ] ] ] } },
{ "type": "Feature", "properties": { "vor_id": 1520, "theft_count": 13, "bike_trips": 2429, "theft_per_1000_trips": 5.3519967064635647 }, "geometry": { "type": "Polygon", "coordinates": [ [ [ -79.396039013823142, 43.683070503148919 ], [ -79.389530333869558, 43.685742033143832 ], [ -79.390234378126607, 43.683369499616411 ], [ -79.394396844944382, 43.681614826634018 ], [ -79.395790309497144, 43.682515325796096 ], [ -79.396028661896551, 43.683016512426548 ], [ -79.396039013823142, 43.683070503148919 ] ] ] } },
{ "type": "Feature", "properties": { "vor_id": 1523, "theft_count": 30, "bike_trips": 2088, "theft_per_1000_trips": 14.367816091954023 }, "geometry": { "type": "Polygon", "coordinates": [ [ [ -79.382346805741733, 43.656144297724076 ], [ -79.38257447466772, 43.656587344544846 ], [ -79.382588003858956, 43.656651801339848 ], [ -79.380734150672296, 43.657441112136382 ], [ -79.380406908786853, 43.656938258144216 ], [ -79.382346805741733, 43.656144297724076 ] ] ] } },
{ "type": "Feature", "properties": { "vor_id": 1530, "theft_count": 28, "bike_trips": 4872, "theft_per_1000_trips": 5.7471264367816088 }, "geometry": { "type": "Polygon", "coordinates": [ [ [ -79.401989845161467, 43.711793459584605 ], [ -79.406143428939814, 43.712966976826593 ], [ -79.408294216516651, 43.71417138831719 ], [ -79.405594886012565, 43.717308804477007 ], [ -79.396621133064173, 43.719187308333836 ], [ -79.395527432969075, 43.718641358994425 ], [ -79.397098340440579, 43.71282748182378 ], [ -79.401989845161467, 43.711793459584605 ] ] ] } },
{ "type": "Feature", "properties": { "vor_id": 1531, "theft_count": 11, "bike_trips": 5236, "theft_per_1000_trips": 2.1008403361344539 }, "geometry": { "type": "Polygon", "coordinates": [ [ [ -79.507984987492392, 43.686874039499827 ], [ -79.516713112146633, 43.680607237467406 ], [ -79.518792700667248, 43.683139779419321 ], [ -79.520921684801266, 43.687368054273499 ], [ -79.51375954520671, 43.691145034828565 ], [ -79.512609512137914, 43.69089975397798 ], [ -79.507984987492392, 43.686874039499827 ] ] ] } },
{ "type": "Feature", "properties": { "vor_id": 1532, "theft_count": 14, "bike_trips": 2047, "theft_per_1000_trips": 6.8392769907181243 }, "geometry": { "type": "Polygon", "coordinates": [ [ [ -79.367840314655723, 43.657337195539554 ], [ -79.368152602767495, 43.658782542315322 ], [ -79.367696144391573, 43.659961803632235 ], [ -79.367375988091425, 43.6597673190413 ], [ -79.366788342870038, 43.657088975659804 ], [ -79.366841809930179, 43.656997087987584 ], [ -79.367840314655723, 43.657337195539554 ] ] ] } },
{ "type": "Feature", "properties": { "vor_id": 1534, "theft_count": 20, "bike_trips": 3429, "theft_per_1000_trips": 5.8326042578011084 }, "geometry": { "type": "Polygon", "coordinates": [ [ [ -79.4843170949393, 43.662410235104367 ], [ -79.484212491618067, 43.662607572262338 ], [ -79.47976020370271, 43.668008951865303 ], [ -79.47972728004838, 43.667933262255822 ], [ -79.478397074858478, 43.661898426826255 ], [ -79.478985643516367, 43.661790765474848 ], [ -79.483115074803564, 43.661768196045934 ], [ -79.4843170949393, 43.662410235104367 ] ] ] } },
{ "type": "Feature", "properties": { "vor_id": 1536, "theft_count": 9, "bike_trips": 6057, "theft_per_1000_trips": 1.4858841010401187 }, "geometry": { "type": "Polygon", "coordinates": [ [ [ -79.370580754822299, 43.67526433124798 ], [ -79.367120856398799, 43.679794594699523 ], [ -79.365242462248474, 43.679812087352239 ], [ -79.364948356398884, 43.678830166924634 ], [ -79.364058802059091, 43.67430892754809 ], [ -79.365147142792111, 43.673338690843543 ], [ -79.367173861530347, 43.672040201106867 ], [ -79.369509834016398, 43.671796083850396 ], [ -79.369613527126646, 43.671806961216909 ], [ -79.370580754822299, 43.67526433124798 ] ] ] } },
{ "type": "Feature", "properties": { "vor_id": 1539, "theft_count": 53, "bike_trips": 9370, "theft_per_1000_trips": 5.656350053361793 }, "geometry": { "type": "Polygon", "coordinates": [ [ [ -79.258850578241891, 43.748933999345319 ], [ -79.25515801649469, 43.749620852962856 ], [ -79.245124111874929, 43.725362551567272 ], [ -79.248993002888398, 43.722639474847881 ], [ -79.256561723049259, 43.725767571210206 ], [ -79.257861617728267, 43.728237904185626 ], [ -79.260003251839692, 43.743565920928241 ], [ -79.258850578241891, 43.748933999345319 ] ] ] } },
{ "type": "Feature", "properties": { "vor_id": 1540, "theft_count": 4, "bike_trips": 5855, "theft_per_1000_trips": 0.68317677198975235 }, "geometry": { "type": "Polygon", "coordinates": [ [ [ -79.459789876391696, 43.686828323985985 ], [ -79.460683326976337, 43.687689128944214 ], [ -79.464199893020535, 43.703726746423193 ], [ -79.462528952865682, 43.705122373303077 ], [ -79.462135217086825, 43.705027594111627 ], [ -79.460601892005656, 43.703091183250258 ], [ -79.457452161894551, 43.689125161813671 ], [ -79.45848882971562, 43.687231734324634 ], [ -79.459789876391696, 43.686828323985985 ] ] ] } },
{ "type": "Feature", "properties": { "vor_id": 1541, "theft_count": 23, "bike_trips": 5062, "theft_per_1000_trips": 4.543658632951403 }, "geometry": { "type": "Polygon", "coordinates": [ [ [ -79.305146511091962, 43.716435485166556 ], [ -79.302167650710331, 43.716712026255315 ], [ -79.299352150438224, 43.709736233879063 ], [ -79.300513001026431, 43.705517111056388 ], [ -79.304189443335389, 43.703647033462019 ], [ -79.309080265266729, 43.709884141484025 ], [ -79.305146511091962, 43.716435485166556 ] ] ] } },
{ "type": "Feature", "properties": { "vor_id": 1543, "theft_count": 8, "bike_trips": 4374, "theft_per_1000_trips": 1.828989483310471 }, "geometry": { "type": "Polygon", "coordinates": [ [ [ -79.415938842886007, 43.625468939556349 ], [ -79.421288543549977, 43.625673799238292 ], [ -79.423618831660093, 43.626388987943962 ], [ -79.423575450912168, 43.634467520354868 ], [ -79.423143049758565, 43.635132823160966 ], [ -79.42172311207726, 43.635650790414019 ], [ -79.42117919464836, 43.634926535379769 ], [ -79.416386701111094, 43.628545074910782 ], [ -79.415938842886007, 43.625468939556349 ] ] ] } },
{ "type": "Feature", "properties": { "vor_id": 1544, "theft_count": 7, "bike_trips": 3928, "theft_per_1000_trips": 1.7820773930753566 }, "geometry": { "type": "Polygon", "coordinates": [ [ [ -79.500311404712022, 43.603802989571179 ], [ -79.497827328962558, 43.604846547534812 ], [ -79.497050765515709, 43.595228788968491 ], [ -79.498209747451554, 43.594124371366576 ], [ -79.500311404712022, 43.603802989571179 ] ] ] } },
{ "type": "Feature", "properties": { "vor_id": 1545, "theft_count": 9, "bike_trips": 8875, "theft_per_1000_trips": 1.0140845070422537 }, "geometry": { "type": "Polygon", "coordinates": [ [ [ -79.412015387013639, 43.785608684354571 ], [ -79.41033823961854, 43.789238769228454 ], [ -79.403967997963136, 43.793415668396293 ], [ -79.400050362841, 43.788527277343299 ], [ -79.402255151162862, 43.781690344573484 ], [ -79.407632146186444, 43.77688744435472 ], [ -79.412015387013639, 43.785608684354571 ] ] ] } },
{ "type": "Feature", "properties": { "vor_id": 1546, "theft_count": 5, "bike_trips": 1111, "theft_per_1000_trips": 4.5004500450045004 }, "geometry": { "type": "Polygon", "coordinates": [ [ [ -79.430149326355277, 43.661657715057203 ], [ -79.430865291223668, 43.661356394740046 ], [ -79.432886987730129, 43.661802379291153 ], [ -79.433128389396629, 43.662231594802684 ], [ -79.430515164371329, 43.663332510788088 ], [ -79.430149326355277, 43.661657715057203 ] ] ] } },
{ "type": "Feature", "properties": { "vor_id": 1548, "theft_count": 27, "bike_trips": 4438, "theft_per_1000_trips": 6.0838215412347898 }, "geometry": { "type": "Polygon", "coordinates": [ [ [ -79.429200689432022, 43.661106126911299 ], [ -79.42903229080018, 43.660363583808405 ], [ -79.429582011940283, 43.659830572229261 ], [ -79.430510421596566, 43.659765175732595 ], [ -79.430865291223668, 43.661356394740046 ], [ -79.430149326355277, 43.661657715057203 ], [ -79.429200689432022, 43.661106126911299 ] ] ] } },
{ "type": "Feature", "properties": { "vor_id": 1550, "theft_count": 17, "bike_trips": 2596, "theft_per_1000_trips": 6.5485362095531583 }, "geometry": { "type": "Polygon", "coordinates": [ [ [ -79.34845129644826, 43.678022742738541 ], [ -79.350439715698684, 43.676114508543868 ], [ -79.35110139456998, 43.676414967743014 ], [ -79.351755742030335, 43.679826514191802 ], [ -79.351295730231314, 43.680000777365635 ], [ -79.34845129644826, 43.678022742738541 ] ] ] } },
{ "type": "Feature", "properties": { "vor_id": 1551, "theft_count": 8, "bike_trips": 2147, "theft_per_1000_trips": 3.7261294829995344 }, "geometry": { "type": "Polygon", "coordinates": [ [ [ -79.395029142409413, 43.647561361660912 ], [ -79.395614657300086, 43.647117085622661 ], [ -79.397045714059516, 43.646578773769079 ], [ -79.39715583444314, 43.647117255290247 ], [ -79.396008496531465, 43.647617815540208 ], [ -79.395029142409413, 43.647561361660912 ] ] ] } },
{ "type": "Feature", "properties": { "vor_id": 1552, "theft_count": 5, "bike_trips": 2278, "theft_per_1000_trips": 2.1949078138718177 }, "geometry": { "type": "Polygon", "coordinates": [ [ [ -79.43155969010995, 43.671513091206037 ], [ -79.431713939644339, 43.671863934118456 ], [ -79.428875224576174, 43.673025077326805 ], [ -79.429106549822919, 43.67093025872893 ], [ -79.43155969010995, 43.671513091206037 ] ] ] } },
{ "type": "Feature", "properties": { "vor_id": 1553, "theft_count": 8, "bike_trips": 11045, "theft_per_1000_trips": 0.72430964237211404 }, "geometry": { "type": "Polygon", "coordinates": [ [ [ -79.311040079100437, 43.775901853503328 ], [ -79.308079761576266, 43.780276726562604 ], [ -79.307884167359603, 43.780317417094089 ], [ -79.302284310120555, 43.77501253890803 ], [ -79.298755010200949, 43.771669149004254 ], [ -79.303015150766228, 43.759600647603222 ], [ -79.309764454489184, 43.76116819738089 ], [ -79.316238226182449, 43.766505906490153 ], [ -79.315404275790144, 43.769452272886703 ], [ -79.311040079100437, 43.775901853503328 ] ] ] } },
{ "type": "Feature", "properties": { "vor_id": 1555, "theft_count": 3, "bike_trips": 5538, "theft_per_1000_trips": 0.54171180931744312 }, "geometry": { "type": "Polygon", "coordinates": [ [ [ -79.426058007763785, 43.633465805548418 ], [ -79.428736513395293, 43.630754482768282 ], [ -79.428740935989637, 43.632756635853873 ], [ -79.426647042271952, 43.636059918621164 ], [ -79.426058007763785, 43.633465805548418 ] ] ] } },
{ "type": "Feature", "properties": { "vor_id": 1558, "theft_count": 15, "bike_trips": 3655, "theft_per_1000_trips": 4.1039671682626535 }, "geometry": { "type": "Polygon", "coordinates": [ [ [ -79.394962377271952, 43.701214820627364 ], [ -79.39465263847795, 43.699701358661493 ], [ -79.399441923078086, 43.698805439987105 ], [ -79.400872573343776, 43.699771288746938 ], [ -79.400804240435249, 43.699837746873463 ], [ -79.394962377271952, 43.701214820627364 ] ] ] } },
{ "type": "Feature", "properties": { "vor_id": 1565, "theft_count": 7, "bike_trips": 4758, "theft_per_1000_trips": 1.471206389239176 }, "geometry": { "type": "Polygon", "coordinates": [ [ [ -79.205219437643649, 43.753261624446104 ], [ -79.184170654992144, 43.747109508113383 ], [ -79.188181531122041, 43.745307732996132 ], [ -79.188183687679043, 43.745306655705683 ], [ -79.188185689119692, 43.745305432120439 ], [ -79.188187516499539, 43.745304073822112 ], [ -79.197062187392902, 43.738030339595191 ], [ -79.205219437643649, 43.753261624446104 ] ] ] } },
{ "type": "Feature", "properties": { "vor_id": 1566, "theft_count": 17, "bike_trips": 3726, "theft_per_1000_trips": 4.5625335480407951 }, "geometry": { "type": "Polygon", "coordinates": [ [ [ -79.386489147595853, 43.735701540226664 ], [ -79.398475525912914, 43.738124494515432 ], [ -79.401497317425751, 43.741101642332097 ], [ -79.404499198693273, 43.744698297307608 ], [ -79.39809298638373, 43.751509808651768 ], [ -79.39760111013581, 43.751849692659704 ], [ -79.39482153315295, 43.75318347045679 ], [ -79.385937068521983, 43.749262162711702 ], [ -79.382185433139654, 43.73614788741537 ], [ -79.386489147595853, 43.735701540226664 ] ] ] } },
{ "type": "Feature", "properties": { "vor_id": 1569, "theft_count": 11, "bike_trips": 1099, "theft_per_1000_trips": 10.009099181073703 }, "geometry": { "type": "Polygon", "coordinates": [ [ [ -79.416064372285618, 43.667909118660042 ], [ -79.415902701010054, 43.667805316775485 ], [ -79.414755073931957, 43.666289295873717 ], [ -79.415645137315607, 43.665057181797806 ], [ -79.41678746889832, 43.664673030468009 ], [ -79.418117996227039, 43.665134188023401 ], [ -79.418181154681193, 43.665191761316009 ], [ -79.416418433749968, 43.6677716325528 ], [ -79.416064372285618, 43.667909118660042 ] ] ] } },
{ "type": "Feature", "properties": { "vor_id": 1570, "theft_count": 70, "bike_trips": 6075, "theft_per_1000_trips": 11.522633744855968 }, "geometry": { "type": "Polygon", "coordinates": [ [ [ -79.358778769923831, 43.652631841471198 ], [ -79.356727069273731, 43.652358964431734 ], [ -79.354762084992146, 43.650704723826053 ], [ -79.350982575083435, 43.646069461420716 ], [ -79.355898778472152, 43.641776769293472 ], [ -79.356696494869382, 43.643328537657489 ], [ -79.358871479089089, 43.652361572691802 ], [ -79.358778769923831, 43.652631841471198 ] ] ] } },
{ "type": "Feature", "properties": { "vor_id": 1571, "theft_count": 5, "bike_trips": 1078, "theft_per_1000_trips": 4.6382189239332101 }, "geometry": { "type": "Polygon", "coordinates": [ [ [ -79.401463439659082, 43.655166783312417 ], [ -79.401264218699893, 43.654146354373324 ], [ -79.402280339612702, 43.65372447720636 ], [ -79.402969013982087, 43.654536708081572 ], [ -79.401463439659082, 43.655166783312417 ] ] ] } },
{ "type": "Feature", "properties": { "vor_id": 1572, "theft_count": 12, "bike_trips": 2240, "theft_per_1000_trips": 5.3571428571428568 }, "geometry": { "type": "Polygon", "coordinates": [ [ [ -79.445165363755223, 43.642791576797123 ], [ -79.441060266056809, 43.64153726003817 ], [ -79.441338588615523, 43.641130180198822 ], [ -79.442701480263452, 43.639422373959249 ], [ -79.445165363755223, 43.642791576797123 ] ] ] } },
{ "type": "Feature", "properties": { "vor_id": 1573, "theft_count": 12, "bike_trips": 22621, "theft_per_1000_trips": 0.53048052694399017 }, "geometry": { "type": "Polygon", "coordinates": [ [ [ -79.545882859940676, 43.665348975059331 ], [ -79.548437833426561, 43.667664668045191 ], [ -79.553417733213792, 43.65713385463475 ], [ -79.560214888185769, 43.657969693857822 ], [ -79.56030440379881, 43.657986971181273 ], [ -79.560594755441059, 43.65823192154317 ], [ -79.560410576967612, 43.675386670229983 ], [ -79.562104027381736, 43.676187612625569 ], [ -79.566004871233318, 43.677583356873612 ], [ -79.566723965137271, 43.677840652786607 ], [ -79.571483682899185, 43.679032900020154 ], [ -79.576337341983532, 43.679752872333609 ], [ -79.581238199, 43.679993636 ], [ -79.586139056016449, 43.679752872333609 ], [ -79.590992715100811, 43.679032900020154 ], [ -79.595752432862724, 43.677840652786607 ], [ -79.596491333662172, 43.677576269872212 ], [ -79.598384600055937, 43.680792638087588 ], [ -79.597222732862704, 43.681208360786606 ], [ -79.59246301510079, 43.68240060802016 ], [ -79.587609356016472, 43.683120580333593 ], [ -79.582708498999978, 43.683361344 ], [ -79.577807641983497, 43.683120580333593 ], [ -79.572953982899165, 43.68240060802016 ], [ -79.568194265137251, 43.681208360786606 ], [ -79.563574327381744, 43.679555320625568 ], [ -79.56059304661369, 43.678145279835235 ], [ -79.560380723022945, 43.678167325911986 ], [ -79.560382031229096, 43.678045476991159 ], [ -79.559138662158688, 43.677457407217418 ], [ -79.554929987348999, 43.674934824615114 ], [ -79.550988834791781, 43.672011866668136 ], [ -79.547764182840055, 43.669089212500602 ], [ -79.547353159940656, 43.66871668305933 ], [ -79.544057976331828, 43.66508100820819 ], [ -79.541135018384864, 43.661139855650966 ], [ -79.538612435782568, 43.656931180841298 ], [ -79.537611546515578, 43.654814978286637 ], [ -79.537853515636598, 43.654750338424655 ], [ -79.539664718384856, 43.657772147650981 ], [ -79.542587676331863, 43.661713300208184 ], [ -79.545882859940676, 43.665348975059331 ] ] ] } },
{ "type": "Feature", "properties": { "vor_id": 1574, "theft_count": 3, "bike_trips": 2548, "theft_per_1000_trips": 1.1773940345368916 }, "geometry": { "type": "Polygon", "coordinates": [ [ [ -79.310303417783203, 43.67543725588051 ], [ -79.308043134740259, 43.67287832382555 ], [ -79.308820059348221, 43.670719697020424 ], [ -79.311759703830219, 43.672880977362453 ], [ -79.312666913848759, 43.675188470159142 ], [ -79.310303417783203, 43.67543725588051 ] ] ] } },
{ "type": "Feature", "properties": { "vor_id": 1578, "theft_count": 36, "bike_trips": 1037, "theft_per_1000_trips": 34.715525554484088 }, "geometry": { "type": "Polygon", "coordinates": [ [ [ -79.374905872477328, 43.656141256442254 ], [ -79.374579020109522, 43.65607096092257 ], [ -79.37423885961114, 43.654473512951483 ], [ -79.3751902227974, 43.654085860660309 ], [ -79.375198680470348, 43.654089346490061 ], [ -79.375577932842162, 43.655864222422764 ], [ -79.374905872477328, 43.656141256442254 ] ] ] } },
{ "type": "Feature", "properties": { "vor_id": 1582, "theft_count": 7, "bike_trips": 5006, "theft_per_1000_trips": 1.3983220135836996 }, "geometry": { "type": "Polygon", "coordinates": [ [ [ -79.347553743788737, 43.719369891525623 ], [ -79.348794909215158, 43.721400253286902 ], [ -79.342826973459182, 43.730078669806964 ], [ -79.342059482192198, 43.730159465325642 ], [ -79.333928089600633, 43.725011357523762 ], [ -79.334570925014731, 43.723665017698288 ], [ -79.335417353478377, 43.722770858252822 ], [ -79.347553743788737, 43.719369891525623 ] ] ] } },
{ "type": "Feature", "properties": { "vor_id": 1584, "theft_count": 70, "bike_trips": 1051, "theft_per_1000_trips": 66.603235014272116 }, "geometry": { "type": "Polygon", "coordinates": [ [ [ -79.385360899126084, 43.657633530670267 ], [ -79.387140674264444, 43.656951776081314 ], [ -79.387732462715832, 43.657308034801048 ], [ -79.387809315823716, 43.658652773641336 ], [ -79.38563445743776, 43.658350534940752 ], [ -79.38544594544976, 43.658016746489047 ], [ -79.385360899126084, 43.657633530670267 ] ] ] } },
{ "type": "Feature", "properties": { "vor_id": 1585, "theft_count": 35, "bike_trips": 5907, "theft_per_1000_trips": 5.925173522938886 }, "geometry": { "type": "Polygon", "coordinates": [ [ [ -79.44798027247532, 43.690395183310685 ], [ -79.448026582292911, 43.6902598533336 ], [ -79.453507066909225, 43.693450781292533 ], [ -79.453620885601168, 43.696225944440492 ], [ -79.448750169538613, 43.697853555380206 ], [ -79.44798027247532, 43.690395183310685 ] ] ] } },
{ "type": "Feature", "properties": { "vor_id": 1587, "theft_count": 27, "bike_trips": 2195, "theft_per_1000_trips": 12.300683371298405 }, "geometry": { "type": "Polygon", "coordinates": [ [ [ -79.409128954446516, 43.654111582844926 ], [ -79.409352587059288, 43.653908894059427 ], [ -79.409408716214315, 43.653846965080184 ], [ -79.40952775997728, 43.653799252183532 ], [ -79.410335040397868, 43.653719170673973 ], [ -79.411101737268382, 43.657531895533459 ], [ -79.410562220818562, 43.657749331579325 ], [ -79.409904227356719, 43.657772950607622 ], [ -79.409128954446516, 43.654111582844926 ] ] ] } },
{ "type": "Feature", "properties": { "vor_id": 1588, "theft_count": 34, "bike_trips": 1075, "theft_per_1000_trips": 31.627906976744182 }, "geometry": { "type": "Polygon", "coordinates": [ [ [ -79.408450618604547, 43.669625462882365 ], [ -79.407475546678484, 43.66891705095788 ], [ -79.407156594414872, 43.667321030394277 ], [ -79.407311208528384, 43.66719195385776 ], [ -79.408264784879293, 43.666822428527006 ], [ -79.409458472753656, 43.667000378561184 ], [ -79.408611268727199, 43.669562144035702 ], [ -79.408450618604547, 43.669625462882365 ] ] ] } },
{ "type": "Feature", "properties": { "vor_id": 1589, "theft_count": 4, "bike_trips": 1099, "theft_per_1000_trips": 3.6396724294813469 }, "geometry": { "type": "Polygon", "coordinates": [ [ [ -79.417718071412722, 43.667975532886238 ], [ -79.419028686656802, 43.667457348451535 ], [ -79.41954116107496, 43.667946604991116 ], [ -79.419889947637728, 43.669694625968944 ], [ -79.419171348479225, 43.669519948179513 ], [ -79.417718071412722, 43.667975532886238 ] ] ] } },
{ "type": "Feature", "properties": { "vor_id": 1592, "theft_count": 15, "bike_trips": 4704, "theft_per_1000_trips": 3.1887755102040818 }, "geometry": { "type": "Polygon", "coordinates": [ [ [ -79.285142525622859, 43.696930382978557 ], [ -79.291094061602934, 43.700224977249398 ], [ -79.290493301581776, 43.705988545690808 ], [ -79.289869342800287, 43.706861745764229 ], [ -79.284085198662268, 43.709368960482671 ], [ -79.282959359449109, 43.708862027360581 ], [ -79.278890874674318, 43.701775244957986 ], [ -79.280253431880581, 43.699489031031966 ], [ -79.284964911031395, 43.696923436594624 ], [ -79.285142525622859, 43.696930382978557 ] ] ] } },
{ "type": "Feature", "properties": { "vor_id": 1593, "theft_count": 16, "bike_trips": 1129, "theft_per_1000_trips": 14.171833480956598 }, "geometry": { "type": "Polygon", "coordinates": [ [ [ -79.468177775337679, 43.657759130121768 ], [ -79.467150557241567, 43.659366304499706 ], [ -79.465516808776556, 43.658192482454531 ], [ -79.464998004486731, 43.655838759395031 ], [ -79.465870990047833, 43.655465595784939 ], [ -79.466705366096335, 43.655559055829073 ], [ -79.468177775337679, 43.657759130121768 ] ] ] } },
{ "type": "Feature", "properties": { "vor_id": 1594, "theft_count": 3, "bike_trips": 4390, "theft_per_1000_trips": 0.68337129840546695 }, "geometry": { "type": "Polygon", "coordinates": [ [ [ -79.423575450912168, 43.634467520354868 ], [ -79.423618831660093, 43.626388987943962 ], [ -79.425846780165031, 43.6270727596455 ], [ -79.429621777061456, 43.628231350398217 ], [ -79.428736513395293, 43.630754482768282 ], [ -79.426058007763785, 43.633465805548418 ], [ -79.423575450912168, 43.634467520354868 ] ] ] } },
{ "type": "Feature", "properties": { "vor_id": 1595, "theft_count": 6, "bike_trips": 1098, "theft_per_1000_trips": 5.4644808743169397 }, "geometry": { "type": "Polygon", "coordinates": [ [ [ -79.412406012777666, 43.6606126137942 ], [ -79.411041505032841, 43.660238471322032 ], [ -79.410562220818562, 43.657749331579325 ], [ -79.411101737268382, 43.657531895533459 ], [ -79.411770314080201, 43.657509519647554 ], [ -79.412406012777666, 43.6606126137942 ] ] ] } },
{ "type": "Feature", "properties": { "vor_id": 1598, "theft_count": 17, "bike_trips": 2253, "theft_per_1000_trips": 7.5454948956946293 }, "geometry": { "type": "Polygon", "coordinates": [ [ [ -79.454845857428808, 43.644006833718407 ], [ -79.450840474781245, 43.644187753083493 ], [ -79.450636947945327, 43.643679429178199 ], [ -79.450593706996472, 43.640861625814686 ], [ -79.456051046239708, 43.641147360919888 ], [ -79.454845857428808, 43.644006833718407 ] ] ] } },
{ "type": "Feature", "properties": { "vor_id": 1600, "theft_count": 16, "bike_trips": 2190, "theft_per_1000_trips": 7.3059360730593603 }, "geometry": { "type": "Polygon", "coordinates": [ [ [ -79.408384397066229, 43.645043625308745 ], [ -79.408704591578015, 43.644881732291907 ], [ -79.409977575415752, 43.645003704054858 ], [ -79.41031129313771, 43.646654656620164 ], [ -79.409438335504419, 43.64699678303468 ], [ -79.408760526721835, 43.646849124655098 ], [ -79.408384397066229, 43.645043625308745 ] ] ] } },
{ "type": "Feature", "properties": { "vor_id": 1601, "theft_count": 13, "bike_trips": 4242, "theft_per_1000_trips": 3.0645921735030646 }, "geometry": { "type": "Polygon", "coordinates": [ [ [ -79.506174110231044, 43.77207493018512 ], [ -79.504597512637091, 43.770810593528054 ], [ -79.503355537855498, 43.765065265029612 ], [ -79.505598531446566, 43.762886618759651 ], [ -79.513129964204637, 43.76782252673231 ], [ -79.506174110231044, 43.77207493018512 ] ] ] } },
{ "type": "Feature", "properties": { "vor_id": 1603, "theft_count": 16, "bike_trips": 7841, "theft_per_1000_trips": 2.0405560515240406 }, "geometry": { "type": "Polygon", "coordinates": [ [ [ -79.268794531224458, 43.700831239922572 ], [ -79.272343323863339, 43.702462667033295 ], [ -79.271073159682359, 43.710025788054303 ], [ -79.266462193376029, 43.715398382951186 ], [ -79.257646445372288, 43.707646582263337 ], [ -79.257654366850119, 43.707363376778972 ], [ -79.262420560746563, 43.702649049331974 ], [ -79.268794531224458, 43.700831239922572 ] ] ] } },
{ "type": "Feature", "properties": { "vor_id": 1605, "theft_count": 5, "bike_trips": 10898, "theft_per_1000_trips": 0.4587997797761057 }, "geometry": { "type": "Polygon", "coordinates": [ [ [ -79.225071206942559, 43.778125023680815 ], [ -79.224324253610504, 43.77912303111286 ], [ -79.216789646969787, 43.784847960980422 ], [ -79.210084106211696, 43.784745357707678 ], [ -79.200379306938828, 43.779184685851689 ], [ -79.199585199442694, 43.776117626499897 ], [ -79.199517054481291, 43.775579510954763 ], [ -79.203296858096351, 43.769735649981598 ], [ -79.208938256409368, 43.76734236530055 ], [ -79.21791277763883, 43.770760397823324 ], [ -79.223313064708194, 43.774709808658692 ], [ -79.225071206942559, 43.778125023680815 ] ] ] } },
{ "type": "Feature", "properties": { "vor_id": 1606, "theft_count": 3, "bike_trips": 3284, "theft_per_1000_trips": 0.91352009744214369 }, "geometry": { "type": "Polygon", "coordinates": [ [ [ -79.321796295759029, 43.658553913502651 ], [ -79.323365611414829, 43.665743909320739 ], [ -79.322650816370853, 43.666447441733517 ], [ -79.322104168658768, 43.666437023167035 ], [ -79.319977674219984, 43.656778816132395 ], [ -79.321796295759029, 43.658553913502651 ] ] ] } },
{ "type": "Feature", "properties": { "vor_id": 1607, "theft_count": 4, "bike_trips": 4224, "theft_per_1000_trips": 0.94696969696969702 }, "geometry": { "type": "Polygon", "coordinates": [ [ [ -79.378952801816496, 43.768885605982994 ], [ -79.377402658148071, 43.761584791569298 ], [ -79.381744332117222, 43.765944769139693 ], [ -79.382397747208316, 43.769120588445212 ], [ -79.382021154233712, 43.769686537822778 ], [ -79.378952801816496, 43.768885605982994 ] ] ] } },
{ "type": "Feature", "properties": { "vor_id": 1611, "theft_count": 6, "bike_trips": 1112, "theft_per_1000_trips": 5.3956834532374103 }, "geometry": { "type": "Polygon", "coordinates": [ [ [ -79.442153007850521, 43.664377064790415 ], [ -79.441280637899837, 43.665140082676757 ], [ -79.440392580571043, 43.66066380011155 ], [ -79.441446044183593, 43.660756150879983 ], [ -79.442153007850521, 43.664377064790415 ] ] ] } },
{ "type": "Feature", "properties": { "vor_id": 1612, "theft_count": 6, "bike_trips": 2377, "theft_per_1000_trips": 2.5241901556583928 }, "geometry": { "type": "Polygon", "coordinates": [ [ [ -79.418871194504007, 43.682855331793142 ], [ -79.417720430848135, 43.682199889282352 ], [ -79.419823067459021, 43.679539360248413 ], [ -79.420383481971982, 43.680475065450359 ], [ -79.419522819695004, 43.682320658634929 ], [ -79.418871194504007, 43.682855331793142 ] ] ] } },
{ "type": "Feature", "properties": { "vor_id": 1614, "theft_count": 13, "bike_trips": 3879, "theft_per_1000_trips": 3.3513792214488269 }, "geometry": { "type": "Polygon", "coordinates": [ [ [ -79.340284361067603, 43.659281335837882 ], [ -79.340699789065113, 43.661079246744784 ], [ -79.340440305789954, 43.661621467705231 ], [ -79.339664821361012, 43.661948743173632 ], [ -79.338988455793981, 43.659021782557765 ], [ -79.339033085416347, 43.658770973285883 ], [ -79.340284361067603, 43.659281335837882 ] ] ] } },
{ "type": "Feature", "properties": { "vor_id": 1615, "theft_count": 29, "bike_trips": 1067, "theft_per_1000_trips": 27.17900656044986 }, "geometry": { "type": "Polygon", "coordinates": [ [ [ -79.38893134986823, 43.648072435904645 ], [ -79.390817246794271, 43.647239374975605 ], [ -79.391036974414519, 43.648284158251521 ], [ -79.389867222436251, 43.648752809985083 ], [ -79.388920532010999, 43.648098503795957 ], [ -79.38893134986823, 43.648072435904645 ] ] ] } },
{ "type": "Feature", "properties": { "vor_id": 1616, "theft_count": 4, "bike_trips": 3594, "theft_per_1000_trips": 1.1129660545353368 }, "geometry": { "type": "Polygon", "coordinates": [ [ [ -79.403962739921226, 43.682064562728392 ], [ -79.403293434211392, 43.681621265197478 ], [ -79.402091956705974, 43.680545842624703 ], [ -79.401228513466322, 43.679057433038615 ], [ -79.402483484344373, 43.676546423012255 ], [ -79.404193175162348, 43.67627171394971 ], [ -79.405140463615169, 43.681919590265444 ], [ -79.403962739921226, 43.682064562728392 ] ] ] } },
{ "type": "Feature", "properties": { "vor_id": 1618, "theft_count": 28, "bike_trips": 3611, "theft_per_1000_trips": 7.7540847410689562 }, "geometry": { "type": "Polygon", "coordinates": [ [ [ -79.396028661896551, 43.683016512426548 ], [ -79.395790309497144, 43.682515325796096 ], [ -79.398350814789836, 43.678085405965057 ], [ -79.401228513466322, 43.679057433038615 ], [ -79.402091956705974, 43.680545842624703 ], [ -79.396028661896551, 43.683016512426548 ] ] ] } },
{ "type": "Feature", "properties": { "vor_id": 1619, "theft_count": 23, "bike_trips": 8451, "theft_per_1000_trips": 2.7215714116672585 }, "geometry": { "type": "Polygon", "coordinates": [ [ [ -79.409327527096991, 43.705898733356605 ], [ -79.411431351993286, 43.699142551480733 ], [ -79.4158386912694, 43.701960401856148 ], [ -79.41145900244031, 43.712253292732058 ], [ -79.410816729844925, 43.712438482356752 ], [ -79.410563754516062, 43.711749732886297 ], [ -79.409327527096991, 43.705898733356605 ] ] ] } },
{ "type": "Feature", "properties": { "vor_id": 1620, "theft_count": 16, "bike_trips": 2045, "theft_per_1000_trips": 7.8239608801955987 }, "geometry": { "type": "Polygon", "coordinates": [ [ [ -79.36971786114988, 43.662920000052814 ], [ -79.370406403463477, 43.662631703808344 ], [ -79.37081255043924, 43.662659875422477 ], [ -79.371084848368767, 43.663947185563941 ], [ -79.370032950302701, 43.664425074289014 ], [ -79.36971786114988, 43.662920000052814 ] ] ] } },
{ "type": "Feature", "properties": { "vor_id": 1628, "theft_count": 11, "bike_trips": 6378, "theft_per_1000_trips": 1.7246785826277828 }, "geometry": { "type": "Polygon", "coordinates": [ [ [ -79.195568886382503, 43.782211029987366 ], [ -79.200379306938828, 43.779184685851689 ], [ -79.210084106211696, 43.784745357707678 ], [ -79.205503694117894, 43.790986820759279 ], [ -79.191343070841612, 43.796089721548341 ], [ -79.190132388944207, 43.79622072568479 ], [ -79.195568886382503, 43.782211029987366 ] ] ] } },
{ "type": "Feature", "properties": { "vor_id": 1629, "theft_count": 9, "bike_trips": 2469, "theft_per_1000_trips": 3.6452004860267313 }, "geometry": { "type": "Polygon", "coordinates": [ [ [ -79.400658988589939, 43.729536903096417 ], [ -79.401215412735397, 43.730450242264823 ], [ -79.401313157767746, 43.734058967738953 ], [ -79.398475525912914, 43.738124494515432 ], [ -79.386489147595853, 43.735701540226664 ], [ -79.393985766352031, 43.729998446106286 ], [ -79.399754631779388, 43.729150766463498 ], [ -79.400658988589939, 43.729536903096417 ] ] ] } },
{ "type": "Feature", "properties": { "vor_id": 1631, "theft_count": 5, "bike_trips": 2042, "theft_per_1000_trips": 2.4485798237022527 }, "geometry": { "type": "Polygon", "coordinates": [ [ [ -79.368576817869553, 43.667820284518065 ], [ -79.368497967417312, 43.66744580642483 ], [ -79.370388800643113, 43.666670700282175 ], [ -79.370554973423566, 43.667231430561237 ], [ -79.36874597458538, 43.667975244442886 ], [ -79.368576817869553, 43.667820284518065 ] ] ] } },
{ "type": "Feature", "properties": { "vor_id": 1633, "theft_count": 4, "bike_trips": 2080, "theft_per_1000_trips": 1.9230769230769231 }, "geometry": { "type": "Polygon", "coordinates": [ [ [ -79.379725679234511, 43.666034929698057 ], [ -79.379295449390384, 43.664080743869746 ], [ -79.380073023931487, 43.664262684425381 ], [ -79.380308743579747, 43.665350736308113 ], [ -79.379725679234511, 43.666034929698057 ] ] ] } },
{ "type": "Feature", "properties": { "vor_id": 1634, "theft_count": 14, "bike_trips": 2145, "theft_per_1000_trips": 6.526806526806527 }, "geometry": { "type": "Polygon", "coordinates": [ [ [ -79.39562913937543, 43.666816116989487 ], [ -79.395176049938229, 43.666436839231814 ], [ -79.394639910459944, 43.665352605997775 ], [ -79.394773861090513, 43.66397071466281 ], [ -79.396407421346069, 43.663198098202628 ], [ -79.396890661436345, 43.663554199546631 ], [ -79.397264152594374, 43.665351124631975 ], [ -79.39709805764852, 43.666074679722755 ], [ -79.39562913937543, 43.666816116989487 ] ] ] } },
{ "type": "Feature", "properties": { "vor_id": 1635, "theft_count": 26, "bike_trips": 2195, "theft_per_1000_trips": 11.84510250569476 }, "geometry": { "type": "Polygon", "coordinates": [ [ [ -79.41294306201064, 43.657034439138513 ], [ -79.412207171041942, 43.653457442075158 ], [ -79.412589494372696, 43.653303341519894 ], [ -79.41461376090848, 43.654325371526973 ], [ -79.414998031201321, 43.656843569979401 ], [ -79.413836874846723, 43.65729657868733 ], [ -79.41294306201064, 43.657034439138513 ] ] ] } },
{ "type": "Feature", "properties": { "vor_id": 1642, "theft_count": 21, "bike_trips": 5345, "theft_per_1000_trips": 3.9289055191768005 }, "geometry": { "type": "Polygon", "coordinates": [ [ [ -79.531214154176766, 43.655916103729368 ], [ -79.526270025588815, 43.647755543584985 ], [ -79.530817730487598, 43.640846543687267 ], [ -79.531346582978017, 43.642181755451993 ], [ -79.534550167884902, 43.65563279789631 ], [ -79.534184632563125, 43.655769223967994 ], [ -79.531214154176766, 43.655916103729368 ] ] ] } },
{ "type": "Feature", "properties": { "vor_id": 1643, "theft_count": 20, "bike_trips": 1016, "theft_per_1000_trips": 19.685039370078741 }, "geometry": { "type": "Polygon", "coordinates": [ [ [ -79.358594628443072, 43.656534056488319 ], [ -79.358431977626424, 43.656467112585311 ], [ -79.357395189468164, 43.654744797617383 ], [ -79.358387420399822, 43.654102858404798 ], [ -79.359338952657794, 43.655751032809022 ], [ -79.358594628443072, 43.656534056488319 ] ] ] } },
{ "type": "Feature", "properties": { "vor_id": 1645, "theft_count": 3, "bike_trips": 2278, "theft_per_1000_trips": 1.3169446883230904 }, "geometry": { "type": "Polygon", "coordinates": [ [ [ -79.427187060191272, 43.673781645669187 ], [ -79.423495809638666, 43.673420873530198 ], [ -79.42507542126765, 43.671466580374712 ], [ -79.427077865901467, 43.671558572251207 ], [ -79.427682753310251, 43.673390698782285 ], [ -79.427187060191272, 43.673781645669187 ] ] ] } },
{ "type": "Feature", "properties": { "vor_id": 1647, "theft_count": 25, "bike_trips": 4298, "theft_per_1000_trips": 5.8166589111214515 }, "geometry": { "type": "Polygon", "coordinates": [ [ [ -79.403697058922717, 43.66883028473346 ], [ -79.403140309754107, 43.666281762568801 ], [ -79.403993341919303, 43.665642785177617 ], [ -79.404490598374579, 43.668425769038365 ], [ -79.404413036727703, 43.668539403540848 ], [ -79.403697058922717, 43.66883028473346 ] ] ] } },
{ "type": "Feature", "properties": { "vor_id": 1649, "theft_count": 13, "bike_trips": 2574, "theft_per_1000_trips": 5.0505050505050511 }, "geometry": { "type": "Polygon", "coordinates": [ [ [ -79.333970249890925, 43.681173782462984 ], [ -79.334323242561993, 43.678794099171554 ], [ -79.336405104892989, 43.679979574685269 ], [ -79.336105297025142, 43.681883538399376 ], [ -79.335017563052588, 43.682187602811155 ], [ -79.334016369807586, 43.681248327403232 ], [ -79.333970249890925, 43.681173782462984 ] ] ] } },
{ "type": "Feature", "properties": { "vor_id": 1658, "theft_count": 80, "bike_trips": 2101, "theft_per_1000_trips": 38.077106139933363 }, "geometry": { "type": "Polygon", "coordinates": [ [ [ -79.383603185023915, 43.659786510952216 ], [ -79.383617694080641, 43.659464883313973 ], [ -79.385473247873563, 43.658672982784807 ], [ -79.38574782700384, 43.659922983379154 ], [ -79.384354517383045, 43.660519875045935 ], [ -79.383603185023915, 43.659786510952216 ] ] ] } },
{ "type": "Feature", "properties": { "vor_id": 1664, "theft_count": 53, "bike_trips": 1021, "theft_per_1000_trips": 51.909892262487759 }, "geometry": { "type": "Polygon", "coordinates": [ [ [ -79.377525365501242, 43.671081734311727 ], [ -79.377520045626795, 43.671179831080977 ], [ -79.376219239819946, 43.671691129672304 ], [ -79.375461412814985, 43.670442242113396 ], [ -79.377015622041355, 43.669787895993288 ], [ -79.377306643404765, 43.670122925996814 ], [ -79.377525365501242, 43.671081734311727 ] ] ] } },
{ "type": "Feature", "properties": { "vor_id": 1665, "theft_count": 6, "bike_trips": 9668, "theft_per_1000_trips": 0.62060405461315682 }, "geometry": { "type": "Polygon", "coordinates": [ [ [ -79.260687442841288, 43.787617239782669 ], [ -79.256251777618232, 43.785519326374526 ], [ -79.253147067259434, 43.78440844324512 ], [ -79.255721816346806, 43.780923065995744 ], [ -79.257725840111561, 43.780414640349044 ], [ -79.266223605103278, 43.78923585916781 ], [ -79.266054869816656, 43.789730307096036 ], [ -79.265709304571786, 43.790742922909004 ], [ -79.264538997762813, 43.79417229318932 ], [ -79.259224236581176, 43.7983859159825 ], [ -79.259937425384877, 43.797196032349014 ], [ -79.262860383331855, 43.79325487979181 ], [ -79.265367109457969, 43.790489133715923 ], [ -79.264896117650977, 43.790139822384958 ], [ -79.260687442841288, 43.787617239782669 ] ] ] } },
{ "type": "Feature", "properties": { "vor_id": 1669, "theft_count": 8, "bike_trips": 3272, "theft_per_1000_trips": 2.4449877750611249 }, "geometry": { "type": "Polygon", "coordinates": [ [ [ -79.300408270994666, 43.662696260125948 ], [ -79.298098573371533, 43.658780889648433 ], [ -79.298844494730389, 43.658363218503084 ], [ -79.298845252712766, 43.65836277803362 ], [ -79.303180019922877, 43.655749306598217 ], [ -79.305931886703178, 43.661953552844807 ], [ -79.306626425411977, 43.664697404379467 ], [ -79.303849009763397, 43.666509433171484 ], [ -79.300408270994666, 43.662696260125948 ] ] ] } },
{ "type": "Feature", "properties": { "vor_id": 1671, "theft_count": 9, "bike_trips": 8595, "theft_per_1000_trips": 1.0471204188481678 }, "geometry": { "type": "Polygon", "coordinates": [ [ [ -79.495689440649386, 43.710476974029916 ], [ -79.50723669734586, 43.709988595751774 ], [ -79.507862148789116, 43.71023036663113 ], [ -79.509943428982908, 43.713782720101477 ], [ -79.500548549271286, 43.723475429942724 ], [ -79.500332579954502, 43.723534986274402 ], [ -79.493071176019384, 43.720859904290911 ], [ -79.495689440649386, 43.710476974029916 ] ] ] } },
{ "type": "Feature", "properties": { "vor_id": 1673, "theft_count": 8, "bike_trips": 3397, "theft_per_1000_trips": 2.3550191345304681 }, "geometry": { "type": "Polygon", "coordinates": [ [ [ -79.458746184761736, 43.665599767346976 ], [ -79.459727885293262, 43.67071956397718 ], [ -79.459110311952642, 43.671278843951669 ], [ -79.455975763067386, 43.669585809868074 ], [ -79.455442461503623, 43.668196790413283 ], [ -79.457767251242316, 43.665118181102002 ], [ -79.458746184761736, 43.665599767346976 ] ] ] } },
{ "type": "Feature", "properties": { "vor_id": 1674, "theft_count": 9, "bike_trips": 2283, "theft_per_1000_trips": 3.9421813403416555 }, "geometry": { "type": "Polygon", "coordinates": [ [ [ -79.462203427206674, 43.666412501647905 ], [ -79.468538742530086, 43.668734205757971 ], [ -79.468762249072483, 43.669293096784919 ], [ -79.467389871010681, 43.671792187405408 ], [ -79.464448218879539, 43.67097700163341 ], [ -79.462225883382487, 43.669366096275816 ], [ -79.462059744669276, 43.666523320082923 ], [ -79.462203427206674, 43.666412501647905 ] ] ] } },
{ "type": "Feature", "properties": { "vor_id": 1676, "theft_count": 25, "bike_trips": 2451, "theft_per_1000_trips": 10.199918400652795 }, "geometry": { "type": "Polygon", "coordinates": [ [ [ -79.387030325283149, 43.701584177201035 ], [ -79.386396271900196, 43.698782078558764 ], [ -79.387765937374255, 43.698472506166624 ], [ -79.388917584489036, 43.699932283066431 ], [ -79.387030325283149, 43.701584177201035 ] ] ] } },
{ "type": "Feature", "properties": { "vor_id": 1678, "theft_count": 24, "bike_trips": 1074, "theft_per_1000_trips": 22.346368715083798 }, "geometry": { "type": "Polygon", "coordinates": [ [ [ -79.397992844249558, 43.668497916091106 ], [ -79.399067432877274, 43.668843743033399 ], [ -79.399183409287559, 43.669385540491518 ], [ -79.395673139140143, 43.670675039646817 ], [ -79.395336708867219, 43.669589977721877 ], [ -79.397992844249558, 43.668497916091106 ] ] ] } },
{ "type": "Feature", "properties": { "vor_id": 1679, "theft_count": 22, "bike_trips": 2033, "theft_per_1000_trips": 10.821446138711265 }, "geometry": { "type": "Polygon", "coordinates": [ [ [ -79.362674730850145, 43.655068105828626 ], [ -79.362800046035701, 43.655106262731991 ], [ -79.363801048295514, 43.656655479469102 ], [ -79.363726142001042, 43.658061766620818 ], [ -79.361356241175656, 43.658197974817554 ], [ -79.361051631536327, 43.657572605441551 ], [ -79.361127086953118, 43.655799315557076 ], [ -79.361438478291419, 43.655337511507049 ], [ -79.362674730850145, 43.655068105828626 ] ] ] } },
{ "type": "Feature", "properties": { "vor_id": 1682, "theft_count": 12, "bike_trips": 2237, "theft_per_1000_trips": 5.3643272239606619 }, "geometry": { "type": "Polygon", "coordinates": [ [ [ -79.367173861530347, 43.672040201106867 ], [ -79.365147142792111, 43.673338690843543 ], [ -79.363861112253574, 43.667851425312485 ], [ -79.364327921210943, 43.667640191919517 ], [ -79.364995906661278, 43.668001151447442 ], [ -79.366677100035616, 43.66979184261583 ], [ -79.367173861530347, 43.672040201106867 ] ] ] } },
{ "type": "Feature", "properties": { "vor_id": 1683, "theft_count": 11, "bike_trips": 2411, "theft_per_1000_trips": 4.5624222314392364 }, "geometry": { "type": "Polygon", "coordinates": [ [ [ -79.41255912119523, 43.726329440858414 ], [ -79.415780889172638, 43.727976106851479 ], [ -79.417109599353438, 43.7311702682846 ], [ -79.4170713529425, 43.731270845159543 ], [ -79.408536465232942, 43.730563125415173 ], [ -79.4075245234269, 43.730283375477299 ], [ -79.406839430840293, 43.728977273895097 ], [ -79.406798425491601, 43.728642856593225 ], [ -79.41255912119523, 43.726329440858414 ] ] ] } },
{ "type": "Feature", "properties": { "vor_id": 1685, "theft_count": 26, "bike_trips": 8652, "theft_per_1000_trips": 3.0050855293573742 }, "geometry": { "type": "Polygon", "coordinates": [ [ [ -79.345914714112908, 43.703918179372394 ], [ -79.350943965244127, 43.70319419041072 ], [ -79.356912415489234, 43.708835720187004 ], [ -79.352090426021917, 43.722156991573684 ], [ -79.348794909215158, 43.721400253286902 ], [ -79.347553743788737, 43.719369891525623 ], [ -79.345364101911358, 43.714153773350262 ], [ -79.345167172476337, 43.70785026296754 ], [ -79.345914714112908, 43.703918179372394 ] ] ] } },
{ "type": "Feature", "properties": { "vor_id": 1687, "theft_count": 0, "bike_trips": 1617, "theft_per_1000_trips": 0.0 }, "geometry": { "type": "Polygon", "coordinates": [ [ [ -79.289324371541156, 43.776544468865467 ], [ -79.287406791680041, 43.777024797615802 ], [ -79.287974447554333, 43.77651989088352 ], [ -79.289113372844952, 43.776015354726979 ], [ -79.289324371541156, 43.776544468865467 ] ] ] } },
{ "type": "Feature", "properties": { "vor_id": 1689, "theft_count": 32, "bike_trips": 2047, "theft_per_1000_trips": 15.632633121641426 }, "geometry": { "type": "Polygon", "coordinates": [ [ [ -79.37155375027551, 43.65680504667035 ], [ -79.371603664937979, 43.656748290879705 ], [ -79.373121659969783, 43.656965713904789 ], [ -79.374050202955132, 43.658786699671907 ], [ -79.371832182136686, 43.659726771086348 ], [ -79.37155375027551, 43.65680504667035 ] ] ] } },
{ "type": "Feature", "properties": { "vor_id": 1690, "theft_count": 2, "bike_trips": 1231, "theft_per_1000_trips": 1.6246953696181965 }, "geometry": { "type": "Polygon", "coordinates": [ [ [ -79.365010872276585, 43.710322355497745 ], [ -79.365091966943396, 43.709262354137437 ], [ -79.366254736745134, 43.708795201754633 ], [ -79.366452708908696, 43.70973456318093 ], [ -79.365010872276585, 43.710322355497745 ] ] ] } },
{ "type": "Feature", "properties": { "vor_id": 1692, "theft_count": 6, "bike_trips": 2541, "theft_per_1000_trips": 2.3612750885478158 }, "geometry": { "type": "Polygon", "coordinates": [ [ [ -79.306096641261178, 43.676032715906373 ], [ -79.305704611277733, 43.678896170920339 ], [ -79.305540394993145, 43.679255334199979 ], [ -79.304473770547375, 43.679715668174062 ], [ -79.302941859298286, 43.677749107503203 ], [ -79.302377728138097, 43.674981979009388 ], [ -79.305055375364788, 43.675129762828099 ], [ -79.306096641261178, 43.676032715906373 ] ] ] } },
{ "type": "Feature", "properties": { "vor_id": 1694, "theft_count": 5, "bike_trips": 3284, "theft_per_1000_trips": 1.5225334957369061 }, "geometry": { "type": "Polygon", "coordinates": [ [ [ -79.326084280986962, 43.660335497926908 ], [ -79.326966810986264, 43.660718112781019 ], [ -79.328636832401742, 43.662324510544074 ], [ -79.328583013782094, 43.662717520017793 ], [ -79.326038018738544, 43.663815758273302 ], [ -79.325129659830537, 43.663293317051483 ], [ -79.322303399556958, 43.658938048611944 ], [ -79.326084280986962, 43.660335497926908 ] ] ] } },
{ "type": "Feature", "properties": { "vor_id": 1696, "theft_count": 8, "bike_trips": 2313, "theft_per_1000_trips": 3.4587116299178553 }, "geometry": { "type": "Polygon", "coordinates": [ [ [ -79.462225883382487, 43.669366096275816 ], [ -79.464448218879539, 43.67097700163341 ], [ -79.461401521676493, 43.673458769088505 ], [ -79.459151785666322, 43.671653963237404 ], [ -79.459110311952642, 43.671278843951669 ], [ -79.459727885293262, 43.67071956397718 ], [ -79.462225883382487, 43.669366096275816 ] ] ] } },
{ "type": "Feature", "properties": { "vor_id": 1697, "theft_count": 9, "bike_trips": 2465, "theft_per_1000_trips": 3.6511156186612577 }, "geometry": { "type": "Polygon", "coordinates": [ [ [ -79.363856984376696, 43.707574137698849 ], [ -79.365091966943396, 43.709262354137437 ], [ -79.365010872276585, 43.710322355497745 ], [ -79.364803111806026, 43.710679422882919 ], [ -79.362319508732611, 43.708372210818908 ], [ -79.36281353905099, 43.707975654699631 ], [ -79.363856984376696, 43.707574137698849 ] ] ] } },
{ "type": "Feature", "properties": { "vor_id": 1698, "theft_count": 7, "bike_trips": 6094, "theft_per_1000_trips": 1.1486708237610765 }, "geometry": { "type": "Polygon", "coordinates": [ [ [ -79.50525247192158, 43.654649894602741 ], [ -79.509291837872468, 43.660185032073073 ], [ -79.508438187671018, 43.66634157325506 ], [ -79.503086441571469, 43.656804155568629 ], [ -79.504242876959182, 43.654778408668896 ], [ -79.50525247192158, 43.654649894602741 ] ] ] } },
{ "type": "Feature", "properties": { "vor_id": 1699, "theft_count": 34, "bike_trips": 3631, "theft_per_1000_trips": 9.3638116221426593 }, "geometry": { "type": "Polygon", "coordinates": [ [ [ -79.410563754516062, 43.711749732886297 ], [ -79.410816729844925, 43.712438482356752 ], [ -79.410077588355193, 43.713362785362072 ], [ -79.408294216516651, 43.71417138831719 ], [ -79.406143428939814, 43.712966976826593 ], [ -79.402205789405528, 43.708266129699879 ], [ -79.401853736970821, 43.706569472235081 ], [ -79.402330456783076, 43.704976603148857 ], [ -79.402404733996903, 43.704913636637087 ], [ -79.410563754516062, 43.711749732886297 ] ] ] } },
{ "type": "Feature", "properties": { "vor_id": 1701, "theft_count": 43, "bike_trips": 2149, "theft_per_1000_trips": 20.009306654257795 }, "geometry": { "type": "Polygon", "coordinates": [ [ [ -79.400912986857804, 43.662490946769559 ], [ -79.400377388866133, 43.661821471017568 ], [ -79.400219117604038, 43.661060050952159 ], [ -79.401616987105683, 43.660222200216573 ], [ -79.402116520326899, 43.660634500738162 ], [ -79.40238873269935, 43.66190943636817 ], [ -79.400912986857804, 43.662490946769559 ] ] ] } },
{ "type": "Feature", "properties": { "vor_id": 1702, "theft_count": 20, "bike_trips": 2213, "theft_per_1000_trips": 9.0375056484410301 }, "geometry": { "type": "Polygon", "coordinates": [ [ [ -79.426531060230587, 43.650170152837276 ], [ -79.425814048512152, 43.6494277912836 ], [ -79.425356218651601, 43.648228472015035 ], [ -79.42542532489874, 43.648027303645975 ], [ -79.426527478013455, 43.647839789219802 ], [ -79.428762285895615, 43.649207383292023 ], [ -79.428702065298168, 43.6494851676742 ], [ -79.426531060230587, 43.650170152837276 ] ] ] } },
{ "type": "Feature", "properties": { "vor_id": 1704, "theft_count": 10, "bike_trips": 10678, "theft_per_1000_trips": 0.93650496347630641 }, "geometry": { "type": "Polygon", "coordinates": [ [ [ -79.263371454480051, 43.772656380569323 ], [ -79.260130855706393, 43.772842742576103 ], [ -79.257927381086731, 43.771223997633129 ], [ -79.25924899177096, 43.767709736300304 ], [ -79.26800961473036, 43.75853933944439 ], [ -79.271685963848455, 43.763751982075668 ], [ -79.263371454480051, 43.772656380569323 ] ] ] } },
{ "type": "Feature", "properties": { "vor_id": 1706, "theft_count": 31, "bike_trips": 2041, "theft_per_1000_trips": 15.188633023027927 }, "geometry": { "type": "Polygon", "coordinates": [ [ [ -79.362172097196677, 43.652486553482738 ], [ -79.364406469755366, 43.651538187273765 ], [ -79.364756160202035, 43.652569824637695 ], [ -79.362722953715789, 43.653437123523069 ], [ -79.362172097196677, 43.652486553482738 ] ] ] } },
{ "type": "Feature", "properties": { "vor_id": 1710, "theft_count": 12, "bike_trips": 6883, "theft_per_1000_trips": 1.7434258317594074 }, "geometry": { "type": "Polygon", "coordinates": [ [ [ -79.501032778814434, 43.69581371317792 ], [ -79.498036073834612, 43.697402561199851 ], [ -79.490894864296351, 43.690562695653433 ], [ -79.49210098463179, 43.687509585072078 ], [ -79.496567348558983, 43.684359631521524 ], [ -79.502247162789672, 43.683167181800677 ], [ -79.503029205262123, 43.684849132208406 ], [ -79.501032778814434, 43.69581371317792 ] ] ] } },
{ "type": "Feature", "properties": { "vor_id": 1713, "theft_count": 26, "bike_trips": 3381, "theft_per_1000_trips": 7.6900325347530325 }, "geometry": { "type": "Polygon", "coordinates": [ [ [ -79.460906131716854, 43.653969887565488 ], [ -79.458315952882714, 43.655245713777482 ], [ -79.454982267723921, 43.65259348215092 ], [ -79.455007182470311, 43.651928622937454 ], [ -79.45521611970787, 43.650820077016192 ], [ -79.455321715293465, 43.650438013696473 ], [ -79.456240643227986, 43.649534698965383 ], [ -79.461006655346409, 43.648527955079494 ], [ -79.460906131716854, 43.653969887565488 ] ] ] } },
{ "type": "Feature", "properties": { "vor_id": 1717, "theft_count": 11, "bike_trips": 2133, "theft_per_1000_trips": 5.1570557899671829 }, "geometry": { "type": "Polygon", "coordinates": [ [ [ -79.390318226386952, 43.645844108748364 ], [ -79.391212227333625, 43.64548400440264 ], [ -79.392076101079738, 43.64641293250088 ], [ -79.391714115730409, 43.646774949039283 ], [ -79.39084070915419, 43.647134541804292 ], [ -79.390427325881817, 43.646666994829097 ], [ -79.390282028055637, 43.645998759951425 ], [ -79.390318226386952, 43.645844108748364 ] ] ] } },
{ "type": "Feature", "properties": { "vor_id": 1718, "theft_count": 12, "bike_trips": 2567, "theft_per_1000_trips": 4.6747175691468641 }, "geometry": { "type": "Polygon", "coordinates": [ [ [ -79.330529174856011, 43.692331043804082 ], [ -79.33101303162556, 43.69130801461835 ], [ -79.332666071786591, 43.686688076862836 ], [ -79.332845241183918, 43.685972792533462 ], [ -79.332919567974443, 43.685970907341733 ], [ -79.336332573442505, 43.688864286408609 ], [ -79.336371983485435, 43.696946019896608 ], [ -79.330529174856011, 43.692331043804082 ] ] ] } },
{ "type": "Feature", "properties": { "vor_id": 1719, "theft_count": 13, "bike_trips": 1291, "theft_per_1000_trips": 10.069713400464757 }, "geometry": { "type": "Polygon", "coordinates": [ [ [ -79.331182823400596, 43.668174712958404 ], [ -79.328082936608297, 43.667283301842659 ], [ -79.327988294052659, 43.666547969256861 ], [ -79.32916598082177, 43.665271482805501 ], [ -79.331221349340666, 43.665011322773076 ], [ -79.332354395052107, 43.66521916172244 ], [ -79.333024022127375, 43.66547652067981 ], [ -79.332613996139926, 43.666452240843057 ], [ -79.331182823400596, 43.668174712958404 ] ] ] } },
{ "type": "Feature", "properties": { "vor_id": 1721, "theft_count": 478, "bike_trips": 66814, "theft_per_1000_trips": 7.1541892417756756 }, "geometry": { "type": "MultiPolygon", "coordinates": [ [ [ [ -79.500181379618127, 43.738500992374433 ], [ -79.503997078333697, 43.740305683462317 ], [ -79.502274120857351, 43.741907888078991 ], [ -79.486762654545174, 43.738400637267539 ], [ -79.487453608746861, 43.73515905898244 ], [ -79.490801724100706, 43.735655704979841 ], [ -79.49556144186262, 43.736847952213374 ], [ -79.500181379618127, 43.738500992374433 ] ] ], [ [ [ -79.436897766736081, 43.763709293128855 ], [ -79.436125822789691, 43.762870128900197 ], [ -79.436951144782469, 43.761125132158703 ], [ -79.439473727384751, 43.756916457349014 ], [ -79.442396685331758, 43.752975304791811 ], [ -79.445691868940571, 43.749339629940678 ], [ -79.448711971665205, 43.746602368386029 ], [ -79.450729010630681, 43.756043916506286 ], [ -79.436897766736081, 43.763709293128855 ] ] ], [ [ [ -79.527241184625439, 43.765560797381738 ], [ -79.528894224786484, 43.770180735137274 ], [ -79.529778346644576, 43.773710348014667 ], [ -79.527611601432326, 43.774159384594171 ], [ -79.52755458895065, 43.774169376844142 ], [ -79.515333882540745, 43.767819858282962 ], [ -79.513129964204637, 43.76782252673231 ], [ -79.505598531446566, 43.762886618759651 ], [ -79.503355537855498, 43.765065265029612 ], [ -79.504597512637091, 43.770810593528054 ], [ -79.503150167879966, 43.770300097602266 ], [ -79.49797075458487, 43.772511172996879 ], [ -79.491653356190596, 43.778904010876317 ], [ -79.493433688872571, 43.781754110780703 ], [ -79.493424140327775, 43.781756450372647 ], [ -79.490774841686644, 43.782388726377818 ], [ -79.4906880234455, 43.782409506806992 ], [ -79.489188268308951, 43.782758726613402 ], [ -79.489007310219819, 43.782798173891251 ], [ -79.489006672092145, 43.782798319262426 ], [ -79.488410974897235, 43.782939918639414 ], [ -79.487849155975866, 43.783073366882164 ], [ -79.48752008044805, 43.78312214094742 ], [ -79.487517018492511, 43.783122732148414 ], [ -79.483228926485381, 43.784149206614636 ], [ -79.482997364723431, 43.784203074473218 ], [ -79.482984394684948, 43.78420606755995 ], [ -79.482984340346789, 43.784206080145324 ], [ -79.482555440346786, 43.784305780176204 ], [ -79.482482785373605, 43.78432266971442 ], [ -79.482358730686258, 43.784351159317033 ], [ -79.482358699136753, 43.784351166577906 ], [ -79.482247939179018, 43.784376711224724 ], [ -79.482183780613553, 43.784390559118165 ], [ -79.48218307605012, 43.784390718814123 ], [ -79.482064497163847, 43.784418890049409 ], [ -79.481558008691508, 43.784535395423646 ], [ -79.480857500746367, 43.784684033500007 ], [ -79.480856258403662, 43.784684320867136 ], [ -79.479936780596901, 43.784914865226753 ], [ -79.478349304103347, 43.785290612440022 ], [ -79.478349140223855, 43.78529065164944 ], [ -79.477801640346229, 43.7854230516607 ], [ -79.477404240359803, 43.785519151687083 ], [ -79.47699484048907, 43.785618151686371 ], [ -79.476994742627028, 43.785618175501739 ], [ -79.476989891381876, 43.785619363562169 ], [ -79.476372174540387, 43.78576874349838 ], [ -79.4763601089129, 43.785771635261227 ], [ -79.476360040361115, 43.785771651764691 ], [ -79.47582824036111, 43.785900251804385 ], [ -79.475285870314138, 43.786031499402924 ], [ -79.475055615451822, 43.786078168657667 ], [ -79.475054350594348, 43.786078449386416 ], [ -79.472970325600684, 43.786581734829767 ], [ -79.472886770109795, 43.786599449780375 ], [ -79.472731949044729, 43.786624308661885 ], [ -79.472730034817431, 43.78662466973099 ], [ -79.472229634817424, 43.786733369764868 ], [ -79.472228723059544, 43.786733580643528 ], [ -79.471872323059543, 43.786821080670492 ], [ -79.471872121283411, 43.786821130853021 ], [ -79.471071835569674, 43.787022727316185 ], [ -79.470946553175935, 43.787054172707563 ], [ -79.470308776859071, 43.787206052788783 ], [ -79.470082108316078, 43.787250010950061 ], [ -79.46917390565676, 43.787426211521272 ], [ -79.469173526197636, 43.787426287289875 ], [ -79.469031826197636, 43.787455387298984 ], [ -79.468604613073268, 43.787543290024367 ], [ -79.46857599864687, 43.787549192997524 ], [ -79.468477510856076, 43.78756949048767 ], [ -79.468304819693202, 43.787604988682226 ], [ -79.467441609615221, 43.787782690810985 ], [ -79.467441487550502, 43.787782716164145 ], [ -79.467135587550501, 43.787846816184178 ], [ -79.467010370412666, 43.787873119787996 ], [ -79.467009903774027, 43.787873221124258 ], [ -79.466870812336154, 43.78790441921349 ], [ -79.466720673103978, 43.787938016117216 ], [ -79.465945129926851, 43.788090226507542 ], [ -79.465944940849681, 43.788090264150277 ], [ -79.464754840849693, 43.788330564225603 ], [ -79.464754498828526, 43.788330635045703 ], [ -79.457162198828527, 43.789941935548867 ], [ -79.457162061831681, 43.789941964908159 ], [ -79.44924386183169, 43.791655365442402 ], [ -79.449243754907627, 43.79165538875354 ], [ -79.449101262001506, 43.791686687205114 ], [ -79.448920178610706, 43.791726383576481 ], [ -79.448681888167727, 43.791778481503243 ], [ -79.448681857753641, 43.791778488166877 ], [ -79.448385357753637, 43.791843588187149 ], [ -79.448125187256778, 43.79190081572434 ], [ -79.447650032496583, 43.791995446996431 ], [ -79.447648745256259, 43.791995728495102 ], [ -79.446976872583264, 43.792155974325823 ], [ -79.446753801209269, 43.792206023046397 ], [ -79.446499233707357, 43.792263215761444 ], [ -79.445748901936511, 43.792429834044633 ], [ -79.444993130159858, 43.792582667718484 ], [ -79.444992626901566, 43.792582773308375 ], [ -79.444436808740335, 43.792703633805971 ], [ -79.44248539133288, 43.793106396245747 ], [ -79.442485339806225, 43.793106406920579 ], [ -79.441124231018833, 43.79338944645226 ], [ -79.441011124044408, 43.793410990644638 ], [ -79.441009101820882, 43.793411437786588 ], [ -79.440899540925116, 43.793439101672519 ], [ -79.440542887534335, 43.793517082183357 ], [ -79.440542852010651, 43.793517089969725 ], [ -79.440498270352222, 43.793526885942555 ], [ -79.439544988693441, 43.793735281997932 ], [ -79.439544274304126, 43.793735446033693 ], [ -79.438647388925361, 43.793951346292019 ], [ -79.438233983008672, 43.794040218606149 ], [ -79.436682458895845, 43.794357282761666 ], [ -79.436536444312523, 43.794387185754417 ], [ -79.436535211813478, 43.794387461339092 ], [ -79.436371397061265, 43.794427216394908 ], [ -79.436177283192066, 43.794472073396591 ], [ -79.435994976876387, 43.794514274869073 ], [ -79.435644883472932, 43.794595173369849 ], [ -79.435644808416711, 43.794595190801004 ], [ -79.435554422405687, 43.794616287542418 ], [ -79.43544133639287, 43.794642584298018 ], [ -79.435295776128385, 43.794676475055553 ], [ -79.435023825331527, 43.794738963769063 ], [ -79.434826610995501, 43.794784367080446 ], [ -79.434826569764269, 43.794784376599175 ], [ -79.434732119875164, 43.79480624185512 ], [ -79.434727770538956, 43.794807208374571 ], [ -79.434727484805748, 43.794807273127653 ], [ -79.434611484805757, 43.794834073135952 ], [ -79.434392517248483, 43.794884696293813 ], [ -79.434114857441756, 43.794943124724611 ], [ -79.43411422373795, 43.794943264198643 ], [ -79.433893706410956, 43.794993945213804 ], [ -79.433884889253221, 43.794995926598183 ], [ -79.433884729695052, 43.794995962846421 ], [ -79.433775570147873, 43.795021030600175 ], [ -79.432236309894023, 43.795361173082291 ], [ -79.432007943979713, 43.794449485100799 ], [ -79.431775341580646, 43.792881407098257 ], [ -79.431617175757054, 43.79181513972614 ], [ -79.431287971666251, 43.78959582601648 ], [ -79.431047207999896, 43.784694969 ], [ -79.431228786356129, 43.780998856647919 ], [ -79.431287971666251, 43.779794111983506 ], [ -79.432007943979713, 43.774940452899187 ], [ -79.432044224806063, 43.774795611721288 ], [ -79.43527863932394, 43.775506639713527 ], [ -79.435353263427814, 43.775442793721169 ], [ -79.436493155671386, 43.775996000702627 ], [ -79.443500324107006, 43.78364107694405 ], [ -79.448318851678479, 43.777494191360049 ], [ -79.448295712798966, 43.77720060819447 ], [ -79.454181232544656, 43.770324007175233 ], [ -79.463580990872572, 43.767926870211852 ], [ -79.464473565588577, 43.768293456138302 ], [ -79.469823967734058, 43.76724058923358 ], [ -79.472722703130771, 43.748660073918941 ], [ -79.463263544611181, 43.751130297547412 ], [ -79.461081627666758, 43.740155401595082 ], [ -79.460952003052441, 43.74009652510221 ], [ -79.461532367977341, 43.738681035120962 ], [ -79.461913036381631, 43.738500992374433 ], [ -79.466532974137166, 43.736847952213374 ], [ -79.47129269189908, 43.735655704979841 ], [ -79.476146350983413, 43.734935732666386 ], [ -79.476966359429071, 43.734895448234667 ], [ -79.481752711507411, 43.74100476484346 ], [ -79.48359153768223, 43.74087848829307 ], [ -79.486879898696088, 43.749867788417554 ], [ -79.491512340023149, 43.752812080225965 ], [ -79.502412238898529, 43.752857745997005 ], [ -79.502916185530012, 43.752072358522291 ], [ -79.503215076655493, 43.747678437319792 ], [ -79.513182395228512, 43.7482977493476 ], [ -79.513994767832529, 43.747157346054969 ], [ -79.516402547059215, 43.749339629940678 ], [ -79.519279025816701, 43.752513335178371 ], [ -79.519697730668028, 43.752975304791811 ], [ -79.522620688615007, 43.756916457349014 ], [ -79.522702167369502, 43.757052396438326 ], [ -79.525143271217317, 43.761125132158703 ], [ -79.527241184625439, 43.765560797381738 ] ], [ [ -79.489022082030772, 43.760788277719136 ], [ -79.483535832365959, 43.75979875056094 ], [ -79.473122719322276, 43.768370355565011 ], [ -79.47660602161028, 43.771568438911181 ], [ -79.48855029130435, 43.775752182356335 ], [ -79.490395908747544, 43.76730519025255 ], [ -79.494620020823376, 43.76101028880889 ], [ -79.4925463887662, 43.759871164644139 ], [ -79.489022082030772, 43.760788277719136 ] ] ] ] } },
{ "type": "Feature", "properties": { "vor_id": 1723, "theft_count": 9, "bike_trips": 2248, "theft_per_1000_trips": 4.0035587188612105 }, "geometry": { "type": "Polygon", "coordinates": [ [ [ -79.454508453755437, 43.646829529527508 ], [ -79.451178124358307, 43.645445674510377 ], [ -79.45101187982074, 43.645051306961783 ], [ -79.450840474781245, 43.644187753083493 ], [ -79.454845857428808, 43.644006833718407 ], [ -79.454508453755437, 43.646829529527508 ] ] ] } },
{ "type": "Feature", "properties": { "vor_id": 1725, "theft_count": 10, "bike_trips": 2367, "theft_per_1000_trips": 4.2247570764681024 }, "geometry": { "type": "Polygon", "coordinates": [ [ [ -79.437568634606919, 43.685054184419648 ], [ -79.437878515569182, 43.685364997418702 ], [ -79.437679644487105, 43.686243984757553 ], [ -79.429682102478878, 43.68969636575401 ], [ -79.4300448434212, 43.686710516563863 ], [ -79.436104638561332, 43.684319893832686 ], [ -79.437568634606919, 43.685054184419648 ] ] ] } },
{ "type": "Feature", "properties": { "vor_id": 1727, "theft_count": 5, "bike_trips": 1103, "theft_per_1000_trips": 4.5330915684496826 }, "geometry": { "type": "Polygon", "coordinates": [ [ [ -79.420079749511885, 43.646347559217986 ], [ -79.418743487756572, 43.646849679791181 ], [ -79.419482472193508, 43.644962981380914 ], [ -79.420793576232157, 43.645261144230318 ], [ -79.420079749511885, 43.646347559217986 ] ] ] } },
{ "type": "Feature", "properties": { "vor_id": 1728, "theft_count": 17, "bike_trips": 2148, "theft_per_1000_trips": 7.9143389199255125 }, "geometry": { "type": "Polygon", "coordinates": [ [ [ -79.397743119773722, 43.649557129112978 ], [ -79.397843534808757, 43.649832312206286 ], [ -79.397866918977286, 43.649924007355125 ], [ -79.397134654446319, 43.650422227339867 ], [ -79.396144203586744, 43.650807757374544 ], [ -79.395631155522238, 43.650177114027798 ], [ -79.397451506882646, 43.649443742000351 ], [ -79.397743119773722, 43.649557129112978 ] ] ] } },
{ "type": "Feature", "properties": { "vor_id": 1730, "theft_count": 13, "bike_trips": 6666, "theft_per_1000_trips": 1.9501950195019502 }, "geometry": { "type": "Polygon", "coordinates": [ [ [ -79.429161133145996, 43.641376230930639 ], [ -79.428862000001956, 43.643204920253794 ], [ -79.428225790606291, 43.642994450362998 ], [ -79.427674646215408, 43.641959338774285 ], [ -79.429161133145996, 43.641376230930639 ] ] ] } },
{ "type": "Feature", "properties": { "vor_id": 1741, "theft_count": 46, "bike_trips": 2415, "theft_per_1000_trips": 19.047619047619051 }, "geometry": { "type": "Polygon", "coordinates": [ [ [ -79.413345022858934, 43.719574758756529 ], [ -79.410581183732035, 43.724334387421841 ], [ -79.40680307327284, 43.723767115944227 ], [ -79.405695443077249, 43.718670640707188 ], [ -79.405594886012565, 43.717308804477007 ], [ -79.408294216516651, 43.71417138831719 ], [ -79.410077588355193, 43.713362785362072 ], [ -79.413345022858934, 43.719574758756529 ] ] ] } },
{ "type": "Feature", "properties": { "vor_id": 1742, "theft_count": 32, "bike_trips": 4716, "theft_per_1000_trips": 6.7854113655640376 }, "geometry": { "type": "Polygon", "coordinates": [ [ [ -79.464325035779851, 43.71328880901531 ], [ -79.453699266138798, 43.715368760237062 ], [ -79.452904628781795, 43.708364112655019 ], [ -79.455231972529234, 43.706579372198036 ], [ -79.462135217086825, 43.705027594111627 ], [ -79.462528952865682, 43.705122373303077 ], [ -79.464325035779851, 43.71328880901531 ] ] ] } },
{ "type": "Feature", "properties": { "vor_id": 1743, "theft_count": 0, "bike_trips": 3175, "theft_per_1000_trips": 0.0 }, "geometry": { "type": "Polygon", "coordinates": [ [ [ -79.174203112217327, 43.757468334158702 ], [ -79.171680529615031, 43.753259659349006 ], [ -79.171380341680418, 43.752854902832695 ], [ -79.174622427812679, 43.751398591903346 ], [ -79.174385616862935, 43.75785420781127 ], [ -79.174203112217327, 43.757468334158702 ] ] ] } },
{ "type": "Feature", "properties": { "vor_id": 1747, "theft_count": 9, "bike_trips": 2561, "theft_per_1000_trips": 3.5142522452167122 }, "geometry": { "type": "Polygon", "coordinates": [ [ [ -79.324417331288771, 43.681397449469557 ], [ -79.323520646865532, 43.676927595337887 ], [ -79.324702034510523, 43.676726867416839 ], [ -79.325467575381325, 43.680310622457 ], [ -79.324434005703338, 43.681401987331988 ], [ -79.324417331288771, 43.681397449469557 ] ] ] } },
{ "type": "Feature", "properties": { "vor_id": 1748, "theft_count": 31, "bike_trips": 2075, "theft_per_1000_trips": 14.939759036144579 }, "geometry": { "type": "Polygon", "coordinates": [ [ [ -79.378930868333143, 43.656387702280639 ], [ -79.378916956488453, 43.656995717037603 ], [ -79.377971371733651, 43.65738805684088 ], [ -79.377918554665087, 43.657360901383193 ], [ -79.377556154538738, 43.65557320223585 ], [ -79.378356180754338, 43.655247443814361 ], [ -79.378723455710428, 43.655333059649685 ], [ -79.378930868333143, 43.656387702280639 ] ] ] } },
{ "type": "Feature", "properties": { "vor_id": 1752, "theft_count": 6, "bike_trips": 1197, "theft_per_1000_trips": 5.0125313283208017 }, "geometry": { "type": "Polygon", "coordinates": [ [ [ -79.413544744696694, 43.676839051117049 ], [ -79.415426011623879, 43.6794833075108 ], [ -79.415943975161824, 43.680587345936011 ], [ -79.415671586406319, 43.681775489861025 ], [ -79.413800864107742, 43.682622194963457 ], [ -79.410319528916915, 43.680857944497525 ], [ -79.411890138159322, 43.677473131571254 ], [ -79.413544744696694, 43.676839051117049 ] ] ] } },
{ "type": "Feature", "properties": { "vor_id": 1753, "theft_count": 16, "bike_trips": 2210, "theft_per_1000_trips": 7.2398190045248869 }, "geometry": { "type": "Polygon", "coordinates": [ [ [ -79.423258499656029, 43.6596294787849 ], [ -79.422890478465419, 43.657798707801909 ], [ -79.424520096864654, 43.656162437679896 ], [ -79.425003876415261, 43.656252016031537 ], [ -79.426462411429043, 43.65816366009561 ], [ -79.426432229992699, 43.658457594729548 ], [ -79.423258499656029, 43.6596294787849 ] ] ] } },
{ "type": "Feature", "properties": { "vor_id": 1758, "theft_count": 36, "bike_trips": 2251, "theft_per_1000_trips": 15.992892047978675 }, "geometry": { "type": "Polygon", "coordinates": [ [ [ -79.452391688119476, 43.656964530110471 ], [ -79.453778103974741, 43.655942990248349 ], [ -79.457476178592046, 43.657547844187057 ], [ -79.457770805506627, 43.658049134525811 ], [ -79.4561199782882, 43.659799525276526 ], [ -79.452631954607796, 43.657541144079879 ], [ -79.452389653801305, 43.65722805203098 ], [ -79.452364438484324, 43.657081343424629 ], [ -79.452391688119476, 43.656964530110471 ] ] ] } },
{ "type": "Feature", "properties": { "vor_id": 1759, "theft_count": 27, "bike_trips": 4108, "theft_per_1000_trips": 6.5725413826679651 }, "geometry": { "type": "Polygon", "coordinates": [ [ [ -79.272440241080091, 43.674828143678297 ], [ -79.27586561706282, 43.671228655309434 ], [ -79.278526894590399, 43.669738815660047 ], [ -79.28016044611087, 43.668824288116255 ], [ -79.283581630438249, 43.672252998371135 ], [ -79.284338449713218, 43.67599599215378 ], [ -79.284124800279358, 43.676115955593211 ], [ -79.273289627569412, 43.675371162577036 ], [ -79.272440241080091, 43.674828143678297 ] ] ] } },
{ "type": "Feature", "properties": { "vor_id": 1763, "theft_count": 10, "bike_trips": 4576, "theft_per_1000_trips": 2.1853146853146854 }, "geometry": { "type": "Polygon", "coordinates": [ [ [ -79.434984668879991, 43.673529839662251 ], [ -79.434775584252847, 43.673890473517105 ], [ -79.433363477937533, 43.674055469560955 ], [ -79.431713939644339, 43.671863934118456 ], [ -79.43155969010995, 43.671513091206037 ], [ -79.432002259785747, 43.669139686278683 ], [ -79.434406797019577, 43.670602189576634 ], [ -79.434984668879991, 43.673529839662251 ] ] ] } },
{ "type": "Feature", "properties": { "vor_id": 1764, "theft_count": 10, "bike_trips": 2249, "theft_per_1000_trips": 4.4464206313917289 }, "geometry": { "type": "Polygon", "coordinates": [ [ [ -79.44679185156896, 43.647690427934414 ], [ -79.450896957004218, 43.646104022815685 ], [ -79.45065405692479, 43.647709342481207 ], [ -79.447306502397751, 43.648994137854451 ], [ -79.44679185156896, 43.647690427934414 ] ] ] } },
{ "type": "Feature", "properties": { "vor_id": 1765, "theft_count": 10, "bike_trips": 1074, "theft_per_1000_trips": 9.3109869646182499 }, "geometry": { "type": "Polygon", "coordinates": [ [ [ -79.398495702140693, 43.672843145102583 ], [ -79.395677855179045, 43.670732351535648 ], [ -79.395673139140143, 43.670675039646817 ], [ -79.399183409287559, 43.669385540491518 ], [ -79.400459056444433, 43.671011065351692 ], [ -79.398495702140693, 43.672843145102583 ] ] ] } },
{ "type": "Feature", "properties": { "vor_id": 1766, "theft_count": 22, "bike_trips": 5076, "theft_per_1000_trips": 4.3341213553979516 }, "geometry": { "type": "Polygon", "coordinates": [ [ [ -79.319554179303069, 43.699060031400236 ], [ -79.311352157919202, 43.701066531964571 ], [ -79.305595600414676, 43.701288225625802 ], [ -79.30456045136178, 43.697289768329888 ], [ -79.308652110060947, 43.691250593964924 ], [ -79.309369761846327, 43.690828425594908 ], [ -79.309758901232371, 43.690835315195869 ], [ -79.312578791266446, 43.691691138024218 ], [ -79.319323265445689, 43.697152538013384 ], [ -79.319554179303069, 43.699060031400236 ] ] ] } },
{ "type": "Feature", "properties": { "vor_id": 1767, "theft_count": 44, "bike_trips": 3572, "theft_per_1000_trips": 12.318029115341545 }, "geometry": { "type": "Polygon", "coordinates": [ [ [ -79.44692840981061, 43.711827288906093 ], [ -79.452200955355835, 43.717634292605446 ], [ -79.452503997713862, 43.719039192148514 ], [ -79.452205606804526, 43.719767716764018 ], [ -79.450376223199285, 43.72048080203114 ], [ -79.445430452573532, 43.720231867793096 ], [ -79.444930135196032, 43.71871854302988 ], [ -79.445415966650273, 43.714202499893432 ], [ -79.445906799685346, 43.712407340510786 ], [ -79.44692840981061, 43.711827288906093 ] ] ] } },
{ "type": "Feature", "properties": { "vor_id": 1768, "theft_count": 31, "bike_trips": 2083, "theft_per_1000_trips": 14.882381180988958 }, "geometry": { "type": "Polygon", "coordinates": [ [ [ -79.384118796223703, 43.669133581170065 ], [ -79.383542324175409, 43.67037219597637 ], [ -79.382660928559886, 43.670718078549903 ], [ -79.381524415301087, 43.670264072118222 ], [ -79.384118796223703, 43.669133581170065 ] ] ] } },
{ "type": "Feature", "properties": { "vor_id": 1771, "theft_count": 10, "bike_trips": 7882, "theft_per_1000_trips": 1.2687135244861709 }, "geometry": { "type": "Polygon", "coordinates": [ [ [ -79.211183483958735, 43.738944308813323 ], [ -79.208287789162696, 43.753655912731745 ], [ -79.207933246809446, 43.753806481654607 ], [ -79.206462229228691, 43.754010167836206 ], [ -79.205219437643649, 43.753261624446104 ], [ -79.197062187392902, 43.738030339595191 ], [ -79.203699016499556, 43.732590176556037 ], [ -79.203699621498856, 43.732589662956237 ], [ -79.204244121498832, 43.73211086305507 ], [ -79.204244522821952, 43.732110501465947 ], [ -79.206892824608985, 43.72966528734198 ], [ -79.211183483958735, 43.738944308813323 ] ] ] } },
{ "type": "Feature", "properties": { "vor_id": 1772, "theft_count": 26, "bike_trips": 4497, "theft_per_1000_trips": 5.7816321992439397 }, "geometry": { "type": "Polygon", "coordinates": [ [ [ -79.381588523039895, 43.674043610501798 ], [ -79.379299538259716, 43.678401392313475 ], [ -79.378707490073566, 43.67801011632443 ], [ -79.378171400030581, 43.676095978483829 ], [ -79.378185340038797, 43.673314070193818 ], [ -79.37977611896973, 43.671629451234601 ], [ -79.381588523039895, 43.674043610501798 ] ] ] } },
{ "type": "Feature", "properties": { "vor_id": 1773, "theft_count": 5, "bike_trips": 3576, "theft_per_1000_trips": 1.3982102908277405 }, "geometry": { "type": "Polygon", "coordinates": [ [ [ -79.445906799685346, 43.712407340510786 ], [ -79.445415966650273, 43.714202499893432 ], [ -79.436532711172021, 43.717793811506482 ], [ -79.435641798469504, 43.716372963869311 ], [ -79.445583216009439, 43.712313452645624 ], [ -79.445906799685346, 43.712407340510786 ] ] ] } },
{ "type": "Feature", "properties": { "vor_id": 1774, "theft_count": 22, "bike_trips": 4454, "theft_per_1000_trips": 4.9393803322855865 }, "geometry": { "type": "Polygon", "coordinates": [ [ [ -79.447909927505833, 43.657158824311892 ], [ -79.446934658015877, 43.658759291537201 ], [ -79.445141385061788, 43.659378838666257 ], [ -79.444620563974198, 43.656908808311044 ], [ -79.447664700956253, 43.655996867961214 ], [ -79.447909927505833, 43.657158824311892 ] ] ] } },
{ "type": "Feature", "properties": { "vor_id": 1779, "theft_count": 19, "bike_trips": 9377, "theft_per_1000_trips": 2.0262344033272899 }, "geometry": { "type": "Polygon", "coordinates": [ [ [ -79.28275769052874, 43.722658463456348 ], [ -79.281631489176775, 43.72294816136187 ], [ -79.280154293007726, 43.722830085738913 ], [ -79.279499816946242, 43.72187101836937 ], [ -79.27659522962486, 43.717614644323142 ], [ -79.277670730598558, 43.71416309214203 ], [ -79.282959359449109, 43.708862027360581 ], [ -79.284085198662268, 43.709368960482671 ], [ -79.289388802990601, 43.718727478177442 ], [ -79.289455692509605, 43.719102181538481 ], [ -79.283767715583039, 43.722122194006495 ], [ -79.28275769052874, 43.722658463456348 ] ] ] } },
{ "type": "Feature", "properties": { "vor_id": 1780, "theft_count": 22, "bike_trips": 2198, "theft_per_1000_trips": 10.009099181073703 }, "geometry": { "type": "Polygon", "coordinates": [ [ [ -79.419446263836932, 43.641819251704206 ], [ -79.420296543910496, 43.642382895380152 ], [ -79.42086833491517, 43.645246418477278 ], [ -79.420793576232157, 43.645261144230318 ], [ -79.419482472193508, 43.644962981380914 ], [ -79.418813789893647, 43.644484596110814 ], [ -79.418775937114475, 43.644422134267145 ], [ -79.418430010961416, 43.642675155843051 ], [ -79.419399166640829, 43.641819184625227 ], [ -79.419446263836932, 43.641819251704206 ] ] ] } },
{ "type": "Feature", "properties": { "vor_id": 1781, "theft_count": 23, "bike_trips": 2142, "theft_per_1000_trips": 10.737628384687207 }, "geometry": { "type": "Polygon", "coordinates": [ [ [ -79.394636512380771, 43.65738805820255 ], [ -79.395408081821728, 43.658118351628829 ], [ -79.39561620935433, 43.659170146823975 ], [ -79.395496581436177, 43.659479322250391 ], [ -79.39395260302291, 43.660114297702577 ], [ -79.393475862301031, 43.657599926666641 ], [ -79.394636512380771, 43.65738805820255 ] ] ] } },
{ "type": "Feature", "properties": { "vor_id": 1782, "theft_count": 14, "bike_trips": 3272, "theft_per_1000_trips": 4.2787286063569683 }, "geometry": { "type": "Polygon", "coordinates": [ [ [ -79.40460784230126, 43.639408992371251 ], [ -79.405332694272886, 43.63952978859043 ], [ -79.407126179345283, 43.639874496602928 ], [ -79.406528637563071, 43.641168896013838 ], [ -79.40352741045362, 43.64242483715617 ], [ -79.403247553751328, 43.642103393145753 ], [ -79.402846915674388, 43.640120859747093 ], [ -79.403457142857022, 43.639576889500724 ], [ -79.40460784230126, 43.639408992371251 ] ] ] } },
{ "type": "Feature", "properties": { "vor_id": 1784, "theft_count": 33, "bike_trips": 2145, "theft_per_1000_trips": 15.384615384615385 }, "geometry": { "type": "Polygon", "coordinates": [ [ [ -79.399452221099949, 43.663682547947097 ], [ -79.398506568580061, 43.662895649327965 ], [ -79.398600189830304, 43.662526656656716 ], [ -79.400377388866133, 43.661821471017568 ], [ -79.400912986857804, 43.662490946769559 ], [ -79.400777535427721, 43.663138232933022 ], [ -79.399452221099949, 43.663682547947097 ] ] ] } },
{ "type": "Feature", "properties": { "vor_id": 1785, "theft_count": 0, "bike_trips": 5013, "theft_per_1000_trips": 0.0 }, "geometry": { "type": "Polygon", "coordinates": [ [ [ -79.18735836966637, 43.836614160016573 ], [ -79.188078341979818, 43.841467819100899 ], [ -79.189270589213379, 43.84622753686282 ], [ -79.190801827928553, 43.8505070630586 ], [ -79.189731671365934, 43.850767888576563 ], [ -79.18973161862418, 43.850767901474896 ], [ -79.185267732749963, 43.851863273808256 ], [ -79.182836747219383, 43.852442346720132 ], [ -79.182836673936734, 43.852442364260348 ], [ -79.179982573936712, 43.853128764472537 ], [ -79.179981793729141, 43.853128961749078 ], [ -79.177575201249013, 43.853767527279736 ], [ -79.176450798157973, 43.854029450822253 ], [ -79.18730709868511, 43.835570515217483 ], [ -79.18735836966637, 43.836614160016573 ] ] ] } },
{ "type": "Feature", "properties": { "vor_id": 1786, "theft_count": 32, "bike_trips": 6589, "theft_per_1000_trips": 4.8565791470632877 }, "geometry": { "type": "Polygon", "coordinates": [ [ [ -79.513633677767558, 43.71629261504043 ], [ -79.509049243844558, 43.723537710142892 ], [ -79.500548549271286, 43.723475429942724 ], [ -79.509943428982908, 43.713782720101477 ], [ -79.513633677767558, 43.71629261504043 ] ] ] } },
{ "type": "Feature", "properties": { "vor_id": 1789, "theft_count": 26, "bike_trips": 2151, "theft_per_1000_trips": 12.08740120874012 }, "geometry": { "type": "Polygon", "coordinates": [ [ [ -79.408980891136963, 43.663936154847647 ], [ -79.409607740605949, 43.666941124869787 ], [ -79.409458472753656, 43.667000378561184 ], [ -79.408264784879293, 43.666822428527006 ], [ -79.407642736309967, 43.663752351500904 ], [ -79.408581008388964, 43.663726831585805 ], [ -79.408980891136963, 43.663936154847647 ] ] ] } },
{ "type": "Feature", "properties": { "vor_id": 1792, "theft_count": 72, "bike_trips": 5435, "theft_per_1000_trips": 13.247470101195951 }, "geometry": { "type": "Polygon", "coordinates": [ [ [ -79.400197808304625, 43.64260058410791 ], [ -79.400513078806185, 43.640678088897999 ], [ -79.401804497730708, 43.640155005442189 ], [ -79.402846915674388, 43.640120859747093 ], [ -79.403247553751328, 43.642103393145753 ], [ -79.401072086649762, 43.642987486386033 ], [ -79.400197808304625, 43.64260058410791 ] ] ] } },
{ "type": "Feature", "properties": { "vor_id": 1794, "theft_count": 30, "bike_trips": 2961, "theft_per_1000_trips": 10.131712259371835 }, "geometry": { "type": "Polygon", "coordinates": [ [ [ -79.404730069876905, 43.758253772961623 ], [ -79.406442782285112, 43.755430465988518 ], [ -79.407124572687934, 43.755148652587508 ], [ -79.407287647340567, 43.755174675277182 ], [ -79.408178646305601, 43.759200995722132 ], [ -79.407551927822851, 43.759763517005936 ], [ -79.404671471958935, 43.759470974949302 ], [ -79.404730069876905, 43.758253772961623 ] ] ] } },
{ "type": "Feature", "properties": { "vor_id": 1798, "theft_count": 19, "bike_trips": 11164, "theft_per_1000_trips": 1.7018989609458977 }, "geometry": { "type": "Polygon", "coordinates": [ [ [ -79.302008373356941, 43.738852370874746 ], [ -79.309956295611386, 43.73315599571994 ], [ -79.315044096268565, 43.733491249296669 ], [ -79.321299299996113, 43.742128896420581 ], [ -79.304537840848923, 43.750526638407123 ], [ -79.30439844633203, 43.750409466302095 ], [ -79.302008373356941, 43.738852370874746 ] ] ] } },
{ "type": "Feature", "properties": { "vor_id": 1800, "theft_count": 11, "bike_trips": 3625, "theft_per_1000_trips": 3.0344827586206895 }, "geometry": { "type": "Polygon", "coordinates": [ [ [ -79.404107231281699, 43.694940054250573 ], [ -79.401938339322868, 43.699725772069087 ], [ -79.400872573343776, 43.699771288746938 ], [ -79.399441923078086, 43.698805439987105 ], [ -79.398474565852197, 43.697438908826491 ], [ -79.398198679191566, 43.696756142660305 ], [ -79.398438155855416, 43.696055754526405 ], [ -79.402948043108935, 43.694268444544669 ], [ -79.404107231281699, 43.694940054250573 ] ] ] } },
{ "type": "Feature", "properties": { "vor_id": 1804, "theft_count": 5, "bike_trips": 3641, "theft_per_1000_trips": 1.3732491073880801 }, "geometry": { "type": "Polygon", "coordinates": [ [ [ -79.406641140445913, 43.735529497061094 ], [ -79.405745020163579, 43.735380113913436 ], [ -79.404156735390558, 43.733390730514841 ], [ -79.406775019242545, 43.731573298657459 ], [ -79.407225066920859, 43.733559915881116 ], [ -79.406641140445913, 43.735529497061094 ] ] ] } },
{ "type": "Feature", "properties": { "vor_id": 1808, "theft_count": 5, "bike_trips": 2965, "theft_per_1000_trips": 1.6863406408094435 }, "geometry": { "type": "Polygon", "coordinates": [ [ [ -79.395218136019693, 43.767000927162385 ], [ -79.400654439279549, 43.770249896646924 ], [ -79.397990717898068, 43.775054619115636 ], [ -79.392672384244875, 43.777259228863251 ], [ -79.393647992400275, 43.767646691897518 ], [ -79.395218136019693, 43.767000927162385 ] ] ] } },
{ "type": "Feature", "properties": { "vor_id": 1811, "theft_count": 13, "bike_trips": 2141, "theft_per_1000_trips": 6.0719290051377861 }, "geometry": { "type": "Polygon", "coordinates": [ [ [ -79.395512819450715, 43.655500199480706 ], [ -79.396765845241518, 43.656071006555287 ], [ -79.397044321390084, 43.65745253328766 ], [ -79.395408081821728, 43.658118351628829 ], [ -79.394636512380771, 43.65738805820255 ], [ -79.394972823311349, 43.656081719571205 ], [ -79.395512819450715, 43.655500199480706 ] ] ] } },
{ "type": "Feature", "properties": { "vor_id": 1812, "theft_count": 19, "bike_trips": 3836, "theft_per_1000_trips": 4.9530761209593326 }, "geometry": { "type": "Polygon", "coordinates": [ [ [ -79.361625059716189, 43.702122309846594 ], [ -79.357298436569451, 43.698502634917354 ], [ -79.357921476788775, 43.697576495753317 ], [ -79.362028940203643, 43.694473709320967 ], [ -79.366496838580048, 43.697926577196476 ], [ -79.368718685314263, 43.700148568142943 ], [ -79.367140913203428, 43.705142531173159 ], [ -79.36670077420429, 43.70513165071538 ], [ -79.361625059716189, 43.702122309846594 ] ] ] } },
{ "type": "Feature", "properties": { "vor_id": 1816, "theft_count": 11, "bike_trips": 4350, "theft_per_1000_trips": 2.5287356321839081 }, "geometry": { "type": "Polygon", "coordinates": [ [ [ -79.407394726159822, 43.652773409199952 ], [ -79.407418721739603, 43.652889619891994 ], [ -79.405714666873607, 43.653583205170165 ], [ -79.40491482767041, 43.650809622232821 ], [ -79.405338969410508, 43.650640006299348 ], [ -79.407394726159822, 43.652773409199952 ] ] ] } },
{ "type": "Feature", "properties": { "vor_id": 1818, "theft_count": 18, "bike_trips": 2443, "theft_per_1000_trips": 7.367990176013099 }, "geometry": { "type": "Polygon", "coordinates": [ [ [ -79.39044607359159, 43.699783839254543 ], [ -79.392581103716324, 43.697393416003095 ], [ -79.392791770887769, 43.697535496923159 ], [ -79.393696502379214, 43.698412262757238 ], [ -79.39465263847795, 43.699701358661493 ], [ -79.394962377271952, 43.701214820627364 ], [ -79.394964683360712, 43.701505177230629 ], [ -79.394571633725192, 43.702655450286542 ], [ -79.393510845000677, 43.703161331432256 ], [ -79.391504284718096, 43.703404402258158 ], [ -79.39044607359159, 43.699783839254543 ] ] ] } },
{ "type": "Feature", "properties": { "vor_id": 1819, "theft_count": 17, "bike_trips": 2203, "theft_per_1000_trips": 7.7167498865183841 }, "geometry": { "type": "Polygon", "coordinates": [ [ [ -79.416889210838505, 43.657345664252141 ], [ -79.416588071872965, 43.657197225323728 ], [ -79.416995159085019, 43.654446230921664 ], [ -79.418639834010122, 43.654762542178936 ], [ -79.41875121753047, 43.656110463979346 ], [ -79.416889210838505, 43.657345664252141 ] ] ] } },
{ "type": "Feature", "properties": { "vor_id": 1821, "theft_count": 45, "bike_trips": 6408, "theft_per_1000_trips": 7.0224719101123592 }, "geometry": { "type": "Polygon", "coordinates": [ [ [ -79.343459543462004, 43.701600086584648 ], [ -79.344897124045431, 43.695776532954383 ], [ -79.351181511171504, 43.689606441301869 ], [ -79.354228283943371, 43.691338409026244 ], [ -79.357921476788775, 43.697576495753317 ], [ -79.357298436569451, 43.698502634917354 ], [ -79.350943965244127, 43.70319419041072 ], [ -79.345914714112908, 43.703918179372394 ], [ -79.343459543462004, 43.701600086584648 ] ] ] } },
{ "type": "Feature", "properties": { "vor_id": 1822, "theft_count": 7, "bike_trips": 2600, "theft_per_1000_trips": 2.6923076923076921 }, "geometry": { "type": "Polygon", "coordinates": [ [ [ -79.351936339790427, 43.684411952115575 ], [ -79.351032276060508, 43.683308061112967 ], [ -79.350309964874555, 43.681825294757815 ], [ -79.351295730231314, 43.680000777365635 ], [ -79.351755742030335, 43.679826514191802 ], [ -79.352135323851513, 43.679793915602019 ], [ -79.352547328029203, 43.679914789105531 ], [ -79.353353549570258, 43.684015662873072 ], [ -79.351936339790427, 43.684411952115575 ] ] ] } },
{ "type": "Feature", "properties": { "vor_id": 1824, "theft_count": 23, "bike_trips": 2149, "theft_per_1000_trips": 10.702652396463471 }, "geometry": { "type": "Polygon", "coordinates": [ [ [ -79.399196649451198, 43.658881956311511 ], [ -79.399938082817641, 43.658880573972901 ], [ -79.401090143698752, 43.65903640539392 ], [ -79.401280578679589, 43.659956158343228 ], [ -79.400195657656852, 43.660947188552043 ], [ -79.398418152028199, 43.660397374582317 ], [ -79.398357301821818, 43.659821912240254 ], [ -79.399196649451198, 43.658881956311511 ] ] ] } },
{ "type": "Feature", "properties": { "vor_id": 1825, "theft_count": 11, "bike_trips": 2445, "theft_per_1000_trips": 4.4989775051124745 }, "geometry": { "type": "Polygon", "coordinates": [ [ [ -79.394184948470112, 43.706502290037392 ], [ -79.393510845000677, 43.703161331432256 ], [ -79.394571633725192, 43.702655450286542 ], [ -79.396064608632614, 43.704106466137638 ], [ -79.396466248163179, 43.705633455776997 ], [ -79.394184948470112, 43.706502290037392 ] ] ] } },
{ "type": "Feature", "properties": { "vor_id": 1828, "theft_count": 5, "bike_trips": 3642, "theft_per_1000_trips": 1.372872048325096 }, "geometry": { "type": "Polygon", "coordinates": [ [ [ -79.406070174487368, 43.726047627618755 ], [ -79.401660578697403, 43.724813325551906 ], [ -79.405695443077249, 43.718670640707188 ], [ -79.40680307327284, 43.723767115944227 ], [ -79.406104804668914, 43.726051219482649 ], [ -79.406070174487368, 43.726047627618755 ] ] ] } },
{ "type": "Feature", "properties": { "vor_id": 1831, "theft_count": 6, "bike_trips": 1279, "theft_per_1000_trips": 4.691164972634871 }, "geometry": { "type": "Polygon", "coordinates": [ [ [ -79.325308183654997, 43.666335922379304 ], [ -79.32398037843646, 43.66846813920295 ], [ -79.323946941337638, 43.668472119031328 ], [ -79.322650816370853, 43.666447441733517 ], [ -79.323365611414829, 43.665743909320739 ], [ -79.324587385294606, 43.665687020687365 ], [ -79.325308183654997, 43.666335922379304 ] ] ] } },
{ "type": "Feature", "properties": { "vor_id": 1832, "theft_count": 21, "bike_trips": 2101, "theft_per_1000_trips": 9.9952403617325078 }, "geometry": { "type": "Polygon", "coordinates": [ [ [ -79.38544594544976, 43.658016746489047 ], [ -79.38563445743776, 43.658350534940752 ], [ -79.385473247873563, 43.658672982784807 ], [ -79.383617694080641, 43.659464883313973 ], [ -79.383479865497378, 43.658828058711833 ], [ -79.38544594544976, 43.658016746489047 ] ] ] } },
{ "type": "Feature", "properties": { "vor_id": 1833, "theft_count": 10, "bike_trips": 2389, "theft_per_1000_trips": 4.1858518208455413 }, "geometry": { "type": "Polygon", "coordinates": [ [ [ -79.432930844879351, 43.703842680270625 ], [ -79.435280644087968, 43.702849926505735 ], [ -79.436232848706567, 43.707121660512179 ], [ -79.43541146584549, 43.707851856947023 ], [ -79.432930844879351, 43.703842680270625 ] ] ] } },
{ "type": "Feature", "properties": { "vor_id": 1838, "theft_count": 25, "bike_trips": 7233, "theft_per_1000_trips": 3.4563804783630583 }, "geometry": { "type": "Polygon", "coordinates": [ [ [ -79.2913669309591, 43.692738399761829 ], [ -79.293363371401469, 43.693746051190892 ], [ -79.293414705963485, 43.699579307034874 ], [ -79.291094061602934, 43.700224977249398 ], [ -79.285142525622859, 43.696930382978557 ], [ -79.2913669309591, 43.692738399761829 ] ] ] } },
{ "type": "Feature", "properties": { "vor_id": 1839, "theft_count": 8, "bike_trips": 1310, "theft_per_1000_trips": 6.1068702290076331 }, "geometry": { "type": "Polygon", "coordinates": [ [ [ -79.504503786140106, 43.597222355106929 ], [ -79.501665798299584, 43.59513129515021 ], [ -79.49950724906958, 43.592829067797503 ], [ -79.505795227496691, 43.585973919275283 ], [ -79.514092078427026, 43.585072432247564 ], [ -79.514952473434221, 43.589574692007353 ], [ -79.514763845777949, 43.594390410884202 ], [ -79.512311998449263, 43.598068732844837 ], [ -79.510813817111128, 43.598292091900134 ], [ -79.506467597205244, 43.597882578039979 ], [ -79.504503786140106, 43.597222355106929 ] ] ] } },
{ "type": "Feature", "properties": { "vor_id": 1842, "theft_count": 8, "bike_trips": 2511, "theft_per_1000_trips": 3.1859816806053365 }, "geometry": { "type": "Polygon", "coordinates": [ [ [ -79.333386576126401, 43.713047944893688 ], [ -79.332806065979398, 43.713839836231152 ], [ -79.321436568709657, 43.709918832983156 ], [ -79.322824195215176, 43.704605577014455 ], [ -79.323469577668106, 43.703893507208278 ], [ -79.323704126765293, 43.703577254360724 ], [ -79.330846794399278, 43.70219595020594 ], [ -79.333386576126401, 43.713047944893688 ] ] ] } },
{ "type": "Feature", "properties": { "vor_id": 1846, "theft_count": 12, "bike_trips": 3897, "theft_per_1000_trips": 3.0792917628945342 }, "geometry": { "type": "Polygon", "coordinates": [ [ [ -79.354395455780903, 43.679901166782997 ], [ -79.352547328029203, 43.679914789105531 ], [ -79.352135323851513, 43.679793915602019 ], [ -79.352553652392643, 43.678392450012758 ], [ -79.354619245933847, 43.675991332422889 ], [ -79.354704301097584, 43.67601092725647 ], [ -79.354395455780903, 43.679901166782997 ] ] ] } },
{ "type": "Feature", "properties": { "vor_id": 1848, "theft_count": 25, "bike_trips": 2943, "theft_per_1000_trips": 8.4947332653754675 }, "geometry": { "type": "Polygon", "coordinates": [ [ [ -79.41274726681398, 43.777114368138328 ], [ -79.413461861495506, 43.776690370592782 ], [ -79.416974582869571, 43.776934914660345 ], [ -79.416487753170557, 43.778970886984702 ], [ -79.413877199361266, 43.779669160269599 ], [ -79.41274726681398, 43.777114368138328 ] ] ] } },
{ "type": "Feature", "properties": { "vor_id": 1850, "theft_count": 12, "bike_trips": 2353, "theft_per_1000_trips": 5.099872503187421 }, "geometry": { "type": "Polygon", "coordinates": [ [ [ -79.436659533870539, 43.672210913402594 ], [ -79.438273454025719, 43.671551431127767 ], [ -79.439752991816491, 43.676023506161705 ], [ -79.437667991206752, 43.676613695717066 ], [ -79.436481014269305, 43.675944811360992 ], [ -79.434775584252847, 43.673890473517105 ], [ -79.434984668879991, 43.673529839662251 ], [ -79.436659533870539, 43.672210913402594 ] ] ] } },
{ "type": "Feature", "properties": { "vor_id": 1858, "theft_count": 15, "bike_trips": 2140, "theft_per_1000_trips": 7.009345794392523 }, "geometry": { "type": "Polygon", "coordinates": [ [ [ -79.394281127393484, 43.654212740595497 ], [ -79.39407687439035, 43.653234337995237 ], [ -79.394989788724402, 43.652857291165802 ], [ -79.395247225756236, 43.653069965716128 ], [ -79.395552122182295, 43.654546034630009 ], [ -79.394281127393484, 43.654212740595497 ] ] ] } },
{ "type": "Feature", "properties": { "vor_id": 1867, "theft_count": 43, "bike_trips": 9482, "theft_per_1000_trips": 4.5349082472052311 }, "geometry": { "type": "Polygon", "coordinates": [ [ [ -79.186683417045643, 43.757222814685633 ], [ -79.178601374332274, 43.749611263408326 ], [ -79.184170654992144, 43.747109508113383 ], [ -79.205219437643649, 43.753261624446104 ], [ -79.206462229228691, 43.754010167836206 ], [ -79.201864274407626, 43.759082251184822 ], [ -79.199958007261671, 43.759755261220043 ], [ -79.186683417045643, 43.757222814685633 ] ] ] } },
{ "type": "Feature", "properties": { "vor_id": 1868, "theft_count": 38, "bike_trips": 2174, "theft_per_1000_trips": 17.479300827966881 }, "geometry": { "type": "Polygon", "coordinates": [ [ [ -79.404727419274806, 43.64590313536111 ], [ -79.40449807290068, 43.646595280214093 ], [ -79.4029350513579, 43.64716037679019 ], [ -79.402318830543678, 43.646216571620201 ], [ -79.402299062967373, 43.646113537456593 ], [ -79.403928255540208, 43.645447634912188 ], [ -79.404727419274806, 43.64590313536111 ] ] ] } },
{ "type": "Feature", "properties": { "vor_id": 1869, "theft_count": 13, "bike_trips": 1023, "theft_per_1000_trips": 12.707722385141741 }, "geometry": { "type": "Polygon", "coordinates": [ [ [ -79.36933320413462, 43.662847003236095 ], [ -79.368793026544949, 43.660455336277074 ], [ -79.369352165978341, 43.660231029596972 ], [ -79.369884390586307, 43.660194054468896 ], [ -79.370406403463477, 43.662631703808344 ], [ -79.36971786114988, 43.662920000052814 ], [ -79.36933320413462, 43.662847003236095 ] ] ] } },
{ "type": "Feature", "properties": { "vor_id": 1870, "theft_count": 8, "bike_trips": 2042, "theft_per_1000_trips": 3.9177277179236043 }, "geometry": { "type": "Polygon", "coordinates": [ [ [ -79.368319896930046, 43.666944000873656 ], [ -79.368430458371392, 43.666178806151578 ], [ -79.369765821113347, 43.665640875169679 ], [ -79.370230988822414, 43.665960669503633 ], [ -79.370388800643113, 43.666670700282175 ], [ -79.368497967417312, 43.66744580642483 ], [ -79.368319896930046, 43.666944000873656 ] ] ] } },
{ "type": "Feature", "properties": { "vor_id": 1873, "theft_count": 12, "bike_trips": 2045, "theft_per_1000_trips": 5.8679706601466997 }, "geometry": { "type": "Polygon", "coordinates": [ [ [ -79.374591574454911, 43.661367636718985 ], [ -79.375134614784145, 43.661700735706575 ], [ -79.375525554911746, 43.662694612704122 ], [ -79.375633324282845, 43.663202913376423 ], [ -79.373876024133907, 43.663940665668676 ], [ -79.37343167012952, 43.661833768722651 ], [ -79.374591574454911, 43.661367636718985 ] ] ] } },
{ "type": "Feature", "properties": { "vor_id": 1874, "theft_count": 22, "bike_trips": 2071, "theft_per_1000_trips": 10.622887493964267 }, "geometry": { "type": "Polygon", "coordinates": [ [ [ -79.375176793676729, 43.648575380173774 ], [ -79.375311800351938, 43.649190218609554 ], [ -79.373950108324635, 43.650462402244173 ], [ -79.37326322984805, 43.650749916190641 ], [ -79.373051832381051, 43.650652299920779 ], [ -79.373143925577565, 43.649196017724762 ], [ -79.374984962006835, 43.648403738146996 ], [ -79.375176793676729, 43.648575380173774 ] ] ] } },
{ "type": "Feature", "properties": { "vor_id": 1875, "theft_count": 6, "bike_trips": 3302, "theft_per_1000_trips": 1.8170805572380375 }, "geometry": { "type": "Polygon", "coordinates": [ [ [ -79.334031628224324, 43.661090193084632 ], [ -79.331811564326117, 43.651649292075106 ], [ -79.331841886593935, 43.651258999345245 ], [ -79.336905971677055, 43.656696087416215 ], [ -79.335576226074124, 43.660373937660971 ], [ -79.334578360609072, 43.661242263062135 ], [ -79.334031628224324, 43.661090193084632 ] ] ] } },
{ "type": "Feature", "properties": { "vor_id": 1878, "theft_count": 30, "bike_trips": 3920, "theft_per_1000_trips": 7.6530612244897958 }, "geometry": { "type": "Polygon", "coordinates": [ [ [ -79.486568189289699, 43.621551970752982 ], [ -79.488671921742764, 43.62088454636784 ], [ -79.489451020331742, 43.621935039208282 ], [ -79.490576585223934, 43.62317690869348 ], [ -79.490690113282952, 43.623708953030565 ], [ -79.487489280883011, 43.625380572258244 ], [ -79.486181560178679, 43.622139491115675 ], [ -79.486568189289699, 43.621551970752982 ] ] ] } },
{ "type": "Feature", "properties": { "vor_id": 1881, "theft_count": 23, "bike_trips": 3891, "theft_per_1000_trips": 5.9110768439989716 }, "geometry": { "type": "Polygon", "coordinates": [ [ [ -79.349105471104991, 43.671559852545968 ], [ -79.34894571081378, 43.670818348077589 ], [ -79.350606385597516, 43.668512352260578 ], [ -79.353174429391899, 43.667685880602939 ], [ -79.354367162594087, 43.668118797104782 ], [ -79.353192333643378, 43.671830404544082 ], [ -79.352959796641372, 43.672147437105444 ], [ -79.349129833252888, 43.671616737961514 ], [ -79.349105471104991, 43.671559852545968 ] ] ] } },
{ "type": "Feature", "properties": { "vor_id": 1883, "theft_count": 36, "bike_trips": 3166, "theft_per_1000_trips": 11.370814908401769 }, "geometry": { "type": "Polygon", "coordinates": [ [ [ -79.395336708867219, 43.669589977721877 ], [ -79.395673139140143, 43.670675039646817 ], [ -79.395677855179045, 43.670732351535648 ], [ -79.393817849280808, 43.672869901609403 ], [ -79.39343636971482, 43.672925308385572 ], [ -79.39245664183548, 43.672389107991478 ], [ -79.391980642920188, 43.670121383467013 ], [ -79.392772339237268, 43.668933407483848 ], [ -79.395134533838998, 43.669267004818707 ], [ -79.395336708867219, 43.669589977721877 ] ] ] } },
{ "type": "Feature", "properties": { "vor_id": 1885, "theft_count": 40, "bike_trips": 2043, "theft_per_1000_trips": 19.57905041605482 }, "geometry": { "type": "Polygon", "coordinates": [ [ [ -79.374382000633915, 43.667957311951632 ], [ -79.373460481362386, 43.66834583406348 ], [ -79.373141911843817, 43.668191037912464 ], [ -79.372817202341352, 43.666718989229828 ], [ -79.373318021492238, 43.665404202512619 ], [ -79.373823475870438, 43.665601877985289 ], [ -79.373887794565505, 43.665672469867985 ], [ -79.374382000633915, 43.667957311951632 ] ] ] } },
{ "type": "Feature", "properties": { "vor_id": 1886, "theft_count": 15, "bike_trips": 3698, "theft_per_1000_trips": 4.0562466197944831 }, "geometry": { "type": "Polygon", "coordinates": [ [ [ -79.358374316455581, 43.709953970947936 ], [ -79.362319508732611, 43.708372210818908 ], [ -79.364803111806026, 43.710679422882919 ], [ -79.364795479338852, 43.711481896716954 ], [ -79.363924513708298, 43.714327430540706 ], [ -79.359851620272394, 43.712969499572523 ], [ -79.358374316455581, 43.709953970947936 ] ] ] } },
{ "type": "Feature", "properties": { "vor_id": 1889, "theft_count": 19, "bike_trips": 4870, "theft_per_1000_trips": 3.9014373716632442 }, "geometry": { "type": "Polygon", "coordinates": [ [ [ -79.401038026591181, 43.724958117359293 ], [ -79.401660578697403, 43.724813325551906 ], [ -79.406070174487368, 43.726047627618755 ], [ -79.401705333775084, 43.727105387299474 ], [ -79.401038026591181, 43.724958117359293 ] ] ] } },
{ "type": "Feature", "properties": { "vor_id": 1890, "theft_count": 24, "bike_trips": 3138, "theft_per_1000_trips": 7.6481835564053533 }, "geometry": { "type": "Polygon", "coordinates": [ [ [ -79.39008066750533, 43.669803247629311 ], [ -79.388828857684217, 43.670273515913877 ], [ -79.388613423409907, 43.669181390738686 ], [ -79.389750529406939, 43.668714577837413 ], [ -79.389861044558529, 43.668770453365866 ], [ -79.39008066750533, 43.669803247629311 ] ] ] } },
{ "type": "Feature", "properties": { "vor_id": 1892, "theft_count": 5, "bike_trips": 1184, "theft_per_1000_trips": 4.2229729729729728 }, "geometry": { "type": "Polygon", "coordinates": [ [ [ -79.426958971916534, 43.685507212887622 ], [ -79.429249032193752, 43.685683979250555 ], [ -79.4300448434212, 43.686710516563863 ], [ -79.429682102478878, 43.68969636575401 ], [ -79.428863039784616, 43.690630577283194 ], [ -79.428660910342685, 43.690631626206958 ], [ -79.427344684092006, 43.690050982851588 ], [ -79.426862424198177, 43.685953383805924 ], [ -79.426958971916534, 43.685507212887622 ] ] ] } },
{ "type": "Feature", "properties": { "vor_id": 1893, "theft_count": 12, "bike_trips": 2215, "theft_per_1000_trips": 5.4176072234762982 }, "geometry": { "type": "Polygon", "coordinates": [ [ [ -79.435451593249297, 43.653265979914018 ], [ -79.432339706627118, 43.654441520863017 ], [ -79.432026081682807, 43.652886978545595 ], [ -79.435569710925094, 43.651527730333584 ], [ -79.435593609425226, 43.651536727871999 ], [ -79.435966359822103, 43.651951299241027 ], [ -79.435451593249297, 43.653265979914018 ] ] ] } },
{ "type": "Feature", "properties": { "vor_id": 1894, "theft_count": 44, "bike_trips": 3132, "theft_per_1000_trips": 14.048531289910601 }, "geometry": { "type": "Polygon", "coordinates": [ [ [ -79.390736211618119, 43.672586949091638 ], [ -79.389743030039099, 43.674935292203799 ], [ -79.388556401274585, 43.674960334379499 ], [ -79.388657246590839, 43.672429540201726 ], [ -79.388721092749734, 43.671989545757384 ], [ -79.388844107352597, 43.671689487358087 ], [ -79.390736211618119, 43.672586949091638 ] ] ] } },
{ "type": "Feature", "properties": { "vor_id": 1896, "theft_count": 24, "bike_trips": 5702, "theft_per_1000_trips": 4.2090494563311118 }, "geometry": { "type": "Polygon", "coordinates": [ [ [ -79.522553054112407, 43.735143280336565 ], [ -79.522857579889845, 43.735118633475842 ], [ -79.526951814475865, 43.74202639324713 ], [ -79.529024070197352, 43.749989924876836 ], [ -79.519279025816701, 43.752513335178371 ], [ -79.516402547059215, 43.749339629940678 ], [ -79.513994767832529, 43.747157346054969 ], [ -79.522553054112407, 43.735143280336565 ] ] ] } },
{ "type": "Feature", "properties": { "vor_id": 1898, "theft_count": 44, "bike_trips": 3411, "theft_per_1000_trips": 12.89944297859865 }, "geometry": { "type": "Polygon", "coordinates": [ [ [ -79.464235924312078, 43.665122883828481 ], [ -79.468429198967158, 43.668129649436899 ], [ -79.468538742530086, 43.668734205757971 ], [ -79.462203427206674, 43.666412501647905 ], [ -79.463174615700552, 43.665055209000521 ], [ -79.464235924312078, 43.665122883828481 ] ] ] } },
{ "type": "Feature", "properties": { "vor_id": 1899, "theft_count": 17, "bike_trips": 1044, "theft_per_1000_trips": 16.283524904214559 }, "geometry": { "type": "Polygon", "coordinates": [ [ [ -79.393485339801742, 43.676332069916079 ], [ -79.395255044477949, 43.6760602795176 ], [ -79.395894830703099, 43.677031687947441 ], [ -79.393317026614227, 43.679817255281762 ], [ -79.392353534538813, 43.679153148038488 ], [ -79.391863478506934, 43.676722426082129 ], [ -79.391869911027882, 43.676653744109892 ], [ -79.393485339801742, 43.676332069916079 ] ] ] } },
{ "type": "Feature", "properties": { "vor_id": 1902, "theft_count": 8, "bike_trips": 3372, "theft_per_1000_trips": 2.3724792408066433 }, "geometry": { "type": "Polygon", "coordinates": [ [ [ -79.446293957632633, 43.646884050662891 ], [ -79.45101187982074, 43.645051306961783 ], [ -79.451178124358307, 43.645445674510377 ], [ -79.450896957004218, 43.646104022815685 ], [ -79.44679185156896, 43.647690427934414 ], [ -79.446293957632633, 43.646884050662891 ] ] ] } },
{ "type": "Feature", "properties": { "vor_id": 1907, "theft_count": 20, "bike_trips": 4706, "theft_per_1000_trips": 4.2498937526561829 }, "geometry": { "type": "Polygon", "coordinates": [ [ [ -79.284964911031395, 43.696923436594624 ], [ -79.280253431880581, 43.699489031031966 ], [ -79.276634062010444, 43.69036937225227 ], [ -79.279469415658994, 43.687593432295046 ], [ -79.284948035186673, 43.689389249901559 ], [ -79.284964911031395, 43.696923436594624 ] ] ] } },
{ "type": "Feature", "properties": { "vor_id": 1908, "theft_count": 10, "bike_trips": 2435, "theft_per_1000_trips": 4.1067761806981524 }, "geometry": { "type": "Polygon", "coordinates": [ [ [ -79.39871662598766, 43.724200414155618 ], [ -79.397696564224347, 43.723330570314587 ], [ -79.396621133064173, 43.719187308333836 ], [ -79.405594886012565, 43.717308804477007 ], [ -79.405695443077249, 43.718670640707188 ], [ -79.401660578697403, 43.724813325551906 ], [ -79.401038026591181, 43.724958117359293 ], [ -79.39871662598766, 43.724200414155618 ] ] ] } },
{ "type": "Feature", "properties": { "vor_id": 1909, "theft_count": 12, "bike_trips": 2049, "theft_per_1000_trips": 5.8565153733528552 }, "geometry": { "type": "Polygon", "coordinates": [ [ [ -79.364996144494171, 43.655011035873031 ], [ -79.366962110306773, 43.654204804584211 ], [ -79.367340709179075, 43.654303468431173 ], [ -79.367442710725129, 43.654361504224617 ], [ -79.367490500551099, 43.654444157662482 ], [ -79.367549895208754, 43.654715338152741 ], [ -79.366809834255164, 43.65681066535879 ], [ -79.365223772725884, 43.656071280233711 ], [ -79.364996144494171, 43.655011035873031 ] ] ] } },
{ "type": "Feature", "properties": { "vor_id": 1910, "theft_count": 38, "bike_trips": 5088, "theft_per_1000_trips": 7.4685534591194971 }, "geometry": { "type": "Polygon", "coordinates": [ [ [ -79.337345540207153, 43.699620417324589 ], [ -79.336371983485435, 43.696946019896608 ], [ -79.336332573442505, 43.688864286408609 ], [ -79.340482257985997, 43.68504332076882 ], [ -79.3405380464703, 43.685052360745459 ], [ -79.341257913944503, 43.685553607738953 ], [ -79.344895043371721, 43.692154355104456 ], [ -79.344897124045431, 43.695776532954383 ], [ -79.343459543462004, 43.701600086584648 ], [ -79.337345540207153, 43.699620417324589 ] ] ] } },
{ "type": "Feature", "properties": { "vor_id": 1912, "theft_count": 8, "bike_trips": 1069, "theft_per_1000_trips": 7.4836295603367633 }, "geometry": { "type": "Polygon", "coordinates": [ [ [ -79.394817465161367, 43.652064484799865 ], [ -79.39600038132437, 43.651566552089477 ], [ -79.396242329996369, 43.652664870444866 ], [ -79.395247225756236, 43.653069965716128 ], [ -79.394989788724402, 43.652857291165802 ], [ -79.394817465161367, 43.652064484799865 ] ] ] } },
{ "type": "Feature", "properties": { "vor_id": 1914, "theft_count": 15, "bike_trips": 4409, "theft_per_1000_trips": 3.4021320027217055 }, "geometry": { "type": "Polygon", "coordinates": [ [ [ -79.41636993117379, 43.754677344066749 ], [ -79.411152540374033, 43.758372296119639 ], [ -79.41060158590281, 43.758502252198213 ], [ -79.410568105706147, 43.758499079010889 ], [ -79.407306847599529, 43.75517271509306 ], [ -79.416580378453688, 43.751185556439474 ], [ -79.41636993117379, 43.754677344066749 ] ] ] } },
{ "type": "Feature", "properties": { "vor_id": 1917, "theft_count": 3, "bike_trips": 2494, "theft_per_1000_trips": 1.2028869286287089 }, "geometry": { "type": "Polygon", "coordinates": [ [ [ -79.335417353478377, 43.722770858252822 ], [ -79.334570925014731, 43.723665017698288 ], [ -79.33278600814397, 43.716254817181586 ], [ -79.333071572036047, 43.715811661809369 ], [ -79.337901655053713, 43.717266902988925 ], [ -79.335417353478377, 43.722770858252822 ] ] ] } },
{ "type": "Feature", "properties": { "vor_id": 1919, "theft_count": 15, "bike_trips": 2211, "theft_per_1000_trips": 6.7842605156037994 }, "geometry": { "type": "Polygon", "coordinates": [ [ [ -79.424478945602317, 43.644556654406479 ], [ -79.423172411851255, 43.644253678460551 ], [ -79.422789404250352, 43.642403254808983 ], [ -79.423952712015137, 43.641954966110951 ], [ -79.424478945602317, 43.644556654406479 ] ] ] } },
{ "type": "Feature", "properties": { "vor_id": 1920, "theft_count": 18, "bike_trips": 3292, "theft_per_1000_trips": 5.4678007290400972 }, "geometry": { "type": "Polygon", "coordinates": [ [ [ -79.414777699201579, 43.646354213244962 ], [ -79.413204118739998, 43.647908329316202 ], [ -79.412748994806975, 43.645598342374782 ], [ -79.414216624293275, 43.643653227193603 ], [ -79.414777699201579, 43.646354213244962 ] ] ] } },
{ "type": "Feature", "properties": { "vor_id": 1921, "theft_count": 6, "bike_trips": 3292, "theft_per_1000_trips": 1.8226002430133657 }, "geometry": { "type": "Polygon", "coordinates": [ [ [ -79.414216624293275, 43.643653227193603 ], [ -79.412748994806975, 43.645598342374782 ], [ -79.41234769746616, 43.645210325658319 ], [ -79.411998264467584, 43.643364733180597 ], [ -79.414236689294015, 43.643583622344494 ], [ -79.414216624293275, 43.643653227193603 ] ] ] } },
{ "type": "Feature", "properties": { "vor_id": 1923, "theft_count": 1, "bike_trips": 1118, "theft_per_1000_trips": 0.89445438282647582 }, "geometry": { "type": "Polygon", "coordinates": [ [ [ -79.428502867584271, 43.640933242873409 ], [ -79.428215274306581, 43.639528009355921 ], [ -79.428998568551009, 43.639526980002294 ], [ -79.429317455371518, 43.641176321769329 ], [ -79.42920937089049, 43.641233940095489 ], [ -79.428502867584271, 43.640933242873409 ] ] ] } },
{ "type": "Feature", "properties": { "vor_id": 1926, "theft_count": 43, "bike_trips": 2125, "theft_per_1000_trips": 20.235294117647058 }, "geometry": { "type": "Polygon", "coordinates": [ [ [ -79.382152403131386, 43.641131898541381 ], [ -79.38195080612509, 43.640783932985258 ], [ -79.381873422021201, 43.64052258260093 ], [ -79.384642995036245, 43.639035546166426 ], [ -79.385137753754449, 43.64023304220683 ], [ -79.382332639487672, 43.641359046941218 ], [ -79.382307816972741, 43.64135530029008 ], [ -79.382152403131386, 43.641131898541381 ] ] ] } },
{ "type": "Feature", "properties": { "vor_id": 1929, "theft_count": 10, "bike_trips": 2429, "theft_per_1000_trips": 4.116920543433511 }, "geometry": { "type": "Polygon", "coordinates": [ [ [ -79.396463711134899, 43.68424450014588 ], [ -79.390679397454221, 43.686598064988274 ], [ -79.389144581692008, 43.68651229126155 ], [ -79.389530333869558, 43.685742033143832 ], [ -79.396039013823142, 43.683070503148919 ], [ -79.396463711134899, 43.68424450014588 ] ] ] } },
{ "type": "Feature", "properties": { "vor_id": 1930, "theft_count": 15, "bike_trips": 2153, "theft_per_1000_trips": 6.9670227589410123 }, "geometry": { "type": "Polygon", "coordinates": [ [ [ -79.406565618785052, 43.661581792356799 ], [ -79.408614090779096, 43.660749981372476 ], [ -79.408967718301511, 43.660843645915271 ], [ -79.40929885288125, 43.662372629176708 ], [ -79.408581008388964, 43.663726831585805 ], [ -79.407642736309967, 43.663752351500904 ], [ -79.406951716521988, 43.66357286264563 ], [ -79.406565618785052, 43.661581792356799 ] ] ] } },
{ "type": "Feature", "properties": { "vor_id": 1931, "theft_count": 26, "bike_trips": 4587, "theft_per_1000_trips": 5.6681927185524312 }, "geometry": { "type": "Polygon", "coordinates": [ [ [ -79.481046695143931, 43.67244424289369 ], [ -79.480502855959173, 43.670014831158873 ], [ -79.484184191196789, 43.66736773103321 ], [ -79.488850073784647, 43.665984550945844 ], [ -79.489330224116301, 43.666503831443308 ], [ -79.488846621424614, 43.669016646750528 ], [ -79.481046695143931, 43.67244424289369 ] ] ] } },
{ "type": "Feature", "properties": { "vor_id": 1933, "theft_count": 6, "bike_trips": 2595, "theft_per_1000_trips": 2.3121387283236996 }, "geometry": { "type": "Polygon", "coordinates": [ [ [ -79.353048794231682, 43.674195295462539 ], [ -79.353915589207077, 43.67566148212039 ], [ -79.352143917591505, 43.676387870055237 ], [ -79.35110139456998, 43.676414967743014 ], [ -79.350439715698684, 43.676114508543868 ], [ -79.350305517241139, 43.675314006074395 ], [ -79.353048794231682, 43.674195295462539 ] ] ] } },
{ "type": "Feature", "properties": { "vor_id": 1934, "theft_count": 12, "bike_trips": 7476, "theft_per_1000_trips": 1.6051364365971108 }, "geometry": { "type": "Polygon", "coordinates": [ [ [ -79.354576024380108, 43.722906393688973 ], [ -79.362886382902715, 43.729442794265616 ], [ -79.366885552335305, 43.735003074270168 ], [ -79.358740515893558, 43.73937265441333 ], [ -79.34407174319395, 43.731783168841922 ], [ -79.342826973459182, 43.730078669806964 ], [ -79.348794909215158, 43.721400253286902 ], [ -79.352090426021917, 43.722156991573684 ], [ -79.354576024380108, 43.722906393688973 ] ] ] } },
{ "type": "Feature", "properties": { "vor_id": 1938, "theft_count": 9, "bike_trips": 4622, "theft_per_1000_trips": 1.9472090004327132 }, "geometry": { "type": "Polygon", "coordinates": [ [ [ -79.355321158652345, 43.658775886816649 ], [ -79.35485787060334, 43.659833687028261 ], [ -79.353271502436385, 43.659696198161207 ], [ -79.352746167643488, 43.65916853159019 ], [ -79.353447973089729, 43.656865754763189 ], [ -79.353907647230528, 43.656853384783084 ], [ -79.355217715683395, 43.658122833979256 ], [ -79.355321158652345, 43.658775886816649 ] ] ] } },
{ "type": "Feature", "properties": { "vor_id": 1943, "theft_count": 15, "bike_trips": 2359, "theft_per_1000_trips": 6.3586265366680799 }, "geometry": { "type": "Polygon", "coordinates": [ [ [ -79.420809923871076, 43.68087479106002 ], [ -79.420383481971982, 43.680475065450359 ], [ -79.419823067459021, 43.679539360248413 ], [ -79.419734850596996, 43.679117679710117 ], [ -79.419913619357416, 43.677729449732297 ], [ -79.42024477958438, 43.676074057867112 ], [ -79.424508295629721, 43.680123392499596 ], [ -79.423743848671947, 43.681572370133573 ], [ -79.420809923871076, 43.68087479106002 ] ] ] } },
{ "type": "Feature", "properties": { "vor_id": 1948, "theft_count": 20, "bike_trips": 1075, "theft_per_1000_trips": 18.604651162790699 }, "geometry": { "type": "Polygon", "coordinates": [ [ [ -79.411208258524809, 43.669142541395615 ], [ -79.410665943660817, 43.669873930219765 ], [ -79.408611268727199, 43.669562144035702 ], [ -79.409458472753656, 43.667000378561184 ], [ -79.409607740605949, 43.666941124869787 ], [ -79.410222958356741, 43.666981230478484 ], [ -79.410998812949302, 43.667801410958489 ], [ -79.411208258524809, 43.669142541395615 ] ] ] } },
{ "type": "Feature", "properties": { "vor_id": 1950, "theft_count": 55, "bike_trips": 2255, "theft_per_1000_trips": 24.390243902439025 }, "geometry": { "type": "Polygon", "coordinates": [ [ [ -79.464938496638155, 43.65581996814052 ], [ -79.464998004486731, 43.655838759395031 ], [ -79.465516808776556, 43.658192482454531 ], [ -79.461696615081507, 43.660436330877417 ], [ -79.461030670635395, 43.660123291612663 ], [ -79.46079140279744, 43.659502000558099 ], [ -79.462011117358244, 43.655974052712622 ], [ -79.464938496638155, 43.65581996814052 ] ] ] } },
{ "type": "Feature", "properties": { "vor_id": 1954, "theft_count": 27, "bike_trips": 3579, "theft_per_1000_trips": 7.5440067057837386 }, "geometry": { "type": "Polygon", "coordinates": [ [ [ -79.413747507139846, 43.68763825831784 ], [ -79.412259876416627, 43.686563849956386 ], [ -79.414174128899205, 43.684435882713942 ], [ -79.417614966937791, 43.686449971742555 ], [ -79.417639494602099, 43.687950624546026 ], [ -79.413747507139846, 43.68763825831784 ] ] ] } },
{ "type": "Feature", "properties": { "vor_id": 1957, "theft_count": 7, "bike_trips": 3654, "theft_per_1000_trips": 1.9157088122605364 }, "geometry": { "type": "Polygon", "coordinates": [ [ [ -79.380006764214855, 43.679574488124203 ], [ -79.3809655085212, 43.680110100064788 ], [ -79.378971499825511, 43.688470166779354 ], [ -79.378561314087221, 43.6889901222699 ], [ -79.373070146444832, 43.687650444581436 ], [ -79.373367136277722, 43.685682399185673 ], [ -79.380006764214855, 43.679574488124203 ] ] ] } },
{ "type": "Feature", "properties": { "vor_id": 1958, "theft_count": 0, "bike_trips": 2062, "theft_per_1000_trips": 0.0 }, "geometry": { "type": "Polygon", "coordinates": [ [ [ -79.378701708611572, 43.668636163738135 ], [ -79.378315958221151, 43.668341390371857 ], [ -79.378898105016461, 43.668312791333705 ], [ -79.379773793001533, 43.668182895291658 ], [ -79.378701708611572, 43.668636163738135 ] ] ] } },
{ "type": "Feature", "properties": { "vor_id": 1961, "theft_count": 38, "bike_trips": 4866, "theft_per_1000_trips": 7.8092889436909161 }, "geometry": { "type": "Polygon", "coordinates": [ [ [ -79.391991448003807, 43.69379444507868 ], [ -79.394003944899978, 43.693375874166662 ], [ -79.396253139794752, 43.695059470371035 ], [ -79.397503049730346, 43.696479414594222 ], [ -79.392791770887769, 43.697535496923159 ], [ -79.392581103716324, 43.697393416003095 ], [ -79.391891604661822, 43.694075751613028 ], [ -79.391991448003807, 43.69379444507868 ] ] ] } },
{ "type": "Feature", "properties": { "vor_id": 1962, "theft_count": 4, "bike_trips": 1279, "theft_per_1000_trips": 3.1274433150899141 }, "geometry": { "type": "Polygon", "coordinates": [ [ [ -79.322104168658768, 43.666437023167035 ], [ -79.322650816370853, 43.666447441733517 ], [ -79.323946941337638, 43.668472119031328 ], [ -79.322319570714939, 43.669998844622974 ], [ -79.322132740019143, 43.670024304942196 ], [ -79.321425304892699, 43.666717560093382 ], [ -79.322104168658768, 43.666437023167035 ] ] ] } },
{ "type": "Feature", "properties": { "vor_id": 1963, "theft_count": 10, "bike_trips": 4653, "theft_per_1000_trips": 2.1491510853212978 }, "geometry": { "type": "Polygon", "coordinates": [ [ [ -79.462824766534567, 43.680521628289675 ], [ -79.462976190070918, 43.680440502179536 ], [ -79.463761917072588, 43.680226274419248 ], [ -79.473059093140279, 43.688444621246191 ], [ -79.471125761819181, 43.691874856420135 ], [ -79.460683326976337, 43.687689128944214 ], [ -79.459789876391696, 43.686828323985985 ], [ -79.462824766534567, 43.680521628289675 ] ] ] } },
{ "type": "Feature", "properties": { "vor_id": 1964, "theft_count": 10, "bike_trips": 2435, "theft_per_1000_trips": 4.1067761806981524 }, "geometry": { "type": "Polygon", "coordinates": [ [ [ -79.401386760816806, 43.72842848090572 ], [ -79.406336352054566, 43.727141691835172 ], [ -79.406574904063248, 43.727745722299048 ], [ -79.406798425491601, 43.728642856593225 ], [ -79.406839430840293, 43.728977273895097 ], [ -79.401215412735397, 43.730450242264823 ], [ -79.400658988589939, 43.729536903096417 ], [ -79.401386760816806, 43.72842848090572 ] ] ] } },
{ "type": "Feature", "properties": { "vor_id": 1975, "theft_count": 17, "bike_trips": 3010, "theft_per_1000_trips": 5.6478405315614619 }, "geometry": { "type": "Polygon", "coordinates": [ [ [ -79.317234695811436, 43.653719751790511 ], [ -79.316780433205267, 43.656466199482601 ], [ -79.316171593976307, 43.659086848226195 ], [ -79.31214504863064, 43.665239473613894 ], [ -79.311678295487795, 43.665307561911568 ], [ -79.305931886703178, 43.661953552844807 ], [ -79.303180019922877, 43.655749306598217 ], [ -79.313009621886479, 43.649822526803135 ], [ -79.31416899367342, 43.649435305113649 ], [ -79.316073984132629, 43.648799140032978 ], [ -79.317234695811436, 43.653719751790511 ] ] ] } },
{ "type": "Feature", "properties": { "vor_id": 1977, "theft_count": 37, "bike_trips": 2077, "theft_per_1000_trips": 17.814155031295137 }, "geometry": { "type": "Polygon", "coordinates": [ [ [ -79.378673198495989, 43.662344950845416 ], [ -79.377429721185464, 43.662972954203987 ], [ -79.377216773203969, 43.661990513697631 ], [ -79.377326601891582, 43.66076672258459 ], [ -79.37734450539017, 43.660746061465261 ], [ -79.378177710654057, 43.661299473418957 ], [ -79.378572513406738, 43.661832378780538 ], [ -79.378673198495989, 43.662344950845416 ] ] ] } },
{ "type": "Feature", "properties": { "vor_id": 1981, "theft_count": 14, "bike_trips": 3669, "theft_per_1000_trips": 3.8157536113382395 }, "geometry": { "type": "Polygon", "coordinates": [ [ [ -79.381757242179532, 43.694577742729543 ], [ -79.382078375694803, 43.694816532892084 ], [ -79.383781065840935, 43.698459700172464 ], [ -79.384540755401915, 43.702061073795313 ], [ -79.376197669687997, 43.701929123713946 ], [ -79.376042809591866, 43.701292635597937 ], [ -79.377867576549065, 43.698805507578541 ], [ -79.381757242179532, 43.694577742729543 ] ] ] } },
{ "type": "Feature", "properties": { "vor_id": 1985, "theft_count": 6, "bike_trips": 2249, "theft_per_1000_trips": 2.6678523788350375 }, "geometry": { "type": "Polygon", "coordinates": [ [ [ -79.451428506135883, 43.64882369378445 ], [ -79.452666464592767, 43.649824570688445 ], [ -79.449521164824219, 43.651046854625484 ], [ -79.447647617993695, 43.650299882419013 ], [ -79.451428506135883, 43.64882369378445 ] ] ] } },
{ "type": "Feature", "properties": { "vor_id": 1990, "theft_count": 35, "bike_trips": 3404, "theft_per_1000_trips": 10.282021151586369 }, "geometry": { "type": "Polygon", "coordinates": [ [ [ -79.484535087970471, 43.654700863546523 ], [ -79.489291122323849, 43.653427749152883 ], [ -79.491320926383509, 43.65416471661505 ], [ -79.487069055773361, 43.66241656137607 ], [ -79.486167017632354, 43.662132044152592 ], [ -79.484535087970471, 43.654700863546523 ] ] ] } },
{ "type": "Feature", "properties": { "vor_id": 1993, "theft_count": 7, "bike_trips": 12328, "theft_per_1000_trips": 0.56781310837118759 }, "geometry": { "type": "Polygon", "coordinates": [ [ [ -79.228102895136971, 43.75167569681993 ], [ -79.228569712508943, 43.751387476646855 ], [ -79.241580352015461, 43.74591521099709 ], [ -79.251600532881156, 43.751171738152514 ], [ -79.246992186840686, 43.7610478805274 ], [ -79.239743894140076, 43.766288404343712 ], [ -79.228102895136971, 43.75167569681993 ] ] ] } },
{ "type": "Feature", "properties": { "vor_id": 1994, "theft_count": 39, "bike_trips": 3394, "theft_per_1000_trips": 11.490866234531527 }, "geometry": { "type": "Polygon", "coordinates": [ [ [ -79.466705366096335, 43.655559055829073 ], [ -79.465870990047833, 43.655465595784939 ], [ -79.467315118539432, 43.648741270495222 ], [ -79.469697438678409, 43.654301075896342 ], [ -79.466705366096335, 43.655559055829073 ] ] ] } },
{ "type": "Feature", "properties": { "vor_id": 1997, "theft_count": 18, "bike_trips": 3875, "theft_per_1000_trips": 4.6451612903225801 }, "geometry": { "type": "Polygon", "coordinates": [ [ [ -79.411837885901946, 43.739786960610779 ], [ -79.417162919126056, 43.733392278961773 ], [ -79.426598434231806, 43.741212346380436 ], [ -79.426281219104951, 43.747341694988094 ], [ -79.416993467903126, 43.74989422074205 ], [ -79.410083625893918, 43.743998493128416 ], [ -79.411020016636328, 43.741314370705645 ], [ -79.411837885901946, 43.739786960610779 ] ] ] } },
{ "type": "Feature", "properties": { "vor_id": 2000, "theft_count": 9, "bike_trips": 4677, "theft_per_1000_trips": 1.9243104554201411 }, "geometry": { "type": "Polygon", "coordinates": [ [ [ -79.266945292575897, 43.736154905501344 ], [ -79.265877855232134, 43.730267508809433 ], [ -79.271902488905553, 43.727693426168095 ], [ -79.273912538396317, 43.72882990460154 ], [ -79.274831668589869, 43.732923565203954 ], [ -79.266945292575897, 43.736154905501344 ] ] ] } },
{ "type": "Feature", "properties": { "vor_id": 2004, "theft_count": 9, "bike_trips": 2367, "theft_per_1000_trips": 3.8022813688212929 }, "geometry": { "type": "Polygon", "coordinates": [ [ [ -79.426619403065402, 43.684650163107115 ], [ -79.42878094455574, 43.682061868346658 ], [ -79.430800184735062, 43.683458645624754 ], [ -79.429249032193752, 43.685683979250555 ], [ -79.426958971916534, 43.685507212887622 ], [ -79.426619403065402, 43.684650163107115 ] ] ] } },
{ "type": "Feature", "properties": { "vor_id": 2005, "theft_count": 21, "bike_trips": 6232, "theft_per_1000_trips": 3.3697047496790757 }, "geometry": { "type": "Polygon", "coordinates": [ [ [ -79.260003251839692, 43.743565920928241 ], [ -79.257861617728267, 43.728237904185626 ], [ -79.265877855232134, 43.730267508809433 ], [ -79.266945292575897, 43.736154905501344 ], [ -79.260003251839692, 43.743565920928241 ] ] ] } },
{ "type": "Feature", "properties": { "vor_id": 2017, "theft_count": 4, "bike_trips": 5942, "theft_per_1000_trips": 0.67317401548300237 }, "geometry": { "type": "Polygon", "coordinates": [ [ [ -79.393647992400275, 43.767646691897518 ], [ -79.392672384244875, 43.777259228863251 ], [ -79.387737860363529, 43.781249577950774 ], [ -79.389659227116667, 43.771041306259711 ], [ -79.392859352757952, 43.767704639666682 ], [ -79.393647992400275, 43.767646691897518 ] ] ] } },
{ "type": "Feature", "properties": { "vor_id": 2018, "theft_count": 11, "bike_trips": 1020, "theft_per_1000_trips": 10.784313725490195 }, "geometry": { "type": "Polygon", "coordinates": [ [ [ -79.366677100035616, 43.66979184261583 ], [ -79.364995906661278, 43.668001151447442 ], [ -79.365533600306421, 43.667784301260227 ], [ -79.367054698174385, 43.668009934814606 ], [ -79.367112671417203, 43.668263678360432 ], [ -79.366677100035616, 43.66979184261583 ] ] ] } },
{ "type": "Feature", "properties": { "vor_id": 2019, "theft_count": 19, "bike_trips": 4706, "theft_per_1000_trips": 4.037399065023374 }, "geometry": { "type": "Polygon", "coordinates": [ [ [ -79.227225648455843, 43.735156767822396 ], [ -79.22783667434031, 43.737786449063485 ], [ -79.22590342696904, 43.751651337680549 ], [ -79.225431376579451, 43.751748811298846 ], [ -79.219439305144675, 43.741637428140223 ], [ -79.227225648455843, 43.735156767822396 ] ] ] } },
{ "type": "Feature", "properties": { "vor_id": 2026, "theft_count": 80, "bike_trips": 2165, "theft_per_1000_trips": 36.951501154734409 }, "geometry": { "type": "Polygon", "coordinates": [ [ [ -79.395328492465822, 43.641653576111693 ], [ -79.394427838507212, 43.641503651086261 ], [ -79.393910130659904, 43.640916063863656 ], [ -79.393553695660373, 43.639165794156291 ], [ -79.394622326772463, 43.637880849675128 ], [ -79.395328492465822, 43.641653576111693 ] ] ] } },
{ "type": "Feature", "properties": { "vor_id": 2027, "theft_count": 5, "bike_trips": 1293, "theft_per_1000_trips": 3.8669760247486464 }, "geometry": { "type": "Polygon", "coordinates": [ [ [ -79.341684416968292, 43.661664012545899 ], [ -79.34089937512141, 43.661949644489908 ], [ -79.340440305789954, 43.661621467705231 ], [ -79.340699789065113, 43.661079246744784 ], [ -79.341810653718142, 43.661290297099555 ], [ -79.341684416968292, 43.661664012545899 ] ] ] } },
{ "type": "Feature", "properties": { "vor_id": 2028, "theft_count": 50, "bike_trips": 2163, "theft_per_1000_trips": 23.116042533518261 }, "geometry": { "type": "Polygon", "coordinates": [ [ [ -79.400298852595824, 43.640529234142278 ], [ -79.400513078806185, 43.640678088897999 ], [ -79.400197808304625, 43.64260058410791 ], [ -79.400116481056244, 43.642657032734157 ], [ -79.398659103276373, 43.643256585805176 ], [ -79.3980625014823, 43.641081583934692 ], [ -79.399687535857794, 43.640406655347526 ], [ -79.400298852595824, 43.640529234142278 ] ] ] } },
{ "type": "Feature", "properties": { "vor_id": 2030, "theft_count": 19, "bike_trips": 1177, "theft_per_1000_trips": 16.142735768903993 }, "geometry": { "type": "Polygon", "coordinates": [ [ [ -79.447321204987475, 43.670784415858257 ], [ -79.447256864901291, 43.670846388131267 ], [ -79.444916133694946, 43.66961423263551 ], [ -79.445598632502126, 43.66825923135049 ], [ -79.447665787443754, 43.667451768537916 ], [ -79.448020945888885, 43.669464016602504 ], [ -79.447321204987475, 43.670784415858257 ] ] ] } },
{ "type": "Feature", "properties": { "vor_id": 2031, "theft_count": 11, "bike_trips": 2598, "theft_per_1000_trips": 4.2340261739799843 }, "geometry": { "type": "Polygon", "coordinates": [ [ [ -79.356830964011991, 43.676555820027204 ], [ -79.359248531764379, 43.676930414681038 ], [ -79.359402363505069, 43.677414151009565 ], [ -79.359036608771532, 43.678222535096374 ], [ -79.357577138611347, 43.679283585322132 ], [ -79.357401251590233, 43.679190387047456 ], [ -79.356830964011991, 43.676555820027204 ] ] ] } },
{ "type": "Feature", "properties": { "vor_id": 2036, "theft_count": 11, "bike_trips": 3431, "theft_per_1000_trips": 3.2060623724861554 }, "geometry": { "type": "Polygon", "coordinates": [ [ [ -79.511897353933733, 43.701580566593336 ], [ -79.514084131524768, 43.705188370835295 ], [ -79.507862148789116, 43.71023036663113 ], [ -79.50723669734586, 43.709988595751774 ], [ -79.506717080365149, 43.704068794735051 ], [ -79.509885088326612, 43.700821148090405 ], [ -79.511897353933733, 43.701580566593336 ] ] ] } },
{ "type": "Feature", "properties": { "vor_id": 2038, "theft_count": 11, "bike_trips": 2174, "theft_per_1000_trips": 5.0597976080956757 }, "geometry": { "type": "Polygon", "coordinates": [ [ [ -79.411295728046127, 43.671921729946625 ], [ -79.410937223556203, 43.671216582092732 ], [ -79.410665943660817, 43.669873930219765 ], [ -79.411208258524809, 43.669142541395615 ], [ -79.411853355236147, 43.669192219959321 ], [ -79.413450862582252, 43.670873908976553 ], [ -79.412265647371299, 43.672034315138966 ], [ -79.411295728046127, 43.671921729946625 ] ] ] } },
{ "type": "Feature", "properties": { "vor_id": 2045, "theft_count": 23, "bike_trips": 2598, "theft_per_1000_trips": 8.8529638183217862 }, "geometry": { "type": "Polygon", "coordinates": [ [ [ -79.356403020443722, 43.675845056325613 ], [ -79.360297089203087, 43.672195156018972 ], [ -79.361873851866662, 43.673300004950548 ], [ -79.359248531764379, 43.676930414681038 ], [ -79.356830964011991, 43.676555820027204 ], [ -79.356403020443722, 43.675845056325613 ] ] ] } },
{ "type": "Feature", "properties": { "vor_id": 2048, "theft_count": 25, "bike_trips": 3577, "theft_per_1000_trips": 6.9890970086664801 }, "geometry": { "type": "Polygon", "coordinates": [ [ [ -79.416916831549983, 43.682512480057433 ], [ -79.417667367289383, 43.686345963911265 ], [ -79.417614966937791, 43.686449971742555 ], [ -79.414174128899205, 43.684435882713942 ], [ -79.413800864107742, 43.682622194963457 ], [ -79.415671586406319, 43.681775489861025 ], [ -79.416916831549983, 43.682512480057433 ] ] ] } },
{ "type": "Feature", "properties": { "vor_id": 2049, "theft_count": 32, "bike_trips": 4348, "theft_per_1000_trips": 7.3597056117755288 }, "geometry": { "type": "Polygon", "coordinates": [ [ [ -79.387697493289863, 43.675312983317617 ], [ -79.385972671755155, 43.673532914023781 ], [ -79.388657246590839, 43.672429540201726 ], [ -79.388556401274585, 43.674960334379499 ], [ -79.387697493289863, 43.675312983317617 ] ] ] } },
{ "type": "Feature", "properties": { "vor_id": 2054, "theft_count": 13, "bike_trips": 4626, "theft_per_1000_trips": 2.8102031993082575 }, "geometry": { "type": "Polygon", "coordinates": [ [ [ -79.463761917072588, 43.680226274419248 ], [ -79.462976190070918, 43.680440502179536 ], [ -79.461401521676493, 43.673458769088505 ], [ -79.464448218879539, 43.67097700163341 ], [ -79.467389871010681, 43.671792187405408 ], [ -79.468020038533751, 43.676696643269679 ], [ -79.463761917072588, 43.680226274419248 ] ] ] } },
{ "type": "Feature", "properties": { "vor_id": 2062, "theft_count": 6, "bike_trips": 7476, "theft_per_1000_trips": 0.8025682182985554 }, "geometry": { "type": "Polygon", "coordinates": [ [ [ -79.37230668987651, 43.801515120543378 ], [ -79.374442842413728, 43.808058511284536 ], [ -79.374192948237535, 43.808108148922678 ], [ -79.374192693462433, 43.808108200502183 ], [ -79.374036593462421, 43.808140400512265 ], [ -79.374035860144446, 43.808140559947809 ], [ -79.372514760144455, 43.808488360055755 ], [ -79.371757158316541, 43.808661660527513 ], [ -79.370556283142733, 43.808936254935972 ], [ -79.370402706587996, 43.808971149619715 ], [ -79.370402607631405, 43.808971172255255 ], [ -79.370046509879742, 43.809053171762962 ], [ -79.369057512163678, 43.809280771307961 ], [ -79.369057248986877, 43.809280832949 ], [ -79.367702774132738, 43.809603631728251 ], [ -79.367596603707895, 43.809626140662118 ], [ -79.367529695474374, 43.809640342413147 ], [ -79.367406078130315, 43.809666646107324 ], [ -79.367405618157093, 43.809666747209192 ], [ -79.366906783244261, 43.80977990979374 ], [ -79.366447348983286, 43.809879473907422 ], [ -79.366447146966124, 43.809879518310019 ], [ -79.365914208784886, 43.809998304568261 ], [ -79.365000070696937, 43.810198591065785 ], [ -79.364999965448717, 43.81019861429499 ], [ -79.36477506544874, 43.810248614310538 ], [ -79.36477488174944, 43.810248655669533 ], [ -79.363596735064775, 43.81051724359839 ], [ -79.362771188450168, 43.810702731661145 ], [ -79.362770926806604, 43.810702791504866 ], [ -79.361565198656976, 43.810983451589948 ], [ -79.360750571234007, 43.811164413309868 ], [ -79.360750106513876, 43.811164519873685 ], [ -79.358490222926548, 43.811699016606191 ], [ -79.363152099734009, 43.798042516035515 ], [ -79.367809880480863, 43.798611760014673 ], [ -79.37230668987651, 43.801515120543378 ] ] ] } },
{ "type": "Feature", "properties": { "vor_id": 2064, "theft_count": 16, "bike_trips": 1270, "theft_per_1000_trips": 12.598425196850393 }, "geometry": { "type": "Polygon", "coordinates": [ [ [ -79.305055375364788, 43.675129762828099 ], [ -79.302377728138097, 43.674981979009388 ], [ -79.300952339954932, 43.673957153960004 ], [ -79.302244088302302, 43.670854882535608 ], [ -79.303032287742411, 43.670252781826477 ], [ -79.304154013686983, 43.669861421159162 ], [ -79.305558407000774, 43.6704849122805 ], [ -79.306342826372301, 43.673377298841302 ], [ -79.305055375364788, 43.675129762828099 ] ] ] } },
{ "type": "Feature", "properties": { "vor_id": 2071, "theft_count": 23, "bike_trips": 3225, "theft_per_1000_trips": 7.1317829457364343 }, "geometry": { "type": "Polygon", "coordinates": [ [ [ -79.404142437038814, 43.665411122029738 ], [ -79.404712886306044, 43.665399800999687 ], [ -79.405196374662737, 43.66772692388556 ], [ -79.404490598374579, 43.668425769038365 ], [ -79.403993341919303, 43.665642785177617 ], [ -79.404142437038814, 43.665411122029738 ] ] ] } },
{ "type": "Feature", "properties": { "vor_id": 2075, "theft_count": 4, "bike_trips": 2625, "theft_per_1000_trips": 1.5238095238095239 }, "geometry": { "type": "Polygon", "coordinates": [ [ [ -79.526514264787963, 43.592589168006342 ], [ -79.525371036934089, 43.59565256810842 ], [ -79.523862335339203, 43.59540394163475 ], [ -79.514952473434221, 43.589574692007353 ], [ -79.514092078427026, 43.585072432247564 ], [ -79.516094207750115, 43.584854890628016 ], [ -79.522775919508206, 43.586091790899573 ], [ -79.526514264787963, 43.592589168006342 ] ] ] } },
{ "type": "Feature", "properties": { "vor_id": 2076, "theft_count": 37, "bike_trips": 3281, "theft_per_1000_trips": 11.277049679975617 }, "geometry": { "type": "Polygon", "coordinates": [ [ [ -79.37977611896973, 43.671629451234601 ], [ -79.378185340038797, 43.673314070193818 ], [ -79.377846683008102, 43.671637418652018 ], [ -79.379699175861475, 43.67126639390348 ], [ -79.379703293935037, 43.671269137989121 ], [ -79.37977611896973, 43.671629451234601 ] ] ] } },
{ "type": "Feature", "properties": { "vor_id": 2081, "theft_count": 6, "bike_trips": 2278, "theft_per_1000_trips": 2.6338893766461808 }, "geometry": { "type": "Polygon", "coordinates": [ [ [ -79.427682753310251, 43.673390698782285 ], [ -79.427077865901467, 43.671558572251207 ], [ -79.428013449174543, 43.670536455836761 ], [ -79.428978150861411, 43.67076549711787 ], [ -79.429106549822919, 43.67093025872893 ], [ -79.428875224576174, 43.673025077326805 ], [ -79.428744210065787, 43.673307652761281 ], [ -79.427682753310251, 43.673390698782285 ] ] ] } },
{ "type": "Feature", "properties": { "vor_id": 2086, "theft_count": 19, "bike_trips": 2578, "theft_per_1000_trips": 7.370054305663305 }, "geometry": { "type": "Polygon", "coordinates": [ [ [ -79.335815923469866, 43.674568547095696 ], [ -79.334675825013747, 43.675089356347641 ], [ -79.333489293456196, 43.675631376740348 ], [ -79.332464958718234, 43.675134009517727 ], [ -79.332189240127107, 43.674961251489961 ], [ -79.33177960719469, 43.671116651867045 ], [ -79.334384892281022, 43.670495977664238 ], [ -79.33455623193943, 43.670547176613617 ], [ -79.33475236702192, 43.670816378021208 ], [ -79.335874811389374, 43.672356967292053 ], [ -79.335815923469866, 43.674568547095696 ] ] ] } },
{ "type": "Feature", "properties": { "vor_id": 2089, "theft_count": 6, "bike_trips": 4062, "theft_per_1000_trips": 1.4771048744460857 }, "geometry": { "type": "Polygon", "coordinates": [ [ [ -79.512436153945288, 43.671841791594254 ], [ -79.520490892711052, 43.666072556872876 ], [ -79.528342869637584, 43.673407338179373 ], [ -79.518792700667248, 43.683139779419321 ], [ -79.516713112146633, 43.680607237467406 ], [ -79.512436153945288, 43.671841791594254 ] ] ] } },
{ "type": "Feature", "properties": { "vor_id": 2090, "theft_count": 21, "bike_trips": 10759, "theft_per_1000_trips": 1.9518542615484711 }, "geometry": { "type": "Polygon", "coordinates": [ [ [ -79.280926209586454, 43.76161941151372 ], [ -79.279987186406601, 43.762737545411497 ], [ -79.276461496341668, 43.764935607197337 ], [ -79.275556849090506, 43.765268265576204 ], [ -79.271685963848455, 43.763751982075668 ], [ -79.26800961473036, 43.75853933944439 ], [ -79.263550699496889, 43.7508388258614 ], [ -79.282926304519918, 43.743285449381254 ], [ -79.280926209586454, 43.76161941151372 ] ] ] } },
{ "type": "Feature", "properties": { "vor_id": 2092, "theft_count": 10, "bike_trips": 7540, "theft_per_1000_trips": 1.3262599469496021 }, "geometry": { "type": "Polygon", "coordinates": [ [ [ -79.343338904746801, 43.778508720398008 ], [ -79.344672613766008, 43.779923397238022 ], [ -79.345603954810727, 43.782181227169339 ], [ -79.341845322360115, 43.789977702565125 ], [ -79.339617808646508, 43.791055558584013 ], [ -79.334144810944665, 43.785752389368916 ], [ -79.33769373629417, 43.781778014236743 ], [ -79.34271214008804, 43.778578158112062 ], [ -79.343338904746801, 43.778508720398008 ] ] ] } },
{ "type": "Feature", "properties": { "vor_id": 2093, "theft_count": 8, "bike_trips": 13233, "theft_per_1000_trips": 0.60454923297816066 }, "geometry": { "type": "MultiPolygon", "coordinates": [ [ [ [ -79.495882197979739, 43.600295879100813 ], [ -79.495368371751795, 43.596831944854159 ], [ -79.495524456200513, 43.596683209423453 ], [ -79.497050765515709, 43.595228788968491 ], [ -79.497827328962558, 43.604846547534812 ], [ -79.497599307184799, 43.604978277947268 ], [ -79.497141427413695, 43.605242799571933 ], [ -79.4970744452133, 43.605055596862734 ], [ -79.495882197979739, 43.600295879100813 ] ] ], [ [ [ -79.491991040468776, 43.602815676639096 ], [ -79.490490618364888, 43.601479850777331 ], [ -79.491431796570907, 43.600583050334343 ], [ -79.491991040468776, 43.602815676639096 ] ] ], [ [ [ -79.507625576885161, 43.611371538444807 ], [ -79.507794738891803, 43.61707015975648 ], [ -79.501944482742019, 43.615300270266381 ], [ -79.501468595782569, 43.614506300841292 ], [ -79.499370682374433, 43.610070635618257 ], [ -79.499172511084922, 43.609516783967187 ], [ -79.505330823169231, 43.60969327982977 ], [ -79.507625576885161, 43.611371538444807 ] ] ], [ [ [ -79.576641126208088, 43.629191885668142 ], [ -79.579253510948575, 43.626824158480524 ], [ -79.579583888198556, 43.626890685610967 ], [ -79.579943403309301, 43.627176937255747 ], [ -79.577284323208175, 43.629586986668137 ], [ -79.577025609239399, 43.629778862024388 ], [ -79.576549065150047, 43.629260162802112 ], [ -79.576641126208088, 43.629191885668142 ] ] ], [ [ [ -79.564583809641888, 43.637171595788978 ], [ -79.564063985706611, 43.636731389381922 ], [ -79.568491298841209, 43.634637426217409 ], [ -79.571085272973548, 43.633082657955931 ], [ -79.571284291630633, 43.633743989209144 ], [ -79.569134495841269, 43.635032527217419 ], [ -79.564698830618212, 43.637130440625555 ], [ -79.564583809641888, 43.637171595788978 ] ] ], [ [ [ -79.525787290381658, 43.636735339625574 ], [ -79.526227125963032, 43.636892715313031 ], [ -79.529049201359697, 43.637902470035918 ], [ -79.530407228137165, 43.638388379786612 ], [ -79.532058590200407, 43.638802024450008 ], [ -79.532094638541821, 43.639045042628112 ], [ -79.531050425137266, 43.638783480786614 ], [ -79.529312681707893, 43.638161706245413 ], [ -79.526430487381717, 43.637130440625555 ], [ -79.526170747122961, 43.63700759263228 ], [ -79.523292939727625, 43.635646491102499 ], [ -79.521994822158661, 43.635032527217419 ], [ -79.517786147349014, 43.632509944615123 ], [ -79.517718787322409, 43.632459987014606 ], [ -79.521351625158601, 43.634637426217409 ], [ -79.524082208755004, 43.635928896076145 ], [ -79.525787290381658, 43.636735339625574 ] ] ] ] } },
{ "type": "Feature", "properties": { "vor_id": 2094, "theft_count": 22, "bike_trips": 2211, "theft_per_1000_trips": 9.9502487562189046 }, "geometry": { "type": "Polygon", "coordinates": [ [ [ -79.425180078958675, 43.641948484622105 ], [ -79.425768626297668, 43.641738758973879 ], [ -79.426405524257575, 43.642032966729268 ], [ -79.426723720358652, 43.643558286392661 ], [ -79.425760814703708, 43.644812087480005 ], [ -79.425180078958675, 43.641948484622105 ] ] ] } },
{ "type": "Feature", "properties": { "vor_id": 2100, "theft_count": 8, "bike_trips": 2722, "theft_per_1000_trips": 2.9390154298310063 }, "geometry": { "type": "Polygon", "coordinates": [ [ [ -79.404828116187886, 43.744710529473693 ], [ -79.407124572687934, 43.755148652587508 ], [ -79.406442782285112, 43.755430465988518 ], [ -79.39809298638373, 43.751509808651768 ], [ -79.404499198693273, 43.744698297307608 ], [ -79.404828116187886, 43.744710529473693 ] ] ] } },
{ "type": "Feature", "properties": { "vor_id": 2101, "theft_count": 15, "bike_trips": 3565, "theft_per_1000_trips": 4.2075736325385691 }, "geometry": { "type": "Polygon", "coordinates": [ [ [ -79.418044290216613, 43.688896802313437 ], [ -79.421910113109135, 43.687327533195308 ], [ -79.423780582999953, 43.691211245937396 ], [ -79.423698691449829, 43.691287835232032 ], [ -79.418120121471986, 43.692159185508238 ], [ -79.418044290216613, 43.688896802313437 ] ] ] } },
{ "type": "Feature", "properties": { "vor_id": 2104, "theft_count": 17, "bike_trips": 7676, "theft_per_1000_trips": 2.214695153725899 }, "geometry": { "type": "Polygon", "coordinates": [ [ [ -79.263550699496889, 43.7508388258614 ], [ -79.26800961473036, 43.75853933944439 ], [ -79.25924899177096, 43.767709736300304 ], [ -79.26078419870862, 43.74982824858742 ], [ -79.263550699496889, 43.7508388258614 ] ] ] } },
{ "type": "Feature", "properties": { "vor_id": 2105, "theft_count": 0, "bike_trips": 1306, "theft_per_1000_trips": 0.0 }, "geometry": { "type": "Polygon", "coordinates": [ [ [ -79.478106448314136, 43.610094569646684 ], [ -79.478140882138973, 43.610055062389712 ], [ -79.479186229490054, 43.60943096606951 ], [ -79.479392757809265, 43.609502648530338 ], [ -79.482507349357292, 43.610617681188941 ], [ -79.484005479782468, 43.613785211841396 ], [ -79.484585715969246, 43.614753277434502 ], [ -79.480612588354717, 43.61253653398294 ], [ -79.478106448314136, 43.610094569646684 ] ] ] } },
{ "type": "Feature", "properties": { "vor_id": 2112, "theft_count": 21, "bike_trips": 4407, "theft_per_1000_trips": 4.7651463580667119 }, "geometry": { "type": "Polygon", "coordinates": [ [ [ -79.41536559026504, 43.763114379634573 ], [ -79.418068820103286, 43.763555145441316 ], [ -79.40975637849624, 43.765801072316194 ], [ -79.409147017998734, 43.765481329533451 ], [ -79.40972941987404, 43.764482981232931 ], [ -79.41536559026504, 43.763114379634573 ] ] ] } },
{ "type": "Feature", "properties": { "vor_id": 2113, "theft_count": 4, "bike_trips": 4025, "theft_per_1000_trips": 0.99378881987577639 }, "geometry": { "type": "Polygon", "coordinates": [ [ [ -79.337949579373188, 43.657114954556697 ], [ -79.336905971677055, 43.656696087416215 ], [ -79.331841886593935, 43.651258999345245 ], [ -79.326810264767389, 43.639226157122529 ], [ -79.328994805709641, 43.640207014303066 ], [ -79.329901184782557, 43.642123391841388 ], [ -79.332423767384867, 43.646332066651077 ], [ -79.33534672533186, 43.650273219208273 ], [ -79.338641908940659, 43.653908894059427 ], [ -79.34084832981047, 43.655908677368437 ], [ -79.337949579373188, 43.657114954556697 ] ] ] } },
{ "type": "Feature", "properties": { "vor_id": 2116, "theft_count": 2, "bike_trips": 15163, "theft_per_1000_trips": 0.13190001978500296 }, "geometry": { "type": "Polygon", "coordinates": [ [ [ -79.188633630454646, 43.797395821718148 ], [ -79.194950243145655, 43.804925624005222 ], [ -79.193021542782574, 43.808143466158789 ], [ -79.19092362937441, 43.812579131381845 ], [ -79.189270589213379, 43.817199069137367 ], [ -79.188078341979818, 43.821958786899287 ], [ -79.18735836966637, 43.826812445983613 ], [ -79.187117606, 43.831713303000093 ], [ -79.18730709868511, 43.835570515217483 ], [ -79.176450798157973, 43.854029450822253 ], [ -79.174292710349476, 43.854532162336056 ], [ -79.17101862621351, 43.855255470689102 ], [ -79.170233047147349, 43.855418471628056 ], [ -79.170222164409694, 43.855391588318142 ], [ -79.170194550865673, 43.855316423646777 ], [ -79.170194274745967, 43.855315725059931 ], [ -79.16992827474597, 43.854687525000145 ], [ -79.169928194750071, 43.854687339404499 ], [ -79.169721257340484, 43.8542155659906 ], [ -79.169671516408187, 43.854053012611338 ], [ -79.169670722509323, 43.854050960244152 ], [ -79.168839870183632, 43.852283761462637 ], [ -79.166875716305512, 43.847949362799696 ], [ -79.166875384919663, 43.847948675356236 ], [ -79.166704185601077, 43.847613876651089 ], [ -79.166665086323505, 43.847537378055883 ], [ -79.166171501511073, 43.846572198737576 ], [ -79.163425090815522, 43.840320329028202 ], [ -79.163425023478709, 43.840320177882582 ], [ -79.163410925816521, 43.840288972078113 ], [ -79.166217410650844, 43.83860682961523 ], [ -79.170158563208062, 43.835683871668245 ], [ -79.173794238059187, 43.832388688059432 ], [ -79.177089421668001, 43.828753013208285 ], [ -79.180012379615007, 43.824811860651081 ], [ -79.182534962217304, 43.820603185841399 ], [ -79.184632875625439, 43.816167520618365 ], [ -79.186285915786485, 43.811547582862822 ], [ -79.187478163020046, 43.806787865100894 ], [ -79.188198135333494, 43.801934206016583 ], [ -79.188420430603728, 43.797409281839883 ], [ -79.188633630454646, 43.797395821718148 ] ] ] } },
{ "type": "Feature", "properties": { "vor_id": 2117, "theft_count": 19, "bike_trips": 4407, "theft_per_1000_trips": 4.3113228953936913 }, "geometry": { "type": "Polygon", "coordinates": [ [ [ -79.419393100598427, 43.764044529171912 ], [ -79.419203559130764, 43.764805568044295 ], [ -79.411057362121454, 43.766853925127357 ], [ -79.40975637849624, 43.765801072316194 ], [ -79.418068820103286, 43.763555145441316 ], [ -79.419086097362921, 43.763650808769832 ], [ -79.419393100598427, 43.764044529171912 ] ] ] } },
{ "type": "Feature", "properties": { "vor_id": 2119, "theft_count": 26, "bike_trips": 2559, "theft_per_1000_trips": 10.16021883548261 }, "geometry": { "type": "Polygon", "coordinates": [ [ [ -79.327474409033684, 43.67040715866532 ], [ -79.32761100336549, 43.67195926428537 ], [ -79.323149229098419, 43.670667806608506 ], [ -79.322319570714939, 43.669998844622974 ], [ -79.323946941337638, 43.668472119031328 ], [ -79.32398037843646, 43.66846813920295 ], [ -79.327359121366499, 43.66986504779463 ], [ -79.327474409033684, 43.67040715866532 ] ] ] } },
{ "type": "Feature", "properties": { "vor_id": 2120, "theft_count": 13, "bike_trips": 2222, "theft_per_1000_trips": 5.8505850585058505 }, "geometry": { "type": "Polygon", "coordinates": [ [ [ -79.427525027815165, 43.641312722288589 ], [ -79.426906311845741, 43.64004974262393 ], [ -79.427493811604748, 43.639205770329177 ], [ -79.428215274306581, 43.639528009355921 ], [ -79.428502867584271, 43.640933242873409 ], [ -79.427525027815165, 43.641312722288589 ] ] ] } },
{ "type": "Feature", "properties": { "vor_id": 2121, "theft_count": 35, "bike_trips": 4556, "theft_per_1000_trips": 7.6821773485513605 }, "geometry": { "type": "Polygon", "coordinates": [ [ [ -79.419576456882908, 43.673146114790661 ], [ -79.419950417193292, 43.669738367437581 ], [ -79.421516383822976, 43.669136009194816 ], [ -79.422396333490028, 43.669969517963601 ], [ -79.42311530213982, 43.673623458096856 ], [ -79.422282501179211, 43.674635596501126 ], [ -79.422158977238695, 43.674737180061868 ], [ -79.420509567039446, 43.675411189824594 ], [ -79.419576456882908, 43.673146114790661 ] ] ] } },
{ "type": "Feature", "properties": { "vor_id": 2123, "theft_count": 6, "bike_trips": 1072, "theft_per_1000_trips": 5.5970149253731343 }, "geometry": { "type": "Polygon", "coordinates": [ [ [ -79.398509711190854, 43.6620846297265 ], [ -79.400219117604038, 43.661060050952159 ], [ -79.400377388866133, 43.661821471017568 ], [ -79.398600189830304, 43.662526656656716 ], [ -79.398509711190854, 43.6620846297265 ] ] ] } },
{ "type": "Feature", "properties": { "vor_id": 2124, "theft_count": 13, "bike_trips": 2383, "theft_per_1000_trips": 5.4553084347461187 }, "geometry": { "type": "Polygon", "coordinates": [ [ [ -79.442028752983774, 43.710214421266791 ], [ -79.433045408467919, 43.713907061143026 ], [ -79.432455704494217, 43.713503069828647 ], [ -79.434093592032639, 43.71137754064199 ], [ -79.440675118616667, 43.708732718270049 ], [ -79.442028752983774, 43.710214421266791 ] ] ] } },
{ "type": "Feature", "properties": { "vor_id": 2125, "theft_count": 8, "bike_trips": 2288, "theft_per_1000_trips": 3.4965034965034967 }, "geometry": { "type": "Polygon", "coordinates": [ [ [ -79.436103103789449, 43.669646037814196 ], [ -79.437195116940742, 43.669239336923539 ], [ -79.438685537381176, 43.670350298179045 ], [ -79.439067116118864, 43.670910849763622 ], [ -79.438273454025719, 43.671551431127767 ], [ -79.436659533870539, 43.672210913402594 ], [ -79.436103103789449, 43.669646037814196 ] ] ] } },
{ "type": "Feature", "properties": { "vor_id": 2127, "theft_count": 5, "bike_trips": 2600, "theft_per_1000_trips": 1.9230769230769231 }, "geometry": { "type": "Polygon", "coordinates": [ [ [ -79.350663478915607, 43.687082062796271 ], [ -79.349041557048778, 43.686856503039429 ], [ -79.348618505200349, 43.684230424446454 ], [ -79.351032276060508, 43.683308061112967 ], [ -79.351936339790427, 43.684411952115575 ], [ -79.350663478915607, 43.687082062796271 ] ] ] } },
{ "type": "Feature", "properties": { "vor_id": 2129, "theft_count": 13, "bike_trips": 2269, "theft_per_1000_trips": 5.7293962097840456 }, "geometry": { "type": "Polygon", "coordinates": [ [ [ -79.471620267575091, 43.655123396594561 ], [ -79.473683797976292, 43.653314435752577 ], [ -79.476547579770269, 43.6540093550379 ], [ -79.477552630652838, 43.654399740175293 ], [ -79.47816981533677, 43.654745747310209 ], [ -79.478692923596341, 43.655080048365647 ], [ -79.47864611258565, 43.655171968559841 ], [ -79.473935240787142, 43.657124159318258 ], [ -79.471620267575091, 43.655123396594561 ] ] ] } },
{ "type": "Feature", "properties": { "vor_id": 2135, "theft_count": 9, "bike_trips": 1036, "theft_per_1000_trips": 8.6872586872586872 }, "geometry": { "type": "Polygon", "coordinates": [ [ [ -79.37581781969304, 43.651927927989483 ], [ -79.37614618517037, 43.651066599128477 ], [ -79.376288915189676, 43.650975470841622 ], [ -79.377036722654879, 43.651902145488904 ], [ -79.377099657274911, 43.652195564781067 ], [ -79.376706390603616, 43.652533875593633 ], [ -79.376142668007859, 43.65276029361511 ], [ -79.375989340413483, 43.652657636939672 ], [ -79.37581781969304, 43.651927927989483 ] ] ] } },
{ "type": "Feature", "properties": { "vor_id": 2138, "theft_count": 20, "bike_trips": 2553, "theft_per_1000_trips": 7.8339208773991391 }, "geometry": { "type": "Polygon", "coordinates": [ [ [ -79.322285094212603, 43.683809361196239 ], [ -79.320634332754111, 43.684508342467005 ], [ -79.319793070964451, 43.680470908285841 ], [ -79.321829989009032, 43.68161432010595 ], [ -79.322285094212603, 43.683809361196239 ] ] ] } },
{ "type": "Feature", "properties": { "vor_id": 2141, "theft_count": 14, "bike_trips": 5079, "theft_per_1000_trips": 2.7564481197086041 }, "geometry": { "type": "Polygon", "coordinates": [ [ [ -79.430306318859863, 43.731108413771331 ], [ -79.43162798332817, 43.731579617357994 ], [ -79.429950779315135, 43.737017426512423 ], [ -79.426598434231806, 43.741212346380436 ], [ -79.417162919126056, 43.733392278961773 ], [ -79.4170713529425, 43.731270845159543 ], [ -79.417109599353438, 43.7311702682846 ], [ -79.417696506081597, 43.730845042787124 ], [ -79.430306318859863, 43.731108413771331 ] ] ] } },
{ "type": "Feature", "properties": { "vor_id": 2142, "theft_count": 19, "bike_trips": 5139, "theft_per_1000_trips": 3.6972173574625415 }, "geometry": { "type": "Polygon", "coordinates": [ [ [ -79.332189240127107, 43.674961251489961 ], [ -79.332464958718234, 43.675134009517727 ], [ -79.327837349842497, 43.678040501584022 ], [ -79.326514125509789, 43.676033915624807 ], [ -79.327596963616358, 43.673236641065436 ], [ -79.332189240127107, 43.674961251489961 ] ] ] } },
{ "type": "Feature", "properties": { "vor_id": 2149, "theft_count": 11, "bike_trips": 2151, "theft_per_1000_trips": 5.1139005113900513 }, "geometry": { "type": "Polygon", "coordinates": [ [ [ -79.40662424256854, 43.6638926451852 ], [ -79.407311208528384, 43.66719195385776 ], [ -79.407156594414872, 43.667321030394277 ], [ -79.406699376535713, 43.667267801235113 ], [ -79.406115979306094, 43.664508422198551 ], [ -79.40662424256854, 43.6638926451852 ] ] ] } },
{ "type": "Feature", "properties": { "vor_id": 2150, "theft_count": 16, "bike_trips": 2239, "theft_per_1000_trips": 7.1460473425636444 }, "geometry": { "type": "Polygon", "coordinates": [ [ [ -79.439589912383568, 43.640877226739939 ], [ -79.43804949787652, 43.638890859728505 ], [ -79.43819537379936, 43.637759163366745 ], [ -79.439715917774478, 43.637196593289346 ], [ -79.440788583732868, 43.63809162375712 ], [ -79.440751358056801, 43.638196830415083 ], [ -79.439589912383568, 43.640877226739939 ] ] ] } },
{ "type": "Feature", "properties": { "vor_id": 2155, "theft_count": 23, "bike_trips": 2251, "theft_per_1000_trips": 10.217681030653043 }, "geometry": { "type": "Polygon", "coordinates": [ [ [ -79.457476178592046, 43.657547844187057 ], [ -79.453778103974741, 43.655942990248349 ], [ -79.454982267723921, 43.65259348215092 ], [ -79.458315952882714, 43.655245713777482 ], [ -79.457476178592046, 43.657547844187057 ] ] ] } },
{ "type": "Feature", "properties": { "vor_id": 2156, "theft_count": 14, "bike_trips": 2187, "theft_per_1000_trips": 6.4014631915866484 }, "geometry": { "type": "Polygon", "coordinates": [ [ [ -79.409314622153161, 43.642517405475594 ], [ -79.408704591578015, 43.644881732291907 ], [ -79.408384397066229, 43.645043625308745 ], [ -79.406784909679999, 43.644753283052147 ], [ -79.406718853783033, 43.644717930126092 ], [ -79.406728148770142, 43.644394003700349 ], [ -79.409040199749029, 43.642174531364674 ], [ -79.409314622153161, 43.642517405475594 ] ] ] } },
{ "type": "Feature", "properties": { "vor_id": 2162, "theft_count": 76, "bike_trips": 4868, "theft_per_1000_trips": 15.612161051766639 }, "geometry": { "type": "Polygon", "coordinates": [ [ [ -79.387776415052016, 43.688146411285331 ], [ -79.388773572649882, 43.686804588099989 ], [ -79.389144581692008, 43.68651229126155 ], [ -79.390679397454221, 43.686598064988274 ], [ -79.394021661897412, 43.687635059263805 ], [ -79.393019017764757, 43.69021968730587 ], [ -79.391444620511962, 43.692413295287359 ], [ -79.387776415052016, 43.688146411285331 ] ] ] } },
{ "type": "Feature", "properties": { "vor_id": 2165, "theft_count": 7, "bike_trips": 2039, "theft_per_1000_trips": 3.4330554193231975 }, "geometry": { "type": "Polygon", "coordinates": [ [ [ -79.362377060134534, 43.667125492571223 ], [ -79.364242731899154, 43.667592819020264 ], [ -79.364341582818042, 43.667607482168926 ], [ -79.364327921210943, 43.667640191919517 ], [ -79.363861112253574, 43.667851425312485 ], [ -79.361965109331862, 43.667883867803674 ], [ -79.362377060134534, 43.667125492571223 ] ] ] } },
{ "type": "Feature", "properties": { "vor_id": 2172, "theft_count": 12, "bike_trips": 4826, "theft_per_1000_trips": 2.4865312888520514 }, "geometry": { "type": "Polygon", "coordinates": [ [ [ -79.408543839035787, 43.693164757847185 ], [ -79.411206519618133, 43.69489264905436 ], [ -79.411176432088837, 43.698387221527312 ], [ -79.403571958488158, 43.701693362892378 ], [ -79.401938339322868, 43.699725772069087 ], [ -79.404107231281699, 43.694940054250573 ], [ -79.408543839035787, 43.693164757847185 ] ] ] } },
{ "type": "Feature", "properties": { "vor_id": 2176, "theft_count": 3, "bike_trips": 3601, "theft_per_1000_trips": 0.83310191613440709 }, "geometry": { "type": "Polygon", "coordinates": [ [ [ -79.423127994251502, 43.725235579407077 ], [ -79.423524182941293, 43.723702223324892 ], [ -79.428202123999441, 43.72367376017538 ], [ -79.432825651188764, 43.730517710346462 ], [ -79.43162798332817, 43.731579617357994 ], [ -79.430306318859863, 43.731108413771331 ], [ -79.423127994251502, 43.725235579407077 ] ] ] } },
{ "type": "Feature", "properties": { "vor_id": 2179, "theft_count": 10, "bike_trips": 6294, "theft_per_1000_trips": 1.5888147442008262 }, "geometry": { "type": "Polygon", "coordinates": [ [ [ -79.262420560746563, 43.702649049331974 ], [ -79.257654366850119, 43.707363376778972 ], [ -79.245434185386642, 43.697560150855914 ], [ -79.257049536569752, 43.690124147501081 ], [ -79.262420560746563, 43.702649049331974 ] ] ] } },
{ "type": "Feature", "properties": { "vor_id": 2181, "theft_count": 16, "bike_trips": 2237, "theft_per_1000_trips": 7.1524362986142158 }, "geometry": { "type": "Polygon", "coordinates": [ [ [ -79.430908987767864, 43.639764328169022 ], [ -79.429749292031573, 43.639238052718127 ], [ -79.429217447651737, 43.636670253914616 ], [ -79.429521550735998, 43.636424671572904 ], [ -79.431501177426568, 43.636546519190681 ], [ -79.43185751469106, 43.638280986662345 ], [ -79.430908987767864, 43.639764328169022 ] ] ] } },
{ "type": "Feature", "properties": { "vor_id": 2182, "theft_count": 8, "bike_trips": 2088, "theft_per_1000_trips": 3.8314176245210727 }, "geometry": { "type": "Polygon", "coordinates": [ [ [ -79.385950584029331, 43.673127851097796 ], [ -79.388721092749734, 43.671989545757384 ], [ -79.388657246590839, 43.672429540201726 ], [ -79.385972671755155, 43.673532914023781 ], [ -79.385865330998499, 43.673432386252472 ], [ -79.385950584029331, 43.673127851097796 ] ] ] } },
{ "type": "Feature", "properties": { "vor_id": 2183, "theft_count": 30, "bike_trips": 2553, "theft_per_1000_trips": 11.750881316098708 }, "geometry": { "type": "Polygon", "coordinates": [ [ [ -79.315018748521467, 43.68714869481753 ], [ -79.312669408080495, 43.685184028558609 ], [ -79.316381377081612, 43.683615786091231 ], [ -79.316819181925624, 43.68562835236137 ], [ -79.315018748521467, 43.68714869481753 ] ] ] } },
{ "type": "Feature", "properties": { "vor_id": 2185, "theft_count": 6, "bike_trips": 2535, "theft_per_1000_trips": 2.3668639053254439 }, "geometry": { "type": "Polygon", "coordinates": [ [ [ -79.29513843377795, 43.675328543839974 ], [ -79.296193612808196, 43.675086943188532 ], [ -79.297430724010923, 43.680214093540307 ], [ -79.296621008857826, 43.681575778403456 ], [ -79.29513843377795, 43.675328543839974 ] ] ] } },
{ "type": "Feature", "properties": { "vor_id": 2190, "theft_count": 9, "bike_trips": 3538, "theft_per_1000_trips": 2.5438100621820241 }, "geometry": { "type": "Polygon", "coordinates": [ [ [ -79.428196878958076, 43.677214274315432 ], [ -79.426386380078412, 43.677541383177477 ], [ -79.424472352974377, 43.676794217309727 ], [ -79.422158977238695, 43.674737180061868 ], [ -79.422282501179211, 43.674635596501126 ], [ -79.427393433306761, 43.676041185548335 ], [ -79.428196878958076, 43.677214274315432 ] ] ] } },
{ "type": "Feature", "properties": { "vor_id": 2199, "theft_count": 14, "bike_trips": 3933, "theft_per_1000_trips": 3.559623696923468 }, "geometry": { "type": "Polygon", "coordinates": [ [ [ -79.482522699125397, 43.625868162779348 ], [ -79.483458488853785, 43.631748465130585 ], [ -79.478181681950034, 43.628388369665991 ], [ -79.479185357712439, 43.62507411719745 ], [ -79.480588564441916, 43.624862962995685 ], [ -79.482522699125397, 43.625868162779348 ] ] ] } },
{ "type": "Feature", "properties": { "vor_id": 2200, "theft_count": 18, "bike_trips": 3576, "theft_per_1000_trips": 5.0335570469798654 }, "geometry": { "type": "Polygon", "coordinates": [ [ [ -79.423344732975593, 43.699363027796728 ], [ -79.423258306283529, 43.698925470829799 ], [ -79.425281495463878, 43.696522568487403 ], [ -79.427589278934676, 43.696220398653757 ], [ -79.429239898180469, 43.697028315327515 ], [ -79.429336627898934, 43.697482216036136 ], [ -79.427336677844835, 43.70101019639656 ], [ -79.424483718861595, 43.700472575926185 ], [ -79.423344732975593, 43.699363027796728 ] ] ] } },
{ "type": "Feature", "properties": { "vor_id": 2204, "theft_count": 38, "bike_trips": 5172, "theft_per_1000_trips": 7.3472544470224284 }, "geometry": { "type": "Polygon", "coordinates": [ [ [ -79.346337305099794, 43.679881571819251 ], [ -79.345553631935189, 43.680994765493374 ], [ -79.344066925763727, 43.681036921497508 ], [ -79.343888510695592, 43.680671172481652 ], [ -79.344346025965393, 43.678205927176059 ], [ -79.344546402311778, 43.678125896358218 ], [ -79.346337305099794, 43.679881571819251 ] ] ] } },
{ "type": "Feature", "properties": { "vor_id": 2206, "theft_count": 20, "bike_trips": 14714, "theft_per_1000_trips": 1.3592496941688188 }, "geometry": { "type": "Polygon", "coordinates": [ [ [ -79.329622903838768, 43.802859693233422 ], [ -79.341164109573953, 43.815668337915461 ], [ -79.340155159889306, 43.815929780777466 ], [ -79.337706128264344, 43.816553663550643 ], [ -79.33770578233765, 43.816553753593858 ], [ -79.337353691703484, 43.816647365021382 ], [ -79.336400114606889, 43.816857905476731 ], [ -79.336399829391766, 43.816857969699079 ], [ -79.33150102939176, 43.817982570048073 ], [ -79.331500979531768, 43.817982581532632 ], [ -79.331342179531759, 43.818019281544018 ], [ -79.331341960821135, 43.818019332833288 ], [ -79.331182915928665, 43.818057172150894 ], [ -79.330597772662443, 43.818187115178304 ], [ -79.330597540237278, 43.818187167623663 ], [ -79.329120905200256, 43.818525652837458 ], [ -79.328445170265226, 43.818677838231181 ], [ -79.328444620524678, 43.81867796672357 ], [ -79.326673213683478, 43.819107195821132 ], [ -79.326556109024352, 43.819133429666884 ], [ -79.32655600313818, 43.819133453560084 ], [ -79.323377103138199, 43.819855953784497 ], [ -79.323377014307241, 43.819855974095745 ], [ -79.322914039651977, 43.819962469268376 ], [ -79.322809001456719, 43.819978264490707 ], [ -79.322806056575601, 43.819978834449678 ], [ -79.321850756575586, 43.820206234519993 ], [ -79.320915705262962, 43.820429022987717 ], [ -79.319896217418744, 43.820668373253028 ], [ -79.318544874260141, 43.820972538045133 ], [ -79.318544203984956, 43.820972695883469 ], [ -79.317880741140343, 43.821135889114359 ], [ -79.312174811856138, 43.810484099739774 ], [ -79.31938486622019, 43.803198001740213 ], [ -79.329622903838768, 43.802859693233422 ] ] ] } },
{ "type": "Feature", "properties": { "vor_id": 2208, "theft_count": 9, "bike_trips": 2259, "theft_per_1000_trips": 3.9840637450199203 }, "geometry": { "type": "Polygon", "coordinates": [ [ [ -79.385542645070558, 43.673488973830239 ], [ -79.385865330998499, 43.673432386252472 ], [ -79.385972671755155, 43.673532914023781 ], [ -79.387697493289863, 43.675312983317617 ], [ -79.386348652926372, 43.678983760774535 ], [ -79.386212091907652, 43.679215043612658 ], [ -79.385512787945103, 43.679491126288795 ], [ -79.382135885798363, 43.679855141872807 ], [ -79.385542645070558, 43.673488973830239 ] ] ] } },
{ "type": "Feature", "properties": { "vor_id": 2217, "theft_count": 1, "bike_trips": 6857, "theft_per_1000_trips": 0.14583637159107482 }, "geometry": { "type": "Polygon", "coordinates": [ [ [ -79.416580378453688, 43.751185556439474 ], [ -79.407306847599529, 43.75517271509306 ], [ -79.407287647340567, 43.755174675277182 ], [ -79.407124572687934, 43.755148652587508 ], [ -79.404828116187886, 43.744710529473693 ], [ -79.410083625893918, 43.743998493128416 ], [ -79.416993467903126, 43.74989422074205 ], [ -79.416580378453688, 43.751185556439474 ] ] ] } },
{ "type": "Feature", "properties": { "vor_id": 2219, "theft_count": 15, "bike_trips": 2945, "theft_per_1000_trips": 5.0933786078098473 }, "geometry": { "type": "Polygon", "coordinates": [ [ [ -79.40980268428639, 43.761372100831537 ], [ -79.41060158590281, 43.758502252198213 ], [ -79.411152540374033, 43.758372296119639 ], [ -79.411676315197795, 43.760906712269396 ], [ -79.40980268428639, 43.761372100831537 ] ] ] } },
{ "type": "Feature", "properties": { "vor_id": 2226, "theft_count": 8, "bike_trips": 1195, "theft_per_1000_trips": 6.6945606694560666 }, "geometry": { "type": "Polygon", "coordinates": [ [ [ -79.438457851025618, 43.703222954521635 ], [ -79.435839244834568, 43.702438729557521 ], [ -79.435615636222181, 43.700893574891168 ], [ -79.437601615681032, 43.69889392541608 ], [ -79.438464943593033, 43.703209271272989 ], [ -79.438457851025618, 43.703222954521635 ] ] ] } },
{ "type": "Feature", "properties": { "vor_id": 2227, "theft_count": 28, "bike_trips": 7879, "theft_per_1000_trips": 3.5537504759487244 }, "geometry": { "type": "Polygon", "coordinates": [ [ [ -79.287974447554333, 43.77651989088352 ], [ -79.287406791680041, 43.777024797615802 ], [ -79.280499129198304, 43.783168881468782 ], [ -79.276241751750106, 43.783043478866489 ], [ -79.274964864057935, 43.782662349469881 ], [ -79.274338643792689, 43.782475433303858 ], [ -79.276298105335371, 43.77059588795818 ], [ -79.287974447554333, 43.77651989088352 ] ] ] } },
{ "type": "Feature", "properties": { "vor_id": 2228, "theft_count": 5, "bike_trips": 3490, "theft_per_1000_trips": 1.4326647564469914 }, "geometry": { "type": "Polygon", "coordinates": [ [ [ -79.456389984781666, 43.676894439878488 ], [ -79.455184303358507, 43.671146153313252 ], [ -79.455975763067386, 43.669585809868074 ], [ -79.459110311952642, 43.671278843951669 ], [ -79.459151785666322, 43.671653963237404 ], [ -79.456462297263556, 43.676901096007704 ], [ -79.456389984781666, 43.676894439878488 ] ] ] } },
{ "type": "Feature", "properties": { "vor_id": 2233, "theft_count": 4, "bike_trips": 4718, "theft_per_1000_trips": 0.84781687155574392 }, "geometry": { "type": "Polygon", "coordinates": [ [ [ -79.424508295629721, 43.680123392499596 ], [ -79.42024477958438, 43.676074057867112 ], [ -79.420224522320424, 43.675794834342092 ], [ -79.420509567039446, 43.675411189824594 ], [ -79.422158977238695, 43.674737180061868 ], [ -79.424472352974377, 43.676794217309727 ], [ -79.425020880689274, 43.679404252897015 ], [ -79.424862982673687, 43.679972204565104 ], [ -79.424508295629721, 43.680123392499596 ] ] ] } },
{ "type": "Feature", "properties": { "vor_id": 2235, "theft_count": 6, "bike_trips": 1108, "theft_per_1000_trips": 5.4151624548736459 }, "geometry": { "type": "Polygon", "coordinates": [ [ [ -79.434979557654259, 43.656470236743672 ], [ -79.431787402320694, 43.655807070001607 ], [ -79.432339706627118, 43.654441520863017 ], [ -79.435451593249297, 43.653265979914018 ], [ -79.434979557654259, 43.656470236743672 ] ] ] } },
{ "type": "Feature", "properties": { "vor_id": 2241, "theft_count": 17, "bike_trips": 6030, "theft_per_1000_trips": 2.8192371475953566 }, "geometry": { "type": "Polygon", "coordinates": [ [ [ -79.419813288390429, 43.705709100526974 ], [ -79.420284692931332, 43.708191159406546 ], [ -79.411745090413334, 43.712231243201188 ], [ -79.41145900244031, 43.712253292732058 ], [ -79.4158386912694, 43.701960401856148 ], [ -79.41602359810021, 43.701953486503911 ], [ -79.419813288390429, 43.705709100526974 ] ] ] } },
{ "type": "Feature", "properties": { "vor_id": 2242, "theft_count": 10, "bike_trips": 2576, "theft_per_1000_trips": 3.8819875776397517 }, "geometry": { "type": "Polygon", "coordinates": [ [ [ -79.342052727191145, 43.677487810938658 ], [ -79.344346025965393, 43.678205927176059 ], [ -79.343888510695592, 43.680671172481652 ], [ -79.34256252161785, 43.680109469836687 ], [ -79.342052727191145, 43.677487810938658 ] ] ] } },
{ "type": "Feature", "properties": { "vor_id": 2246, "theft_count": 4, "bike_trips": 3991, "theft_per_1000_trips": 1.0022550739163116 }, "geometry": { "type": "Polygon", "coordinates": [ [ [ -79.512845568424581, 43.637796992716019 ], [ -79.513587309137165, 43.638062391786711 ], [ -79.518347026899079, 43.639254639020258 ], [ -79.523200685983412, 43.639974611333706 ], [ -79.524678968799762, 43.640047234711552 ], [ -79.522333138970239, 43.644827089030237 ], [ -79.517518825050601, 43.64492155498862 ], [ -79.51321802448625, 43.640338898651443 ], [ -79.512845568424581, 43.637796992716019 ] ] ] } },
{ "type": "Feature", "properties": { "vor_id": 2258, "theft_count": 13, "bike_trips": 2434, "theft_per_1000_trips": 5.341002465078061 }, "geometry": { "type": "Polygon", "coordinates": [ [ [ -79.398880849915457, 43.7021773571281 ], [ -79.39874391786509, 43.702608999379734 ], [ -79.396064608632614, 43.704106466137638 ], [ -79.394571633725192, 43.702655450286542 ], [ -79.394964683360712, 43.701505177230629 ], [ -79.398880849915457, 43.7021773571281 ] ] ] } },
{ "type": "Feature", "properties": { "vor_id": 2260, "theft_count": 16, "bike_trips": 3867, "theft_per_1000_trips": 4.137574347039048 }, "geometry": { "type": "Polygon", "coordinates": [ [ [ -79.339971257720762, 43.668829855907411 ], [ -79.341232496506123, 43.670528573713845 ], [ -79.341586338678454, 43.671226843245343 ], [ -79.341857595435584, 43.672112629993379 ], [ -79.34207220409202, 43.673892544480445 ], [ -79.341921245716762, 43.674050375749388 ], [ -79.336426196579424, 43.67491148453928 ], [ -79.335815923469866, 43.674568547095696 ], [ -79.335874811389374, 43.672356967292053 ], [ -79.339971257720762, 43.668829855907411 ] ] ] } },
{ "type": "Feature", "properties": { "vor_id": 2263, "theft_count": 16, "bike_trips": 3569, "theft_per_1000_trips": 4.483048472961614 }, "geometry": { "type": "Polygon", "coordinates": [ [ [ -79.438464943593033, 43.703209271272989 ], [ -79.437601615681032, 43.69889392541608 ], [ -79.438234805092321, 43.698104743436318 ], [ -79.44096474841237, 43.699037585619784 ], [ -79.438464943593033, 43.703209271272989 ] ] ] } },
{ "type": "Feature", "properties": { "vor_id": 2264, "theft_count": 2, "bike_trips": 2585, "theft_per_1000_trips": 0.77369439071566726 }, "geometry": { "type": "Polygon", "coordinates": [ [ [ -79.341857595435584, 43.672112629993379 ], [ -79.341586338678454, 43.671226843245343 ], [ -79.344969128819216, 43.66989208350779 ], [ -79.34544252438387, 43.670619197099072 ], [ -79.341857595435584, 43.672112629993379 ] ] ] } },
{ "type": "Feature", "properties": { "vor_id": 2265, "theft_count": 25, "bike_trips": 1195, "theft_per_1000_trips": 20.920502092050206 }, "geometry": { "type": "Polygon", "coordinates": [ [ [ -79.434842157065233, 43.700074013150932 ], [ -79.435615636222181, 43.700893574891168 ], [ -79.435839244834568, 43.702438729557521 ], [ -79.435280644087968, 43.702849926505735 ], [ -79.432930844879351, 43.703842680270625 ], [ -79.430720330317385, 43.703756719148558 ], [ -79.431401596138855, 43.701506192018456 ], [ -79.434842157065233, 43.700074013150932 ] ] ] } },
{ "type": "Feature", "properties": { "vor_id": 2269, "theft_count": 22, "bike_trips": 2174, "theft_per_1000_trips": 10.119595216191351 }, "geometry": { "type": "Polygon", "coordinates": [ [ [ -79.413136983930343, 43.668682700947649 ], [ -79.413414299287751, 43.668778814606419 ], [ -79.413844633930296, 43.670718411290167 ], [ -79.413450862582252, 43.670873908976553 ], [ -79.411853355236147, 43.669192219959321 ], [ -79.413136983930343, 43.668682700947649 ] ] ] } },
{ "type": "Feature", "properties": { "vor_id": 2272, "theft_count": 12, "bike_trips": 1184, "theft_per_1000_trips": 10.135135135135135 }, "geometry": { "type": "Polygon", "coordinates": [ [ [ -79.42386063000481, 43.687142859002861 ], [ -79.426862424198177, 43.685953383805924 ], [ -79.427344684092006, 43.690050982851588 ], [ -79.425313409632807, 43.690306582338472 ], [ -79.42386063000481, 43.687142859002861 ] ] ] } },
{ "type": "Feature", "properties": { "vor_id": 2273, "theft_count": 38, "bike_trips": 3258, "theft_per_1000_trips": 11.663597298956415 }, "geometry": { "type": "Polygon", "coordinates": [ [ [ -79.403748824989421, 43.635994170361698 ], [ -79.403713294330259, 43.635807091815742 ], [ -79.403781586131018, 43.633835704069917 ], [ -79.404433692995141, 43.631252949768388 ], [ -79.405292102404601, 43.628892980053365 ], [ -79.406498469524053, 43.632451128040103 ], [ -79.40599204021855, 43.636889234965707 ], [ -79.405094575066457, 43.63682581270929 ], [ -79.404442717203494, 43.636727140620174 ], [ -79.403748824989421, 43.635994170361698 ] ] ] } },
{ "type": "Feature", "properties": { "vor_id": 2274, "theft_count": 10, "bike_trips": 12380, "theft_per_1000_trips": 0.80775444264943463 }, "geometry": { "type": "Polygon", "coordinates": [ [ [ -79.347021709973859, 43.814301714308257 ], [ -79.346951416316045, 43.814317138452346 ], [ -79.346422284696942, 43.814424983785869 ], [ -79.346384894805979, 43.81443258173401 ], [ -79.346383623442492, 43.814432864706134 ], [ -79.346351450979896, 43.814440658037988 ], [ -79.346257031718295, 43.814463366475024 ], [ -79.346002994438663, 43.814518887218505 ], [ -79.345748600880412, 43.814574385830475 ], [ -79.345294195975228, 43.81467358693186 ], [ -79.345188985446711, 43.814696589239205 ], [ -79.345188376167243, 43.814696728158104 ], [ -79.344768076167242, 43.814796528188971 ], [ -79.344768033818482, 43.814796538272674 ], [ -79.343777246968344, 43.815033111328759 ], [ -79.34318136044547, 43.815171185077588 ], [ -79.343181234347654, 43.815171214542893 ], [ -79.343076834347656, 43.815195814550513 ], [ -79.343076808578502, 43.815195820632901 ], [ -79.3428243085785, 43.815255520651384 ], [ -79.342823988604025, 43.81525559790861 ], [ -79.342546889902522, 43.815323897609602 ], [ -79.342276191228208, 43.815390597303498 ], [ -79.342276021957829, 43.815390639465036 ], [ -79.341411597300336, 43.815608270210859 ], [ -79.34133508077457, 43.815626203777128 ], [ -79.341249186931122, 43.815646302342763 ], [ -79.341248391648563, 43.815646498373397 ], [ -79.341164109573953, 43.815668337915461 ], [ -79.329622903838768, 43.802859693233422 ], [ -79.340000197556705, 43.794306374877984 ], [ -79.345488354780869, 43.801717347894808 ], [ -79.347021709973859, 43.814301714308257 ] ] ] } },
{ "type": "Feature", "properties": { "vor_id": 2275, "theft_count": 17, "bike_trips": 2151, "theft_per_1000_trips": 7.9033007903300794 }, "geometry": { "type": "Polygon", "coordinates": [ [ [ -79.406951716521988, 43.66357286264563 ], [ -79.407642736309967, 43.663752351500904 ], [ -79.408264784879293, 43.666822428527006 ], [ -79.407311208528384, 43.66719195385776 ], [ -79.40662424256854, 43.6638926451852 ], [ -79.406685201455034, 43.663780889958225 ], [ -79.406951716521988, 43.66357286264563 ] ] ] } },
{ "type": "Feature", "properties": { "vor_id": 2278, "theft_count": 119, "bike_trips": 65136, "theft_per_1000_trips": 1.8269466961434537 }, "geometry": { "type": "MultiPolygon", "coordinates": [ [ [ [ -79.594802357016363, 43.709843746666394 ], [ -79.599656016100695, 43.710563718979827 ], [ -79.604415733862609, 43.711755966213381 ], [ -79.60903567161813, 43.713409006374434 ], [ -79.613471336841187, 43.715506919782584 ], [ -79.617680011650862, 43.718029502384859 ], [ -79.621621164208037, 43.720952460331851 ], [ -79.621896772518838, 43.721202257268253 ], [ -79.623781308147272, 43.724299638810251 ], [ -79.625610492468141, 43.727499236062421 ], [ -79.625610624983281, 43.727499463748529 ], [ -79.626836321680329, 43.729568589098761 ], [ -79.627771223097952, 43.731235813089263 ], [ -79.627771535594107, 43.731236347358596 ], [ -79.628944435594093, 43.733161147106387 ], [ -79.628944643138439, 43.733161479232173 ], [ -79.629386092691178, 43.733850644269999 ], [ -79.630268870167782, 43.735330735666786 ], [ -79.63072222406565, 43.736216354806949 ], [ -79.630722565198454, 43.736216987108129 ], [ -79.636721665198436, 43.746787385804012 ], [ -79.636722180263789, 43.746788235068401 ], [ -79.637519481934888, 43.74802205202964 ], [ -79.637575156867243, 43.748345204373912 ], [ -79.637575598714292, 43.748347044009307 ], [ -79.637576282488766, 43.748348844606944 ], [ -79.637577201901109, 43.74835058960435 ], [ -79.637578348494259, 43.74835226295049 ], [ -79.637579711721528, 43.748353849253419 ], [ -79.637581279043488, 43.74835533392185 ], [ -79.63850831910591, 43.749151224740309 ], [ -79.638844913099234, 43.749465808706304 ], [ -79.63894076402002, 43.749848466899195 ], [ -79.638960634039179, 43.749982419712175 ], [ -79.638292080596543, 43.750319334122715 ], [ -79.638291988736086, 43.75031938062083 ], [ -79.637978740409096, 43.750478644280854 ], [ -79.637467967406963, 43.750680126418878 ], [ -79.63651472095242, 43.75098491005933 ], [ -79.63602183081079, 43.751092241770301 ], [ -79.635600923911824, 43.751158512239293 ], [ -79.635188250627436, 43.75119866639649 ], [ -79.63471841153337, 43.751207339431588 ], [ -79.634718225055934, 43.751207343340468 ], [ -79.634104525055918, 43.751221743345148 ], [ -79.634104460651614, 43.751221744912037 ], [ -79.633548760651621, 43.751235744916592 ], [ -79.633547990146482, 43.751235772308824 ], [ -79.633227890146472, 43.751250472313593 ], [ -79.633226195815098, 43.751250589024558 ], [ -79.632938095815092, 43.751277089033103 ], [ -79.632937661628787, 43.751277131564144 ], [ -79.632630761628803, 43.751309031574415 ], [ -79.632629398591632, 43.751309199136159 ], [ -79.63236899859163, 43.751346199147974 ], [ -79.63236766596016, 43.751346413964932 ], [ -79.632023665960148, 43.751408513984515 ], [ -79.632023359162574, 43.75140857075418 ], [ -79.63180285916259, 43.751450370767337 ], [ -79.631801756694884, 43.751450597972699 ], [ -79.630891557117721, 43.751653397941517 ], [ -79.629965057786521, 43.751859797856689 ], [ -79.629964713597133, 43.751859876360079 ], [ -79.629333214244909, 43.752007276254503 ], [ -79.627823214691716, 43.752359676259296 ], [ -79.625870714139509, 43.75281537652922 ], [ -79.625619225298621, 43.752874077141968 ], [ -79.625016595442034, 43.752952945502031 ], [ -79.625014092591954, 43.752953362924721 ], [ -79.625011656129843, 43.752953950574195 ], [ -79.624144156129844, 43.753196950647883 ], [ -79.624144110986506, 43.753196963326921 ], [ -79.624127412629704, 43.753201665739176 ], [ -79.623936367371357, 43.753246763982382 ], [ -79.62319250677163, 43.753415932332501 ], [ -79.623192026858007, 43.75341604505212 ], [ -79.622444934615686, 43.75359712204007 ], [ -79.619825448741665, 43.754149413813863 ], [ -79.619824997915813, 43.754149511960577 ], [ -79.618766697915817, 43.754387212034416 ], [ -79.616995498267016, 43.754785012079097 ], [ -79.61491796725754, 43.755251696726454 ], [ -79.613020237742617, 43.755669781328073 ], [ -79.6130198742743, 43.75566986343464 ], [ -79.611777175557151, 43.755957563226772 ], [ -79.611208976807717, 43.756089062978084 ], [ -79.611208746011613, 43.756089117220704 ], [ -79.608730061680447, 43.756680593242734 ], [ -79.608430498091266, 43.756705664235923 ], [ -79.608427667165302, 43.756706012409303 ], [ -79.608424903604018, 43.756706576178345 ], [ -79.607758914785194, 43.756870574976226 ], [ -79.607115430270952, 43.757012483392728 ], [ -79.606665328682681, 43.757111783773908 ], [ -79.604904630026397, 43.757500083598359 ], [ -79.604903984043659, 43.75750023250356 ], [ -79.604363908145018, 43.757630154577093 ], [ -79.603377521383194, 43.757847541533621 ], [ -79.602356708692113, 43.75806090245063 ], [ -79.602032092877195, 43.758128905781142 ], [ -79.602031565137295, 43.758129020575012 ], [ -79.599646365137289, 43.758667120742096 ], [ -79.599646023730656, 43.758667199566496 ], [ -79.598419707905961, 43.758956838063931 ], [ -79.597612903049082, 43.759113503130393 ], [ -79.597610905709985, 43.759113951680739 ], [ -79.596932936336543, 43.759287316046979 ], [ -79.59618802172028, 43.759452863780623 ], [ -79.5946193696048, 43.759787332352907 ], [ -79.594618684487699, 43.759787485620727 ], [ -79.592895584487692, 43.760191185745654 ], [ -79.591457884309804, 43.760528085891565 ], [ -79.590723971332579, 43.760700003366253 ], [ -79.590579965574165, 43.76071257686079 ], [ -79.59045124773391, 43.760723878426475 ], [ -79.590448713296823, 43.760724190173377 ], [ -79.590446231523515, 43.76072467492542 ], [ -79.583855437458709, 43.762259129763187 ], [ -79.585217108795135, 43.75652149532192 ], [ -79.590538131244642, 43.753986922884856 ], [ -79.596538415576333, 43.75753888917027 ], [ -79.597032897683306, 43.747565580640547 ], [ -79.625571543198888, 43.733535630739013 ], [ -79.589021999174122, 43.740002952523426 ], [ -79.588008966088879, 43.73878445384161 ], [ -79.582155463196941, 43.71026578921974 ], [ -79.585000642983402, 43.709843746666394 ], [ -79.589901499999883, 43.709602983000011 ], [ -79.594802357016363, 43.709843746666394 ] ] ], [ [ [ -79.556439789588154, 43.733337985075153 ], [ -79.558709969126738, 43.745891217 ], [ -79.553819644399738, 43.747818685520116 ], [ -79.548910084796091, 43.756344859799285 ], [ -79.549548999979706, 43.760652076100783 ], [ -79.550741247213296, 43.765411793862718 ], [ -79.552064943631791, 43.769111278103125 ], [ -79.551541516908813, 43.769223746573502 ], [ -79.551253219573994, 43.76928564602057 ], [ -79.551160613131202, 43.76930554741071 ], [ -79.550885220008951, 43.769364745950675 ], [ -79.550784028764596, 43.769386444079998 ], [ -79.550534313725265, 43.769440147324531 ], [ -79.55028141946778, 43.769494446108496 ], [ -79.548473107792816, 43.76988334873856 ], [ -79.548473069644402, 43.769883356965046 ], [ -79.547523045138391, 43.770088775838126 ], [ -79.545660123742834, 43.770449302680795 ], [ -79.545658964755759, 43.770449547197984 ], [ -79.544881614117571, 43.770627290236064 ], [ -79.544192982210063, 43.770774190427588 ], [ -79.541359195909763, 43.771341474564025 ], [ -79.541030443112547, 43.770029019617134 ], [ -79.540862235979702, 43.769357499100799 ], [ -79.54014226366624, 43.764503840016474 ], [ -79.539901499999885, 43.759602983 ], [ -79.54014226366624, 43.754702125983513 ], [ -79.540862235979702, 43.749848466899195 ], [ -79.541763151838282, 43.746251809181466 ], [ -79.542054483213263, 43.745088749137274 ], [ -79.543197313031257, 43.741894753765116 ], [ -79.543707523374295, 43.740468811381746 ], [ -79.545805436782459, 43.73603314615869 ], [ -79.548273523827206, 43.731915391693938 ], [ -79.548328019384755, 43.731824471349022 ], [ -79.550410724264282, 43.729016268901105 ], [ -79.55286239431932, 43.730773659402168 ], [ -79.556439789588154, 43.733337985075153 ] ] ] ] } },
{ "type": "Feature", "properties": { "vor_id": 2279, "theft_count": 14, "bike_trips": 2945, "theft_per_1000_trips": 4.7538200339558569 }, "geometry": { "type": "Polygon", "coordinates": [ [ [ -79.408178646305601, 43.759200995722132 ], [ -79.407287647340567, 43.755174675277182 ], [ -79.407306847599529, 43.75517271509306 ], [ -79.410568105706147, 43.758499079010889 ], [ -79.408178646305601, 43.759200995722132 ] ] ] } },
{ "type": "Feature", "properties": { "vor_id": 2293, "theft_count": 13, "bike_trips": 9012, "theft_per_1000_trips": 1.4425210830004438 }, "geometry": { "type": "Polygon", "coordinates": [ [ [ -79.357167792113913, 43.781318899964674 ], [ -79.364820422436267, 43.783720143974492 ], [ -79.36250596445511, 43.7971724965428 ], [ -79.356523681650629, 43.795596393787186 ], [ -79.352376607511047, 43.787896201321857 ], [ -79.357167792113913, 43.781318899964674 ] ] ] } },
{ "type": "Feature", "properties": { "vor_id": 2295, "theft_count": 12, "bike_trips": 1231, "theft_per_1000_trips": 9.7481722177091807 }, "geometry": { "type": "Polygon", "coordinates": [ [ [ -79.36670077420429, 43.70513165071538 ], [ -79.367140913203428, 43.705142531173159 ], [ -79.367512947111251, 43.7054817575493 ], [ -79.366254736745134, 43.708795201754633 ], [ -79.365091966943396, 43.709262354137437 ], [ -79.363856984376696, 43.707574137698849 ], [ -79.36670077420429, 43.70513165071538 ] ] ] } },
{ "type": "Feature", "properties": { "vor_id": 2298, "theft_count": 28, "bike_trips": 2205, "theft_per_1000_trips": 12.698412698412698 }, "geometry": { "type": "Polygon", "coordinates": [ [ [ -79.41989340950137, 43.649889049821624 ], [ -79.419876853043675, 43.649750870734913 ], [ -79.420615037351666, 43.648894046729019 ], [ -79.42220779401471, 43.647592481831794 ], [ -79.42370954667085, 43.648891158730571 ], [ -79.423689702167977, 43.649674977448733 ], [ -79.420441503215329, 43.65107506205505 ], [ -79.41989340950137, 43.649889049821624 ] ] ] } },
{ "type": "Feature", "properties": { "vor_id": 2301, "theft_count": 12, "bike_trips": 2353, "theft_per_1000_trips": 5.099872503187421 }, "geometry": { "type": "Polygon", "coordinates": [ [ [ -79.446967767274472, 43.675389893800087 ], [ -79.443428115762146, 43.671052995914103 ], [ -79.444695289948157, 43.669680026417446 ], [ -79.444916133694946, 43.66961423263551 ], [ -79.447256864901291, 43.670846388131267 ], [ -79.448178724201213, 43.673962472740811 ], [ -79.446967767274472, 43.675389893800087 ] ] ] } },
{ "type": "Feature", "properties": { "vor_id": 2302, "theft_count": 15, "bike_trips": 2415, "theft_per_1000_trips": 6.2111801242236018 }, "geometry": { "type": "Polygon", "coordinates": [ [ [ -79.406574904063248, 43.727745722299048 ], [ -79.406336352054566, 43.727141691835172 ], [ -79.406104804668914, 43.726051219482649 ], [ -79.40680307327284, 43.723767115944227 ], [ -79.410581183732035, 43.724334387421841 ], [ -79.411703544202751, 43.725683521588145 ], [ -79.406574904063248, 43.727745722299048 ] ] ] } },
{ "type": "Feature", "properties": { "vor_id": 2303, "theft_count": 17, "bike_trips": 2051, "theft_per_1000_trips": 8.2886396879570938 }, "geometry": { "type": "Polygon", "coordinates": [ [ [ -79.366643041992802, 43.652029611766196 ], [ -79.364928453672874, 43.652773654979029 ], [ -79.364895669406309, 43.652763465829217 ], [ -79.364756160202035, 43.652569824637695 ], [ -79.364406469755366, 43.651538187273765 ], [ -79.364466383853113, 43.650538626467927 ], [ -79.365102799065554, 43.65054003247559 ], [ -79.366468564191521, 43.651269003341028 ], [ -79.366643041992802, 43.652029611766196 ] ] ] } },
{ "type": "Feature", "properties": { "vor_id": 2304, "theft_count": 5, "bike_trips": 2413, "theft_per_1000_trips": 2.0721094073767095 }, "geometry": { "type": "Polygon", "coordinates": [ [ [ -79.407225066920859, 43.733559915881116 ], [ -79.406775019242545, 43.731573298657459 ], [ -79.4075245234269, 43.730283375477299 ], [ -79.408536465232942, 43.730563125415173 ], [ -79.40973502534483, 43.736081839080285 ], [ -79.407225066920859, 43.733559915881116 ] ] ] } },
{ "type": "Feature", "properties": { "vor_id": 2305, "theft_count": 13, "bike_trips": 7515, "theft_per_1000_trips": 1.7298735861610113 }, "geometry": { "type": "Polygon", "coordinates": [ [ [ -79.330315708620986, 43.749428598833823 ], [ -79.329079969873035, 43.74898774133429 ], [ -79.326231915180529, 43.74534837528293 ], [ -79.342059482192198, 43.730159465325642 ], [ -79.342826973459182, 43.730078669806964 ], [ -79.34407174319395, 43.731783168841922 ], [ -79.34380277378844, 43.750641178691829 ], [ -79.330315708620986, 43.749428598833823 ] ] ] } },
{ "type": "Feature", "properties": { "vor_id": 2307, "theft_count": 39, "bike_trips": 1067, "theft_per_1000_trips": 36.551077788191186 }, "geometry": { "type": "Polygon", "coordinates": [ [ [ -79.389867222436251, 43.648752809985083 ], [ -79.391036974414519, 43.648284158251521 ], [ -79.391305352585505, 43.64841824297357 ], [ -79.391490789191465, 43.649272048272877 ], [ -79.391488083346488, 43.649278888605821 ], [ -79.390324274450336, 43.649732988431182 ], [ -79.389997052418565, 43.649393771497621 ], [ -79.389867222436251, 43.648752809985083 ] ] ] } },
{ "type": "Feature", "properties": { "vor_id": 2309, "theft_count": 6, "bike_trips": 6211, "theft_per_1000_trips": 0.96602801481242961 }, "geometry": { "type": "Polygon", "coordinates": [ [ [ -79.415798526074497, 43.798934138687372 ], [ -79.415735998801779, 43.798947217298995 ], [ -79.415735282945121, 43.798947374841148 ], [ -79.414580682945115, 43.799214174923883 ], [ -79.414580628931347, 43.799214187450374 ], [ -79.414460328931355, 43.799242187459043 ], [ -79.414459853192881, 43.799242301724988 ], [ -79.414342338725021, 43.799271406250185 ], [ -79.4132632921918, 43.79951258262043 ], [ -79.411814956936581, 43.799821747550091 ], [ -79.411814740616634, 43.799821794438515 ], [ -79.409322697298805, 43.80037018213612 ], [ -79.409235954055291, 43.800388969849095 ], [ -79.409235884118516, 43.800388985071287 ], [ -79.40668288411851, 43.800947385245273 ], [ -79.40668252201867, 43.800947466456265 ], [ -79.406344922018675, 43.801025066480342 ], [ -79.406344427298123, 43.801025184007891 ], [ -79.406291035304676, 43.801038282047777 ], [ -79.406243848242866, 43.801049834070646 ], [ -79.406206101997896, 43.801056741246498 ], [ -79.406146627137346, 43.801067536686787 ], [ -79.406145575725432, 43.801067743933821 ], [ -79.405757575725417, 43.801150343959613 ], [ -79.405757250620013, 43.801150414780196 ], [ -79.403922498361212, 43.80155921451243 ], [ -79.403967997963136, 43.793415668396293 ], [ -79.41033823961854, 43.789238769228454 ], [ -79.41145612068172, 43.789531950873659 ], [ -79.417986848106352, 43.792378830715762 ], [ -79.416966089677487, 43.796931881092689 ], [ -79.415798526074497, 43.798934138687372 ] ] ] } },
{ "type": "Feature", "properties": { "vor_id": 2311, "theft_count": 18, "bike_trips": 2243, "theft_per_1000_trips": 8.0249665626393227 }, "geometry": { "type": "Polygon", "coordinates": [ [ [ -79.442799486820746, 43.638349548798587 ], [ -79.440788583732868, 43.63809162375712 ], [ -79.439715917774478, 43.637196593289346 ], [ -79.440965372123614, 43.631712586566309 ], [ -79.447494951177461, 43.63354738803551 ], [ -79.445780793019296, 43.636011279944547 ], [ -79.442799486820746, 43.638349548798587 ] ] ] } },
{ "type": "Feature", "properties": { "vor_id": 2316, "theft_count": 11, "bike_trips": 3013, "theft_per_1000_trips": 3.6508463325589116 }, "geometry": { "type": "Polygon", "coordinates": [ [ [ -79.330580538696424, 43.657901429147415 ], [ -79.330367074953102, 43.659121938576867 ], [ -79.326966810986264, 43.660718112781019 ], [ -79.326084280986962, 43.660335497926908 ], [ -79.330580538696424, 43.657901429147415 ] ] ] } },
{ "type": "Feature", "properties": { "vor_id": 2319, "theft_count": 12, "bike_trips": 3589, "theft_per_1000_trips": 3.3435497353023123 }, "geometry": { "type": "Polygon", "coordinates": [ [ [ -79.339033085416347, 43.658770973285883 ], [ -79.338988455793981, 43.659021782557765 ], [ -79.338517393845848, 43.660023111611437 ], [ -79.337594804280016, 43.661805808372961 ], [ -79.335576226074124, 43.660373937660971 ], [ -79.336905971677055, 43.656696087416215 ], [ -79.337949579373188, 43.657114954556697 ], [ -79.339033085416347, 43.658770973285883 ] ] ] } },
{ "type": "Feature", "properties": { "vor_id": 2320, "theft_count": 18, "bike_trips": 3510, "theft_per_1000_trips": 5.1282051282051286 }, "geometry": { "type": "Polygon", "coordinates": [ [ [ -79.455442461503623, 43.668196790413283 ], [ -79.455975763067386, 43.669585809868074 ], [ -79.455184303358507, 43.671146153313252 ], [ -79.451380440412322, 43.67301667524967 ], [ -79.451236614860647, 43.670125613116475 ], [ -79.453754925662238, 43.667925357576024 ], [ -79.455442461503623, 43.668196790413283 ] ] ] } },
{ "type": "Feature", "properties": { "vor_id": 2321, "theft_count": 15, "bike_trips": 5268, "theft_per_1000_trips": 2.8473804100227791 }, "geometry": { "type": "Polygon", "coordinates": [ [ [ -79.374105930937077, 43.642977070912551 ], [ -79.369794371932485, 43.630385869959277 ], [ -79.371556744591786, 43.630334245391843 ], [ -79.375866848703438, 43.641847870339276 ], [ -79.374105930937077, 43.642977070912551 ] ] ] } },
{ "type": "Feature", "properties": { "vor_id": 2322, "theft_count": 2, "bike_trips": 3017, "theft_per_1000_trips": 0.66291017567119648 }, "geometry": { "type": "Polygon", "coordinates": [ [ [ -79.345572972272151, 43.777312255908335 ], [ -79.348586269874929, 43.779883170646286 ], [ -79.347960691075443, 43.780237024453527 ], [ -79.344672613766008, 43.779923397238022 ], [ -79.343338904746801, 43.778508720398008 ], [ -79.345572972272151, 43.777312255908335 ] ] ] } },
{ "type": "Feature", "properties": { "vor_id": 2323, "theft_count": 41, "bike_trips": 5091, "theft_per_1000_trips": 8.0534276173639761 }, "geometry": { "type": "Polygon", "coordinates": [ [ [ -79.312149112525418, 43.685109998315177 ], [ -79.312669408080495, 43.685184028558609 ], [ -79.315018748521467, 43.68714869481753 ], [ -79.312578791266446, 43.691691138024218 ], [ -79.309758901232371, 43.690835315195869 ], [ -79.312081894966354, 43.685138169344214 ], [ -79.312149112525418, 43.685109998315177 ] ] ] } },
{ "type": "Feature", "properties": { "vor_id": 2326, "theft_count": 2, "bike_trips": 1021, "theft_per_1000_trips": 1.9588638589618022 }, "geometry": { "type": "Polygon", "coordinates": [ [ [ -79.379305668702543, 43.670332452213252 ], [ -79.379699175861475, 43.67126639390348 ], [ -79.377846683008102, 43.671637418652018 ], [ -79.377520045626795, 43.671179831080977 ], [ -79.377525365501242, 43.671081734311727 ], [ -79.379305668702543, 43.670332452213252 ] ] ] } },
{ "type": "Feature", "properties": { "vor_id": 2328, "theft_count": 9, "bike_trips": 2201, "theft_per_1000_trips": 4.08905043162199 }, "geometry": { "type": "Polygon", "coordinates": [ [ [ -79.425373331405751, 43.66315294169155 ], [ -79.424754571608943, 43.66334607238452 ], [ -79.424251425525156, 43.660966316890885 ], [ -79.424907477518076, 43.661000295314281 ], [ -79.425373331405751, 43.66315294169155 ] ] ] } },
{ "type": "Feature", "properties": { "vor_id": 2330, "theft_count": 36, "bike_trips": 1112, "theft_per_1000_trips": 32.374100719424462 }, "geometry": { "type": "Polygon", "coordinates": [ [ [ -79.444751221358629, 43.665938723656758 ], [ -79.442144961278245, 43.666947027855102 ], [ -79.440998634071505, 43.666586832064489 ], [ -79.440621217135771, 43.66604792681634 ], [ -79.441280637899837, 43.665140082676757 ], [ -79.442153007850521, 43.664377064790415 ], [ -79.444252570818179, 43.663519384006477 ], [ -79.444751221358629, 43.665938723656758 ] ] ] } },
{ "type": "Feature", "properties": { "vor_id": 2333, "theft_count": 16, "bike_trips": 2601, "theft_per_1000_trips": 6.1514801999231068 }, "geometry": { "type": "Polygon", "coordinates": [ [ [ -79.357401251590233, 43.679190387047456 ], [ -79.357577138611347, 43.679283585322132 ], [ -79.359318166729011, 43.68139246343793 ], [ -79.355331684892931, 43.682510269128677 ], [ -79.35487449916873, 43.680169271042331 ], [ -79.357401251590233, 43.679190387047456 ] ] ] } },
{ "type": "Feature", "properties": { "vor_id": 2335, "theft_count": 9, "bike_trips": 3329, "theft_per_1000_trips": 2.7035145689396218 }, "geometry": { "type": "Polygon", "coordinates": [ [ [ -79.433528898077441, 43.649749295216665 ], [ -79.431123847066729, 43.650652831453108 ], [ -79.43131556406658, 43.646614141941107 ], [ -79.432873841424509, 43.648112745887438 ], [ -79.433528898077441, 43.649749295216665 ] ] ] } },
{ "type": "Feature", "properties": { "vor_id": 2338, "theft_count": 14, "bike_trips": 3548, "theft_per_1000_trips": 3.9458850056369785 }, "geometry": { "type": "Polygon", "coordinates": [ [ [ -79.434264622777178, 43.68169841019369 ], [ -79.435635235873491, 43.683979014786523 ], [ -79.430800184735062, 43.683458645624754 ], [ -79.42878094455574, 43.682061868346658 ], [ -79.428456946339097, 43.680437133210951 ], [ -79.428527647115772, 43.680309703388424 ], [ -79.434264622777178, 43.68169841019369 ] ] ] } },
{ "type": "Feature", "properties": { "vor_id": 2343, "theft_count": 21, "bike_trips": 2407, "theft_per_1000_trips": 8.7245533859576234 }, "geometry": { "type": "Polygon", "coordinates": [ [ [ -79.422891319595138, 43.717916988158876 ], [ -79.428357598104583, 43.713530081258 ], [ -79.429688396276546, 43.72082461630557 ], [ -79.428202123999441, 43.72367376017538 ], [ -79.423524182941293, 43.723702223324892 ], [ -79.422292012886388, 43.719921672502238 ], [ -79.422891319595138, 43.717916988158876 ] ] ] } },
{ "type": "Feature", "properties": { "vor_id": 2344, "theft_count": 5, "bike_trips": 1219, "theft_per_1000_trips": 4.1017227235438884 }, "geometry": { "type": "Polygon", "coordinates": [ [ [ -79.381659443022286, 43.694338283596799 ], [ -79.378561314087221, 43.6889901222699 ], [ -79.378971499825511, 43.688470166779354 ], [ -79.384371215011512, 43.686373307830181 ], [ -79.386705356391104, 43.688278776861623 ], [ -79.381726158105224, 43.694401204370948 ], [ -79.381659443022286, 43.694338283596799 ] ] ] } },
{ "type": "Feature", "properties": { "vor_id": 2346, "theft_count": 0, "bike_trips": 1386, "theft_per_1000_trips": 0.0 }, "geometry": { "type": "Polygon", "coordinates": [ [ [ -79.548134852820169, 43.727755702393182 ], [ -79.548225874014477, 43.727450138472072 ], [ -79.550410724264282, 43.729016268901105 ], [ -79.548328019384755, 43.731824471349022 ], [ -79.548273523827206, 43.731915391693938 ], [ -79.548134852820169, 43.727755702393182 ] ] ] } },
{ "type": "Feature", "properties": { "vor_id": 2353, "theft_count": 9, "bike_trips": 2533, "theft_per_1000_trips": 3.5530990919857874 }, "geometry": { "type": "Polygon", "coordinates": [ [ [ -79.296902879061122, 43.686407983487292 ], [ -79.295916377858333, 43.688582976836059 ], [ -79.295236479722632, 43.689185052639885 ], [ -79.291383292986211, 43.689160616259549 ], [ -79.291879499849998, 43.687230011214716 ], [ -79.296229338313154, 43.68543812092539 ], [ -79.296902879061122, 43.686407983487292 ] ] ] } },
{ "type": "Feature", "properties": { "vor_id": 2356, "theft_count": 14, "bike_trips": 7620, "theft_per_1000_trips": 1.837270341207349 }, "geometry": { "type": "Polygon", "coordinates": [ [ [ -79.290304170178814, 43.759555094512706 ], [ -79.292713103946042, 43.769876258598444 ], [ -79.279987186406601, 43.762737545411497 ], [ -79.280926209586454, 43.76161941151372 ], [ -79.290304170178814, 43.759555094512706 ] ] ] } },
{ "type": "Feature", "properties": { "vor_id": 2357, "theft_count": 15, "bike_trips": 3740, "theft_per_1000_trips": 4.0106951871657754 }, "geometry": { "type": "Polygon", "coordinates": [ [ [ -79.3742099738934, 43.693009755967154 ], [ -79.372072229781494, 43.692220641150286 ], [ -79.37069193584712, 43.690067933968706 ], [ -79.373070146444832, 43.687650444581436 ], [ -79.378561314087221, 43.6889901222699 ], [ -79.381659443022286, 43.694338283596799 ], [ -79.3742099738934, 43.693009755967154 ] ] ] } },
{ "type": "Feature", "properties": { "vor_id": 2363, "theft_count": 14, "bike_trips": 2558, "theft_per_1000_trips": 5.4730258014073492 }, "geometry": { "type": "Polygon", "coordinates": [ [ [ -79.319063602716128, 43.675119473501354 ], [ -79.320473923866047, 43.673687315828815 ], [ -79.322370788315311, 43.673632720494609 ], [ -79.322981993117068, 43.676303740232207 ], [ -79.319063602716128, 43.675119473501354 ] ] ] } },
{ "type": "Feature", "properties": { "vor_id": 2365, "theft_count": 40, "bike_trips": 2380, "theft_per_1000_trips": 16.806722689075631 }, "geometry": { "type": "Polygon", "coordinates": [ [ [ -79.422785448361353, 43.685855294916976 ], [ -79.422804329144256, 43.686380626128383 ], [ -79.421910113109135, 43.687327533195308 ], [ -79.418044290216613, 43.688896802313437 ], [ -79.417639494602099, 43.687950624546026 ], [ -79.417614966937791, 43.686449971742555 ], [ -79.417667367289383, 43.686345963911265 ], [ -79.419321898095021, 43.684929504567798 ], [ -79.419609198702872, 43.684812640067726 ], [ -79.422785448361353, 43.685855294916976 ] ] ] } },
{ "type": "Feature", "properties": { "vor_id": 2366, "theft_count": 13, "bike_trips": 4822, "theft_per_1000_trips": 2.6959767731231854 }, "geometry": { "type": "Polygon", "coordinates": [ [ [ -79.40973502534483, 43.736081839080285 ], [ -79.408536465232942, 43.730563125415173 ], [ -79.4170713529425, 43.731270845159543 ], [ -79.417162919126056, 43.733392278961773 ], [ -79.411837885901946, 43.739786960610779 ], [ -79.40973502534483, 43.736081839080285 ] ] ] } },
{ "type": "Feature", "properties": { "vor_id": 2372, "theft_count": 13, "bike_trips": 4870, "theft_per_1000_trips": 2.6694045174537986 }, "geometry": { "type": "Polygon", "coordinates": [ [ [ -79.399409923520821, 43.707152737211047 ], [ -79.399032647596641, 43.705259391280592 ], [ -79.399255060625421, 43.705009211648544 ], [ -79.402330456783076, 43.704976603148857 ], [ -79.401853736970821, 43.706569472235081 ], [ -79.399652146894383, 43.707396398140361 ], [ -79.399409923520821, 43.707152737211047 ] ] ] } },
{ "type": "Feature", "properties": { "vor_id": 2375, "theft_count": 17, "bike_trips": 2175, "theft_per_1000_trips": 7.8160919540229878 }, "geometry": { "type": "Polygon", "coordinates": [ [ [ -79.40931023577059, 43.658009323997781 ], [ -79.409840552712353, 43.660491956136241 ], [ -79.408967718301511, 43.660843645915271 ], [ -79.408614090779096, 43.660749981372476 ], [ -79.408245493349582, 43.658932313517433 ], [ -79.408911503934249, 43.658034667367943 ], [ -79.408984736553833, 43.658019220094552 ], [ -79.40931023577059, 43.658009323997781 ] ] ] } },
{ "type": "Feature", "properties": { "vor_id": 2381, "theft_count": 22, "bike_trips": 2205, "theft_per_1000_trips": 9.9773242630385486 }, "geometry": { "type": "Polygon", "coordinates": [ [ [ -79.420615037351666, 43.648894046729019 ], [ -79.419876853043675, 43.649750870734913 ], [ -79.417939064568273, 43.648047270998696 ], [ -79.417913163363622, 43.647660508201383 ], [ -79.418743487756572, 43.646849679791181 ], [ -79.420079749511885, 43.646347559217986 ], [ -79.420615037351666, 43.648894046729019 ] ] ] } },
{ "type": "Feature", "properties": { "vor_id": 2383, "theft_count": 11, "bike_trips": 7787, "theft_per_1000_trips": 1.4126107615256196 }, "geometry": { "type": "Polygon", "coordinates": [ [ [ -79.249633941287556, 43.777172654507638 ], [ -79.255721816346806, 43.780923065995744 ], [ -79.253147067259434, 43.78440844324512 ], [ -79.249257914599838, 43.789673097679 ], [ -79.241374732094442, 43.783252857142998 ], [ -79.240960398147507, 43.782775401998158 ], [ -79.240344724868194, 43.781871841183921 ], [ -79.238338913112003, 43.778928116054757 ], [ -79.249633941287556, 43.777172654507638 ] ] ] } },
{ "type": "Feature", "properties": { "vor_id": 2387, "theft_count": 21, "bike_trips": 2210, "theft_per_1000_trips": 9.502262443438914 }, "geometry": { "type": "Polygon", "coordinates": [ [ [ -79.426045252244123, 43.666688491042301 ], [ -79.426402718353515, 43.666406354535148 ], [ -79.427641648296316, 43.665888884243984 ], [ -79.429044053880574, 43.666379295413464 ], [ -79.429434572826779, 43.668200770377602 ], [ -79.427370901494257, 43.669069562644296 ], [ -79.426045252244123, 43.666688491042301 ] ] ] } },
{ "type": "Feature", "properties": { "vor_id": 2388, "theft_count": 8, "bike_trips": 2371, "theft_per_1000_trips": 3.3741037536904259 }, "geometry": { "type": "Polygon", "coordinates": [ [ [ -79.433672180687921, 43.6983427811737 ], [ -79.433616415604462, 43.69557229924537 ], [ -79.437530613814957, 43.697019269091172 ], [ -79.437571843346333, 43.69719209700655 ], [ -79.434049743066197, 43.698610285817217 ], [ -79.433672180687921, 43.6983427811737 ] ] ] } },
{ "type": "Feature", "properties": { "vor_id": 2390, "theft_count": 36, "bike_trips": 5562, "theft_per_1000_trips": 6.4724919093851137 }, "geometry": { "type": "Polygon", "coordinates": [ [ [ -79.435966359822103, 43.651951299241027 ], [ -79.435593609425226, 43.651536727871999 ], [ -79.437101642673326, 43.646494823582792 ], [ -79.437240090602614, 43.646296374534202 ], [ -79.440202438408662, 43.64728004352731 ], [ -79.437389324008265, 43.652095647075697 ], [ -79.43674152620882, 43.652061770036731 ], [ -79.435966359822103, 43.651951299241027 ] ] ] } },
{ "type": "Feature", "properties": { "vor_id": 2391, "theft_count": 7, "bike_trips": 1100, "theft_per_1000_trips": 6.3636363636363642 }, "geometry": { "type": "Polygon", "coordinates": [ [ [ -79.425207005553631, 43.666812252467473 ], [ -79.424498718149167, 43.663456116595476 ], [ -79.424754571608943, 43.66334607238452 ], [ -79.425373331405751, 43.66315294169155 ], [ -79.425691095376621, 43.663199463492525 ], [ -79.426402718353515, 43.666406354535148 ], [ -79.426045252244123, 43.666688491042301 ], [ -79.425207005553631, 43.666812252467473 ] ] ] } },
{ "type": "Feature", "properties": { "vor_id": 2392, "theft_count": 11, "bike_trips": 4738, "theft_per_1000_trips": 2.3216547066272692 }, "geometry": { "type": "Polygon", "coordinates": [ [ [ -79.431737598790122, 43.693275281123547 ], [ -79.428863039784616, 43.690630577283194 ], [ -79.429682102478878, 43.68969636575401 ], [ -79.437679644487105, 43.686243984757553 ], [ -79.437720299502189, 43.687451033561153 ], [ -79.431737598790122, 43.693275281123547 ] ] ] } },
{ "type": "Feature", "properties": { "vor_id": 2394, "theft_count": 28, "bike_trips": 6504, "theft_per_1000_trips": 4.3050430504305037 }, "geometry": { "type": "Polygon", "coordinates": [ [ [ -79.291036162083273, 43.783473741145087 ], [ -79.289674980593162, 43.777423679068342 ], [ -79.302330469293096, 43.788838794432273 ], [ -79.299957780885748, 43.793264818243472 ], [ -79.291036162083273, 43.783473741145087 ] ] ] } },
{ "type": "Feature", "properties": { "vor_id": 2395, "theft_count": 15, "bike_trips": 2215, "theft_per_1000_trips": 6.7720090293453721 }, "geometry": { "type": "Polygon", "coordinates": [ [ [ -79.435569710925094, 43.651527730333584 ], [ -79.432026081682807, 43.652886978545595 ], [ -79.430138524463786, 43.65221381058155 ], [ -79.434405384938401, 43.650618093458824 ], [ -79.435569710925094, 43.651527730333584 ] ] ] } },
{ "type": "Feature", "properties": { "vor_id": 2397, "theft_count": 19, "bike_trips": 3989, "theft_per_1000_trips": 4.7630985209325649 }, "geometry": { "type": "Polygon", "coordinates": [ [ [ -79.522333138970239, 43.644827089030237 ], [ -79.524678968799762, 43.640047234711552 ], [ -79.528101542999892, 43.640215375000096 ], [ -79.530972136349092, 43.640074351791881 ], [ -79.530817730487598, 43.640846543687267 ], [ -79.526270025588815, 43.647755543584985 ], [ -79.522333138970239, 43.644827089030237 ] ] ] } },
{ "type": "Feature", "properties": { "vor_id": 2400, "theft_count": 39, "bike_trips": 2147, "theft_per_1000_trips": 18.164881229622729 }, "geometry": { "type": "Polygon", "coordinates": [ [ [ -79.402593575909265, 43.669241818160309 ], [ -79.400779591110762, 43.667837897677252 ], [ -79.400571089962753, 43.666832121678063 ], [ -79.401946066372943, 43.666282760785521 ], [ -79.402593575909265, 43.669241818160309 ] ] ] } },
{ "type": "Feature", "properties": { "vor_id": 2402, "theft_count": 31, "bike_trips": 4766, "theft_per_1000_trips": 6.504406210658833 }, "geometry": { "type": "Polygon", "coordinates": [ [ [ -79.444930135196032, 43.71871854302988 ], [ -79.436636697633205, 43.718037860962276 ], [ -79.436532711172021, 43.717793811506482 ], [ -79.445415966650273, 43.714202499893432 ], [ -79.444930135196032, 43.71871854302988 ] ] ] } },
{ "type": "Feature", "properties": { "vor_id": 2404, "theft_count": 20, "bike_trips": 6430, "theft_per_1000_trips": 3.1104199066874028 }, "geometry": { "type": "Polygon", "coordinates": [ [ [ -79.486554643213523, 43.64302311477207 ], [ -79.482691254151902, 43.64187474006718 ], [ -79.481278025125349, 43.635802337462785 ], [ -79.483499753015565, 43.631822936839278 ], [ -79.487763887339042, 43.630846548461982 ], [ -79.491264991875397, 43.631937124796693 ], [ -79.494088493968817, 43.634198748583103 ], [ -79.494380980205321, 43.641259481924415 ], [ -79.486554643213523, 43.64302311477207 ] ] ] } },
{ "type": "Feature", "properties": { "vor_id": 2405, "theft_count": 11, "bike_trips": 3414, "theft_per_1000_trips": 3.222026947861746 }, "geometry": { "type": "Polygon", "coordinates": [ [ [ -79.491842057634003, 43.666360691763053 ], [ -79.489330224116301, 43.666503831443308 ], [ -79.488850073784647, 43.665984550945844 ], [ -79.487743148804796, 43.663091928417366 ], [ -79.495627666977626, 43.659371102585169 ], [ -79.496204808348736, 43.659759458644174 ], [ -79.491842057634003, 43.666360691763053 ] ] ] } },
{ "type": "Feature", "properties": { "vor_id": 2406, "theft_count": 20, "bike_trips": 1077, "theft_per_1000_trips": 18.570102135561743 }, "geometry": { "type": "Polygon", "coordinates": [ [ [ -79.406094380605481, 43.660997995082191 ], [ -79.40600999214449, 43.660569957525624 ], [ -79.406712826778289, 43.659557264694328 ], [ -79.408245493349582, 43.658932313517433 ], [ -79.408614090779096, 43.660749981372476 ], [ -79.406565618785052, 43.661581792356799 ], [ -79.406094380605481, 43.660997995082191 ] ] ] } },
{ "type": "Feature", "properties": { "vor_id": 2411, "theft_count": 1, "bike_trips": 4374, "theft_per_1000_trips": 0.22862368541380887 }, "geometry": { "type": "Polygon", "coordinates": [ [ [ -79.428127492559497, 43.784430258335796 ], [ -79.431228786356129, 43.780998856647919 ], [ -79.431047207999896, 43.784694969 ], [ -79.431287971666251, 43.78959582601648 ], [ -79.431617175757054, 43.79181513972614 ], [ -79.431317796019258, 43.792014353223983 ], [ -79.430098857349648, 43.790958574867489 ], [ -79.428127492559497, 43.784430258335796 ] ] ] } },
{ "type": "Feature", "properties": { "vor_id": 2414, "theft_count": 33, "bike_trips": 3915, "theft_per_1000_trips": 8.4291187739463602 }, "geometry": { "type": "Polygon", "coordinates": [ [ [ -79.480588564441916, 43.624862962995685 ], [ -79.479185357712439, 43.62507411719745 ], [ -79.469654552483178, 43.622234493670412 ], [ -79.468342940182282, 43.621295572688844 ], [ -79.474760693563312, 43.613933159513415 ], [ -79.478844099223323, 43.619543934465376 ], [ -79.480588564441916, 43.624862962995685 ] ] ] } },
{ "type": "Feature", "properties": { "vor_id": 2416, "theft_count": 19, "bike_trips": 7882, "theft_per_1000_trips": 2.4105556965237249 }, "geometry": { "type": "Polygon", "coordinates": [ [ [ -79.324703104336351, 43.775638990591148 ], [ -79.325918280242561, 43.781380481381987 ], [ -79.325080742841308, 43.780878480782576 ], [ -79.320645077618252, 43.778780567374419 ], [ -79.316025139862731, 43.777127527213374 ], [ -79.311265422100803, 43.775935279979826 ], [ -79.311040079100437, 43.775901853503328 ], [ -79.315404275790144, 43.769452272886703 ], [ -79.324703104336351, 43.775638990591148 ] ] ] } },
{ "type": "Feature", "properties": { "vor_id": 2417, "theft_count": 22, "bike_trips": 2385, "theft_per_1000_trips": 9.2243186582809233 }, "geometry": { "type": "Polygon", "coordinates": [ [ [ -79.440557080526176, 43.728916757660024 ], [ -79.437923960584811, 43.728239322049987 ], [ -79.436919324789187, 43.725083222163512 ], [ -79.436636697633205, 43.718037860962276 ], [ -79.444930135196032, 43.71871854302988 ], [ -79.445430452573532, 43.720231867793096 ], [ -79.442092536580716, 43.728258752420317 ], [ -79.440557080526176, 43.728916757660024 ] ] ] } },
{ "type": "Feature", "properties": { "vor_id": 2419, "theft_count": 29, "bike_trips": 10678, "theft_per_1000_trips": 2.7158643940812888 }, "geometry": { "type": "Polygon", "coordinates": [ [ [ -79.491873102828322, 43.721604703194899 ], [ -79.487983942381604, 43.732671024334188 ], [ -79.469812833210526, 43.720711513663595 ], [ -79.478842167180332, 43.716948545226231 ], [ -79.491873102828322, 43.721604703194899 ] ] ] } },
{ "type": "Feature", "properties": { "vor_id": 2421, "theft_count": 2, "bike_trips": 1181, "theft_per_1000_trips": 1.6934801016088061 }, "geometry": { "type": "Polygon", "coordinates": [ [ [ -79.426386380078412, 43.677541383177477 ], [ -79.425020880689274, 43.679404252897015 ], [ -79.424472352974377, 43.676794217309727 ], [ -79.426386380078412, 43.677541383177477 ] ] ] } },
{ "type": "Feature", "properties": { "vor_id": 2425, "theft_count": 39, "bike_trips": 7363, "theft_per_1000_trips": 5.2967540404726341 }, "geometry": { "type": "Polygon", "coordinates": [ [ [ -79.407641764433848, 43.776860649997872 ], [ -79.407049583410796, 43.774194695158663 ], [ -79.41194356032257, 43.772302473777955 ], [ -79.414472739564829, 43.772926340099296 ], [ -79.413461861495506, 43.776690370592782 ], [ -79.41274726681398, 43.777114368138328 ], [ -79.407641764433848, 43.776860649997872 ] ] ] } },
{ "type": "Feature", "properties": { "vor_id": 2427, "theft_count": 18, "bike_trips": 3399, "theft_per_1000_trips": 5.2956751985878201 }, "geometry": { "type": "Polygon", "coordinates": [ [ [ -79.482394522528267, 43.654472359394674 ], [ -79.481576555145168, 43.65407889637342 ], [ -79.481300798221838, 43.651138724462584 ], [ -79.487603074208465, 43.64848469937548 ], [ -79.489291122323849, 43.653427749152883 ], [ -79.484535087970471, 43.654700863546523 ], [ -79.482394522528267, 43.654472359394674 ] ] ] } },
{ "type": "Feature", "properties": { "vor_id": 2428, "theft_count": 38, "bike_trips": 6868, "theft_per_1000_trips": 5.5329062317996502 }, "geometry": { "type": "Polygon", "coordinates": [ [ [ -79.526482486639964, 43.720184895991146 ], [ -79.528705027690435, 43.723861710147666 ], [ -79.522857579889845, 43.735118633475842 ], [ -79.522553054112407, 43.735143280336565 ], [ -79.522240623135104, 43.735118577024281 ], [ -79.516780097397145, 43.731029776955758 ], [ -79.509049243844558, 43.723537710142892 ], [ -79.513633677767558, 43.71629261504043 ], [ -79.519735467765912, 43.71666153446477 ], [ -79.526482486639964, 43.720184895991146 ] ] ] } },
{ "type": "Feature", "properties": { "vor_id": 2429, "theft_count": 10, "bike_trips": 4338, "theft_per_1000_trips": 2.3052097740894424 }, "geometry": { "type": "Polygon", "coordinates": [ [ [ -79.460952003052441, 43.74009652510221 ], [ -79.457664264442769, 43.740803494128052 ], [ -79.457194716027786, 43.740768322748174 ], [ -79.45637182260262, 43.740706684168778 ], [ -79.45188236243979, 43.730118580163868 ], [ -79.452125753501633, 43.729844708064171 ], [ -79.46654591205106, 43.726453174506538 ], [ -79.461532367977341, 43.738681035120962 ], [ -79.460952003052441, 43.74009652510221 ] ] ] } },
{ "type": "Feature", "properties": { "vor_id": 2431, "theft_count": 10, "bike_trips": 4398, "theft_per_1000_trips": 2.2737608003638017 }, "geometry": { "type": "Polygon", "coordinates": [ [ [ -79.419493032031298, 43.66155281738402 ], [ -79.420281969325714, 43.665176181117182 ], [ -79.419821419605, 43.665303645455012 ], [ -79.419012050830716, 43.665198629016778 ], [ -79.418126155582257, 43.66130354765145 ], [ -79.419493032031298, 43.66155281738402 ] ] ] } },
{ "type": "Feature", "properties": { "vor_id": 2437, "theft_count": 17, "bike_trips": 1103, "theft_per_1000_trips": 15.41251133272892 }, "geometry": { "type": "Polygon", "coordinates": [ [ [ -79.413735824645912, 43.648806148249783 ], [ -79.415570728615123, 43.646332066651077 ], [ -79.415794587433354, 43.645958580776515 ], [ -79.416363555362722, 43.645737217032384 ], [ -79.417520447900714, 43.646887629292159 ], [ -79.417913163363622, 43.647660508201383 ], [ -79.417939064568273, 43.648047270998696 ], [ -79.414399851627721, 43.64944820238572 ], [ -79.413735824645912, 43.648806148249783 ] ] ] } },
{ "type": "Feature", "properties": { "vor_id": 2439, "theft_count": 4, "bike_trips": 3735, "theft_per_1000_trips": 1.07095046854083 }, "geometry": { "type": "Polygon", "coordinates": [ [ [ -79.352581507082292, 43.763551691269733 ], [ -79.351679411210085, 43.762115790114848 ], [ -79.351288419340605, 43.75898183583476 ], [ -79.368284499775967, 43.75420859035183 ], [ -79.373318592424909, 43.759607569812594 ], [ -79.367323047996607, 43.76443329615882 ], [ -79.364987573231446, 43.764968145628778 ], [ -79.356444459482887, 43.764963433327921 ], [ -79.352581507082292, 43.763551691269733 ] ] ] } },
{ "type": "Feature", "properties": { "vor_id": 2440, "theft_count": 77, "bike_trips": 2093, "theft_per_1000_trips": 36.789297658862878 }, "geometry": { "type": "Polygon", "coordinates": [ [ [ -79.387683529492136, 43.667579804572689 ], [ -79.387173059218526, 43.666819597034554 ], [ -79.387186157786005, 43.666732548185955 ], [ -79.388511481862693, 43.66640057178671 ], [ -79.389075750496701, 43.666198673241112 ], [ -79.389655630949889, 43.666665007921054 ], [ -79.389446146671744, 43.667079556490769 ], [ -79.388021811532653, 43.667745116350794 ], [ -79.387683529492136, 43.667579804572689 ] ] ] } },
{ "type": "Feature", "properties": { "vor_id": 2442, "theft_count": 10, "bike_trips": 3153, "theft_per_1000_trips": 3.1715826197272441 }, "geometry": { "type": "Polygon", "coordinates": [ [ [ -79.248993002888398, 43.722639474847881 ], [ -79.245124111874929, 43.725362551567272 ], [ -79.237574306189316, 43.727823196075647 ], [ -79.234504482582722, 43.700341366666905 ], [ -79.234796542253335, 43.700283223877406 ], [ -79.249277358937491, 43.718976506149659 ], [ -79.248993002888398, 43.722639474847881 ] ] ] } },
{ "type": "Feature", "properties": { "vor_id": 2444, "theft_count": 11, "bike_trips": 3407, "theft_per_1000_trips": 3.2286469034341061 }, "geometry": { "type": "Polygon", "coordinates": [ [ [ -79.483115074803564, 43.661768196045934 ], [ -79.478985643516367, 43.661790765474848 ], [ -79.482244308880368, 43.657836555198074 ], [ -79.483115074803564, 43.661768196045934 ] ] ] } },
{ "type": "Feature", "properties": { "vor_id": 2445, "theft_count": 22, "bike_trips": 1124, "theft_per_1000_trips": 19.572953736654803 }, "geometry": { "type": "Polygon", "coordinates": [ [ [ -79.450297270184123, 43.652565643039743 ], [ -79.450309706192456, 43.652887268931188 ], [ -79.447540070202066, 43.653703758339759 ], [ -79.446012912047522, 43.651961693836157 ], [ -79.44734006778836, 43.650224527675455 ], [ -79.447647617993695, 43.650299882419013 ], [ -79.449521164824219, 43.651046854625484 ], [ -79.450123264921103, 43.65208561658249 ], [ -79.450297270184123, 43.652565643039743 ] ] ] } },
{ "type": "Feature", "properties": { "vor_id": 2448, "theft_count": 11, "bike_trips": 3490, "theft_per_1000_trips": 3.151862464183381 }, "geometry": { "type": "Polygon", "coordinates": [ [ [ -79.456462297263556, 43.676901096007704 ], [ -79.459151785666322, 43.671653963237404 ], [ -79.461401521676493, 43.673458769088505 ], [ -79.462976190070918, 43.680440502179536 ], [ -79.462824766534567, 43.680521628289675 ], [ -79.456462297263556, 43.676901096007704 ] ] ] } },
{ "type": "Feature", "properties": { "vor_id": 2454, "theft_count": 11, "bike_trips": 9338, "theft_per_1000_trips": 1.1779824373527523 }, "geometry": { "type": "Polygon", "coordinates": [ [ [ -79.464199893020535, 43.703726746423193 ], [ -79.460683326976337, 43.687689128944214 ], [ -79.471125761819181, 43.691874856420135 ], [ -79.470920640859603, 43.70013191412216 ], [ -79.464199893020535, 43.703726746423193 ] ] ] } },
{ "type": "Feature", "properties": { "vor_id": 2457, "theft_count": 4, "bike_trips": 1103, "theft_per_1000_trips": 3.626473254759746 }, "geometry": { "type": "Polygon", "coordinates": [ [ [ -79.418775937114475, 43.644422134267145 ], [ -79.418813789893647, 43.644484596110814 ], [ -79.417520447900714, 43.646887629292159 ], [ -79.416363555362722, 43.645737217032384 ], [ -79.416406546310043, 43.645364217461896 ], [ -79.418775937114475, 43.644422134267145 ] ] ] } },
{ "type": "Feature", "properties": { "vor_id": 2469, "theft_count": 11, "bike_trips": 2197, "theft_per_1000_trips": 5.006827492034593 }, "geometry": { "type": "Polygon", "coordinates": [ [ [ -79.415160384170719, 43.662814005008897 ], [ -79.415645137315607, 43.665057181797806 ], [ -79.414755073931957, 43.666289295873717 ], [ -79.414632036248733, 43.666244902286941 ], [ -79.414069385313283, 43.663700064591424 ], [ -79.414407086773892, 43.663116180606224 ], [ -79.415160384170719, 43.662814005008897 ] ] ] } },
{ "type": "Feature", "properties": { "vor_id": 2470, "theft_count": 3, "bike_trips": 11002, "theft_per_1000_trips": 0.27267769496455191 }, "geometry": { "type": "Polygon", "coordinates": [ [ [ -79.383441381755134, 43.794264715431531 ], [ -79.389457558256836, 43.804756047670324 ], [ -79.389199147644419, 43.804814439025563 ], [ -79.38880848947781, 43.804902806969018 ], [ -79.388222292649914, 43.805030019515002 ], [ -79.387468347123118, 43.805182068242836 ], [ -79.387275554786697, 43.805220966708646 ], [ -79.387221865573551, 43.805231764542619 ], [ -79.387221839071373, 43.8052317698832 ], [ -79.387138139071368, 43.805248669888499 ], [ -79.387137500447935, 43.805248804991841 ], [ -79.386486700447932, 43.805392805036668 ], [ -79.385861699978392, 43.805531105183626 ], [ -79.385753482630477, 43.805555109034444 ], [ -79.385753362656018, 43.805555135867145 ], [ -79.385628090540109, 43.805583384488521 ], [ -79.385300719649777, 43.805652636044627 ], [ -79.385299655282537, 43.805652878582187 ], [ -79.385219055282548, 43.805672578588265 ], [ -79.385218853474043, 43.80567262855719 ], [ -79.384907785712684, 43.805750645254854 ], [ -79.384667259890819, 43.80580593627004 ], [ -79.384451486731777, 43.805853686085825 ], [ -79.384079276560954, 43.805934066711849 ], [ -79.38366827882173, 43.806022766251594 ], [ -79.383668028049499, 43.806022821332284 ], [ -79.38358882804954, 43.806040521337785 ], [ -79.383381049440757, 43.806087094135798 ], [ -79.382895092838808, 43.806191763282214 ], [ -79.382894875067208, 43.806191810911074 ], [ -79.376489675067219, 43.807614011353664 ], [ -79.376489043059379, 43.807614157854857 ], [ -79.376231873266434, 43.80767630224517 ], [ -79.376076276939571, 43.807711665057738 ], [ -79.375952452290036, 43.807736988303141 ], [ -79.375952152986244, 43.807737050864695 ], [ -79.374500299936187, 43.80804709822479 ], [ -79.374442842413728, 43.808058511284536 ], [ -79.37230668987651, 43.801515120543378 ], [ -79.383441381755134, 43.794264715431531 ] ] ] } },
{ "type": "Feature", "properties": { "vor_id": 2472, "theft_count": 6, "bike_trips": 2369, "theft_per_1000_trips": 2.5327142254115658 }, "geometry": { "type": "Polygon", "coordinates": [ [ [ -79.429239898180469, 43.697028315327515 ], [ -79.427589278934676, 43.696220398653757 ], [ -79.427544273835565, 43.693387751180992 ], [ -79.428660910342685, 43.690631626206958 ], [ -79.428863039784616, 43.690630577283194 ], [ -79.431737598790122, 43.693275281123547 ], [ -79.431969105116735, 43.694045829860293 ], [ -79.429239898180469, 43.697028315327515 ] ] ] } },
{ "type": "Feature", "properties": { "vor_id": 2473, "theft_count": 17, "bike_trips": 1231, "theft_per_1000_trips": 13.809910641754669 }, "geometry": { "type": "Polygon", "coordinates": [ [ [ -79.366452708908696, 43.70973456318093 ], [ -79.366254736745134, 43.708795201754633 ], [ -79.367512947111251, 43.7054817575493 ], [ -79.371851490170982, 43.707943386461437 ], [ -79.369781193100621, 43.710965553324321 ], [ -79.367365652996853, 43.710406022606193 ], [ -79.366452708908696, 43.70973456318093 ] ] ] } },
{ "type": "Feature", "properties": { "vor_id": 2474, "theft_count": 4, "bike_trips": 9421, "theft_per_1000_trips": 0.42458337756076847 }, "geometry": { "type": "Polygon", "coordinates": [ [ [ -79.271820743102083, 43.783325855279124 ], [ -79.266223605103278, 43.78923585916781 ], [ -79.257725840111561, 43.780414640349044 ], [ -79.260130855706393, 43.772842742576103 ], [ -79.263371454480051, 43.772656380569323 ], [ -79.271820743102083, 43.783325855279124 ] ] ] } },
{ "type": "Feature", "properties": { "vor_id": 2477, "theft_count": 22, "bike_trips": 1264, "theft_per_1000_trips": 17.405063291139239 }, "geometry": { "type": "Polygon", "coordinates": [ [ [ -79.298396597601766, 43.695970605649315 ], [ -79.303631014535952, 43.696760352498046 ], [ -79.30456045136178, 43.697289768329888 ], [ -79.305595600414676, 43.701288225625802 ], [ -79.304189443335389, 43.703647033462019 ], [ -79.300513001026431, 43.705517111056388 ], [ -79.299088969001062, 43.704678662994588 ], [ -79.295368497902089, 43.699962499647093 ], [ -79.298396597601766, 43.695970605649315 ] ] ] } },
{ "type": "Feature", "properties": { "vor_id": 2478, "theft_count": 11, "bike_trips": 2292, "theft_per_1000_trips": 4.7993019197207678 }, "geometry": { "type": "Polygon", "coordinates": [ [ [ -79.472849708545738, 43.668378213284313 ], [ -79.473576488535855, 43.664497007640144 ], [ -79.473992989808707, 43.664335145799207 ], [ -79.47972728004838, 43.667933262255822 ], [ -79.47976020370271, 43.668008951865303 ], [ -79.479847635661784, 43.668966421799546 ], [ -79.472849708545738, 43.668378213284313 ] ] ] } },
{ "type": "Feature", "properties": { "vor_id": 2480, "theft_count": 12, "bike_trips": 2247, "theft_per_1000_trips": 5.3404539385847798 }, "geometry": { "type": "Polygon", "coordinates": [ [ [ -79.445979104294807, 43.646525876199959 ], [ -79.445951527836712, 43.645524070014289 ], [ -79.450636947945327, 43.643679429178199 ], [ -79.450840474781245, 43.644187753083493 ], [ -79.45101187982074, 43.645051306961783 ], [ -79.446293957632633, 43.646884050662891 ], [ -79.445979104294807, 43.646525876199959 ] ] ] } },
{ "type": "Feature", "properties": { "vor_id": 2482, "theft_count": 6, "bike_trips": 7672, "theft_per_1000_trips": 0.78206465067778941 }, "geometry": { "type": "Polygon", "coordinates": [ [ [ -79.287119558739548, 43.742561135610643 ], [ -79.288935294059797, 43.742703269081176 ], [ -79.30439844633203, 43.750409466302095 ], [ -79.304537840848923, 43.750526638407123 ], [ -79.302656923723447, 43.758881134708972 ], [ -79.292564568511636, 43.756396090743827 ], [ -79.287119558739548, 43.742561135610643 ] ] ] } },
{ "type": "Feature", "properties": { "vor_id": 2483, "theft_count": 13, "bike_trips": 2832, "theft_per_1000_trips": 4.5903954802259888 }, "geometry": { "type": "Polygon", "coordinates": [ [ [ -79.295368497902089, 43.699962499647093 ], [ -79.299088969001062, 43.704678662994588 ], [ -79.290493301581776, 43.705988545690808 ], [ -79.291094061602934, 43.700224977249398 ], [ -79.293414705963485, 43.699579307034874 ], [ -79.295368497902089, 43.699962499647093 ] ] ] } },
{ "type": "Feature", "properties": { "vor_id": 2493, "theft_count": 6, "bike_trips": 4418, "theft_per_1000_trips": 1.358080579447714 }, "geometry": { "type": "Polygon", "coordinates": [ [ [ -79.425356218651601, 43.648228472015035 ], [ -79.425814048512152, 43.6494277912836 ], [ -79.424085289767575, 43.650182615784033 ], [ -79.423689702167977, 43.649674977448733 ], [ -79.42370954667085, 43.648891158730571 ], [ -79.425356218651601, 43.648228472015035 ] ] ] } },
{ "type": "Feature", "properties": { "vor_id": 2496, "theft_count": 42, "bike_trips": 2151, "theft_per_1000_trips": 19.525801952580196 }, "geometry": { "type": "Polygon", "coordinates": [ [ [ -79.405536148850203, 43.665056739257494 ], [ -79.406028363056436, 43.667305525999545 ], [ -79.405196374662737, 43.66772692388556 ], [ -79.404712886306044, 43.665399800999687 ], [ -79.405536148850203, 43.665056739257494 ] ] ] } },
{ "type": "Feature", "properties": { "vor_id": 2499, "theft_count": 4408, "bike_trips": 91135, "theft_per_1000_trips": 48.367806002084819 }, "geometry": { "type": "MultiPolygon", "coordinates": [ [ [ [ -79.400486335121442, 43.635346340933161 ], [ -79.399856305164903, 43.634171361524423 ], [ -79.405299382012132, 43.62855814550641 ], [ -79.405292102404601, 43.628892980053365 ], [ -79.404433692995141, 43.631252949768388 ], [ -79.400486335121442, 43.635346340933161 ] ] ], [ [ [ -79.406498469524053, 43.632451128040103 ], [ -79.40925761119874, 43.637224502504068 ], [ -79.407666793594871, 43.63942521932799 ], [ -79.40599204021855, 43.636889234965707 ], [ -79.406498469524053, 43.632451128040103 ] ] ], [ [ [ -79.401752814008049, 43.637525234980146 ], [ -79.401828104776271, 43.637317804070854 ], [ -79.401746154614031, 43.636648660387642 ], [ -79.403713294330259, 43.635807091815742 ], [ -79.403748824989421, 43.635994170361698 ], [ -79.403295987058343, 43.636853780498782 ], [ -79.403146453587098, 43.638792527726665 ], [ -79.401752814008049, 43.637525234980146 ] ] ], [ [ [ -79.400426433718337, 43.636756087005914 ], [ -79.400874135017361, 43.637874150612866 ], [ -79.400898126528361, 43.637880647943255 ], [ -79.401804497730708, 43.640155005442189 ], [ -79.400513078806185, 43.640678088897999 ], [ -79.400298852595824, 43.640529234142278 ], [ -79.399930628049376, 43.638880546025966 ], [ -79.399851235362917, 43.638295760901606 ], [ -79.399783343912873, 43.638264455751248 ], [ -79.399141849976147, 43.637292202872139 ], [ -79.400426433718337, 43.636756087005914 ] ] ], [ [ [ -79.396161390633708, 43.644068311357053 ], [ -79.394910899865437, 43.644886068143826 ], [ -79.394183716258638, 43.645182399317562 ], [ -79.393120703365682, 43.644487411788873 ], [ -79.3930761540784, 43.644067150798534 ], [ -79.394125495363468, 43.643607098105086 ], [ -79.393698652720801, 43.641971953335648 ], [ -79.39272243517982, 43.642375635089309 ], [ -79.392466322199297, 43.641185935375916 ], [ -79.391944855043221, 43.640724771743024 ], [ -79.392266386995459, 43.639602826891178 ], [ -79.390915451257655, 43.638718116576413 ], [ -79.394230980148535, 43.636904013906936 ], [ -79.394637320424636, 43.637848483154833 ], [ -79.395310955773979, 43.638054794470307 ], [ -79.398142877342082, 43.636293373439777 ], [ -79.39823549709422, 43.636376575894019 ], [ -79.398406487336047, 43.636883300244605 ], [ -79.397830535920832, 43.638310526678517 ], [ -79.396560224806535, 43.638820689899028 ], [ -79.396858740572881, 43.639862343043838 ], [ -79.396979143109391, 43.640380086801279 ], [ -79.398745028658936, 43.639655620934789 ], [ -79.399687535857794, 43.640406655347526 ], [ -79.3980625014823, 43.641081583934692 ], [ -79.398659103276373, 43.643256585805176 ], [ -79.398570180825587, 43.643339368784538 ], [ -79.396272222672422, 43.643376883777954 ], [ -79.396161390633708, 43.644068311357053 ] ], [ [ -79.393553695660373, 43.639165794156291 ], [ -79.392820512626173, 43.639465117384489 ], [ -79.39306847875136, 43.640937238115988 ], [ -79.393910130659904, 43.640916063863656 ], [ -79.394427838507212, 43.641503651086261 ], [ -79.395328492465822, 43.641653576111693 ], [ -79.394622326772463, 43.637880849675128 ], [ -79.393553695660373, 43.639165794156291 ] ] ], [ [ [ -79.411596292664598, 43.65143334640841 ], [ -79.410543776182692, 43.652594619392822 ], [ -79.409513802343881, 43.653731020403427 ], [ -79.40952775997728, 43.653799252183532 ], [ -79.409408716214315, 43.653846965080184 ], [ -79.409352587059288, 43.653908894059427 ], [ -79.409128954446516, 43.654111582844926 ], [ -79.408347704122519, 43.654819666864384 ], [ -79.406377423570831, 43.656605425064583 ], [ -79.406151077200761, 43.656810573456298 ], [ -79.405716912208177, 43.65720407766824 ], [ -79.405262421225245, 43.657541151153985 ], [ -79.406091895977426, 43.656531151245822 ], [ -79.40380019326895, 43.655672232915421 ], [ -79.403628751260854, 43.654845665749534 ], [ -79.404151806470182, 43.653934378532128 ], [ -79.402648825121076, 43.651783228737131 ], [ -79.404059614194935, 43.651172354349001 ], [ -79.404751984483752, 43.653685675893605 ], [ -79.405705165073385, 43.653595167095745 ], [ -79.406279394364418, 43.656262427472683 ], [ -79.408335441398705, 43.654758076220681 ], [ -79.409046133257078, 43.653976700933192 ], [ -79.407418721739603, 43.652889619891994 ], [ -79.407394726159822, 43.652773409199952 ], [ -79.408194510573807, 43.649951513631208 ], [ -79.40873567212644, 43.64992713701092 ], [ -79.409122732867985, 43.649770883678549 ], [ -79.409138978115962, 43.649743674833026 ], [ -79.408534790828412, 43.647079620559495 ], [ -79.408760526721835, 43.646849124655098 ], [ -79.409438335504419, 43.64699678303468 ], [ -79.41031129313771, 43.646654656620164 ], [ -79.409977575415752, 43.645003704054858 ], [ -79.410493996936296, 43.644740690869646 ], [ -79.411098090593683, 43.643098750205489 ], [ -79.411429901002535, 43.642969002663378 ], [ -79.411501702383802, 43.642768793475859 ], [ -79.411697585492448, 43.640711650069363 ], [ -79.412790910804219, 43.640199762335463 ], [ -79.412788991519918, 43.639406167641035 ], [ -79.414994338481208, 43.638561897019997 ], [ -79.415080914402395, 43.639667428370025 ], [ -79.413319705451613, 43.640328310974127 ], [ -79.414333910762679, 43.64124251864871 ], [ -79.415691871227565, 43.64072366771866 ], [ -79.41581530468882, 43.640216509540764 ], [ -79.416751684412176, 43.639911481820555 ], [ -79.416840394894876, 43.639846030777456 ], [ -79.415543199732198, 43.635902195755122 ], [ -79.415491967904671, 43.635864266813783 ], [ -79.415150505535266, 43.635382626229308 ], [ -79.416386701111094, 43.628545074910782 ], [ -79.42117919464836, 43.634926535379769 ], [ -79.420617716471227, 43.636495761760692 ], [ -79.420191224625555, 43.637687726618353 ], [ -79.4194701408139, 43.639212330242984 ], [ -79.418810781011288, 43.640606429415335 ], [ -79.41809331121739, 43.642123391841388 ], [ -79.417747531566931, 43.642700290335561 ], [ -79.416339710828453, 43.645049097337264 ], [ -79.415794587433354, 43.645958580776515 ], [ -79.415570728615123, 43.646332066651077 ], [ -79.413735824645912, 43.648806148249783 ], [ -79.41264777066813, 43.650273219208273 ], [ -79.411596292664598, 43.65143334640841 ] ], [ [ -79.413198997397757, 43.647923627986387 ], [ -79.413204118739998, 43.647908329316202 ], [ -79.414777699201579, 43.646354213244962 ], [ -79.414216624293275, 43.643653227193603 ], [ -79.414236689294015, 43.643583622344494 ], [ -79.411998264467584, 43.643364733180597 ], [ -79.41234769746616, 43.645210325658319 ], [ -79.410981322655616, 43.645055008320568 ], [ -79.4113762600293, 43.647027719088953 ], [ -79.412558317544025, 43.647846953043 ], [ -79.413198997397757, 43.647923627986387 ] ] ], [ [ [ -79.403814008765522, 43.643240215662331 ], [ -79.403968149053426, 43.643656769389324 ], [ -79.403822497543004, 43.644010383729182 ], [ -79.403928255540208, 43.645447634912188 ], [ -79.402299062967373, 43.646113537456593 ], [ -79.402026134680455, 43.645859028533486 ], [ -79.4017904120156, 43.64518368788378 ], [ -79.401890586626223, 43.644791039266366 ], [ -79.401707832270247, 43.643890007010484 ], [ -79.403711044048791, 43.643080507018247 ], [ -79.403814008765522, 43.643240215662331 ] ] ], [ [ [ -79.39998456561716, 43.645227845574667 ], [ -79.400257747851995, 43.64659626161577 ], [ -79.400156263790464, 43.646742613825232 ], [ -79.399142341895242, 43.646573015863531 ], [ -79.398441617807009, 43.648024251160358 ], [ -79.397236851271558, 43.647303355431227 ], [ -79.39715583444314, 43.647117255290247 ], [ -79.397045714059516, 43.646578773769079 ], [ -79.397060387513989, 43.646285734886 ], [ -79.398482341558051, 43.645717353868498 ], [ -79.398891074106743, 43.64489231586618 ], [ -79.39998456561716, 43.645227845574667 ] ] ], [ [ [ -79.40611011608776, 43.647758145514814 ], [ -79.406061443558897, 43.647745813055373 ], [ -79.405640564329076, 43.645694391959232 ], [ -79.406625579287393, 43.644754377066072 ], [ -79.406718853783033, 43.644717930126092 ], [ -79.406784909679999, 43.644753283052147 ], [ -79.407307947576612, 43.647530810985373 ], [ -79.407146015031884, 43.647735126639006 ], [ -79.408065594256485, 43.649899589539736 ], [ -79.406482592030841, 43.650143004560462 ], [ -79.40611011608776, 43.647758145514814 ] ] ], [ [ [ -79.403198405072828, 43.648464166176026 ], [ -79.4019716506713, 43.648972934421622 ], [ -79.401602585419951, 43.647204818468133 ], [ -79.402318830543678, 43.646216571620201 ], [ -79.4029350513579, 43.64716037679019 ], [ -79.40449807290068, 43.646595280214093 ], [ -79.404754722578105, 43.647911891979582 ], [ -79.403275792644408, 43.648493200957979 ], [ -79.403198405072828, 43.648464166176026 ] ] ], [ [ [ -79.392638254214305, 43.648029464336389 ], [ -79.393857586036361, 43.647541170862162 ], [ -79.394496471138368, 43.647756846509466 ], [ -79.394506840134369, 43.647770550447412 ], [ -79.394637831578549, 43.648389490187405 ], [ -79.394900403855374, 43.648790729807942 ], [ -79.395080827282257, 43.649654761989019 ], [ -79.395077876454906, 43.649725556787196 ], [ -79.395133972354444, 43.649845044608668 ], [ -79.394322991848853, 43.651608538175687 ], [ -79.393503866333702, 43.651680713151748 ], [ -79.393143520956301, 43.65023990168644 ], [ -79.39314957526571, 43.650223460059962 ], [ -79.393680550957129, 43.650014280694869 ], [ -79.393422064156866, 43.648876355091446 ], [ -79.392798666451341, 43.64896298347751 ], [ -79.392510229940498, 43.64817764041365 ], [ -79.392638254214305, 43.648029464336389 ] ] ], [ [ [ -79.397866918977286, 43.649924007355125 ], [ -79.397843534808757, 43.649832312206286 ], [ -79.40000802147766, 43.648997828489506 ], [ -79.400899778277036, 43.649915381148077 ], [ -79.400797489542796, 43.650989053754181 ], [ -79.398612520985864, 43.650803422482149 ], [ -79.397866918977286, 43.649924007355125 ] ] ], [ [ [ -79.396144203586744, 43.650807757374544 ], [ -79.397134654446319, 43.650422227339867 ], [ -79.397394117180738, 43.65174899065893 ], [ -79.396227742855359, 43.651191177860859 ], [ -79.396144203586744, 43.650807757374544 ] ] ], [ [ [ -79.397221347339169, 43.65403044716151 ], [ -79.396988210797119, 43.652912948701136 ], [ -79.397614345287693, 43.651953938959636 ], [ -79.399142470166666, 43.653225134727748 ], [ -79.397466179054788, 43.654134168110325 ], [ -79.397221347339169, 43.65403044716151 ] ] ], [ [ [ -79.399100997432413, 43.655324676617056 ], [ -79.399276815827619, 43.656358636662908 ], [ -79.398529847850966, 43.656890335373774 ], [ -79.398072076715124, 43.655694178950263 ], [ -79.399100997432413, 43.655324676617056 ] ] ], [ [ [ -79.397044321390084, 43.65745253328766 ], [ -79.397431054763587, 43.657536915760033 ], [ -79.397808109313502, 43.659425593342661 ], [ -79.39561620935433, 43.659170146823975 ], [ -79.395408081821728, 43.658118351628829 ], [ -79.397044321390084, 43.65745253328766 ] ] ], [ [ [ -79.398509711190854, 43.6620846297265 ], [ -79.397567084841299, 43.662649618217493 ], [ -79.396407421346069, 43.663198098202628 ], [ -79.394773861090513, 43.66397071466281 ], [ -79.39488688751247, 43.662804686310068 ], [ -79.395631913451311, 43.66262662367231 ], [ -79.39612322936965, 43.661557604503606 ], [ -79.398226735930564, 43.660702174305122 ], [ -79.398418152028199, 43.660397374582317 ], [ -79.400195657656852, 43.660947188552043 ], [ -79.401280578679589, 43.659956158343228 ], [ -79.401090143698752, 43.65903640539392 ], [ -79.399938082817641, 43.658880573972901 ], [ -79.400132062051938, 43.657258318595233 ], [ -79.400805048438613, 43.656984522769001 ], [ -79.400832957727602, 43.657010460931645 ], [ -79.40120805783684, 43.658831497813587 ], [ -79.402461019830042, 43.658338259057814 ], [ -79.403178052951134, 43.658455709953266 ], [ -79.402769613121293, 43.656403962862754 ], [ -79.402897519862051, 43.656235430576608 ], [ -79.403359658876994, 43.656055092678017 ], [ -79.403852482449636, 43.658586833017146 ], [ -79.403752476090816, 43.658661002787795 ], [ -79.402717485685116, 43.659428603987557 ], [ -79.401775759650945, 43.660127035615226 ], [ -79.401616987105683, 43.660222200216573 ], [ -79.400219117604038, 43.661060050952159 ], [ -79.398509711190854, 43.6620846297265 ] ] ], [ [ [ -79.384642995036245, 43.639035546166426 ], [ -79.381873422021201, 43.64052258260093 ], [ -79.381589112026518, 43.640093246922071 ], [ -79.384562908942385, 43.638635211240697 ], [ -79.384642995036245, 43.639035546166426 ] ] ], [ [ [ -79.390020673927339, 43.641823638827489 ], [ -79.388970327063518, 43.642186687376444 ], [ -79.386702925815499, 43.642081435232839 ], [ -79.386175546434032, 43.64362494086695 ], [ -79.385093554468, 43.644083412039024 ], [ -79.383637552226475, 43.643736664116418 ], [ -79.383323387457324, 43.642197858883719 ], [ -79.385955519145824, 43.641104054598863 ], [ -79.386444775601262, 43.641461991136275 ], [ -79.389079531873065, 43.637589754359858 ], [ -79.389853183986204, 43.638456312889133 ], [ -79.390177615752492, 43.641443577380905 ], [ -79.390020673927339, 43.641823638827489 ] ] ], [ [ [ -79.391008935799434, 43.64426719624155 ], [ -79.390754077691483, 43.644145358666478 ], [ -79.390297227393262, 43.642080212068564 ], [ -79.392447596939263, 43.64282886436186 ], [ -79.392658126304028, 43.643642334109735 ], [ -79.391008935799434, 43.64426719624155 ] ] ], [ [ [ -79.383999999183075, 43.646925581792267 ], [ -79.384599015331673, 43.646584435744053 ], [ -79.385327244049407, 43.646925400263001 ], [ -79.385477434641331, 43.647671744479048 ], [ -79.38447167038882, 43.648281687689732 ], [ -79.384679926098798, 43.649300106155145 ], [ -79.383551316391149, 43.649792194868859 ], [ -79.383252357036696, 43.649542427049937 ], [ -79.382693708518332, 43.648634584605333 ], [ -79.381834193183252, 43.647899042121153 ], [ -79.381751970285109, 43.647526966448304 ], [ -79.381538191227179, 43.647327804530043 ], [ -79.381077267973382, 43.646293290087641 ], [ -79.380892217786041, 43.646042475010155 ], [ -79.380718264454174, 43.645274263464778 ], [ -79.380607647422579, 43.644673094537332 ], [ -79.382365435600263, 43.643934419922275 ], [ -79.382640872540719, 43.643966328507894 ], [ -79.382970830833003, 43.64548092512657 ], [ -79.383245035644634, 43.645666297474612 ], [ -79.383368301175267, 43.646858954636301 ], [ -79.383999999183075, 43.646925581792267 ] ] ], [ [ [ -79.391036974414519, 43.648284158251521 ], [ -79.390817246794271, 43.647239374975605 ], [ -79.39084070915419, 43.647134541804292 ], [ -79.391714115730409, 43.646774949039283 ], [ -79.391996855193099, 43.648139089514437 ], [ -79.391305352585505, 43.64841824297357 ], [ -79.391036974414519, 43.648284158251521 ] ] ], [ [ [ -79.388078972510897, 43.648444690309063 ], [ -79.388920532010999, 43.648098503795957 ], [ -79.389867222436251, 43.648752809985083 ], [ -79.389997052418565, 43.649393771497621 ], [ -79.389103503886972, 43.650058342005927 ], [ -79.387806140574355, 43.649296148664732 ], [ -79.388078972510897, 43.648444690309063 ] ] ], [ [ [ -79.392697851288332, 43.649220786644065 ], [ -79.392780633418596, 43.649612950568326 ], [ -79.391728996490414, 43.650040180617687 ], [ -79.391912715321055, 43.650751527531796 ], [ -79.391540107902685, 43.651534187196006 ], [ -79.390390834248677, 43.6512072944087 ], [ -79.390468772330024, 43.650382850397925 ], [ -79.390324274450336, 43.649732988431182 ], [ -79.391488083346488, 43.649278888605821 ], [ -79.391490789191465, 43.649272048272877 ], [ -79.392697851288332, 43.649220786644065 ] ] ], [ [ [ -79.385850566300206, 43.651701990723886 ], [ -79.385370879713491, 43.649473798938544 ], [ -79.385700514556305, 43.649239731783837 ], [ -79.387643436527341, 43.649479468170597 ], [ -79.387314344329099, 43.651469040272978 ], [ -79.386565859296155, 43.651704279581679 ], [ -79.385850566300206, 43.651701990723886 ] ] ], [ [ [ -79.383529076695211, 43.65010946402375 ], [ -79.383869523422803, 43.651675628741515 ], [ -79.382022649599421, 43.651171693632136 ], [ -79.381571321269391, 43.651999709055559 ], [ -79.380344465272643, 43.651226528305052 ], [ -79.381767029998045, 43.650615770042812 ], [ -79.381947439534571, 43.650832880539497 ], [ -79.383529076695211, 43.65010946402375 ] ] ], [ [ [ -79.387963720478396, 43.655053917542602 ], [ -79.386653123022612, 43.6556116935324 ], [ -79.38638859873015, 43.654337716049781 ], [ -79.387094348747851, 43.654047286864262 ], [ -79.38818015844214, 43.654223810183964 ], [ -79.387963720478396, 43.655053917542602 ] ] ], [ [ [ -79.386499089796047, 43.656194567787608 ], [ -79.387140674264444, 43.656951776081314 ], [ -79.385360899126084, 43.657633530670267 ], [ -79.385176136794414, 43.657432789615939 ], [ -79.385053887755731, 43.65683347447635 ], [ -79.384816770696617, 43.656612853246266 ], [ -79.382924864506947, 43.65738706952645 ], [ -79.382751300455709, 43.657099300572632 ], [ -79.382588003858956, 43.656651801339848 ], [ -79.38257447466772, 43.656587344544846 ], [ -79.382346805741733, 43.656144297724076 ], [ -79.382197010325996, 43.65544638494336 ], [ -79.382196713039463, 43.655428010962282 ], [ -79.382940856061211, 43.654435895664861 ], [ -79.383122603095671, 43.654363067751255 ], [ -79.384304624213257, 43.652235475306618 ], [ -79.384719416657518, 43.652242707905899 ], [ -79.385036404011544, 43.654128810830535 ], [ -79.385566183681945, 43.654634042307997 ], [ -79.385476217388103, 43.654787513451609 ], [ -79.385665479854879, 43.65563162148613 ], [ -79.386482676911726, 43.656117386279305 ], [ -79.386499089796047, 43.656194567787608 ] ] ], [ [ [ -79.390245038089063, 43.655424717327499 ], [ -79.390503236498006, 43.657175092879484 ], [ -79.388611394200808, 43.656629186180346 ], [ -79.389696193241519, 43.655238099367217 ], [ -79.390245038089063, 43.655424717327499 ] ] ], [ [ [ -79.386899100056482, 43.661438273655087 ], [ -79.38631134194425, 43.661078168007641 ], [ -79.386100197387051, 43.659949802448693 ], [ -79.387952672536926, 43.659180714006666 ], [ -79.387767300602817, 43.659799428515264 ], [ -79.388166948371023, 43.66270833140333 ], [ -79.387626472244378, 43.662471069251744 ], [ -79.386979266720743, 43.661797598927684 ], [ -79.386899100056482, 43.661438273655087 ] ] ], [ [ [ -79.383493133243533, 43.65983514508676 ], [ -79.38160985075649, 43.662200602485441 ], [ -79.381456486956822, 43.662262415191641 ], [ -79.38097995643848, 43.661760774702913 ], [ -79.380614071572438, 43.660996024077654 ], [ -79.38058866068107, 43.660884605157221 ], [ -79.383148875145267, 43.659834864365671 ], [ -79.383493133243533, 43.65983514508676 ] ] ], [ [ [ -79.39262464544737, 43.664928858323421 ], [ -79.392425333301389, 43.665000173349569 ], [ -79.390463798213787, 43.665702021826483 ], [ -79.389075750496701, 43.666198673241112 ], [ -79.388511481862693, 43.66640057178671 ], [ -79.387186157786005, 43.666732548185955 ], [ -79.387211239320209, 43.666565864410863 ], [ -79.388700241719036, 43.665896692436803 ], [ -79.388472795411531, 43.664934924807845 ], [ -79.388559025723211, 43.664152776256842 ], [ -79.388922827407185, 43.663162164431071 ], [ -79.389820640240998, 43.662885576772567 ], [ -79.39002405935355, 43.662726445315869 ], [ -79.389803487413531, 43.661389799517323 ], [ -79.391430150313823, 43.659526057255903 ], [ -79.390892150172633, 43.659152526371614 ], [ -79.390533889613209, 43.657569405775732 ], [ -79.390634949520333, 43.657312531095407 ], [ -79.391428799606544, 43.65716446799221 ], [ -79.392840720137769, 43.657741358664225 ], [ -79.39319129536868, 43.657596765886339 ], [ -79.393475862301031, 43.657599926666641 ], [ -79.39395260302291, 43.660114297702577 ], [ -79.392979316688127, 43.660911648598827 ], [ -79.392931269627468, 43.662265388395603 ], [ -79.392168538071786, 43.662765891190389 ], [ -79.392467016625773, 43.664895713875339 ], [ -79.39262464544737, 43.664928858323421 ] ] ], [ [ [ -79.383900597694605, 43.664597099354886 ], [ -79.382919002326787, 43.66574206361144 ], [ -79.382692946695144, 43.665564144645614 ], [ -79.382052930638991, 43.664621482856717 ], [ -79.38193487573308, 43.664080731016575 ], [ -79.383435840750877, 43.663454299792633 ], [ -79.383753089273426, 43.663553743236001 ], [ -79.383900597694605, 43.664597099354886 ] ] ], [ [ [ -79.386813874381545, 43.665859527160883 ], [ -79.385698806476682, 43.66632802487409 ], [ -79.38570626233836, 43.6664413198502 ], [ -79.383583895613995, 43.667362188388637 ], [ -79.383704025772005, 43.667599900332384 ], [ -79.381747084143285, 43.66789018520145 ], [ -79.38348275144827, 43.667179349982455 ], [ -79.383311001613862, 43.666404710942977 ], [ -79.385024270257759, 43.665693416929699 ], [ -79.385144309697864, 43.665521731758467 ], [ -79.386393185546112, 43.6650001710452 ], [ -79.386438437645495, 43.665037954358823 ], [ -79.386789470669484, 43.665651670958304 ], [ -79.386813874381545, 43.665859527160883 ] ] ], [ [ [ -79.383813528119958, 43.667816582108216 ], [ -79.385281147061619, 43.667209728531439 ], [ -79.385822640661587, 43.666985823457289 ], [ -79.385941801516253, 43.66704424320536 ], [ -79.386304414096486, 43.667222017489088 ], [ -79.386152400398103, 43.667991162459749 ], [ -79.384235338994131, 43.668779537476887 ], [ -79.383894230481133, 43.668190245453481 ], [ -79.383813528119958, 43.667816582108216 ] ] ], [ [ [ -79.377751487480595, 43.646586010833587 ], [ -79.377717844179614, 43.646920526881559 ], [ -79.377377881934692, 43.647185744857403 ], [ -79.37611907653428, 43.646621260226112 ], [ -79.37446758879075, 43.647364495329654 ], [ -79.373212587313191, 43.646484144559487 ], [ -79.372805445453693, 43.645326467877211 ], [ -79.370189872283234, 43.645411937277821 ], [ -79.369385265824278, 43.646323169114304 ], [ -79.370906684600641, 43.648503043369608 ], [ -79.371493983440047, 43.648538668856105 ], [ -79.372383236497484, 43.650709135990084 ], [ -79.37203764147074, 43.65064981345887 ], [ -79.370370125268124, 43.651389163108213 ], [ -79.370634339351199, 43.652508434183481 ], [ -79.37188906027751, 43.651965617966191 ], [ -79.372213574819284, 43.652778900162069 ], [ -79.372225260148198, 43.652952644389714 ], [ -79.372635305243108, 43.653458748344455 ], [ -79.373187703107604, 43.65380457167214 ], [ -79.374011237610731, 43.652264537419562 ], [ -79.37445628574045, 43.652504087432391 ], [ -79.374962058461193, 43.653086517949731 ], [ -79.3751902227974, 43.654085860660309 ], [ -79.37423885961114, 43.654473512951483 ], [ -79.373282493511837, 43.654264600883657 ], [ -79.373099912529227, 43.654496563816025 ], [ -79.373512159660393, 43.656488490500159 ], [ -79.373121659969783, 43.656965713904789 ], [ -79.371603664937979, 43.656748290879705 ], [ -79.37155375027551, 43.65680504667035 ], [ -79.370007886909661, 43.65745977573927 ], [ -79.370591966064026, 43.65990532444583 ], [ -79.369884390586307, 43.660194054468896 ], [ -79.369352165978341, 43.660231029596972 ], [ -79.368793026544949, 43.660455336277074 ], [ -79.368134689323711, 43.660450334512959 ], [ -79.367696144391573, 43.659961803632235 ], [ -79.368152602767495, 43.658782542315322 ], [ -79.368958852118979, 43.658468366397571 ], [ -79.369147201495423, 43.657447474170183 ], [ -79.369451220002645, 43.657325644631399 ], [ -79.36925631510772, 43.655547834714206 ], [ -79.370900684026608, 43.654896200927702 ], [ -79.370757008149596, 43.654231139949609 ], [ -79.370523328831041, 43.653672966924795 ], [ -79.370481568402212, 43.653620573254365 ], [ -79.370350539201056, 43.653044626340126 ], [ -79.369344924641069, 43.652563802003229 ], [ -79.368183078939424, 43.653047007937538 ], [ -79.367888511255799, 43.651685679502108 ], [ -79.368007615976637, 43.651370785035837 ], [ -79.369009785193327, 43.650943012197338 ], [ -79.369215565155642, 43.650672198176856 ], [ -79.369449417937417, 43.650723785357435 ], [ -79.371017889475894, 43.650055891563063 ], [ -79.370675156710902, 43.649083878967076 ], [ -79.369149321642382, 43.649700389456562 ], [ -79.369225468135724, 43.646397624414284 ], [ -79.367383321893115, 43.64666940092561 ], [ -79.36333530079655, 43.635240626754921 ], [ -79.365756346023019, 43.632668933882641 ], [ -79.367383302227864, 43.630259647908161 ], [ -79.354599895597232, 43.610232420944669 ], [ -79.387530412414392, 43.609424701798659 ], [ -79.394233126031594, 43.609260298869266 ], [ -79.395554518994217, 43.610922033897111 ], [ -79.388640550003089, 43.622762471862096 ], [ -79.386236022876432, 43.625013177971979 ], [ -79.382784610927843, 43.627153773685805 ], [ -79.379209562590219, 43.628642902566014 ], [ -79.374463487216005, 43.629970052560182 ], [ -79.371556744591786, 43.630334245391843 ], [ -79.369794371932485, 43.630385869959277 ], [ -79.374105930937077, 43.642977070912551 ], [ -79.37399147236215, 43.643694271966446 ], [ -79.373721143277251, 43.644531266873287 ], [ -79.373587913226885, 43.644749762004444 ], [ -79.375512241185561, 43.645284493981507 ], [ -79.377289226514506, 43.644522849014081 ], [ -79.377843931383737, 43.64482591554173 ], [ -79.377751487480595, 43.646586010833587 ] ] ], [ [ [ -79.345207293736095, 43.655203896610026 ], [ -79.345556940455623, 43.655688227168717 ], [ -79.34884713209351, 43.65846450574157 ], [ -79.348812430093489, 43.659026841096448 ], [ -79.349617102591736, 43.661495002171698 ], [ -79.35031448002799, 43.661995719896687 ], [ -79.35051024716941, 43.662101130310376 ], [ -79.35081688001884, 43.661738753526791 ], [ -79.352492184160567, 43.661129705607621 ], [ -79.354554252929461, 43.661766287179965 ], [ -79.354629236344337, 43.662340808257689 ], [ -79.356478582506369, 43.664492096452101 ], [ -79.358047328703663, 43.662074828972663 ], [ -79.360011967591461, 43.661984451947674 ], [ -79.360393007979695, 43.663564953339758 ], [ -79.361785539733276, 43.664190082502891 ], [ -79.361909384137448, 43.66476746445997 ], [ -79.363457738023797, 43.665136033295717 ], [ -79.363882272457559, 43.664998089234942 ], [ -79.36442182578611, 43.667385436604356 ], [ -79.364415415696413, 43.667430705379886 ], [ -79.366485676353435, 43.66658196476034 ], [ -79.366655286587857, 43.66679536766997 ], [ -79.368343126351121, 43.66614218871814 ], [ -79.368430458371392, 43.666178806151578 ], [ -79.368319896930046, 43.666944000873656 ], [ -79.366939577916995, 43.667506064047963 ], [ -79.367054698174385, 43.668009934814606 ], [ -79.365533600306421, 43.667784301260227 ], [ -79.364341582818042, 43.667607482168926 ], [ -79.364242731899154, 43.667592819020264 ], [ -79.362377060134534, 43.667125492571223 ], [ -79.360722466826459, 43.66671103852314 ], [ -79.359483014137254, 43.66640057178671 ], [ -79.358832610369475, 43.666167853597429 ], [ -79.356473589661988, 43.665323782491583 ], [ -79.354863076381747, 43.664747531625665 ], [ -79.352060687934014, 43.663422100601522 ], [ -79.350663418197172, 43.662761241233568 ], [ -79.350427411158691, 43.662649618217493 ], [ -79.349728494254165, 43.662230703546378 ], [ -79.348418987629287, 43.661445815480945 ], [ -79.347822071990265, 43.661421310065464 ], [ -79.347735427912028, 43.661036105553606 ], [ -79.346279788968531, 43.660163629147114 ], [ -79.346218736349002, 43.660127035615226 ], [ -79.343709496889062, 43.658266056799022 ], [ -79.342277583791812, 43.65720407766824 ], [ -79.34084832981047, 43.655908677368437 ], [ -79.338641908940659, 43.653908894059427 ], [ -79.33534672533186, 43.650273219208273 ], [ -79.332423767384867, 43.646332066651077 ], [ -79.329901184782557, 43.642123391841388 ], [ -79.328994805709641, 43.640207014303066 ], [ -79.327803271374435, 43.637687726618353 ], [ -79.32615023121339, 43.633067788862824 ], [ -79.324957983979829, 43.628308071100903 ], [ -79.324238011666381, 43.623454412016578 ], [ -79.323997248, 43.618553555000098 ], [ -79.324113952568112, 43.616177979351981 ], [ -79.32914778900394, 43.614995976650235 ], [ -79.356366779978501, 43.640977145710508 ], [ -79.355898778472152, 43.641776769293472 ], [ -79.350982575083435, 43.646069461420716 ], [ -79.347507388301153, 43.648068068317009 ], [ -79.346771449577275, 43.648188713545444 ], [ -79.345082942052755, 43.654146498712656 ], [ -79.345207293736095, 43.655203896610026 ] ] ], [ [ [ -79.378319466437745, 43.651576818657482 ], [ -79.37816203576115, 43.65141896910982 ], [ -79.377036722654879, 43.651902145488904 ], [ -79.376288915189676, 43.650975470841622 ], [ -79.376605616876589, 43.650196777459712 ], [ -79.376855762665826, 43.650088828612823 ], [ -79.37738197237536, 43.648074054476368 ], [ -79.378312103101436, 43.648851148010316 ], [ -79.379432218493889, 43.648286178518561 ], [ -79.379716070959432, 43.649611609666572 ], [ -79.379564993228513, 43.649933260974002 ], [ -79.378473546645992, 43.649644315921556 ], [ -79.377259265697958, 43.650157503640742 ], [ -79.378049641349236, 43.650941477058879 ], [ -79.379641252696715, 43.650279636164775 ], [ -79.379846984256005, 43.650652939722086 ], [ -79.379902997191337, 43.650927094068244 ], [ -79.378319466437745, 43.651576818657482 ] ] ], [ [ [ -79.367199373653165, 43.648743012837791 ], [ -79.367322840032742, 43.649281822432471 ], [ -79.367078332527797, 43.64968994148456 ], [ -79.365102799065554, 43.65054003247559 ], [ -79.364466383853113, 43.650538626467927 ], [ -79.364406469755366, 43.651538187273765 ], [ -79.362172097196677, 43.652486553482738 ], [ -79.361854699068687, 43.652347545885043 ], [ -79.361386713957401, 43.651317838590238 ], [ -79.364189341391267, 43.650123514588294 ], [ -79.364176733209007, 43.650065976202264 ], [ -79.36419509213664, 43.649990521264918 ], [ -79.364605501854371, 43.649578026362036 ], [ -79.367199373653165, 43.648743012837791 ] ] ], [ [ [ -79.379896361891937, 43.655099021696273 ], [ -79.379845437366654, 43.655086165106958 ], [ -79.37950168586012, 43.653299871760559 ], [ -79.380139408093683, 43.653029300668486 ], [ -79.380143888736072, 43.653031036187933 ], [ -79.380718680267364, 43.653917888914044 ], [ -79.380736682110353, 43.65474300877716 ], [ -79.379896361891937, 43.655099021696273 ] ] ], [ [ [ -79.356727069273731, 43.652358964431734 ], [ -79.356485532061001, 43.653205743099939 ], [ -79.356885861906846, 43.654861432902287 ], [ -79.356411243552017, 43.655184017516568 ], [ -79.356828379376324, 43.656638253240644 ], [ -79.356673122386923, 43.65717867973261 ], [ -79.355217715683395, 43.658122833979256 ], [ -79.353907647230528, 43.656853384783084 ], [ -79.354923481974893, 43.655382131922366 ], [ -79.355904970248275, 43.655129191761624 ], [ -79.355573374772675, 43.653630648779327 ], [ -79.355394716499049, 43.653476167719454 ], [ -79.354762084992146, 43.650704723826053 ], [ -79.356727069273731, 43.652358964431734 ] ] ], [ [ [ -79.361438478291419, 43.655337511507049 ], [ -79.361127086953118, 43.655799315557076 ], [ -79.359338952657794, 43.655751032809022 ], [ -79.358387420399822, 43.654102858404798 ], [ -79.358908190897509, 43.653090592111873 ], [ -79.360549980281775, 43.653829511558889 ], [ -79.361438478291419, 43.655337511507049 ] ] ], [ [ [ -79.376384175490273, 43.653880452070034 ], [ -79.376854397145948, 43.653933398157321 ], [ -79.377213010229809, 43.655488320741526 ], [ -79.376642228031074, 43.655723566026886 ], [ -79.37632495089629, 43.655737927698546 ], [ -79.375984915167578, 43.654044971562726 ], [ -79.376384175490273, 43.653880452070034 ] ] ], [ [ [ -79.361259234298032, 43.65887520598509 ], [ -79.361200345165543, 43.65864779300685 ], [ -79.359462945735942, 43.659364873006901 ], [ -79.358187959996314, 43.659093008107931 ], [ -79.358210250572469, 43.6583081871267 ], [ -79.358798711025244, 43.65746446532345 ], [ -79.361051631536327, 43.657572605441551 ], [ -79.361356241175656, 43.658197974817554 ], [ -79.363726142001042, 43.658061766620818 ], [ -79.363801048295514, 43.656655479469102 ], [ -79.365223772725884, 43.656071280233711 ], [ -79.366809834255164, 43.65681066535879 ], [ -79.366841809930179, 43.656997087987584 ], [ -79.366788342870038, 43.657088975659804 ], [ -79.365245165287519, 43.658292240079611 ], [ -79.364370871044613, 43.658647279079098 ], [ -79.364370800645943, 43.658707855231739 ], [ -79.364091627666284, 43.659265844456741 ], [ -79.363921658550069, 43.660100981103959 ], [ -79.362499317384234, 43.660704827934964 ], [ -79.362224175996744, 43.661720819555711 ], [ -79.362074436548355, 43.66180662471541 ], [ -79.360743124753697, 43.661667076612346 ], [ -79.361259234298032, 43.65887520598509 ] ] ], [ [ [ -79.378177710654057, 43.661299473418957 ], [ -79.37734450539017, 43.660746061465261 ], [ -79.377408058580201, 43.659933677013981 ], [ -79.378364409087254, 43.659279514444719 ], [ -79.379355070918379, 43.659333806338232 ], [ -79.380134047425216, 43.660472999595846 ], [ -79.378177710654057, 43.661299473418957 ] ] ], [ [ [ -79.377216773203969, 43.661990513697631 ], [ -79.375525554911746, 43.662694612704122 ], [ -79.375134614784145, 43.661700735706575 ], [ -79.377326601891582, 43.66076672258459 ], [ -79.377216773203969, 43.661990513697631 ] ] ], [ [ [ -79.379054428405766, 43.663886114779316 ], [ -79.378292724676257, 43.664197709277111 ], [ -79.37703070148099, 43.663926375444163 ], [ -79.377429721185464, 43.662972954203987 ], [ -79.378673198495989, 43.662344950845416 ], [ -79.378954005264376, 43.662579608465741 ], [ -79.37916256635306, 43.663563687349523 ], [ -79.379054428405766, 43.663886114779316 ] ] ], [ [ [ -79.375036545066664, 43.666367843091919 ], [ -79.373887794565505, 43.665672469867985 ], [ -79.373823475870438, 43.665601877985289 ], [ -79.373318021492238, 43.665404202512619 ], [ -79.373147746642445, 43.66515534104289 ], [ -79.372635100223093, 43.664952347895742 ], [ -79.370230988822414, 43.665960669503633 ], [ -79.369765821113347, 43.665640875169679 ], [ -79.369715887475252, 43.665401757687007 ], [ -79.370032950302701, 43.664425074289014 ], [ -79.371084848368767, 43.663947185563941 ], [ -79.37081255043924, 43.662659875422477 ], [ -79.372015115199446, 43.662160345258322 ], [ -79.372321489648129, 43.66171774436004 ], [ -79.371581450120999, 43.660001682475404 ], [ -79.371832182136686, 43.659726771086348 ], [ -79.374050202955132, 43.658786699671907 ], [ -79.374605984168298, 43.658985232637235 ], [ -79.374591574454911, 43.661367636718985 ], [ -79.37343167012952, 43.661833768722651 ], [ -79.373876024133907, 43.663940665668676 ], [ -79.375633324282845, 43.663202913376423 ], [ -79.376601757340936, 43.664106908187868 ], [ -79.376490825353287, 43.664475656789207 ], [ -79.376640558307741, 43.665201097703275 ], [ -79.377372106899443, 43.666059916720542 ], [ -79.378584133755623, 43.665544153857176 ], [ -79.379673178858582, 43.666162115503283 ], [ -79.3796847092229, 43.666215206447831 ], [ -79.377454795913096, 43.667140212995925 ], [ -79.377246284949379, 43.667805328342652 ], [ -79.377833586361859, 43.66797278315773 ], [ -79.380033431780802, 43.667016780579694 ], [ -79.38030186566462, 43.667521422362803 ], [ -79.380388877927231, 43.667922842453166 ], [ -79.380495328729012, 43.668075865576974 ], [ -79.379773793001533, 43.668182895291658 ], [ -79.378898105016461, 43.668312791333705 ], [ -79.378315958221151, 43.668341390371857 ], [ -79.37681320540662, 43.668415215883606 ], [ -79.37687160831554, 43.668033317844291 ], [ -79.376296670751174, 43.66775914648494 ], [ -79.375675934781142, 43.667624827718171 ], [ -79.375036545066664, 43.666367843091919 ] ] ], [ [ [ -79.367172614689011, 43.661886691363826 ], [ -79.368618255814667, 43.663128741522435 ], [ -79.368479340672721, 43.663440783391806 ], [ -79.366652192614993, 43.664190255842072 ], [ -79.367236237184869, 43.664680003554459 ], [ -79.367546017075455, 43.665010104813597 ], [ -79.367724859091382, 43.665566227667107 ], [ -79.366379267864346, 43.666111933147263 ], [ -79.365777796640756, 43.665341960317647 ], [ -79.365465203960426, 43.663898646877279 ], [ -79.365281907516533, 43.663713399030513 ], [ -79.365387007235384, 43.662606344336481 ], [ -79.367172614689011, 43.661886691363826 ] ] ], [ [ [ -79.368804809809276, 43.668269539352274 ], [ -79.36765602279921, 43.668099132896678 ], [ -79.368576817869553, 43.667820284518065 ], [ -79.36874597458538, 43.667975244442886 ], [ -79.370554973423566, 43.667231430561237 ], [ -79.370801716278692, 43.667554901056072 ], [ -79.37097486401467, 43.668405074796105 ], [ -79.369096390983515, 43.668312791333705 ], [ -79.368804809809276, 43.668269539352274 ] ] ], [ [ [ -79.374852708914645, 43.668511528900254 ], [ -79.373997248, 43.668553555000088 ], [ -79.373503233794651, 43.668529285638449 ], [ -79.372409642761937, 43.668475560956061 ], [ -79.373141911843817, 43.668191037912464 ], [ -79.373460481362386, 43.66834583406348 ], [ -79.374382000633915, 43.667957311951632 ], [ -79.374775480543647, 43.668009274622243 ], [ -79.374852708914645, 43.668511528900254 ] ] ] ] } },
{ "type": "Feature", "properties": { "vor_id": 2504, "theft_count": 2, "bike_trips": 3118, "theft_per_1000_trips": 0.6414368184733803 }, "geometry": { "type": "Polygon", "coordinates": [ [ [ -79.222603372137272, 43.783866286213488 ], [ -79.217983434381736, 43.785519326374526 ], [ -79.216902582791931, 43.786030531104458 ], [ -79.216789646969787, 43.784847960980422 ], [ -79.224324253610504, 43.77912303111286 ], [ -79.226245011930956, 43.782954102931456 ], [ -79.222603372137272, 43.783866286213488 ] ] ] } },
{ "type": "Feature", "properties": { "vor_id": 2507, "theft_count": 21, "bike_trips": 2435, "theft_per_1000_trips": 8.6242299794661204 }, "geometry": { "type": "Polygon", "coordinates": [ [ [ -79.401313157767746, 43.734058967738953 ], [ -79.401215412735397, 43.730450242264823 ], [ -79.406839430840293, 43.728977273895097 ], [ -79.4075245234269, 43.730283375477299 ], [ -79.406775019242545, 43.731573298657459 ], [ -79.404156735390558, 43.733390730514841 ], [ -79.401313157767746, 43.734058967738953 ] ] ] } },
{ "type": "Feature", "properties": { "vor_id": 2513, "theft_count": 24, "bike_trips": 8080, "theft_per_1000_trips": 2.9702970297029703 }, "geometry": { "type": "Polygon", "coordinates": [ [ [ -79.485400168995596, 43.678807780154777 ], [ -79.49210098463179, 43.687509585072078 ], [ -79.490894864296351, 43.690562695653433 ], [ -79.484868057874081, 43.692177818026174 ], [ -79.478746159919723, 43.6842973112824 ], [ -79.479752849160775, 43.679558330138043 ], [ -79.480580318508572, 43.678889346698526 ], [ -79.485400168995596, 43.678807780154777 ] ] ] } },
{ "type": "Feature", "properties": { "vor_id": 2514, "theft_count": 22, "bike_trips": 2226, "theft_per_1000_trips": 9.8831985624438463 }, "geometry": { "type": "Polygon", "coordinates": [ [ [ -79.441760567911601, 43.656160053628412 ], [ -79.442656573009089, 43.660570134055938 ], [ -79.441446044183593, 43.660756150879983 ], [ -79.440392580571043, 43.66066380011155 ], [ -79.439423021182421, 43.660383203145095 ], [ -79.440694079201634, 43.656295397282101 ], [ -79.441760567911601, 43.656160053628412 ] ] ] } },
{ "type": "Feature", "properties": { "vor_id": 2515, "theft_count": 7, "bike_trips": 2239, "theft_per_1000_trips": 3.1263957123715946 }, "geometry": { "type": "Polygon", "coordinates": [ [ [ -79.452364438484324, 43.657081343424629 ], [ -79.452389653801305, 43.65722805203098 ], [ -79.451517571683453, 43.659775253196329 ], [ -79.448968003992562, 43.660790789146084 ], [ -79.44878099460945, 43.659156454972255 ], [ -79.449415405379597, 43.658291033278623 ], [ -79.452364438484324, 43.657081343424629 ] ] ] } },
{ "type": "Feature", "properties": { "vor_id": 2516, "theft_count": 15, "bike_trips": 4409, "theft_per_1000_trips": 3.4021320027217055 }, "geometry": { "type": "Polygon", "coordinates": [ [ [ -79.421590067207092, 43.642642710822827 ], [ -79.422426150169045, 43.642330205251731 ], [ -79.422789404250352, 43.642403254808983 ], [ -79.423172411851255, 43.644253678460551 ], [ -79.422000192652646, 43.644708540677989 ], [ -79.421590067207092, 43.642642710822827 ] ] ] } },
{ "type": "Feature", "properties": { "vor_id": 2519, "theft_count": 0, "bike_trips": 1295, "theft_per_1000_trips": 0.0 }, "geometry": { "type": "Polygon", "coordinates": [ [ [ -79.350987739454482, 43.663873784117222 ], [ -79.350904426109153, 43.663799896895881 ], [ -79.350663418197172, 43.662761241233568 ], [ -79.352060687934014, 43.663422100601522 ], [ -79.350987739454482, 43.663873784117222 ] ] ] } },
{ "type": "Feature", "properties": { "vor_id": 2523, "theft_count": 6, "bike_trips": 3545, "theft_per_1000_trips": 1.692524682651622 }, "geometry": { "type": "Polygon", "coordinates": [ [ [ -79.427436981087183, 43.680489159095785 ], [ -79.428456946339097, 43.680437133210951 ], [ -79.42878094455574, 43.682061868346658 ], [ -79.426619403065402, 43.684650163107115 ], [ -79.425946815114912, 43.684340020199912 ], [ -79.425116427625781, 43.683032394288027 ], [ -79.427436981087183, 43.680489159095785 ] ] ] } },
{ "type": "Feature", "properties": { "vor_id": 2524, "theft_count": 4, "bike_trips": 1301, "theft_per_1000_trips": 3.0745580322828592 }, "geometry": { "type": "Polygon", "coordinates": [ [ [ -79.354799565594405, 43.684999498411287 ], [ -79.362366699668229, 43.687765181098058 ], [ -79.355034282557909, 43.687498306913845 ], [ -79.354799565594405, 43.684999498411287 ] ] ] } },
{ "type": "Feature", "properties": { "vor_id": 2529, "theft_count": 20, "bike_trips": 4394, "theft_per_1000_trips": 4.5516613563950834 }, "geometry": { "type": "Polygon", "coordinates": [ [ [ -79.419086097362921, 43.763650808769832 ], [ -79.418068820103286, 43.763555145441316 ], [ -79.41536559026504, 43.763114379634573 ], [ -79.413271253177072, 43.762321058903517 ], [ -79.412197201021726, 43.761609023540487 ], [ -79.411676315197795, 43.760906712269396 ], [ -79.411152540374033, 43.758372296119639 ], [ -79.41636993117379, 43.754677344066749 ], [ -79.419086097362921, 43.763650808769832 ] ] ] } },
{ "type": "Feature", "properties": { "vor_id": 2539, "theft_count": 13, "bike_trips": 3754, "theft_per_1000_trips": 3.4629728289824189 }, "geometry": { "type": "Polygon", "coordinates": [ [ [ -79.37377848587407, 43.699880885767385 ], [ -79.368718685314263, 43.700148568142943 ], [ -79.366496838580048, 43.697926577196476 ], [ -79.372479081802453, 43.695602694382657 ], [ -79.37377848587407, 43.699880885767385 ] ] ] } },
{ "type": "Feature", "properties": { "vor_id": 2543, "theft_count": 17, "bike_trips": 1098, "theft_per_1000_trips": 15.482695810564664 }, "geometry": { "type": "Polygon", "coordinates": [ [ [ -79.415562370928328, 43.66193484020355 ], [ -79.413095281493014, 43.660583034778966 ], [ -79.414040403078886, 43.659337975707793 ], [ -79.415105045251863, 43.659720914830523 ], [ -79.415562370928328, 43.66193484020355 ] ] ] } },
{ "type": "Feature", "properties": { "vor_id": 2545, "theft_count": 8, "bike_trips": 6623, "theft_per_1000_trips": 1.2079118224369623 }, "geometry": { "type": "Polygon", "coordinates": [ [ [ -79.494380980205321, 43.641259481924415 ], [ -79.494088493968817, 43.634198748583103 ], [ -79.499301119689662, 43.631030954274898 ], [ -79.500323031348913, 43.631788855615234 ], [ -79.504531706158559, 43.634311438217509 ], [ -79.506610343543514, 43.635294560482436 ], [ -79.497524235174865, 43.643696381392147 ], [ -79.494380980205321, 43.641259481924415 ] ] ] } },
{ "type": "Feature", "properties": { "vor_id": 2546, "theft_count": 38, "bike_trips": 5567, "theft_per_1000_trips": 6.8259385665529013 }, "geometry": { "type": "Polygon", "coordinates": [ [ [ -79.31214504863064, 43.665239473613894 ], [ -79.316171593976307, 43.659086848226195 ], [ -79.317477820475972, 43.666308101882791 ], [ -79.315214705116034, 43.669147827362629 ], [ -79.312922010431748, 43.668551647503392 ], [ -79.312869013527319, 43.668494857906126 ], [ -79.31214504863064, 43.665239473613894 ] ] ] } },
{ "type": "Feature", "properties": { "vor_id": 2552, "theft_count": 30, "bike_trips": 2205, "theft_per_1000_trips": 13.605442176870747 }, "geometry": { "type": "Polygon", "coordinates": [ [ [ -79.415786986485614, 43.651499764030078 ], [ -79.414655622614475, 43.650712925199855 ], [ -79.414399851627721, 43.64944820238572 ], [ -79.417939064568273, 43.648047270998696 ], [ -79.419876853043675, 43.649750870734913 ], [ -79.41989340950137, 43.649889049821624 ], [ -79.415786986485614, 43.651499764030078 ] ] ] } },
{ "type": "Feature", "properties": { "vor_id": 2554, "theft_count": 43, "bike_trips": 4794, "theft_per_1000_trips": 8.9695452649144762 }, "geometry": { "type": "Polygon", "coordinates": [ [ [ -79.434357274072227, 43.714951183698162 ], [ -79.435641798469504, 43.716372963869311 ], [ -79.436532711172021, 43.717793811506482 ], [ -79.436636697633205, 43.718037860962276 ], [ -79.436919324789187, 43.725083222163512 ], [ -79.429688396276546, 43.72082461630557 ], [ -79.428357598104583, 43.713530081258 ], [ -79.428512640906561, 43.713273253762047 ], [ -79.432455704494217, 43.713503069828647 ], [ -79.433045408467919, 43.713907061143026 ], [ -79.434357274072227, 43.714951183698162 ] ] ] } },
{ "type": "Feature", "properties": { "vor_id": 2555, "theft_count": 15, "bike_trips": 6094, "theft_per_1000_trips": 2.4614374794880209 }, "geometry": { "type": "Polygon", "coordinates": [ [ [ -79.509797368833674, 43.670456796170242 ], [ -79.498859079474613, 43.659737895627394 ], [ -79.503086441571469, 43.656804155568629 ], [ -79.508438187671018, 43.66634157325506 ], [ -79.509797368833674, 43.670456796170242 ] ] ] } },
{ "type": "Feature", "properties": { "vor_id": 2563, "theft_count": 10, "bike_trips": 3392, "theft_per_1000_trips": 2.9481132075471699 }, "geometry": { "type": "Polygon", "coordinates": [ [ [ -79.467499832221606, 43.660826069979748 ], [ -79.467150557241567, 43.659366304499706 ], [ -79.468177775337679, 43.657759130121768 ], [ -79.469841594919245, 43.657049281158564 ], [ -79.470266605275242, 43.659589208036031 ], [ -79.469389699829648, 43.6608170288333 ], [ -79.467499832221606, 43.660826069979748 ] ] ] } },
{ "type": "Feature", "properties": { "vor_id": 2568, "theft_count": 8, "bike_trips": 2278, "theft_per_1000_trips": 3.5118525021949076 }, "geometry": { "type": "Polygon", "coordinates": [ [ [ -79.427348033805089, 43.669447857902014 ], [ -79.428013449174543, 43.670536455836761 ], [ -79.427077865901467, 43.671558572251207 ], [ -79.42507542126765, 43.671466580374712 ], [ -79.425206744191186, 43.670303140039898 ], [ -79.427348033805089, 43.669447857902014 ] ] ] } },
{ "type": "Feature", "properties": { "vor_id": 2574, "theft_count": 11, "bike_trips": 2561, "theft_per_1000_trips": 4.2951971885982037 }, "geometry": { "type": "Polygon", "coordinates": [ [ [ -79.326821574126214, 43.679744966255164 ], [ -79.325467575381325, 43.680310622457 ], [ -79.324702034510523, 43.676726867416839 ], [ -79.326514125509789, 43.676033915624807 ], [ -79.327837349842497, 43.678040501584022 ], [ -79.328004579487342, 43.678396357474902 ], [ -79.326821574126214, 43.679744966255164 ] ] ] } },
{ "type": "Feature", "properties": { "vor_id": 2580, "theft_count": 15, "bike_trips": 2157, "theft_per_1000_trips": 6.9541029207232272 }, "geometry": { "type": "Polygon", "coordinates": [ [ [ -79.400224014640202, 43.652450671483969 ], [ -79.401248231130864, 43.654136676312277 ], [ -79.399699110626699, 43.654732194888425 ], [ -79.399640446700005, 43.654619664820601 ], [ -79.399363131353155, 43.653221230830816 ], [ -79.400224014640202, 43.652450671483969 ] ] ] } },
{ "type": "Feature", "properties": { "vor_id": 2581, "theft_count": 23, "bike_trips": 6126, "theft_per_1000_trips": 3.7544890630101206 }, "geometry": { "type": "Polygon", "coordinates": [ [ [ -79.390211034826748, 43.708619133828137 ], [ -79.389413281394525, 43.708924575697338 ], [ -79.386499788335399, 43.708604381185737 ], [ -79.384908118197998, 43.706804702990965 ], [ -79.385760610844216, 43.704146732725405 ], [ -79.390935012608992, 43.704138659745084 ], [ -79.39137901566221, 43.706311321578035 ], [ -79.390211034826748, 43.708619133828137 ] ] ] } },
{ "type": "Feature", "properties": { "vor_id": 2586, "theft_count": 9, "bike_trips": 3399, "theft_per_1000_trips": 2.64783759929391 }, "geometry": { "type": "Polygon", "coordinates": [ [ [ -79.476459283515098, 43.649854743660057 ], [ -79.477552630652838, 43.654399740175293 ], [ -79.476547579770269, 43.6540093550379 ], [ -79.475409845752466, 43.649186330396425 ], [ -79.476459283515098, 43.649854743660057 ] ] ] } },
{ "type": "Feature", "properties": { "vor_id": 2587, "theft_count": 12, "bike_trips": 2364, "theft_per_1000_trips": 5.0761421319796947 }, "geometry": { "type": "Polygon", "coordinates": [ [ [ -79.422560510154099, 43.683704098829033 ], [ -79.423850945968624, 43.682037444235988 ], [ -79.425116427625781, 43.683032394288027 ], [ -79.425946815114912, 43.684340020199912 ], [ -79.422930882032261, 43.685557380634719 ], [ -79.422560510154099, 43.683704098829033 ] ] ] } },
{ "type": "Feature", "properties": { "vor_id": 2592, "theft_count": 32, "bike_trips": 2272, "theft_per_1000_trips": 14.084507042253522 }, "geometry": { "type": "Polygon", "coordinates": [ [ [ -79.401515991154099, 43.674913861684871 ], [ -79.402483484344373, 43.676546423012255 ], [ -79.401228513466322, 43.679057433038615 ], [ -79.398350814789836, 43.678085405965057 ], [ -79.398269108571668, 43.677923818978172 ], [ -79.399045437096945, 43.67454686755363 ], [ -79.401515991154099, 43.674913861684871 ] ] ] } },
{ "type": "Feature", "properties": { "vor_id": 2597, "theft_count": 17, "bike_trips": 2591, "theft_per_1000_trips": 6.5611732921651873 }, "geometry": { "type": "Polygon", "coordinates": [ [ [ -79.344017457683165, 43.666368453302141 ], [ -79.344077906936818, 43.666048460662417 ], [ -79.345919514319462, 43.663674911784284 ], [ -79.346028883504474, 43.663714268634862 ], [ -79.348259352795566, 43.664887920798641 ], [ -79.347971053799355, 43.66716370704939 ], [ -79.346720138811392, 43.667633854410319 ], [ -79.344890264422503, 43.667272026081406 ], [ -79.344017457683165, 43.666368453302141 ] ] ] } },
{ "type": "Feature", "properties": { "vor_id": 2599, "theft_count": 8, "bike_trips": 1296, "theft_per_1000_trips": 6.1728395061728394 }, "geometry": { "type": "Polygon", "coordinates": [ [ [ -79.345458394878577, 43.670631840377901 ], [ -79.347231451153178, 43.669944332776851 ], [ -79.348740044033036, 43.670762503917125 ], [ -79.345717874197717, 43.672111378672788 ], [ -79.345458394878577, 43.670631840377901 ] ] ] } },
{ "type": "Feature", "properties": { "vor_id": 2600, "theft_count": 7, "bike_trips": 1106, "theft_per_1000_trips": 6.3291139240506329 }, "geometry": { "type": "Polygon", "coordinates": [ [ [ -79.429657236569398, 43.647666592363535 ], [ -79.428762285895615, 43.649207383292023 ], [ -79.426527478013455, 43.647839789219802 ], [ -79.427360110758215, 43.646375732596745 ], [ -79.429657236569398, 43.647666592363535 ] ] ] } },
{ "type": "Feature", "properties": { "vor_id": 2602, "theft_count": 17, "bike_trips": 7081, "theft_per_1000_trips": 2.4007908487501766 }, "geometry": { "type": "Polygon", "coordinates": [ [ [ -79.309764454489184, 43.76116819738089 ], [ -79.303015150766228, 43.759600647603222 ], [ -79.302656923723447, 43.758881134708972 ], [ -79.304537840848923, 43.750526638407123 ], [ -79.321299299996113, 43.742128896420581 ], [ -79.321706506583851, 43.742376335820438 ], [ -79.309764454489184, 43.76116819738089 ] ] ] } },
{ "type": "Feature", "properties": { "vor_id": 2603, "theft_count": 16, "bike_trips": 6150, "theft_per_1000_trips": 2.6016260162601625 }, "geometry": { "type": "Polygon", "coordinates": [ [ [ -79.33144056163907, 43.784996460498739 ], [ -79.326729091580418, 43.785211421253145 ], [ -79.325918280242561, 43.781380481381987 ], [ -79.324703104336351, 43.775638990591148 ], [ -79.327741121911828, 43.76910320643514 ], [ -79.333636660553225, 43.77075469520824 ], [ -79.332096923556776, 43.784966513995577 ], [ -79.33144056163907, 43.784996460498739 ] ] ] } },
{ "type": "Feature", "properties": { "vor_id": 2606, "theft_count": 9, "bike_trips": 6271, "theft_per_1000_trips": 1.43517780258332 }, "geometry": { "type": "Polygon", "coordinates": [ [ [ -79.208938256409368, 43.76734236530055 ], [ -79.203296858096351, 43.769735649981598 ], [ -79.201864274407626, 43.759082251184822 ], [ -79.206462229228691, 43.754010167836206 ], [ -79.207933246809446, 43.753806481654607 ], [ -79.208938256409368, 43.76734236530055 ] ] ] } },
{ "type": "Feature", "properties": { "vor_id": 2607, "theft_count": 0, "bike_trips": 1345, "theft_per_1000_trips": 0.0 }, "geometry": { "type": "Polygon", "coordinates": [ [ [ -79.571619545208179, 43.62719877966822 ], [ -79.569735172278257, 43.628596325881084 ], [ -79.569226595688363, 43.626906345969935 ], [ -79.569629627322442, 43.626995456364284 ], [ -79.569632000954655, 43.62699589685851 ], [ -79.569634420050193, 43.62699617946965 ], [ -79.56963686460918, 43.626996301861212 ], [ -79.569970764609195, 43.627002001859353 ], [ -79.569972971410863, 43.627001974091321 ], [ -79.569975167672368, 43.627001815701718 ], [ -79.570229567672371, 43.626975815710075 ], [ -79.570231881955436, 43.62697550403113 ], [ -79.570234149834477, 43.626975047355479 ], [ -79.57023635400607, 43.626974449167456 ], [ -79.570512249796849, 43.626889450489635 ], [ -79.571348845591416, 43.626631951860929 ], [ -79.571351243875498, 43.626631110005619 ], [ -79.572387986642156, 43.626220163407048 ], [ -79.572790778809747, 43.626137235640897 ], [ -79.571619545208179, 43.62719877966822 ] ] ] } },
{ "type": "Feature", "properties": { "vor_id": 2608, "theft_count": 24, "bike_trips": 2563, "theft_per_1000_trips": 9.3640265314085056 }, "geometry": { "type": "Polygon", "coordinates": [ [ [ -79.33095970012684, 43.681233287162897 ], [ -79.33069813290129, 43.682138110751914 ], [ -79.328249806912254, 43.683136040136127 ], [ -79.327803107572862, 43.682894955370003 ], [ -79.329791408705319, 43.679558663897247 ], [ -79.330601098447531, 43.679593836744424 ], [ -79.33095970012684, 43.681233287162897 ] ] ] } },
{ "type": "Feature", "properties": { "vor_id": 2612, "theft_count": 3, "bike_trips": 5906, "theft_per_1000_trips": 0.50795800880460551 }, "geometry": { "type": "Polygon", "coordinates": [ [ [ -79.539154602512724, 43.771784137769565 ], [ -79.537778799401835, 43.772069867194809 ], [ -79.535643648214659, 43.772494237750657 ], [ -79.535643144520634, 43.772494341674864 ], [ -79.534805045394322, 43.772673641543896 ], [ -79.534256408198885, 43.772790985371302 ], [ -79.533311971637175, 43.77297803325537 ], [ -79.533311665475651, 43.772978095295983 ], [ -79.529778346644576, 43.773710348014667 ], [ -79.528894224786484, 43.770180735137274 ], [ -79.527241184625439, 43.765560797381738 ], [ -79.525143271217317, 43.761125132158703 ], [ -79.522702167369502, 43.757052396438326 ], [ -79.532235734354288, 43.754990711083813 ], [ -79.53237939566084, 43.755187415415364 ], [ -79.539154602512724, 43.771784137769565 ] ] ] } },
{ "type": "Feature", "properties": { "vor_id": 2613, "theft_count": 8, "bike_trips": 3875, "theft_per_1000_trips": 2.064516129032258 }, "geometry": { "type": "Polygon", "coordinates": [ [ [ -79.513946731975636, 43.695154666058144 ], [ -79.51375954520671, 43.691145034828565 ], [ -79.520921684801266, 43.687368054273499 ], [ -79.524295535022318, 43.688811471655072 ], [ -79.527277337640072, 43.694295130405756 ], [ -79.520982343917822, 43.697467477416517 ], [ -79.517720889710574, 43.69846658095166 ], [ -79.514741115732875, 43.697048549650887 ], [ -79.513946731975636, 43.695154666058144 ] ] ] } },
{ "type": "Feature", "properties": { "vor_id": 2616, "theft_count": 3, "bike_trips": 2210, "theft_per_1000_trips": 1.3574660633484161 }, "geometry": { "type": "Polygon", "coordinates": [ [ [ -79.427370901494257, 43.669069562644296 ], [ -79.429434572826779, 43.668200770377602 ], [ -79.43004580174518, 43.668792349536027 ], [ -79.428978150861411, 43.67076549711787 ], [ -79.428013449174543, 43.670536455836761 ], [ -79.427348033805089, 43.669447857902014 ], [ -79.427370901494257, 43.669069562644296 ] ] ] } },
{ "type": "Feature", "properties": { "vor_id": 2617, "theft_count": 41, "bike_trips": 6669, "theft_per_1000_trips": 6.1478482531114116 }, "geometry": { "type": "Polygon", "coordinates": [ [ [ -79.50904457111794, 43.64445665203764 ], [ -79.51321802448625, 43.640338898651443 ], [ -79.517518825050601, 43.64492155498862 ], [ -79.515467303976322, 43.654520153257103 ], [ -79.509332246389008, 43.653423676029362 ], [ -79.50904457111794, 43.64445665203764 ] ] ] } },
{ "type": "Feature", "properties": { "vor_id": 2619, "theft_count": 12, "bike_trips": 1112, "theft_per_1000_trips": 10.791366906474821 }, "geometry": { "type": "Polygon", "coordinates": [ [ [ -79.437210376360554, 43.662515049977067 ], [ -79.438374997672796, 43.660727624477246 ], [ -79.439423021182421, 43.660383203145095 ], [ -79.440392580571043, 43.66066380011155 ], [ -79.441280637899837, 43.665140082676757 ], [ -79.440621217135771, 43.66604792681634 ], [ -79.439403517250312, 43.665731786162269 ], [ -79.437329348334927, 43.663108123956029 ], [ -79.437210376360554, 43.662515049977067 ] ] ] } },
{ "type": "Feature", "properties": { "vor_id": 2620, "theft_count": 21, "bike_trips": 2537, "theft_per_1000_trips": 8.2774931020890818 }, "geometry": { "type": "Polygon", "coordinates": [ [ [ -79.291650937081428, 43.662391057494496 ], [ -79.293441879154244, 43.661388292946292 ], [ -79.294736435458645, 43.663800444821035 ], [ -79.297041651693547, 43.674695680750972 ], [ -79.296193612808196, 43.675086943188532 ], [ -79.29513843377795, 43.675328543839974 ], [ -79.294353782933342, 43.675463187210688 ], [ -79.291650937081428, 43.662391057494496 ] ] ] } },
{ "type": "Feature", "properties": { "vor_id": 2621, "theft_count": 0, "bike_trips": 2039, "theft_per_1000_trips": 0.0 }, "geometry": { "type": "Polygon", "coordinates": [ [ [ -79.359603330971396, 43.668543620625549 ], [ -79.358746863197169, 43.669031547589967 ], [ -79.35759550399392, 43.668231471538483 ], [ -79.358832610369475, 43.666167853597429 ], [ -79.359483014137254, 43.66640057178671 ], [ -79.360722466826459, 43.66671103852314 ], [ -79.359603330971396, 43.668543620625549 ] ] ] } },
{ "type": "Feature", "properties": { "vor_id": 2626, "theft_count": 6, "bike_trips": 2413, "theft_per_1000_trips": 2.4865312888520514 }, "geometry": { "type": "Polygon", "coordinates": [ [ [ -79.396780732051354, 43.684962979824064 ], [ -79.39656375559511, 43.684418556314512 ], [ -79.403293434211392, 43.681621265197478 ], [ -79.403962739921226, 43.682064562728392 ], [ -79.403412809039636, 43.683062688482408 ], [ -79.398462260552904, 43.68510469152627 ], [ -79.396780732051354, 43.684962979824064 ] ] ] } },
{ "type": "Feature", "properties": { "vor_id": 2628, "theft_count": 18, "bike_trips": 3470, "theft_per_1000_trips": 5.1873198847262243 }, "geometry": { "type": "Polygon", "coordinates": [ [ [ -79.411243149507641, 43.676829356445396 ], [ -79.409341407524948, 43.676086624656072 ], [ -79.408293074546819, 43.672931101452839 ], [ -79.410363588372817, 43.673044266612173 ], [ -79.411243149507641, 43.676829356445396 ] ] ] } },
{ "type": "Feature", "properties": { "vor_id": 2629, "theft_count": 21, "bike_trips": 2531, "theft_per_1000_trips": 8.2971157645199529 }, "geometry": { "type": "Polygon", "coordinates": [ [ [ -79.296129824433436, 43.693260773975965 ], [ -79.295236479722632, 43.689185052639885 ], [ -79.295916377858333, 43.688582976836059 ], [ -79.299121242236751, 43.691040827583677 ], [ -79.296951827928311, 43.693513120323026 ], [ -79.296129824433436, 43.693260773975965 ] ] ] } },
{ "type": "Feature", "properties": { "vor_id": 2641, "theft_count": 23, "bike_trips": 1080, "theft_per_1000_trips": 21.296296296296294 }, "geometry": { "type": "Polygon", "coordinates": [ [ [ -79.400933085469774, 43.647472083917251 ], [ -79.400227102261894, 43.647072786816722 ], [ -79.400156263790464, 43.646742613825232 ], [ -79.400257747851995, 43.64659626161577 ], [ -79.402026134680455, 43.645859028533486 ], [ -79.402299062967373, 43.646113537456593 ], [ -79.402318830543678, 43.646216571620201 ], [ -79.401602585419951, 43.647204818468133 ], [ -79.400933085469774, 43.647472083917251 ] ] ] } },
{ "type": "Feature", "properties": { "vor_id": 2642, "theft_count": 1, "bike_trips": 6504, "theft_per_1000_trips": 0.15375153751537515 }, "geometry": { "type": "Polygon", "coordinates": [ [ [ -79.274338643792689, 43.782475433303858 ], [ -79.274964864057935, 43.782662349469881 ], [ -79.273732394349011, 43.783401063384858 ], [ -79.269791241791822, 43.786324021331858 ], [ -79.266155566940668, 43.789619204940657 ], [ -79.266054869816656, 43.789730307096036 ], [ -79.266223605103278, 43.78923585916781 ], [ -79.271820743102083, 43.783325855279124 ], [ -79.274338643792689, 43.782475433303858 ] ] ] } },
{ "type": "Feature", "properties": { "vor_id": 2643, "theft_count": 63, "bike_trips": 3678, "theft_per_1000_trips": 17.128874388254488 }, "geometry": { "type": "Polygon", "coordinates": [ [ [ -79.394543994048149, 43.709623974415848 ], [ -79.396245761809567, 43.710003071750158 ], [ -79.396655086558425, 43.71061646327783 ], [ -79.397098340440579, 43.71282748182378 ], [ -79.395527432969075, 43.718641358994425 ], [ -79.39216980439619, 43.7185340831142 ], [ -79.393042045102305, 43.710784834527423 ], [ -79.39323291803548, 43.710129005342012 ], [ -79.394543994048149, 43.709623974415848 ] ] ] } },
{ "type": "Feature", "properties": { "vor_id": 2644, "theft_count": 16, "bike_trips": 4004, "theft_per_1000_trips": 3.9960039960039961 }, "geometry": { "type": "Polygon", "coordinates": [ [ [ -79.533239278244139, 43.643901435223839 ], [ -79.531346582978017, 43.642181755451993 ], [ -79.530817730487598, 43.640846543687267 ], [ -79.530972136349092, 43.640074351791881 ], [ -79.532264737470925, 43.640010850370757 ], [ -79.533239278244139, 43.643901435223839 ] ] ] } },
{ "type": "Feature", "properties": { "vor_id": 2648, "theft_count": 14, "bike_trips": 3405, "theft_per_1000_trips": 4.1116005873715125 }, "geometry": { "type": "Polygon", "coordinates": [ [ [ -79.482244308880368, 43.657836555198074 ], [ -79.478985643516367, 43.661790765474848 ], [ -79.478397074858478, 43.661898426826255 ], [ -79.477513800053472, 43.661284142478074 ], [ -79.477227880402353, 43.660582200521986 ], [ -79.47864611258565, 43.655171968559841 ], [ -79.478692923596341, 43.655080048365647 ], [ -79.481576555145168, 43.65407889637342 ], [ -79.482394522528267, 43.654472359394674 ], [ -79.482244308880368, 43.657836555198074 ] ] ] } },
{ "type": "Feature", "properties": { "vor_id": 2649, "theft_count": 8, "bike_trips": 5042, "theft_per_1000_trips": 1.5866719555731852 }, "geometry": { "type": "Polygon", "coordinates": [ [ [ -79.37069193584712, 43.690067933968706 ], [ -79.372072229781494, 43.692220641150286 ], [ -79.372479081802453, 43.695602694382657 ], [ -79.366496838580048, 43.697926577196476 ], [ -79.362028940203643, 43.694473709320967 ], [ -79.364040749004573, 43.69057694073242 ], [ -79.37069193584712, 43.690067933968706 ] ] ] } },
{ "type": "Feature", "properties": { "vor_id": 2650, "theft_count": 3, "bike_trips": 3948, "theft_per_1000_trips": 0.75987841945288759 }, "geometry": { "type": "Polygon", "coordinates": [ [ [ -79.533291287012332, 43.595010268309089 ], [ -79.536784204615003, 43.594193185928333 ], [ -79.538643762977259, 43.598724973246682 ], [ -79.531846730294646, 43.60027092970769 ], [ -79.533291287012332, 43.595010268309089 ] ] ] } },
{ "type": "Feature", "properties": { "vor_id": 2656, "theft_count": 24, "bike_trips": 2557, "theft_per_1000_trips": 9.3859992178333975 }, "geometry": { "type": "Polygon", "coordinates": [ [ [ -79.319806203996933, 43.670334032815553 ], [ -79.319739354615365, 43.670402590106036 ], [ -79.316580989461514, 43.671707976067175 ], [ -79.315214705116034, 43.669147827362629 ], [ -79.317477820475972, 43.666308101882791 ], [ -79.319113384972496, 43.667560022851319 ], [ -79.319806203996933, 43.670334032815553 ] ] ] } },
{ "type": "Feature", "properties": { "vor_id": 2658, "theft_count": 15, "bike_trips": 3566, "theft_per_1000_trips": 4.2063937184520475 }, "geometry": { "type": "Polygon", "coordinates": [ [ [ -79.434049743066197, 43.698610285817217 ], [ -79.437571843346333, 43.69719209700655 ], [ -79.438234805092321, 43.698104743436318 ], [ -79.437601615681032, 43.69889392541608 ], [ -79.435615636222181, 43.700893574891168 ], [ -79.434842157065233, 43.700074013150932 ], [ -79.434049743066197, 43.698610285817217 ] ] ] } },
{ "type": "Feature", "properties": { "vor_id": 2666, "theft_count": 4, "bike_trips": 2288, "theft_per_1000_trips": 1.7482517482517483 }, "geometry": { "type": "Polygon", "coordinates": [ [ [ -79.434693800049587, 43.669991363989681 ], [ -79.43407359966298, 43.666876483153061 ], [ -79.434257900326628, 43.666851077394696 ], [ -79.435463827614981, 43.667428500193047 ], [ -79.435899580003849, 43.669515478621967 ], [ -79.434693800049587, 43.669991363989681 ] ] ] } },
{ "type": "Feature", "properties": { "vor_id": 2667, "theft_count": 14, "bike_trips": 2199, "theft_per_1000_trips": 6.3665302410186451 }, "geometry": { "type": "Polygon", "coordinates": [ [ [ -79.416342853350841, 43.652540260672751 ], [ -79.416044505760951, 43.653742089460223 ], [ -79.41461376090848, 43.654325371526973 ], [ -79.412589494372696, 43.653303341519894 ], [ -79.414655622614475, 43.650712925199855 ], [ -79.415786986485614, 43.651499764030078 ], [ -79.416342853350841, 43.652540260672751 ] ] ] } },
{ "type": "Feature", "properties": { "vor_id": 2668, "theft_count": 4, "bike_trips": 4408, "theft_per_1000_trips": 0.90744101633393826 }, "geometry": { "type": "Polygon", "coordinates": [ [ [ -79.278696935820932, 43.68116195447773 ], [ -79.279924579123573, 43.681263125462777 ], [ -79.285241190100976, 43.683328876392686 ], [ -79.285894473068836, 43.683904918986173 ], [ -79.279530593274288, 43.686610305480201 ], [ -79.278696935820932, 43.68116195447773 ] ] ] } },
{ "type": "Feature", "properties": { "vor_id": 2669, "theft_count": 7, "bike_trips": 4559, "theft_per_1000_trips": 1.5354244351831541 }, "geometry": { "type": "Polygon", "coordinates": [ [ [ -79.449516352296641, 43.667434511666528 ], [ -79.449798073151328, 43.668704415157052 ], [ -79.448020945888885, 43.669464016602504 ], [ -79.447665787443754, 43.667451768537916 ], [ -79.448318761747245, 43.666734557663645 ], [ -79.449516352296641, 43.667434511666528 ] ] ] } },
{ "type": "Feature", "properties": { "vor_id": 2670, "theft_count": 9, "bike_trips": 1118, "theft_per_1000_trips": 8.0500894454382834 }, "geometry": { "type": "Polygon", "coordinates": [ [ [ -79.431148279868765, 43.640934108313935 ], [ -79.429317455371518, 43.641176321769329 ], [ -79.428998568551009, 43.639526980002294 ], [ -79.429749292031573, 43.639238052718127 ], [ -79.430908987767864, 43.639764328169022 ], [ -79.431148279868765, 43.640934108313935 ] ] ] } },
{ "type": "Feature", "properties": { "vor_id": 2672, "theft_count": 4, "bike_trips": 3555, "theft_per_1000_trips": 1.1251758087201125 }, "geometry": { "type": "Polygon", "coordinates": [ [ [ -79.433298440003057, 43.69484536361491 ], [ -79.436656175909746, 43.693495654663195 ], [ -79.437791102351397, 43.695644515422607 ], [ -79.437530613814957, 43.697019269091172 ], [ -79.433616415604462, 43.69557229924537 ], [ -79.433298440003057, 43.69484536361491 ] ] ] } },
{ "type": "Feature", "properties": { "vor_id": 2673, "theft_count": 37, "bike_trips": 12442, "theft_per_1000_trips": 2.973798424690564 }, "geometry": { "type": "Polygon", "coordinates": [ [ [ -79.236860118397004, 43.728258121235015 ], [ -79.237574306189316, 43.727823196075647 ], [ -79.245124111874929, 43.725362551567272 ], [ -79.25515801649469, 43.749620852962856 ], [ -79.251600532881156, 43.751171738152514 ], [ -79.241580352015461, 43.74591521099709 ], [ -79.239749620600733, 43.741535107839248 ], [ -79.236860118397004, 43.728258121235015 ] ] ] } },
{ "type": "Feature", "properties": { "vor_id": 2674, "theft_count": 563, "bike_trips": 63107, "theft_per_1000_trips": 8.9213557925428244 }, "geometry": { "type": "MultiPolygon", "coordinates": [ [ [ [ -79.317234695811436, 43.653719751790511 ], [ -79.316073984132629, 43.648799140032978 ], [ -79.317099093011976, 43.648456805622963 ], [ -79.317101392502551, 43.6484559382816 ], [ -79.317103566142123, 43.648454915037036 ], [ -79.317105593805294, 43.648453745363341 ], [ -79.317107456718205, 43.648452440090345 ], [ -79.3171091376324, 43.648451011303379 ], [ -79.317110620984565, 43.648449472231363 ], [ -79.317111893040547, 43.648447837124323 ], [ -79.31711294202259, 43.648446121121481 ], [ -79.317113758218269, 43.648444340111048 ], [ -79.31711433407061, 43.648442510583145 ], [ -79.317114664247825, 43.648440649477081 ], [ -79.318556362614643, 43.635352005995557 ], [ -79.320174394059336, 43.636818503940773 ], [ -79.323469577668106, 43.640454178791913 ], [ -79.326392535615128, 43.644395331349124 ], [ -79.328915118217424, 43.648604006158806 ], [ -79.33101303162556, 43.653039671381848 ], [ -79.331438123179126, 43.654227722685235 ], [ -79.331570688208728, 43.654598217123237 ], [ -79.332956175149477, 43.661130700728911 ], [ -79.332483565702091, 43.661329407231783 ], [ -79.331505373823646, 43.661369520802516 ], [ -79.330809286139768, 43.66120047297693 ], [ -79.330367074953102, 43.659121938576867 ], [ -79.330580538696424, 43.657901429147415 ], [ -79.326084280986962, 43.660335497926908 ], [ -79.322303399556958, 43.658938048611944 ], [ -79.321796295759029, 43.658553913502651 ], [ -79.319977674219984, 43.656778816132395 ], [ -79.317234695811436, 43.653719751790511 ] ] ], [ [ [ -79.328583013782094, 43.662717520017793 ], [ -79.328636832401742, 43.662324510544074 ], [ -79.330456570581021, 43.661541961350395 ], [ -79.331221349340666, 43.665011322773076 ], [ -79.32916598082177, 43.665271482805501 ], [ -79.328583013782094, 43.662717520017793 ] ] ], [ [ [ -79.327720933172628, 43.666414727057678 ], [ -79.327988294052659, 43.666547969256861 ], [ -79.328082936608297, 43.667283301842659 ], [ -79.327359121366499, 43.66986504779463 ], [ -79.32398037843646, 43.66846813920295 ], [ -79.325308183654997, 43.666335922379304 ], [ -79.327720933172628, 43.666414727057678 ] ] ], [ [ [ -79.33177960719469, 43.671116651867045 ], [ -79.330933874058104, 43.670826856656902 ], [ -79.33140929171671, 43.668999378313679 ], [ -79.333307880160049, 43.669553871378866 ], [ -79.332613996139926, 43.666452240843057 ], [ -79.333024022127375, 43.66547652067981 ], [ -79.333381560421898, 43.665388798942836 ], [ -79.333394329231908, 43.665388085048711 ], [ -79.333800727836604, 43.66576785307749 ], [ -79.334701317766857, 43.669777246562489 ], [ -79.334730361133907, 43.66990654657225 ], [ -79.334711143302599, 43.669977249937702 ], [ -79.33455623193943, 43.670547176613617 ], [ -79.334384892281022, 43.670495977664238 ], [ -79.33177960719469, 43.671116651867045 ] ] ], [ [ [ -79.308820059348221, 43.670719697020424 ], [ -79.30868611628658, 43.670451082671107 ], [ -79.309490325076922, 43.669322779816376 ], [ -79.312869013527319, 43.668494857906126 ], [ -79.312922010431748, 43.668551647503392 ], [ -79.311759703830219, 43.672880977362453 ], [ -79.308820059348221, 43.670719697020424 ] ] ], [ [ [ -79.322981993117068, 43.676303740232207 ], [ -79.322370788315311, 43.673632720494609 ], [ -79.320473923866047, 43.673687315828815 ], [ -79.319739354615365, 43.670402590106036 ], [ -79.319806203996933, 43.670334032815553 ], [ -79.321605015045535, 43.670269628959772 ], [ -79.322132740019143, 43.670024304942196 ], [ -79.322319570714939, 43.669998844622974 ], [ -79.323149229098419, 43.670667806608506 ], [ -79.323684558334449, 43.673046137940645 ], [ -79.327582350459124, 43.673186773901016 ], [ -79.327596963616358, 43.673236641065436 ], [ -79.326514125509789, 43.676033915624807 ], [ -79.324702034510523, 43.676726867416839 ], [ -79.323520646865532, 43.676927595337887 ], [ -79.32343203976265, 43.676918081395101 ], [ -79.322981993117068, 43.676303740232207 ] ] ], [ [ [ -79.310303417783203, 43.67543725588051 ], [ -79.309110801703085, 43.675924037370002 ], [ -79.306854705406963, 43.673363842079993 ], [ -79.308043134740259, 43.67287832382555 ], [ -79.310303417783203, 43.67543725588051 ] ] ], [ [ [ -79.332919567974443, 43.685970907341733 ], [ -79.332845241183918, 43.685972792533462 ], [ -79.332666071786591, 43.686688076862836 ], [ -79.33101303162556, 43.69130801461835 ], [ -79.330529174856011, 43.692331043804082 ], [ -79.328915118217424, 43.695743679841399 ], [ -79.326392535615128, 43.699952354651082 ], [ -79.323704126765293, 43.703577254360724 ], [ -79.323469577668106, 43.703893507208278 ], [ -79.322824195215176, 43.704605577014455 ], [ -79.323060234935383, 43.703701775128799 ], [ -79.319554179303069, 43.699060031400236 ], [ -79.319323265445689, 43.697152538013384 ], [ -79.322410952412937, 43.691025036670055 ], [ -79.323751858377634, 43.690055309352815 ], [ -79.322547039970189, 43.684272428278355 ], [ -79.325731264975587, 43.682973331588116 ], [ -79.326300528267282, 43.68343158186385 ], [ -79.32557410614271, 43.68701982546785 ], [ -79.324151122069992, 43.689893047059961 ], [ -79.327965050077268, 43.690305755059804 ], [ -79.33230583065972, 43.68598647390268 ], [ -79.33138707604526, 43.685371274815367 ], [ -79.33069813290129, 43.682138110751914 ], [ -79.33095970012684, 43.681233287162897 ], [ -79.330601098447531, 43.679593836744424 ], [ -79.332393854647123, 43.678625809748205 ], [ -79.332790432927851, 43.677921270905522 ], [ -79.333489293456196, 43.675631376740348 ], [ -79.334675825013747, 43.675089356347641 ], [ -79.3345782913336, 43.677074700016583 ], [ -79.334323242561993, 43.678794099171554 ], [ -79.333970249890925, 43.681173782462984 ], [ -79.334016369807586, 43.681248327403232 ], [ -79.333955358987737, 43.681274168777882 ], [ -79.333858319020152, 43.681928359100908 ], [ -79.33289357056259, 43.685779850838472 ], [ -79.332930554040573, 43.685940029171157 ], [ -79.332919567974443, 43.685970907341733 ] ] ], [ [ [ -79.30465175018341, 43.668538212684496 ], [ -79.303849009763397, 43.666509433171484 ], [ -79.306626425411977, 43.664697404379467 ], [ -79.305931886703178, 43.661953552844807 ], [ -79.311678295487795, 43.665307561911568 ], [ -79.308846962590607, 43.666478386635937 ], [ -79.307191359661942, 43.666045989132712 ], [ -79.307020215172415, 43.666325182213043 ], [ -79.307901740637263, 43.670288163510698 ], [ -79.305558407000774, 43.6704849122805 ], [ -79.304154013686983, 43.669861421159162 ], [ -79.30465175018341, 43.668538212684496 ] ] ], [ [ [ -79.28887050938981, 43.674375524421272 ], [ -79.287705576609596, 43.674619210089304 ], [ -79.284338449713218, 43.67599599215378 ], [ -79.283581630438249, 43.672252998371135 ], [ -79.28016044611087, 43.668824288116255 ], [ -79.288157563048301, 43.664346980786718 ], [ -79.28887050938981, 43.674375524421272 ] ] ], [ [ [ -79.303116323357983, 43.686455104465509 ], [ -79.304209584300636, 43.68397977913444 ], [ -79.303201439974373, 43.682853632368911 ], [ -79.304473770547375, 43.679715668174062 ], [ -79.305540394993145, 43.679255334199979 ], [ -79.308510361599929, 43.680626393268639 ], [ -79.308669473029738, 43.682937509778426 ], [ -79.306944107961485, 43.684556479558111 ], [ -79.309369761846327, 43.690828425594908 ], [ -79.308652110060947, 43.691250593964924 ], [ -79.303741459416926, 43.689426380670128 ], [ -79.303116323357983, 43.686455104465509 ] ] ], [ [ [ -79.296229338313154, 43.68543812092539 ], [ -79.291879499849998, 43.687230011214716 ], [ -79.291383292986211, 43.689160616259549 ], [ -79.291209336716747, 43.689327476132483 ], [ -79.286406377007822, 43.688012712593363 ], [ -79.286608534691297, 43.684266831594051 ], [ -79.287390260917519, 43.683743376581099 ], [ -79.290930210559935, 43.682832281475953 ], [ -79.292250064065541, 43.681450600593514 ], [ -79.29566347979943, 43.682828812786433 ], [ -79.296179928659868, 43.682522076708509 ], [ -79.297038368615432, 43.682520929421308 ], [ -79.300707790953254, 43.680691279088457 ], [ -79.302884792613227, 43.68279987401371 ], [ -79.300710853334337, 43.683795504841775 ], [ -79.29883360009525, 43.686757832841458 ], [ -79.299605489737758, 43.687511445809818 ], [ -79.299638043620206, 43.687651100542688 ], [ -79.302316329011148, 43.689374316606063 ], [ -79.303353180518897, 43.689598447238922 ], [ -79.301602824096733, 43.692127965695938 ], [ -79.29913959946542, 43.691031105991257 ], [ -79.299121242236751, 43.691040827583677 ], [ -79.295916377858333, 43.688582976836059 ], [ -79.296902879061122, 43.686407983487292 ], [ -79.296229338313154, 43.68543812092539 ] ] ], [ [ [ -79.268794531224458, 43.700831239922572 ], [ -79.267988488409486, 43.6882243771067 ], [ -79.276634062010444, 43.69036937225227 ], [ -79.280253431880581, 43.699489031031966 ], [ -79.278890874674318, 43.701775244957986 ], [ -79.272343323863339, 43.702462667033295 ], [ -79.268794531224458, 43.700831239922572 ] ] ], [ [ [ -79.299352150438224, 43.709736233879063 ], [ -79.294804751685803, 43.71078385469589 ], [ -79.289869342800287, 43.706861745764229 ], [ -79.290493301581776, 43.705988545690808 ], [ -79.299088969001062, 43.704678662994588 ], [ -79.300513001026431, 43.705517111056388 ], [ -79.299352150438224, 43.709736233879063 ] ] ], [ [ [ -79.301099850355826, 43.719388773977421 ], [ -79.299333288862741, 43.7200208597867 ], [ -79.294573571100813, 43.721213107020247 ], [ -79.294522412020882, 43.721220695752898 ], [ -79.28971991201648, 43.721933079333702 ], [ -79.289551554930824, 43.72194135018696 ], [ -79.284819055, 43.722173843000085 ], [ -79.283767715583039, 43.722122194006495 ], [ -79.289455692509605, 43.719102181538481 ], [ -79.289620807678602, 43.719211277927833 ], [ -79.294410826798369, 43.720764025509887 ], [ -79.300716012847232, 43.718465016085133 ], [ -79.302167650710331, 43.716712026255315 ], [ -79.305146511091962, 43.716435485166556 ], [ -79.309080265266729, 43.709884141484025 ], [ -79.304189443335389, 43.703647033462019 ], [ -79.305595600414676, 43.701288225625802 ], [ -79.311352157919202, 43.701066531964571 ], [ -79.31166133367239, 43.709850778063284 ], [ -79.316367107337896, 43.710951641705556 ], [ -79.312597566650979, 43.71374732361523 ], [ -79.30838889184129, 43.716269906217519 ], [ -79.306501882306321, 43.717162395259329 ], [ -79.303953226618248, 43.718367819625669 ], [ -79.301099850355826, 43.719388773977421 ] ] ], [ [ [ -79.265684883381738, 43.718367819625669 ], [ -79.261249218158696, 43.716269906217519 ], [ -79.257040543349021, 43.71374732361523 ], [ -79.254520548074794, 43.711878367743488 ], [ -79.257646445372288, 43.707646582263337 ], [ -79.266462193376029, 43.715398382951186 ], [ -79.271073159682359, 43.710025788054303 ], [ -79.277670730598558, 43.71416309214203 ], [ -79.27659522962486, 43.717614644323142 ], [ -79.279499816946242, 43.72187101836937 ], [ -79.275064538899201, 43.721213107020247 ], [ -79.270304821137273, 43.7200208597867 ], [ -79.267024899953583, 43.718847285221727 ], [ -79.265684883381738, 43.718367819625669 ] ] ] ] } },
{ "type": "Feature", "properties": { "vor_id": 2675, "theft_count": 15, "bike_trips": 6258, "theft_per_1000_trips": 2.3969319271332696 }, "geometry": { "type": "Polygon", "coordinates": [ [ [ -79.34380277378844, 43.750641178691829 ], [ -79.34407174319395, 43.731783168841922 ], [ -79.358740515893558, 43.73937265441333 ], [ -79.347448527375661, 43.751829436671208 ], [ -79.34380277378844, 43.750641178691829 ] ] ] } },
{ "type": "Feature", "properties": { "vor_id": 2677, "theft_count": 9, "bike_trips": 4633, "theft_per_1000_trips": 1.9425857975393912 }, "geometry": { "type": "Polygon", "coordinates": [ [ [ -79.359023753687822, 43.669784083595204 ], [ -79.355334958925781, 43.673375509764043 ], [ -79.353192333643378, 43.671830404544082 ], [ -79.354367162594087, 43.668118797104782 ], [ -79.356459131346298, 43.667732185071749 ], [ -79.35759550399392, 43.668231471538483 ], [ -79.358746863197169, 43.669031547589967 ], [ -79.359023753687822, 43.669784083595204 ] ] ] } },
{ "type": "Feature", "properties": { "vor_id": 2681, "theft_count": 0, "bike_trips": 1047, "theft_per_1000_trips": 0.0 }, "geometry": { "type": "Polygon", "coordinates": [ [ [ -79.391763745976576, 43.666624172350375 ], [ -79.390610369072789, 43.666343868446383 ], [ -79.390463798213787, 43.665702021826483 ], [ -79.392425333301389, 43.665000173349569 ], [ -79.391786257718067, 43.666601713064431 ], [ -79.391763745976576, 43.666624172350375 ] ] ] } },
{ "type": "Feature", "properties": { "vor_id": 2682, "theft_count": 14, "bike_trips": 5910, "theft_per_1000_trips": 2.3688663282571913 }, "geometry": { "type": "Polygon", "coordinates": [ [ [ -79.412047807428365, 43.769939950887824 ], [ -79.412235022042054, 43.770804675481493 ], [ -79.41194356032257, 43.772302473777955 ], [ -79.407049583410796, 43.774194695158663 ], [ -79.405353577737458, 43.771549371488817 ], [ -79.411326693948709, 43.7689896537645 ], [ -79.412047807428365, 43.769939950887824 ] ] ] } },
{ "type": "Feature", "properties": { "vor_id": 2683, "theft_count": 27, "bike_trips": 4361, "theft_per_1000_trips": 6.1912405411602851 }, "geometry": { "type": "Polygon", "coordinates": [ [ [ -79.399045437096945, 43.67454686755363 ], [ -79.398269108571668, 43.677923818978172 ], [ -79.395894830703099, 43.677031687947441 ], [ -79.395255044477949, 43.6760602795176 ], [ -79.395407784462378, 43.674877858806404 ], [ -79.398513965469405, 43.673610497676123 ], [ -79.399045437096945, 43.67454686755363 ] ] ] } },
{ "type": "Feature", "properties": { "vor_id": 2684, "theft_count": 24, "bike_trips": 2120, "theft_per_1000_trips": 11.320754716981131 }, "geometry": { "type": "Polygon", "coordinates": [ [ [ -79.391786257718067, 43.666601713064431 ], [ -79.392425333301389, 43.665000173349569 ], [ -79.39262464544737, 43.664928858323421 ], [ -79.394639910459944, 43.665352605997775 ], [ -79.395176049938229, 43.666436839231814 ], [ -79.391786257718067, 43.666601713064431 ] ] ] } },
{ "type": "Feature", "properties": { "vor_id": 2687, "theft_count": 4, "bike_trips": 4566, "theft_per_1000_trips": 0.8760402978537013 }, "geometry": { "type": "Polygon", "coordinates": [ [ [ -79.234306542821471, 43.77605316824539 ], [ -79.238338913112003, 43.778928116054757 ], [ -79.240344724868194, 43.781871841183921 ], [ -79.237117606, 43.781713303000089 ], [ -79.232216748983518, 43.781954066666486 ], [ -79.2273630898992, 43.782674038979934 ], [ -79.226245011930956, 43.782954102931456 ], [ -79.224324253610504, 43.77912303111286 ], [ -79.225071206942559, 43.778125023680815 ], [ -79.234306542821471, 43.77605316824539 ] ] ] } },
{ "type": "Feature", "properties": { "vor_id": 2699, "theft_count": 38, "bike_trips": 2149, "theft_per_1000_trips": 17.682643089809215 }, "geometry": { "type": "Polygon", "coordinates": [ [ [ -79.405684478459449, 43.66927389266607 ], [ -79.404413036727703, 43.668539403540848 ], [ -79.404490598374579, 43.668425769038365 ], [ -79.405196374662737, 43.66772692388556 ], [ -79.406028363056436, 43.667305525999545 ], [ -79.406699376535713, 43.667267801235113 ], [ -79.407156594414872, 43.667321030394277 ], [ -79.407475546678484, 43.66891705095788 ], [ -79.406500112865132, 43.669235560176695 ], [ -79.405684478459449, 43.66927389266607 ] ] ] } },
{ "type": "Feature", "properties": { "vor_id": 2701, "theft_count": 21, "bike_trips": 12028, "theft_per_1000_trips": 1.7459261722647157 }, "geometry": { "type": "Polygon", "coordinates": [ [ [ -79.356523681650629, 43.795596393787186 ], [ -79.345699456957064, 43.801600256054407 ], [ -79.345488354780869, 43.801717347894808 ], [ -79.340000197556705, 43.794306374877984 ], [ -79.339834019489672, 43.792893639430879 ], [ -79.339617808646508, 43.791055558584013 ], [ -79.341845322360115, 43.789977702565125 ], [ -79.347090386403863, 43.788531452031002 ], [ -79.352376607511047, 43.787896201321857 ], [ -79.356523681650629, 43.795596393787186 ] ] ] } },
{ "type": "Feature", "properties": { "vor_id": 2707, "theft_count": 7, "bike_trips": 2353, "theft_per_1000_trips": 2.9749256268593287 }, "geometry": { "type": "Polygon", "coordinates": [ [ [ -79.441706327895048, 43.675222811553823 ], [ -79.440192674396371, 43.676003402127009 ], [ -79.439752991816491, 43.676023506161705 ], [ -79.438273454025719, 43.671551431127767 ], [ -79.439067116118864, 43.670910849763622 ], [ -79.440335267957352, 43.670782645326938 ], [ -79.441735695278737, 43.671683924189146 ], [ -79.441706327895048, 43.675222811553823 ] ] ] } },
{ "type": "Feature", "properties": { "vor_id": 2710, "theft_count": 7, "bike_trips": 7206, "theft_per_1000_trips": 0.97141271162919796 }, "geometry": { "type": "Polygon", "coordinates": [ [ [ -79.377196234451432, 43.773997785542761 ], [ -79.373970842280428, 43.765819627080852 ], [ -79.374782713839792, 43.759970278193926 ], [ -79.376486029521658, 43.759807403452832 ], [ -79.377402658148071, 43.761584791569298 ], [ -79.378952801816496, 43.768885605982994 ], [ -79.377196234451432, 43.773997785542761 ] ] ] } },
{ "type": "Feature", "properties": { "vor_id": 2713, "theft_count": 34, "bike_trips": 3803, "theft_per_1000_trips": 8.9403102813568225 }, "geometry": { "type": "Polygon", "coordinates": [ [ [ -79.303116323357983, 43.686455104465509 ], [ -79.303741459416926, 43.689426380670128 ], [ -79.303353180518897, 43.689598447238922 ], [ -79.302316329011148, 43.689374316606063 ], [ -79.299638043620206, 43.687651100542688 ], [ -79.299605489737758, 43.687511445809818 ], [ -79.303116323357983, 43.686455104465509 ] ] ] } },
{ "type": "Feature", "properties": { "vor_id": 2715, "theft_count": 10, "bike_trips": 2292, "theft_per_1000_trips": 4.3630017452006982 }, "geometry": { "type": "Polygon", "coordinates": [ [ [ -79.477513800053472, 43.661284142478074 ], [ -79.478397074858478, 43.661898426826255 ], [ -79.47972728004838, 43.667933262255822 ], [ -79.473992989808707, 43.664335145799207 ], [ -79.477513800053472, 43.661284142478074 ] ] ] } },
{ "type": "Feature", "properties": { "vor_id": 2717, "theft_count": 19, "bike_trips": 4779, "theft_per_1000_trips": 3.9757271395689475 }, "geometry": { "type": "Polygon", "coordinates": [ [ [ -79.40785095536377, 43.68999649445167 ], [ -79.408889152591669, 43.68686101664148 ], [ -79.412259876416627, 43.686563849956386 ], [ -79.413747507139846, 43.68763825831784 ], [ -79.411801651897989, 43.69468459296629 ], [ -79.411206519618133, 43.69489264905436 ], [ -79.408543839035787, 43.693164757847185 ], [ -79.40785095536377, 43.68999649445167 ] ] ] } },
{ "type": "Feature", "properties": { "vor_id": 2726, "theft_count": 6, "bike_trips": 1295, "theft_per_1000_trips": 4.6332046332046328 }, "geometry": { "type": "Polygon", "coordinates": [ [ [ -79.348418987629287, 43.661445815480945 ], [ -79.349728494254165, 43.662230703546378 ], [ -79.346028883504474, 43.663714268634862 ], [ -79.345919514319462, 43.663674911784284 ], [ -79.345686688856986, 43.662299585227629 ], [ -79.347822071990265, 43.661421310065464 ], [ -79.348418987629287, 43.661445815480945 ] ] ] } },
{ "type": "Feature", "properties": { "vor_id": 2737, "theft_count": 7, "bike_trips": 1297, "theft_per_1000_trips": 5.3970701619121044 }, "geometry": { "type": "Polygon", "coordinates": [ [ [ -79.349160379036732, 43.673763297778535 ], [ -79.349618623717603, 43.674061083658607 ], [ -79.350305517241139, 43.675314006074395 ], [ -79.350439715698684, 43.676114508543868 ], [ -79.34845129644826, 43.678022742738541 ], [ -79.348326577166389, 43.67802966604448 ], [ -79.346358925153098, 43.676241362029053 ], [ -79.346151507752182, 43.675037442546298 ], [ -79.349160379036732, 43.673763297778535 ] ] ] } },
{ "type": "Feature", "properties": { "vor_id": 2743, "theft_count": 17, "bike_trips": 8613, "theft_per_1000_trips": 1.9737605944502497 }, "geometry": { "type": "Polygon", "coordinates": [ [ [ -79.493071176019384, 43.720859904290911 ], [ -79.500332579954502, 43.723534986274402 ], [ -79.502348146720806, 43.727957594062133 ], [ -79.50494759483378, 43.739421783571864 ], [ -79.503997078333697, 43.740305683462317 ], [ -79.500181379618127, 43.738500992374433 ], [ -79.49556144186262, 43.736847952213374 ], [ -79.490801724100706, 43.735655704979841 ], [ -79.487453608746861, 43.73515905898244 ], [ -79.487983942381604, 43.732671024334188 ], [ -79.491873102828322, 43.721604703194899 ], [ -79.493071176019384, 43.720859904290911 ] ] ] } },
{ "type": "Feature", "properties": { "vor_id": 2746, "theft_count": 16, "bike_trips": 2265, "theft_per_1000_trips": 7.0640176600441498 }, "geometry": { "type": "Polygon", "coordinates": [ [ [ -79.475409845752466, 43.649186330396425 ], [ -79.476547579770269, 43.6540093550379 ], [ -79.473683797976292, 43.653314435752577 ], [ -79.472098769485868, 43.646116576458546 ], [ -79.475409845752466, 43.649186330396425 ] ] ] } },
{ "type": "Feature", "properties": { "vor_id": 2751, "theft_count": 4, "bike_trips": 9388, "theft_per_1000_trips": 0.42607584149978694 }, "geometry": { "type": "Polygon", "coordinates": [ [ [ -79.199958007261671, 43.759755261220043 ], [ -79.201864274407626, 43.759082251184822 ], [ -79.203296858096351, 43.769735649981598 ], [ -79.199517054481291, 43.775579510954763 ], [ -79.199336134878905, 43.775367151796878 ], [ -79.196770627829864, 43.76426656721636 ], [ -79.199958007261671, 43.759755261220043 ] ] ] } },
{ "type": "Feature", "properties": { "vor_id": 2752, "theft_count": 17, "bike_trips": 1296, "theft_per_1000_trips": 13.117283950617283 }, "geometry": { "type": "Polygon", "coordinates": [ [ [ -79.344890264422503, 43.667272026081406 ], [ -79.346720138811392, 43.667633854410319 ], [ -79.347231451153178, 43.669944332776851 ], [ -79.345458394878577, 43.670631840377901 ], [ -79.34544252438387, 43.670619197099072 ], [ -79.344969128819216, 43.66989208350779 ], [ -79.34475861361129, 43.669016677120958 ], [ -79.344890264422503, 43.667272026081406 ] ] ] } },
{ "type": "Feature", "properties": { "vor_id": 2757, "theft_count": 6, "bike_trips": 1457, "theft_per_1000_trips": 4.1180507892930684 }, "geometry": { "type": "Polygon", "coordinates": [ [ [ -79.431317796019258, 43.792014353223983 ], [ -79.431617175757054, 43.79181513972614 ], [ -79.431775341580646, 43.792881407098257 ], [ -79.431317796019258, 43.792014353223983 ] ] ] } },
{ "type": "Feature", "properties": { "vor_id": 2758, "theft_count": 33, "bike_trips": 2586, "theft_per_1000_trips": 12.761020881670532 }, "geometry": { "type": "Polygon", "coordinates": [ [ [ -79.346151507752182, 43.675037442546298 ], [ -79.346358925153098, 43.676241362029053 ], [ -79.344546402311778, 43.678125896358218 ], [ -79.344346025965393, 43.678205927176059 ], [ -79.342052727191145, 43.677487810938658 ], [ -79.34196660806488, 43.677425415530855 ], [ -79.341921245716762, 43.674050375749388 ], [ -79.34207220409202, 43.673892544480445 ], [ -79.345186237859778, 43.674167908040594 ], [ -79.346151507752182, 43.675037442546298 ] ] ] } },
{ "type": "Feature", "properties": { "vor_id": 2759, "theft_count": 9, "bike_trips": 3876, "theft_per_1000_trips": 2.3219814241486065 }, "geometry": { "type": "Polygon", "coordinates": [ [ [ -79.333381560421898, 43.665388798942836 ], [ -79.333024022127375, 43.66547652067981 ], [ -79.332354395052107, 43.66521916172244 ], [ -79.331505373823646, 43.661369520802516 ], [ -79.332483565702091, 43.661329407231783 ], [ -79.333381560421898, 43.665388798942836 ] ] ] } },
{ "type": "Feature", "properties": { "vor_id": 2760, "theft_count": 20, "bike_trips": 2249, "theft_per_1000_trips": 8.8928412627834579 }, "geometry": { "type": "Polygon", "coordinates": [ [ [ -79.45521611970787, 43.650820077016192 ], [ -79.455007182470311, 43.651928622937454 ], [ -79.450606484975808, 43.653364371160279 ], [ -79.450309706192456, 43.652887268931188 ], [ -79.450297270184123, 43.652565643039743 ], [ -79.45521611970787, 43.650820077016192 ] ] ] } },
{ "type": "Feature", "properties": { "vor_id": 2764, "theft_count": 13, "bike_trips": 3064, "theft_per_1000_trips": 4.242819843342037 }, "geometry": { "type": "Polygon", "coordinates": [ [ [ -79.365245165287519, 43.658292240079611 ], [ -79.366788342870038, 43.657088975659804 ], [ -79.367375988091425, 43.6597673190413 ], [ -79.36697692194862, 43.659772732765674 ], [ -79.365245165287519, 43.658292240079611 ] ] ] } },
{ "type": "Feature", "properties": { "vor_id": 2765, "theft_count": 42, "bike_trips": 10287, "theft_per_1000_trips": 4.0828229804607759 }, "geometry": { "type": "Polygon", "coordinates": [ [ [ -79.294522412020882, 43.721220695752898 ], [ -79.294573571100813, 43.721213107020247 ], [ -79.299333288862741, 43.7200208597867 ], [ -79.301099850355826, 43.719388773977421 ], [ -79.305814354607392, 43.730734878548141 ], [ -79.296592705607821, 43.729693515487554 ], [ -79.294522412020882, 43.721220695752898 ] ] ] } },
{ "type": "Feature", "properties": { "vor_id": 2768, "theft_count": 10, "bike_trips": 2425, "theft_per_1000_trips": 4.123711340206186 }, "geometry": { "type": "Polygon", "coordinates": [ [ [ -79.397503049730346, 43.696479414594222 ], [ -79.396253139794752, 43.695059470371035 ], [ -79.398310710889206, 43.694677875816431 ], [ -79.398447010409129, 43.695396754009401 ], [ -79.398438155855416, 43.696055754526405 ], [ -79.398198679191566, 43.696756142660305 ], [ -79.397503049730346, 43.696479414594222 ] ] ] } },
{ "type": "Feature", "properties": { "vor_id": 2776, "theft_count": 15, "bike_trips": 3455, "theft_per_1000_trips": 4.3415340086830687 }, "geometry": { "type": "Polygon", "coordinates": [ [ [ -79.489278853054316, 43.677132770392262 ], [ -79.496567348558983, 43.684359631521524 ], [ -79.49210098463179, 43.687509585072078 ], [ -79.485400168995596, 43.678807780154777 ], [ -79.489278853054316, 43.677132770392262 ] ] ] } },
{ "type": "Feature", "properties": { "vor_id": 2777, "theft_count": 7, "bike_trips": 2249, "theft_per_1000_trips": 3.1124944419742104 }, "geometry": { "type": "Polygon", "coordinates": [ [ [ -79.450123264921103, 43.65208561658249 ], [ -79.449521164824219, 43.651046854625484 ], [ -79.452666464592767, 43.649824570688445 ], [ -79.454703929629773, 43.650320420555126 ], [ -79.450123264921103, 43.65208561658249 ] ] ] } },
{ "type": "Feature", "properties": { "vor_id": 2781, "theft_count": 0, "bike_trips": 1097, "theft_per_1000_trips": 0.0 }, "geometry": { "type": "Polygon", "coordinates": [ [ [ -79.410335040397868, 43.653719170673973 ], [ -79.40952775997728, 43.653799252183532 ], [ -79.409513802343881, 43.653731020403427 ], [ -79.410543776182692, 43.652594619392822 ], [ -79.41073980162237, 43.653557328468509 ], [ -79.410335040397868, 43.653719170673973 ] ] ] } },
{ "type": "Feature", "properties": { "vor_id": 2784, "theft_count": 11, "bike_trips": 2433, "theft_per_1000_trips": 4.5211672831894782 }, "geometry": { "type": "Polygon", "coordinates": [ [ [ -79.398474565852197, 43.697438908826491 ], [ -79.399441923078086, 43.698805439987105 ], [ -79.39465263847795, 43.699701358661493 ], [ -79.393696502379214, 43.698412262757238 ], [ -79.398474565852197, 43.697438908826491 ] ] ] } },
{ "type": "Feature", "properties": { "vor_id": 2802, "theft_count": 10, "bike_trips": 4010, "theft_per_1000_trips": 2.4937655860349128 }, "geometry": { "type": "Polygon", "coordinates": [ [ [ -79.509332246389008, 43.653423676029362 ], [ -79.515467303976322, 43.654520153257103 ], [ -79.517449377525153, 43.657141399522288 ], [ -79.509291837872468, 43.660185032073073 ], [ -79.50525247192158, 43.654649894602741 ], [ -79.509332246389008, 43.653423676029362 ] ] ] } },
{ "type": "Feature", "properties": { "vor_id": 2806, "theft_count": 13, "bike_trips": 1102, "theft_per_1000_trips": 11.796733212341199 }, "geometry": { "type": "Polygon", "coordinates": [ [ [ -79.420441503215329, 43.65107506205505 ], [ -79.423689702167977, 43.649674977448733 ], [ -79.424085289767575, 43.650182615784033 ], [ -79.42429772067392, 43.651239841483189 ], [ -79.423870454311057, 43.652426106686967 ], [ -79.423041662184048, 43.65292469301604 ], [ -79.420600183152231, 43.651880492690786 ], [ -79.420441503215329, 43.65107506205505 ] ] ] } },
{ "type": "Feature", "properties": { "vor_id": 2807, "theft_count": 28, "bike_trips": 3965, "theft_per_1000_trips": 7.0617906683480456 }, "geometry": { "type": "Polygon", "coordinates": [ [ [ -79.39760111013581, 43.751849692659704 ], [ -79.39809298638373, 43.751509808651768 ], [ -79.406442782285112, 43.755430465988518 ], [ -79.404730069876905, 43.758253772961623 ], [ -79.39760111013581, 43.751849692659704 ] ] ] } },
{ "type": "Feature", "properties": { "vor_id": 2816, "theft_count": 45, "bike_trips": 1117, "theft_per_1000_trips": 40.286481647269476 }, "geometry": { "type": "Polygon", "coordinates": [ [ [ -79.439881899826005, 43.64198608033216 ], [ -79.441417446729503, 43.644761398117375 ], [ -79.440643515221112, 43.647262290344983 ], [ -79.440202438408662, 43.64728004352731 ], [ -79.437240090602614, 43.646296374534202 ], [ -79.436968346514604, 43.645656283111506 ], [ -79.438422033430072, 43.642496450123751 ], [ -79.439804621760402, 43.641961998974239 ], [ -79.439881899826005, 43.64198608033216 ] ] ] } },
{ "type": "Feature", "properties": { "vor_id": 2821, "theft_count": 25, "bike_trips": 3375, "theft_per_1000_trips": 7.4074074074074074 }, "geometry": { "type": "Polygon", "coordinates": [ [ [ -79.450793912425127, 43.65566457933668 ], [ -79.450606484975808, 43.653364371160279 ], [ -79.455007182470311, 43.651928622937454 ], [ -79.454982267723921, 43.65259348215092 ], [ -79.453778103974741, 43.655942990248349 ], [ -79.452391688119476, 43.656964530110471 ], [ -79.450793912425127, 43.65566457933668 ] ] ] } },
{ "type": "Feature", "properties": { "vor_id": 2823, "theft_count": 13, "bike_trips": 4668, "theft_per_1000_trips": 2.7849185946872321 }, "geometry": { "type": "Polygon", "coordinates": [ [ [ -79.407147516930152, 43.682004765843757 ], [ -79.405140463615169, 43.681919590265444 ], [ -79.404193175162348, 43.67627171394971 ], [ -79.405779128376807, 43.675298656650625 ], [ -79.406411948918802, 43.675921764825262 ], [ -79.407147516930152, 43.682004765843757 ] ] ] } },
{ "type": "Feature", "properties": { "vor_id": 2824, "theft_count": 2, "bike_trips": 2676, "theft_per_1000_trips": 0.74738415545590431 }, "geometry": { "type": "Polygon", "coordinates": [ [ [ -79.564535578378212, 43.624380556294227 ], [ -79.56425203573076, 43.62435573299063 ], [ -79.564249446693154, 43.624355597483067 ], [ -79.564246851655682, 43.624355642914367 ], [ -79.564244274694417, 43.624355868863034 ], [ -79.564155874694421, 43.624366768866516 ], [ -79.564152784012634, 43.624367287077696 ], [ -79.564149798874297, 43.62436806461529 ], [ -79.564077798874294, 43.624390364621945 ], [ -79.564075196258244, 43.624391293723896 ], [ -79.564072746736997, 43.624392420010324 ], [ -79.56407047871231, 43.624393730422128 ], [ -79.563981578712301, 43.624451030436006 ], [ -79.563979297314958, 43.624452688883352 ], [ -79.563977306708281, 43.62445453316893 ], [ -79.563916443896787, 43.624518489020417 ], [ -79.563716084636766, 43.624721146703983 ], [ -79.563714691657978, 43.624722707758693 ], [ -79.56371351020465, 43.6247243576789 ], [ -79.563645110204646, 43.624832157693511 ], [ -79.563644031895905, 43.624834134516625 ], [ -79.563643257069629, 43.624836184521335 ], [ -79.56361105706965, 43.624944184528722 ], [ -79.563610632855301, 43.624946034700827 ], [ -79.563565732855295, 43.625224034711287 ], [ -79.563565558746674, 43.625226781350563 ], [ -79.563572920582558, 43.625442685308812 ], [ -79.563456882059214, 43.625570714059421 ], [ -79.559821207208074, 43.628865897668234 ], [ -79.558174070095475, 43.63008749780758 ], [ -79.556023022520421, 43.626216341332103 ], [ -79.55597336968512, 43.625741135525949 ], [ -79.565714744103801, 43.622175366518299 ], [ -79.565764189841858, 43.622257193125215 ], [ -79.565830543360249, 43.622413724407842 ], [ -79.565856793156755, 43.622541153450904 ], [ -79.56586022535302, 43.622657553935611 ], [ -79.565835576121358, 43.622860984347476 ], [ -79.565803183152198, 43.622981970237973 ], [ -79.564535578378212, 43.624380556294227 ] ] ] } },
{ "type": "Feature", "properties": { "vor_id": 2826, "theft_count": 15, "bike_trips": 2464, "theft_per_1000_trips": 6.087662337662338 }, "geometry": { "type": "Polygon", "coordinates": [ [ [ -79.366835267259034, 43.714832575590606 ], [ -79.369735275274095, 43.71112968385745 ], [ -79.372898446508742, 43.715931061670908 ], [ -79.371827810637058, 43.717891509757372 ], [ -79.366835267259034, 43.714832575590606 ] ] ] } },
{ "type": "Feature", "properties": { "vor_id": 2827, "theft_count": 6, "bike_trips": 2413, "theft_per_1000_trips": 2.4865312888520514 }, "geometry": { "type": "Polygon", "coordinates": [ [ [ -79.398462260552904, 43.68510469152627 ], [ -79.403412809039636, 43.683062688482408 ], [ -79.402425407582626, 43.687024945442204 ], [ -79.398462260552904, 43.68510469152627 ] ] ] } },
{ "type": "Feature", "properties": { "vor_id": 2830, "theft_count": 49, "bike_trips": 2043, "theft_per_1000_trips": 23.984336759667158 }, "geometry": { "type": "Polygon", "coordinates": [ [ [ -79.371093378831588, 43.668986995111766 ], [ -79.37097486401467, 43.668405074796105 ], [ -79.370801716278692, 43.667554901056072 ], [ -79.372817202341352, 43.666718989229828 ], [ -79.373141911843817, 43.668191037912464 ], [ -79.372409642761937, 43.668475560956061 ], [ -79.371093378831588, 43.668986995111766 ] ] ] } },
{ "type": "Feature", "properties": { "vor_id": 2832, "theft_count": 3, "bike_trips": 2942, "theft_per_1000_trips": 1.0197144799456153 }, "geometry": { "type": "Polygon", "coordinates": [ [ [ -79.421587617183803, 43.792909451140147 ], [ -79.418387188656411, 43.792279996390334 ], [ -79.419559238450418, 43.787941908538343 ], [ -79.422157820914876, 43.788154783515523 ], [ -79.421587617183803, 43.792909451140147 ] ] ] } },
{ "type": "Feature", "properties": { "vor_id": 2836, "theft_count": 23, "bike_trips": 5260, "theft_per_1000_trips": 4.3726235741444874 }, "geometry": { "type": "Polygon", "coordinates": [ [ [ -79.335333001132781, 43.765263132858635 ], [ -79.336124792306165, 43.769089271298945 ], [ -79.333636660553225, 43.77075469520824 ], [ -79.327741121911828, 43.76910320643514 ], [ -79.322658156759189, 43.762749325881479 ], [ -79.329079969873035, 43.74898774133429 ], [ -79.330315708620986, 43.749428598833823 ], [ -79.335333001132781, 43.765263132858635 ] ] ] } },
{ "type": "Feature", "properties": { "vor_id": 2837, "theft_count": 20, "bike_trips": 2265, "theft_per_1000_trips": 8.8300220750551883 }, "geometry": { "type": "Polygon", "coordinates": [ [ [ -79.472098769485868, 43.646116576458546 ], [ -79.473683797976292, 43.653314435752577 ], [ -79.471620267575091, 43.655123396594561 ], [ -79.471047222326945, 43.655295895088663 ], [ -79.469697438678409, 43.654301075896342 ], [ -79.467315118539432, 43.648741270495222 ], [ -79.466580200025888, 43.645370103366034 ], [ -79.470044994953184, 43.644856398724031 ], [ -79.471758777082172, 43.645426111370043 ], [ -79.472098769485868, 43.646116576458546 ] ] ] } },
{ "type": "Feature", "properties": { "vor_id": 2838, "theft_count": 17, "bike_trips": 2147, "theft_per_1000_trips": 7.9180251513740112 }, "geometry": { "type": "Polygon", "coordinates": [ [ [ -79.395999360432654, 43.648342003619938 ], [ -79.396008496531465, 43.647617815540208 ], [ -79.39715583444314, 43.647117255290247 ], [ -79.397236851271558, 43.647303355431227 ], [ -79.396742263743349, 43.648230195822038 ], [ -79.395999360432654, 43.648342003619938 ] ] ] } },
{ "type": "Feature", "properties": { "vor_id": 2843, "theft_count": 18, "bike_trips": 18003, "theft_per_1000_trips": 0.99983336110648224 }, "geometry": { "type": "Polygon", "coordinates": [ [ [ -79.5723094159612, 43.728586903922746 ], [ -79.570806185750214, 43.730395277195022 ], [ -79.556439789588154, 43.733337985075153 ], [ -79.55286239431932, 43.730773659402168 ], [ -79.550410724264282, 43.729016268901105 ], [ -79.548225874014477, 43.727450138472072 ], [ -79.548215237599919, 43.727422418611042 ], [ -79.572197924335583, 43.704970797660948 ], [ -79.577579565237059, 43.705590168685269 ], [ -79.582143932844701, 43.706115480034015 ], [ -79.581722086892952, 43.708154350360623 ], [ -79.580646281266311, 43.710489655211795 ], [ -79.5723094159612, 43.728586903922746 ] ] ] } },
{ "type": "Feature", "properties": { "vor_id": 2846, "theft_count": 15, "bike_trips": 2269, "theft_per_1000_trips": 6.6108417805200528 }, "geometry": { "type": "Polygon", "coordinates": [ [ [ -79.473935240787142, 43.657124159318258 ], [ -79.47864611258565, 43.655171968559841 ], [ -79.477227880402353, 43.660582200521986 ], [ -79.47405933937749, 43.659595517382151 ], [ -79.473935240787142, 43.657124159318258 ] ] ] } },
{ "type": "Feature", "properties": { "vor_id": 2849, "theft_count": 16, "bike_trips": 2248, "theft_per_1000_trips": 7.1174377224199281 }, "geometry": { "type": "Polygon", "coordinates": [ [ [ -79.454703929629773, 43.650320420555126 ], [ -79.452666464592767, 43.649824570688445 ], [ -79.451428506135883, 43.64882369378445 ], [ -79.45065405692479, 43.647709342481207 ], [ -79.450896957004218, 43.646104022815685 ], [ -79.451178124358307, 43.645445674510377 ], [ -79.454508453755437, 43.646829529527508 ], [ -79.456240643227986, 43.649534698965383 ], [ -79.455321715293465, 43.650438013696473 ], [ -79.454703929629773, 43.650320420555126 ] ] ] } },
{ "type": "Feature", "properties": { "vor_id": 2851, "theft_count": 12, "bike_trips": 6018, "theft_per_1000_trips": 1.9940179461615153 }, "geometry": { "type": "Polygon", "coordinates": [ [ [ -79.411745090413334, 43.712231243201188 ], [ -79.420284692931332, 43.708191159406546 ], [ -79.425213376192872, 43.709437326166757 ], [ -79.427113524769766, 43.710517647200184 ], [ -79.428512640906561, 43.713273253762047 ], [ -79.428357598104583, 43.713530081258 ], [ -79.422891319595138, 43.717916988158876 ], [ -79.411745090413334, 43.712231243201188 ] ] ] } },
{ "type": "Feature", "properties": { "vor_id": 2855, "theft_count": 11, "bike_trips": 9947, "theft_per_1000_trips": 1.1058610636372777 }, "geometry": { "type": "Polygon", "coordinates": [ [ [ -79.541212937244666, 43.738711762555305 ], [ -79.526951814475865, 43.74202639324713 ], [ -79.522857579889845, 43.735118633475842 ], [ -79.528705027690435, 43.723861710147666 ], [ -79.538476711198783, 43.722306431064311 ], [ -79.548215237599919, 43.727422418611042 ], [ -79.548225874014477, 43.727450138472072 ], [ -79.548134852820169, 43.727755702393182 ], [ -79.541212937244666, 43.738711762555305 ] ] ] } },
{ "type": "Feature", "properties": { "vor_id": 2857, "theft_count": 15, "bike_trips": 1296, "theft_per_1000_trips": 11.574074074074073 }, "geometry": { "type": "Polygon", "coordinates": [ [ [ -79.348740044033036, 43.670762503917125 ], [ -79.347231451153178, 43.669944332776851 ], [ -79.346720138811392, 43.667633854410319 ], [ -79.347971053799355, 43.66716370704939 ], [ -79.350606385597516, 43.668512352260578 ], [ -79.34894571081378, 43.670818348077589 ], [ -79.348740044033036, 43.670762503917125 ] ] ] } },
{ "type": "Feature", "properties": { "vor_id": 2863, "theft_count": 19, "bike_trips": 4716, "theft_per_1000_trips": 4.0288379983036471 }, "geometry": { "type": "Polygon", "coordinates": [ [ [ -79.444420340263477, 43.703788121372554 ], [ -79.444554170150752, 43.703471927584211 ], [ -79.448554457896776, 43.701710770199938 ], [ -79.455231972529234, 43.706579372198036 ], [ -79.452904628781795, 43.708364112655019 ], [ -79.447574334537379, 43.710982476992335 ], [ -79.444420340263477, 43.703788121372554 ] ] ] } },
{ "type": "Feature", "properties": { "vor_id": 2865, "theft_count": 38, "bike_trips": 1123, "theft_per_1000_trips": 33.837934105075689 }, "geometry": { "type": "Polygon", "coordinates": [ [ [ -79.445175576537721, 43.642789315532433 ], [ -79.450473563404586, 43.640737405444078 ], [ -79.450593706996472, 43.640861625814686 ], [ -79.450636947945327, 43.643679429178199 ], [ -79.445951527836712, 43.645524070014289 ], [ -79.445099945188758, 43.643343378846431 ], [ -79.445170239408142, 43.642794829406697 ], [ -79.445175576537721, 43.642789315532433 ] ] ] } },
{ "type": "Feature", "properties": { "vor_id": 2867, "theft_count": 9, "bike_trips": 1101, "theft_per_1000_trips": 8.1743869209809255 }, "geometry": { "type": "Polygon", "coordinates": [ [ [ -79.419232312768372, 43.656309287763264 ], [ -79.421037275162064, 43.655588962546723 ], [ -79.421380778652491, 43.655682157835251 ], [ -79.421775076199324, 43.65768579212223 ], [ -79.420547368260713, 43.658159508648971 ], [ -79.419232312768372, 43.656309287763264 ] ] ] } },
{ "type": "Feature", "properties": { "vor_id": 2868, "theft_count": 8, "bike_trips": 2369, "theft_per_1000_trips": 3.3769523005487545 }, "geometry": { "type": "Polygon", "coordinates": [ [ [ -79.44060661978591, 43.694497289901172 ], [ -79.437791102351397, 43.695644515422607 ], [ -79.436656175909746, 43.693495654663195 ], [ -79.438292048212404, 43.689243538351825 ], [ -79.439593708821391, 43.690617709704284 ], [ -79.44060661978591, 43.694497289901172 ] ] ] } },
{ "type": "Feature", "properties": { "vor_id": 2869, "theft_count": 9, "bike_trips": 4297, "theft_per_1000_trips": 2.0944845240865719 }, "geometry": { "type": "Polygon", "coordinates": [ [ [ -79.502348146720806, 43.727957594062133 ], [ -79.500332579954502, 43.723534986274402 ], [ -79.500548549271286, 43.723475429942724 ], [ -79.509049243844558, 43.723537710142892 ], [ -79.516780097397145, 43.731029776955758 ], [ -79.502348146720806, 43.727957594062133 ] ] ] } },
{ "type": "Feature", "properties": { "vor_id": 2874, "theft_count": 30, "bike_trips": 3580, "theft_per_1000_trips": 8.3798882681564244 }, "geometry": { "type": "Polygon", "coordinates": [ [ [ -79.410319528916915, 43.680857944497525 ], [ -79.413800864107742, 43.682622194963457 ], [ -79.414174128899205, 43.684435882713942 ], [ -79.412259876416627, 43.686563849956386 ], [ -79.408889152591669, 43.68686101664148 ], [ -79.407915505780622, 43.682299939384961 ], [ -79.410319528916915, 43.680857944497525 ] ] ] } },
{ "type": "Feature", "properties": { "vor_id": 2876, "theft_count": 29, "bike_trips": 3681, "theft_per_1000_trips": 7.8782939418636229 }, "geometry": { "type": "Polygon", "coordinates": [ [ [ -79.373366928167513, 43.707643358084432 ], [ -79.371851490170982, 43.707943386461437 ], [ -79.367512947111251, 43.7054817575493 ], [ -79.367140913203428, 43.705142531173159 ], [ -79.368718685314263, 43.700148568142943 ], [ -79.37377848587407, 43.699880885767385 ], [ -79.376042809591866, 43.701292635597937 ], [ -79.376197669687997, 43.701929123713946 ], [ -79.376132361835346, 43.703181388940081 ], [ -79.373366928167513, 43.707643358084432 ] ] ] } },
{ "type": "Feature", "properties": { "vor_id": 2883, "theft_count": 13, "bike_trips": 2435, "theft_per_1000_trips": 5.3388090349075972 }, "geometry": { "type": "Polygon", "coordinates": [ [ [ -79.37400825910251, 43.675494727094552 ], [ -79.376312690486046, 43.677611672130205 ], [ -79.372145244529406, 43.679183994816249 ], [ -79.371303613326717, 43.675592720713958 ], [ -79.37400825910251, 43.675494727094552 ] ] ] } },
{ "type": "Feature", "properties": { "vor_id": 2884, "theft_count": 3, "bike_trips": 3887, "theft_per_1000_trips": 0.77180344738873163 }, "geometry": { "type": "Polygon", "coordinates": [ [ [ -79.345715421008705, 43.681191825168462 ], [ -79.345553631935189, 43.680994765493374 ], [ -79.346337305099794, 43.679881571819251 ], [ -79.347594369596877, 43.679413939106183 ], [ -79.348426856173944, 43.681936101796708 ], [ -79.347898359157796, 43.682397614478731 ], [ -79.345715421008705, 43.681191825168462 ] ] ] } },
{ "type": "Feature", "properties": { "vor_id": 2885, "theft_count": 13, "bike_trips": 3258, "theft_per_1000_trips": 3.9901780233271946 }, "geometry": { "type": "Polygon", "coordinates": [ [ [ -79.369681312464152, 43.671778736615593 ], [ -79.3704933810711, 43.670825065463042 ], [ -79.373462361952264, 43.670197387523928 ], [ -79.373531979967737, 43.672977265124437 ], [ -79.373363549949786, 43.673110341063307 ], [ -79.369681312464152, 43.671778736615593 ] ] ] } },
{ "type": "Feature", "properties": { "vor_id": 2892, "theft_count": 28, "bike_trips": 5901, "theft_per_1000_trips": 4.7449584816132866 }, "geometry": { "type": "Polygon", "coordinates": [ [ [ -79.439593708821391, 43.690617709704284 ], [ -79.438292048212404, 43.689243538351825 ], [ -79.437720299502189, 43.687451033561153 ], [ -79.437679644487105, 43.686243984757553 ], [ -79.437878515569182, 43.685364997418702 ], [ -79.442436075187928, 43.684015154915159 ], [ -79.447621977262401, 43.683539938863575 ], [ -79.447769011809882, 43.689507283680918 ], [ -79.442708293911821, 43.6915765123996 ], [ -79.439593708821391, 43.690617709704284 ] ] ] } },
{ "type": "Feature", "properties": { "vor_id": 2894, "theft_count": 19, "bike_trips": 2217, "theft_per_1000_trips": 8.5701398285972044 }, "geometry": { "type": "Polygon", "coordinates": [ [ [ -79.426432229992699, 43.658457594729548 ], [ -79.426462411429043, 43.65816366009561 ], [ -79.429033748726511, 43.657149372930185 ], [ -79.429582011940283, 43.659830572229261 ], [ -79.42903229080018, 43.660363583808405 ], [ -79.427109513087288, 43.6600131301049 ], [ -79.426715822079515, 43.659777764508782 ], [ -79.426432229992699, 43.658457594729548 ] ] ] } },
{ "type": "Feature", "properties": { "vor_id": 2897, "theft_count": 11, "bike_trips": 1230, "theft_per_1000_trips": 8.9430894308943092 }, "geometry": { "type": "Polygon", "coordinates": [ [ [ -79.385760610844216, 43.704146732725405 ], [ -79.384908118197998, 43.706804702990965 ], [ -79.382442172994516, 43.707440018035115 ], [ -79.376132361835346, 43.703181388940081 ], [ -79.376197669687997, 43.701929123713946 ], [ -79.384540755401915, 43.702061073795313 ], [ -79.385555551379952, 43.703131511816473 ], [ -79.385760610844216, 43.704146732725405 ] ] ] } },
{ "type": "Feature", "properties": { "vor_id": 2899, "theft_count": 8, "bike_trips": 3930, "theft_per_1000_trips": 2.0356234096692112 }, "geometry": { "type": "Polygon", "coordinates": [ [ [ -79.503054721767668, 43.605024287359136 ], [ -79.500311404712022, 43.603802989571179 ], [ -79.498209747451554, 43.594124371366576 ], [ -79.499077655962353, 43.593297310314902 ], [ -79.499078647034068, 43.593296300934711 ], [ -79.49950724906958, 43.592829067797503 ], [ -79.501665798299584, 43.59513129515021 ], [ -79.503556152823407, 43.603747844207554 ], [ -79.503054721767668, 43.605024287359136 ] ] ] } },
{ "type": "Feature", "properties": { "vor_id": 2901, "theft_count": 25, "bike_trips": 4712, "theft_per_1000_trips": 5.3056027164685906 }, "geometry": { "type": "Polygon", "coordinates": [ [ [ -79.431194647307223, 43.675890981738057 ], [ -79.433363477937533, 43.674055469560955 ], [ -79.434775584252847, 43.673890473517105 ], [ -79.436481014269305, 43.675944811360992 ], [ -79.433396391678102, 43.679614165516838 ], [ -79.430595219338954, 43.67718748016226 ], [ -79.431194647307223, 43.675890981738057 ] ] ] } },
{ "type": "Feature", "properties": { "vor_id": 2903, "theft_count": 16, "bike_trips": 3330, "theft_per_1000_trips": 4.8048048048048049 }, "geometry": { "type": "Polygon", "coordinates": [ [ [ -79.426605427601643, 43.636320924796266 ], [ -79.426647042271952, 43.636059918621164 ], [ -79.428740935989637, 43.632756635853873 ], [ -79.429521550735998, 43.636424671572904 ], [ -79.429217447651737, 43.636670253914616 ], [ -79.427371540548222, 43.637216266454139 ], [ -79.426605427601643, 43.636320924796266 ] ] ] } },
{ "type": "Feature", "properties": { "vor_id": 2904, "theft_count": 5, "bike_trips": 8952, "theft_per_1000_trips": 0.55853440571939228 }, "geometry": { "type": "Polygon", "coordinates": [ [ [ -79.371678675073952, 43.77954308760404 ], [ -79.372006152396807, 43.780628692618492 ], [ -79.361875327797435, 43.773010717618952 ], [ -79.361805984371358, 43.771338911509368 ], [ -79.36356529170429, 43.771294758430756 ], [ -79.365643047227437, 43.772841112254483 ], [ -79.371678675073952, 43.77954308760404 ] ] ] } },
{ "type": "Feature", "properties": { "vor_id": 2905, "theft_count": 17, "bike_trips": 2361, "theft_per_1000_trips": 7.2003388394747985 }, "geometry": { "type": "Polygon", "coordinates": [ [ [ -79.424862982673687, 43.679972204565104 ], [ -79.425020880689274, 43.679404252897015 ], [ -79.426386380078412, 43.677541383177477 ], [ -79.428196878958076, 43.677214274315432 ], [ -79.429385196427376, 43.677808110265381 ], [ -79.428527647115772, 43.680309703388424 ], [ -79.428456946339097, 43.680437133210951 ], [ -79.427436981087183, 43.680489159095785 ], [ -79.424862982673687, 43.679972204565104 ] ] ] } },
{ "type": "Feature", "properties": { "vor_id": 2906, "theft_count": 10, "bike_trips": 2535, "theft_per_1000_trips": 3.9447731755424065 }, "geometry": { "type": "Polygon", "coordinates": [ [ [ -79.285894473068836, 43.683904918986173 ], [ -79.285241190100976, 43.683328876392686 ], [ -79.284890117461742, 43.679301483468478 ], [ -79.286984812238316, 43.679358885792134 ], [ -79.287390260917519, 43.683743376581099 ], [ -79.286608534691297, 43.684266831594051 ], [ -79.285894473068836, 43.683904918986173 ] ] ] } },
{ "type": "Feature", "properties": { "vor_id": 2907, "theft_count": 26, "bike_trips": 3252, "theft_per_1000_trips": 7.9950799507995072 }, "geometry": { "type": "Polygon", "coordinates": [ [ [ -79.396857926409368, 43.633929033345765 ], [ -79.398142877342082, 43.636293373439777 ], [ -79.395310955773979, 43.638054794470307 ], [ -79.394637320424636, 43.637848483154833 ], [ -79.394230980148535, 43.636904013906936 ], [ -79.392810296669623, 43.630327862498305 ], [ -79.396857926409368, 43.633929033345765 ] ] ] } },
{ "type": "Feature", "properties": { "vor_id": 2910, "theft_count": 2, "bike_trips": 4386, "theft_per_1000_trips": 0.45599635202918376 }, "geometry": { "type": "Polygon", "coordinates": [ [ [ -79.425091993977645, 43.773267288527016 ], [ -79.42194309476703, 43.773341321634774 ], [ -79.42096621110278, 43.772882943228922 ], [ -79.419279438478881, 43.770163253375785 ], [ -79.419105733321786, 43.769155094118126 ], [ -79.419017036510866, 43.76827277193189 ], [ -79.418977066929656, 43.766775745258045 ], [ -79.419203559130764, 43.764805568044295 ], [ -79.419393100598427, 43.764044529171912 ], [ -79.428040362274942, 43.762250440245182 ], [ -79.425091993977645, 43.773267288527016 ] ] ] } },
{ "type": "Feature", "properties": { "vor_id": 2911, "theft_count": 11, "bike_trips": 2276, "theft_per_1000_trips": 4.8330404217926182 }, "geometry": { "type": "Polygon", "coordinates": [ [ [ -79.486167017632354, 43.662132044152592 ], [ -79.487069055773361, 43.66241656137607 ], [ -79.487743148804796, 43.663091928417366 ], [ -79.488850073784647, 43.665984550945844 ], [ -79.484184191196789, 43.66736773103321 ], [ -79.484212491618067, 43.662607572262338 ], [ -79.4843170949393, 43.662410235104367 ], [ -79.486167017632354, 43.662132044152592 ] ] ] } },
{ "type": "Feature", "properties": { "vor_id": 2916, "theft_count": 19, "bike_trips": 3420, "theft_per_1000_trips": 5.5555555555555554 }, "geometry": { "type": "Polygon", "coordinates": [ [ [ -79.47170872647159, 43.66310649563178 ], [ -79.473576488535855, 43.664497007640144 ], [ -79.472849708545738, 43.668378213284313 ], [ -79.472343603149298, 43.668768389834398 ], [ -79.468762249072483, 43.669293096784919 ], [ -79.468538742530086, 43.668734205757971 ], [ -79.468429198967158, 43.668129649436899 ], [ -79.468466341410533, 43.665360012095157 ], [ -79.47170872647159, 43.66310649563178 ] ] ] } },
{ "type": "Feature", "properties": { "vor_id": 2918, "theft_count": 8, "bike_trips": 3396, "theft_per_1000_trips": 2.3557126030624262 }, "geometry": { "type": "Polygon", "coordinates": [ [ [ -79.480985782644808, 43.649713884246715 ], [ -79.481300798221838, 43.651138724462584 ], [ -79.481576555145168, 43.65407889637342 ], [ -79.478692923596341, 43.655080048365647 ], [ -79.47816981533677, 43.654745747310209 ], [ -79.477280509024851, 43.650002085922402 ], [ -79.480985782644808, 43.649713884246715 ] ] ] } },
{ "type": "Feature", "properties": { "vor_id": 2920, "theft_count": 3, "bike_trips": 1107, "theft_per_1000_trips": 2.7100271002710028 }, "geometry": { "type": "Polygon", "coordinates": [ [ [ -79.427156018139286, 43.652901534688425 ], [ -79.426493401288866, 43.652319051212402 ], [ -79.426554868188063, 43.652096797461368 ], [ -79.429436309776094, 43.650974801208385 ], [ -79.42987692794452, 43.651542471800767 ], [ -79.429943766191499, 43.651875306303488 ], [ -79.428045251960185, 43.652618074509 ], [ -79.427156018139286, 43.652901534688425 ] ] ] } },
{ "type": "Feature", "properties": { "vor_id": 2922, "theft_count": 8, "bike_trips": 6761, "theft_per_1000_trips": 1.1832569146575951 }, "geometry": { "type": "Polygon", "coordinates": [ [ [ -79.350218210556633, 43.75710001961555 ], [ -79.351288419340605, 43.75898183583476 ], [ -79.351679411210085, 43.762115790114848 ], [ -79.339789726135137, 43.769546511980714 ], [ -79.336124792306165, 43.769089271298945 ], [ -79.335333001132781, 43.765263132858635 ], [ -79.350218210556633, 43.75710001961555 ] ] ] } },
{ "type": "Feature", "properties": { "vor_id": 2923, "theft_count": 40, "bike_trips": 3185, "theft_per_1000_trips": 12.558869701726845 }, "geometry": { "type": "Polygon", "coordinates": [ [ [ -79.38692787462908, 43.646272395303448 ], [ -79.385327244049407, 43.646925400263001 ], [ -79.384599015331673, 43.646584435744053 ], [ -79.384788827744146, 43.644789744158658 ], [ -79.385093554468, 43.644083412039024 ], [ -79.386175546434032, 43.64362494086695 ], [ -79.387277447935318, 43.645276727877651 ], [ -79.38692787462908, 43.646272395303448 ] ] ] } },
{ "type": "Feature", "properties": { "vor_id": 2926, "theft_count": 77, "bike_trips": 42358, "theft_per_1000_trips": 1.8178384248548092 }, "geometry": { "type": "MultiPolygon", "coordinates": [ [ [ [ -79.316025139862731, 43.777127527213374 ], [ -79.320645077618252, 43.778780567374419 ], [ -79.325080742841308, 43.780878480782576 ], [ -79.325918280242561, 43.781380481381987 ], [ -79.326729091580418, 43.785211421253145 ], [ -79.322801493963851, 43.787012615146864 ], [ -79.308079761576266, 43.780276726562604 ], [ -79.311040079100437, 43.775901853503328 ], [ -79.311265422100803, 43.775935279979826 ], [ -79.316025139862731, 43.777127527213374 ] ] ], [ [ [ -79.291756389899192, 43.775935279979826 ], [ -79.296610048983496, 43.775215307666386 ], [ -79.301510906, 43.774974543999988 ], [ -79.302284310120555, 43.77501253890803 ], [ -79.307884167359603, 43.780317417094089 ], [ -79.302330469293096, 43.788838794432273 ], [ -79.289674980593162, 43.777423679068342 ], [ -79.291036162083273, 43.783473741145087 ], [ -79.284210463888783, 43.786781499601801 ], [ -79.295350873423018, 43.805411144112682 ], [ -79.296562065095657, 43.805038986420094 ], [ -79.312174811856138, 43.810484099739774 ], [ -79.317880741140343, 43.821135889114359 ], [ -79.317632185168307, 43.821197026789598 ], [ -79.316166268396401, 43.821531762219522 ], [ -79.316165932972709, 43.821531840557 ], [ -79.313561270879404, 43.822153760067202 ], [ -79.312761811621556, 43.822327885906226 ], [ -79.312761383643135, 43.822327981930542 ], [ -79.311772483643153, 43.82255638200138 ], [ -79.311772240859966, 43.822556438991548 ], [ -79.309781714297458, 43.823031221622038 ], [ -79.30811678906467, 43.823420704252058 ], [ -79.307041790196294, 43.823672104065309 ], [ -79.304414500559247, 43.824286608275244 ], [ -79.303213316083969, 43.824537121693595 ], [ -79.303211340978464, 43.824537593936661 ], [ -79.302225550716443, 43.824804183211967 ], [ -79.301490127618706, 43.824983644878827 ], [ -79.300506497843827, 43.825189325706702 ], [ -79.300505499868351, 43.82518954960905 ], [ -79.299398361477472, 43.825455034917638 ], [ -79.299325523182716, 43.825472220364247 ], [ -79.299325474810956, 43.825472231813571 ], [ -79.299251798321393, 43.825489726236455 ], [ -79.299080621840545, 43.825530120698879 ], [ -79.298744308533884, 43.825609623866363 ], [ -79.298697898632071, 43.825620626209925 ], [ -79.29845631314825, 43.825677722796833 ], [ -79.298286516080282, 43.825717822116808 ], [ -79.298037750318386, 43.825776643102685 ], [ -79.297269496789752, 43.825941968594776 ], [ -79.297268728583234, 43.825942142968984 ], [ -79.297113558638046, 43.825979211911353 ], [ -79.295612689125093, 43.826325581904982 ], [ -79.293090588413563, 43.826907682249775 ], [ -79.293090413913561, 43.826907722996893 ], [ -79.292754713913581, 43.826987023021431 ], [ -79.292305738862481, 43.827093093535076 ], [ -79.291078984332316, 43.827373314708282 ], [ -79.290810304716487, 43.827431067354759 ], [ -79.290809918249536, 43.827431152707192 ], [ -79.288972918249513, 43.827847752836639 ], [ -79.288283077737518, 43.828004239390687 ], [ -79.287749639354288, 43.828123225683761 ], [ -79.287749564958119, 43.82812324236324 ], [ -79.286431564958107, 43.828420242455572 ], [ -79.286431329243229, 43.828420296429385 ], [ -79.285930531471138, 43.82853679594723 ], [ -79.283594933690182, 43.829079795599668 ], [ -79.281442633398271, 43.829580195822672 ], [ -79.281179198616542, 43.829641457420244 ], [ -79.280860351430547, 43.82971231254885 ], [ -79.285540026748919, 43.819496210521024 ], [ -79.284964622786589, 43.817199069137367 ], [ -79.283311582625558, 43.812579131381845 ], [ -79.281213669217422, 43.808143466158789 ], [ -79.281074289036368, 43.807910924375477 ], [ -79.278691086615112, 43.803934791349114 ], [ -79.275768128668133, 43.799993638791896 ], [ -79.274230851050376, 43.798297514315244 ], [ -79.264538997762813, 43.79417229318932 ], [ -79.265709304571786, 43.790742922909004 ], [ -79.266054869816656, 43.789730307096036 ], [ -79.266155566940668, 43.789619204940657 ], [ -79.269791241791822, 43.786324021331858 ], [ -79.273732394349011, 43.783401063384858 ], [ -79.274964864057935, 43.782662349469881 ], [ -79.276241751750106, 43.783043478866489 ], [ -79.280499129198304, 43.783168881468782 ], [ -79.287406791680041, 43.777024797615802 ], [ -79.289324371541156, 43.776544468865467 ], [ -79.291756389899192, 43.775935279979826 ] ] ] ] } },
{ "type": "Feature", "properties": { "vor_id": 2928, "theft_count": 9, "bike_trips": 5013, "theft_per_1000_trips": 1.7953321364452424 }, "geometry": { "type": "Polygon", "coordinates": [ [ [ -79.333222283183289, 43.725166460093895 ], [ -79.32548186485991, 43.720399705161284 ], [ -79.33278600814397, 43.716254817181586 ], [ -79.334570925014731, 43.723665017698288 ], [ -79.333928089600633, 43.725011357523762 ], [ -79.333222283183289, 43.725166460093895 ] ] ] } },
{ "type": "Feature", "properties": { "vor_id": 2933, "theft_count": 13, "bike_trips": 2259, "theft_per_1000_trips": 5.7547587428065521 }, "geometry": { "type": "Polygon", "coordinates": [ [ [ -79.381862215906466, 43.673290784745774 ], [ -79.3828959344048, 43.671739118908654 ], [ -79.383764580445614, 43.671354132232466 ], [ -79.384009944271071, 43.671477105106469 ], [ -79.384386345530459, 43.673297567444706 ], [ -79.381789339665275, 43.673817439892538 ], [ -79.381862215906466, 43.673290784745774 ] ] ] } },
{ "type": "Feature", "properties": { "vor_id": 2934, "theft_count": 24, "bike_trips": 3935, "theft_per_1000_trips": 6.099110546378653 }, "geometry": { "type": "Polygon", "coordinates": [ [ [ -79.491076605223469, 43.624524786716755 ], [ -79.488022323437875, 43.62923857421513 ], [ -79.487489280883011, 43.625380572258244 ], [ -79.490690113282952, 43.623708953030565 ], [ -79.491076605223469, 43.624524786716755 ] ] ] } },
{ "type": "Feature", "properties": { "vor_id": 2936, "theft_count": 28, "bike_trips": 4912, "theft_per_1000_trips": 5.7003257328990227 }, "geometry": { "type": "Polygon", "coordinates": [ [ [ -79.384975857868781, 43.720912278523294 ], [ -79.386499788335399, 43.708604381185737 ], [ -79.389413281394525, 43.708924575697338 ], [ -79.390024402679714, 43.711909868905273 ], [ -79.389814388133601, 43.718989573361874 ], [ -79.384975857868781, 43.720912278523294 ] ] ] } },
{ "type": "Feature", "properties": { "vor_id": 2937, "theft_count": 8, "bike_trips": 1293, "theft_per_1000_trips": 6.1871616395978348 }, "geometry": { "type": "Polygon", "coordinates": [ [ [ -79.339466253058234, 43.668070934866996 ], [ -79.336625491029977, 43.667294082349144 ], [ -79.33638515587883, 43.667014607340882 ], [ -79.337227274013358, 43.664327494217872 ], [ -79.338867188071887, 43.665370838549983 ], [ -79.339466253058234, 43.668070934866996 ] ] ] } },
{ "type": "Feature", "properties": { "vor_id": 2945, "theft_count": 7, "bike_trips": 2100, "theft_per_1000_trips": 3.3333333333333335 }, "geometry": { "type": "Polygon", "coordinates": [ [ [ -79.389803487413531, 43.661389799517323 ], [ -79.39002405935355, 43.662726445315869 ], [ -79.389820640240998, 43.662885576772567 ], [ -79.388922827407185, 43.663162164431071 ], [ -79.3887686687182, 43.663110926081494 ], [ -79.388166948371023, 43.66270833140333 ], [ -79.387767300602817, 43.659799428515264 ], [ -79.387952672536926, 43.659180714006666 ], [ -79.38801287163794, 43.659115545012277 ], [ -79.388215363201269, 43.659179081883636 ], [ -79.388746337505992, 43.659585158440734 ], [ -79.389803487413531, 43.661389799517323 ] ] ] } },
{ "type": "Feature", "properties": { "vor_id": 2949, "theft_count": 13, "bike_trips": 7681, "theft_per_1000_trips": 1.6924879572972269 }, "geometry": { "type": "Polygon", "coordinates": [ [ [ -79.223313064708194, 43.774709808658692 ], [ -79.21791277763883, 43.770760397823324 ], [ -79.208689896083271, 43.753777120911174 ], [ -79.222044717561673, 43.754662275326474 ], [ -79.223313064708194, 43.774709808658692 ] ] ] } },
{ "type": "Feature", "properties": { "vor_id": 2951, "theft_count": 19, "bike_trips": 1098, "theft_per_1000_trips": 17.304189435336976 }, "geometry": { "type": "Polygon", "coordinates": [ [ [ -79.412611389499489, 43.660777930818639 ], [ -79.412331664530868, 43.66200432406086 ], [ -79.411765300137219, 43.662593854305591 ], [ -79.410464880703287, 43.661900194133757 ], [ -79.410184279733684, 43.660584384119645 ], [ -79.411041505032841, 43.660238471322032 ], [ -79.412406012777666, 43.6606126137942 ], [ -79.412611389499489, 43.660777930818639 ] ] ] } },
{ "type": "Feature", "properties": { "vor_id": 2953, "theft_count": 24, "bike_trips": 3569, "theft_per_1000_trips": 6.7245727094424206 }, "geometry": { "type": "Polygon", "coordinates": [ [ [ -79.441595437527397, 43.698878977664023 ], [ -79.44096474841237, 43.699037585619784 ], [ -79.438234805092321, 43.698104743436318 ], [ -79.437571843346333, 43.69719209700655 ], [ -79.437530613814957, 43.697019269091172 ], [ -79.437791102351397, 43.695644515422607 ], [ -79.44060661978591, 43.694497289901172 ], [ -79.44271262661016, 43.696258338977024 ], [ -79.441595437527397, 43.698878977664023 ] ] ] } },
{ "type": "Feature", "properties": { "vor_id": 2956, "theft_count": 25, "bike_trips": 4505, "theft_per_1000_trips": 5.5493895671476139 }, "geometry": { "type": "Polygon", "coordinates": [ [ [ -79.448670728871377, 43.633877773771047 ], [ -79.454341446477429, 43.635471182311491 ], [ -79.454343887688253, 43.63547177282382 ], [ -79.454346395603551, 43.635472192086389 ], [ -79.454348947345608, 43.635472436274597 ], [ -79.454351519636873, 43.635472503160912 ], [ -79.454354089012341, 43.635472392135163 ], [ -79.454356632033608, 43.63547210421018 ], [ -79.454359125502677, 43.63547164201244 ], [ -79.455871672392746, 43.635134808692847 ], [ -79.456570731883687, 43.640929991940176 ], [ -79.456051046239708, 43.641147360919888 ], [ -79.450593706996472, 43.640861625814686 ], [ -79.450473563404586, 43.640737405444078 ], [ -79.448670728871377, 43.633877773771047 ] ] ] } },
{ "type": "Feature", "properties": { "vor_id": 2959, "theft_count": 35, "bike_trips": 2445, "theft_per_1000_trips": 14.314928425357873 }, "geometry": { "type": "Polygon", "coordinates": [ [ [ -79.39137901566221, 43.706311321578035 ], [ -79.390935012608992, 43.704138659745084 ], [ -79.391504284718096, 43.703404402258158 ], [ -79.393510845000677, 43.703161331432256 ], [ -79.394184948470112, 43.706502290037392 ], [ -79.393961686912888, 43.706742230346173 ], [ -79.39137901566221, 43.706311321578035 ] ] ] } },
{ "type": "Feature", "properties": { "vor_id": 2960, "theft_count": 22, "bike_trips": 3561, "theft_per_1000_trips": 6.1780398764392022 }, "geometry": { "type": "Polygon", "coordinates": [ [ [ -79.419321898095021, 43.684929504567798 ], [ -79.417667367289383, 43.686345963911265 ], [ -79.416916831549983, 43.682512480057433 ], [ -79.417720430848135, 43.682199889282352 ], [ -79.418871194504007, 43.682855331793142 ], [ -79.419321898095021, 43.684929504567798 ] ] ] } },
{ "type": "Feature", "properties": { "vor_id": 2962, "theft_count": 22, "bike_trips": 1124, "theft_per_1000_trips": 19.572953736654803 }, "geometry": { "type": "Polygon", "coordinates": [ [ [ -79.448210365520254, 43.655219977826391 ], [ -79.447540070202066, 43.653703758339759 ], [ -79.450309706192456, 43.652887268931188 ], [ -79.450606484975808, 43.653364371160279 ], [ -79.450793912425127, 43.65566457933668 ], [ -79.448210365520254, 43.655219977826391 ] ] ] } },
{ "type": "Feature", "properties": { "vor_id": 2964, "theft_count": 15, "bike_trips": 2088, "theft_per_1000_trips": 7.1839080459770113 }, "geometry": { "type": "Polygon", "coordinates": [ [ [ -79.388844107352597, 43.671689487358087 ], [ -79.388721092749734, 43.671989545757384 ], [ -79.385950584029331, 43.673127851097796 ], [ -79.3860059112952, 43.672665914062996 ], [ -79.388789828245905, 43.671511154462813 ], [ -79.388844107352597, 43.671689487358087 ] ] ] } },
{ "type": "Feature", "properties": { "vor_id": 2967, "theft_count": 10, "bike_trips": 3408, "theft_per_1000_trips": 2.9342723004694835 }, "geometry": { "type": "Polygon", "coordinates": [ [ [ -79.491385098109831, 43.654167709568675 ], [ -79.495627666977626, 43.659371102585169 ], [ -79.487743148804796, 43.663091928417366 ], [ -79.487069055773361, 43.66241656137607 ], [ -79.491320926383509, 43.65416471661505 ], [ -79.491385098109831, 43.654167709568675 ] ] ] } },
{ "type": "Feature", "properties": { "vor_id": 2973, "theft_count": 9, "bike_trips": 5921, "theft_per_1000_trips": 1.520013511231211 }, "geometry": { "type": "Polygon", "coordinates": [ [ [ -79.407632146186444, 43.77688744435472 ], [ -79.402255151162862, 43.781690344573484 ], [ -79.397990717898068, 43.775054619115636 ], [ -79.400654439279549, 43.770249896646924 ], [ -79.40169274197055, 43.770052791234534 ], [ -79.404971088772797, 43.771184431102007 ], [ -79.405353577737458, 43.771549371488817 ], [ -79.407049583410796, 43.774194695158663 ], [ -79.407641764433848, 43.776860649997872 ], [ -79.407632146186444, 43.77688744435472 ] ] ] } },
{ "type": "Feature", "properties": { "vor_id": 2980, "theft_count": 25, "bike_trips": 11087, "theft_per_1000_trips": 2.2548931180662035 }, "geometry": { "type": "Polygon", "coordinates": [ [ [ -79.543841877354438, 43.707029071009792 ], [ -79.565537213209808, 43.701719853798835 ], [ -79.572197924335583, 43.704970797660948 ], [ -79.548215237599919, 43.727422418611042 ], [ -79.538476711198783, 43.722306431064311 ], [ -79.543841877354438, 43.707029071009792 ] ] ] } },
{ "type": "Feature", "properties": { "vor_id": 2981, "theft_count": 14, "bike_trips": 2089, "theft_per_1000_trips": 6.7017711823839159 }, "geometry": { "type": "Polygon", "coordinates": [ [ [ -79.39245664183548, 43.672389107991478 ], [ -79.39343636971482, 43.672925308385572 ], [ -79.391592068719604, 43.676023707729925 ], [ -79.389743030039099, 43.674935292203799 ], [ -79.390736211618119, 43.672586949091638 ], [ -79.390982225564301, 43.672462302864425 ], [ -79.39245664183548, 43.672389107991478 ] ] ] } },
{ "type": "Feature", "properties": { "vor_id": 2985, "theft_count": 19, "bike_trips": 2219, "theft_per_1000_trips": 8.5624155024785935 }, "geometry": { "type": "Polygon", "coordinates": [ [ [ -79.428908696923131, 43.661725730275393 ], [ -79.427582614784498, 43.662246115757839 ], [ -79.427109513087288, 43.6600131301049 ], [ -79.42903229080018, 43.660363583808405 ], [ -79.429200689432022, 43.661106126911299 ], [ -79.428908696923131, 43.661725730275393 ] ] ] } },
{ "type": "Feature", "properties": { "vor_id": 2986, "theft_count": 3, "bike_trips": 3737, "theft_per_1000_trips": 0.80278298100080281 }, "geometry": { "type": "Polygon", "coordinates": [ [ [ -79.371303613326717, 43.675592720713958 ], [ -79.372145244529406, 43.679183994816249 ], [ -79.370103545716859, 43.680659327569302 ], [ -79.367120856398799, 43.679794594699523 ], [ -79.370580754822299, 43.67526433124798 ], [ -79.371303613326717, 43.675592720713958 ] ] ] } },
{ "type": "Feature", "properties": { "vor_id": 2987, "theft_count": 25, "bike_trips": 3312, "theft_per_1000_trips": 7.5483091787439607 }, "geometry": { "type": "Polygon", "coordinates": [ [ [ -79.420600183152231, 43.651880492690786 ], [ -79.423041662184048, 43.65292469301604 ], [ -79.423460580581335, 43.654890759346905 ], [ -79.421380778652491, 43.655682157835251 ], [ -79.421037275162064, 43.655588962546723 ], [ -79.420338126260333, 43.652214991994555 ], [ -79.420600183152231, 43.651880492690786 ] ] ] } },
{ "type": "Feature", "properties": { "vor_id": 2988, "theft_count": 9, "bike_trips": 4459, "theft_per_1000_trips": 2.0183897734918141 }, "geometry": { "type": "Polygon", "coordinates": [ [ [ -79.38341422569458, 43.776479580856972 ], [ -79.386065001376934, 43.769122278576212 ], [ -79.389659227116667, 43.771041306259711 ], [ -79.387737860363529, 43.781249577950774 ], [ -79.385725026644565, 43.783785660084327 ], [ -79.383074403464192, 43.784374507316514 ], [ -79.382629830601459, 43.784131875951651 ], [ -79.38341422569458, 43.776479580856972 ] ] ] } },
{ "type": "Feature", "properties": { "vor_id": 2997, "theft_count": 11, "bike_trips": 2369, "theft_per_1000_trips": 4.6433094132545385 }, "geometry": { "type": "Polygon", "coordinates": [ [ [ -79.423698691449829, 43.691287835232032 ], [ -79.423780582999953, 43.691211245937396 ], [ -79.425313409632807, 43.690306582338472 ], [ -79.427344684092006, 43.690050982851588 ], [ -79.428660910342685, 43.690631626206958 ], [ -79.427544273835565, 43.693387751180992 ], [ -79.42460662421999, 43.694239272432945 ], [ -79.424495652632515, 43.69409345960625 ], [ -79.423698691449829, 43.691287835232032 ] ] ] } },
{ "type": "Feature", "properties": { "vor_id": 2999, "theft_count": 145, "bike_trips": 17210, "theft_per_1000_trips": 8.4253341080767008 }, "geometry": { "type": "MultiPolygon", "coordinates": [ [ [ [ -79.493705904374437, 43.607682428618347 ], [ -79.492052864213392, 43.603062490862818 ], [ -79.491991040468776, 43.602815676639096 ], [ -79.495671227988353, 43.606092148167484 ], [ -79.496322326609885, 43.609009155334491 ], [ -79.495348102221726, 43.609963387263726 ], [ -79.49484085462818, 43.610082079314545 ], [ -79.493705904374437, 43.607682428618347 ] ] ], [ [ [ -79.520765709381749, 43.634742233625651 ], [ -79.523292939727625, 43.635646491102499 ], [ -79.526170747122961, 43.63700759263228 ], [ -79.526430487381717, 43.637130440625555 ], [ -79.529312681707893, 43.638161706245413 ], [ -79.531018907269015, 43.639840447942774 ], [ -79.532224160157398, 43.639848856654652 ], [ -79.532264737470925, 43.640010850370757 ], [ -79.530972136349092, 43.640074351791881 ], [ -79.528101542999892, 43.640215375000096 ], [ -79.524678968799762, 43.640047234711552 ], [ -79.523200685983412, 43.639974611333706 ], [ -79.518347026899079, 43.639254639020258 ], [ -79.513587309137165, 43.638062391786711 ], [ -79.512845568424581, 43.637796992716019 ], [ -79.508967371381615, 43.636409351625666 ], [ -79.506610343543514, 43.635294560482436 ], [ -79.504531706158559, 43.634311438217509 ], [ -79.500323031348913, 43.631788855615234 ], [ -79.499301119689662, 43.631030954274898 ], [ -79.496381878791695, 43.628865897668234 ], [ -79.493633872996355, 43.626375250395164 ], [ -79.49274620394057, 43.625570714059421 ], [ -79.49218204145474, 43.624948256677627 ], [ -79.493952743833091, 43.625626576462786 ], [ -79.499086036568386, 43.622726574405156 ], [ -79.493532216755483, 43.618219412487505 ], [ -79.492785578156429, 43.61816364382684 ], [ -79.491648861456653, 43.618694047282737 ], [ -79.489997689100377, 43.620463937054033 ], [ -79.490576585223934, 43.62317690869348 ], [ -79.489451020331742, 43.621935039208282 ], [ -79.488671921742764, 43.62088454636784 ], [ -79.486528062384735, 43.617993886651071 ], [ -79.484585715969246, 43.614753277434502 ], [ -79.484005479782468, 43.613785211841396 ], [ -79.482507349357292, 43.610617681188941 ], [ -79.482170667142071, 43.609905826453875 ], [ -79.492076527283501, 43.611343535048412 ], [ -79.492516942784604, 43.61062585688228 ], [ -79.49484085462818, 43.610082079314545 ], [ -79.49530326422223, 43.611059762257611 ], [ -79.495803817782573, 43.612118093841381 ], [ -79.497091776862732, 43.614266923747572 ], [ -79.497964444201557, 43.615722881242377 ], [ -79.500200966278541, 43.614772800804268 ], [ -79.501448088697302, 43.615150095200498 ], [ -79.503347981384778, 43.618319874650986 ], [ -79.506270939331756, 43.622261027208189 ], [ -79.5067182497977, 43.622754558253732 ], [ -79.509566122940569, 43.625896702059336 ], [ -79.513201797791723, 43.629191885668142 ], [ -79.517142950348912, 43.632114843615135 ], [ -79.517394049550191, 43.632265346684434 ], [ -79.516216324320922, 43.632576159169858 ], [ -79.516330044158664, 43.632644320217487 ], [ -79.520765709381749, 43.634742233625651 ] ], [ [ -79.512121369349018, 43.630121737615205 ], [ -79.508180216791786, 43.62719877966822 ], [ -79.506044936320592, 43.625263474258077 ], [ -79.506303140719396, 43.626775716405938 ], [ -79.510034485542775, 43.632128295379708 ], [ -79.512234552670648, 43.633626985213269 ], [ -79.516216324320922, 43.632576159169858 ], [ -79.512121369349018, 43.630121737615205 ] ], [ [ -79.505932739333375, 43.624606363016909 ], [ -79.505053619843324, 43.624364997375302 ], [ -79.506044936320592, 43.625263474258077 ], [ -79.505932739333375, 43.624606363016909 ] ] ], [ [ [ -79.545916042146658, 43.624770350889101 ], [ -79.551834094020037, 43.62442996260642 ], [ -79.55597336968512, 43.625741135525949 ], [ -79.556023022520421, 43.626216341332103 ], [ -79.554975660225836, 43.632330928772532 ], [ -79.551671379841167, 43.634311438217509 ], [ -79.547235714618111, 43.636409351625666 ], [ -79.543457681519598, 43.637761153483638 ], [ -79.545916042146658, 43.624770350889101 ] ] ] ] } }
]
}
