{
"type": "FeatureCollection",
"name": "voronoi_theft_rates_disjoint_bikeest_quantiles_slivers_removed",
"crs": { "type": "name", "properties": { "name": "urn:ogc:def:crs:OGC:1.3:CRS84" } },
"features": [
{ "type": "Feature", "properties": { "vor_id": 0, "theft_count": 11, "bike_trips": 0.0, "theft_per_1000_trips": "<NA>" }, "geometry": { "type": "Polygon", "coordinates": [ [ [ -79.423234524592672, 43.794102832400966 ], [ -79.421587617183803, 43.792909451140147 ], [ -79.422157820914876, 43.788154783515523 ], [ -79.427702341030141, 43.784360749269219 ], [ -79.428127492559497, 43.784430258335796 ], [ -79.430098857349662, 43.790958574867489 ], [ -79.423234524592672, 43.794102832400966 ] ] ] } },
{ "type": "Feature", "properties": { "vor_id": 1, "theft_count": 19, "bike_trips": 0.0, "theft_per_1000_trips": "<NA>" }, "geometry": { "type": "Polygon", "coordinates": [ [ [ -79.400805048438613, 43.656984522769001 ], [ -79.400132062051938, 43.657258318595233 ], [ -79.398942328533039, 43.657508118503877 ], [ -79.398509158791128, 43.657093045003919 ], [ -79.39852984785098, 43.656890335373774 ], [ -79.399276815827619, 43.656358636662915 ], [ -79.400464225822247, 43.655891881651691 ], [ -79.400591451040526, 43.655958910444149 ], [ -79.400805048438613, 43.656984522769001 ] ] ] } },
{ "type": "Feature", "properties": { "vor_id": 2, "theft_count": 32, "bike_trips": 0.0, "theft_per_1000_trips": "<NA>" }, "geometry": { "type": "Polygon", "coordinates": [ [ [ -79.392810296669637, 43.630327862498312 ], [ -79.388640550003089, 43.622762471862096 ], [ -79.395567710795419, 43.610899440201436 ], [ -79.4000044, 43.6164786 ], [ -79.405992475815964, 43.622900495595232 ], [ -79.405299382012132, 43.62855814550641 ], [ -79.399856305164903, 43.634171361524423 ], [ -79.399031690027911, 43.634292232663718 ], [ -79.396857926409368, 43.633929033345765 ], [ -79.392810296669637, 43.630327862498312 ] ] ] } },
{ "type": "Feature", "properties": { "vor_id": 3, "theft_count": 10, "bike_trips": 0.0, "theft_per_1000_trips": "<NA>" }, "geometry": { "type": "Polygon", "coordinates": [ [ [ -79.331315236135083, 43.668830465845453 ], [ -79.331182823400596, 43.668174712958404 ], [ -79.332613996139941, 43.666452240843057 ], [ -79.333307880160049, 43.669553871378866 ], [ -79.33140929171671, 43.668999378313679 ], [ -79.331315236135083, 43.668830465845453 ] ] ] } },
{ "type": "Feature", "properties": { "vor_id": 4, "theft_count": 86, "bike_trips": 0.0, "theft_per_1000_trips": "<NA>" }, "geometry": { "type": "Polygon", "coordinates": [ [ [ -79.386740012986976, 43.668445570238021 ], [ -79.387683529492136, 43.667579804572696 ], [ -79.388021811532667, 43.667745116350794 ], [ -79.388262660966376, 43.669015191343966 ], [ -79.387572175137535, 43.669288472485874 ], [ -79.387241129599687, 43.669288249626049 ], [ -79.386815593763885, 43.668817043590174 ], [ -79.386740012986976, 43.668445570238021 ] ] ] } },
{ "type": "Feature", "properties": { "vor_id": 5, "theft_count": 58, "bike_trips": 0.0, "theft_per_1000_trips": "<NA>" }, "geometry": { "type": "Polygon", "coordinates": [ [ [ -79.37399147236215, 43.643694271966446 ], [ -79.376422587654005, 43.642638596436228 ], [ -79.376680534633351, 43.643053314083019 ], [ -79.376697382267963, 43.64335586824653 ], [ -79.373721143277251, 43.644531266873287 ], [ -79.37399147236215, 43.643694271966446 ] ] ] } },
{ "type": "Feature", "properties": { "vor_id": 6, "theft_count": 13, "bike_trips": 0.0, "theft_per_1000_trips": "<NA>" }, "geometry": { "type": "Polygon", "coordinates": [ [ [ -79.422930882032261, 43.685557380634719 ], [ -79.422785448361353, 43.685855294916976 ], [ -79.419609198702872, 43.684812640067726 ], [ -79.420320375136995, 43.683903210807117 ], [ -79.42109057873472, 43.683278721379466 ], [ -79.422560510154099, 43.683704098829033 ], [ -79.422930882032261, 43.685557380634719 ] ] ] } },
{ "type": "Feature", "properties": { "vor_id": 7, "theft_count": 27, "bike_trips": 0.0, "theft_per_1000_trips": "<NA>" }, "geometry": { "type": "Polygon", "coordinates": [ [ [ -79.382196713039463, 43.655428010962289 ], [ -79.382197010325996, 43.65544638494336 ], [ -79.38023847130799, 43.656285355433084 ], [ -79.380076495773068, 43.655937044157184 ], [ -79.379896361891952, 43.655099021696273 ], [ -79.380736682110353, 43.65474300877716 ], [ -79.382196713039463, 43.655428010962289 ] ] ] } },
{ "type": "Feature", "properties": { "vor_id": 8, "theft_count": 15, "bike_trips": 0.0, "theft_per_1000_trips": "<NA>" }, "geometry": { "type": "Polygon", "coordinates": [ [ [ -79.417969149314345, 43.661259652374994 ], [ -79.417598427788803, 43.659427751318965 ], [ -79.420501207459679, 43.658293515684683 ], [ -79.421070218593925, 43.660948633014954 ], [ -79.419493032031298, 43.66155281738402 ], [ -79.418126155582257, 43.66130354765145 ], [ -79.417969149314345, 43.661259652374994 ] ] ] } },
{ "type": "Feature", "properties": { "vor_id": 9, "theft_count": 14, "bike_trips": 0.0, "theft_per_1000_trips": "<NA>" }, "geometry": { "type": "Polygon", "coordinates": [ [ [ -79.330315708620986, 43.749428598833823 ], [ -79.343802773788454, 43.750641178691829 ], [ -79.347448527375661, 43.751829436671208 ], [ -79.350218210556648, 43.75710001961555 ], [ -79.335333001132781, 43.765263132858635 ], [ -79.330315708620986, 43.749428598833823 ] ] ] } },
{ "type": "Feature", "properties": { "vor_id": 10, "theft_count": 52, "bike_trips": 0.0, "theft_per_1000_trips": "<NA>" }, "geometry": { "type": "Polygon", "coordinates": [ [ [ -79.381970411412112, 43.642036018207719 ], [ -79.380336733049845, 43.64269223918803 ], [ -79.380063879788338, 43.642050848813788 ], [ -79.3821524031314, 43.641131898541381 ], [ -79.382307816972741, 43.64135530029008 ], [ -79.381970411412112, 43.642036018207719 ] ] ] } },
{ "type": "Feature", "properties": { "vor_id": 11, "theft_count": 30, "bike_trips": 0.0, "theft_per_1000_trips": "<NA>" }, "geometry": { "type": "Polygon", "coordinates": [ [ [ -79.356673122386923, 43.65717867973261 ], [ -79.358210250572469, 43.6583081871267 ], [ -79.358187959996329, 43.659093008107931 ], [ -79.357876368053752, 43.65941344993999 ], [ -79.355321158652345, 43.658775886816649 ], [ -79.355217715683395, 43.658122833979256 ], [ -79.356673122386923, 43.65717867973261 ] ] ] } },
{ "type": "Feature", "properties": { "vor_id": 12, "theft_count": 41, "bike_trips": 0.0, "theft_per_1000_trips": "<NA>" }, "geometry": { "type": "Polygon", "coordinates": [ [ [ -79.395999360432654, 43.648342003619938 ], [ -79.396742263743363, 43.648230195822038 ], [ -79.396883326815299, 43.648904756938798 ], [ -79.395080827282257, 43.649654761989019 ], [ -79.394900403855374, 43.648790729807942 ], [ -79.395999360432654, 43.648342003619938 ] ] ] } },
{ "type": "Feature", "properties": { "vor_id": 13, "theft_count": 22, "bike_trips": 0.0, "theft_per_1000_trips": "<NA>" }, "geometry": { "type": "Polygon", "coordinates": [ [ [ -79.343709496889062, 43.658266056799022 ], [ -79.343151117381581, 43.65940763184075 ], [ -79.343149568051857, 43.659408272056304 ], [ -79.340284361067603, 43.659281335837882 ], [ -79.339033085416347, 43.658770973285883 ], [ -79.337949579373188, 43.657114954556697 ], [ -79.34084832981047, 43.655908677368437 ], [ -79.342277583791812, 43.65720407766824 ], [ -79.343709496889062, 43.658266056799022 ] ] ] } },
{ "type": "Feature", "properties": { "vor_id": 14, "theft_count": 36, "bike_trips": 0.0, "theft_per_1000_trips": "<NA>" }, "geometry": { "type": "Polygon", "coordinates": [ [ [ -79.407859009674894, 43.672748283191616 ], [ -79.405898755699653, 43.67453444405654 ], [ -79.405266706854164, 43.67140244750918 ], [ -79.406065709066127, 43.671085123614134 ], [ -79.406956636854744, 43.671263871636988 ], [ -79.407699878906953, 43.671550109930052 ], [ -79.407859009674894, 43.672748283191616 ] ] ] } },
{ "type": "Feature", "properties": { "vor_id": 15, "theft_count": 39, "bike_trips": 1605.0, "theft_per_1000_trips": "24.299065420560748" }, "geometry": { "type": "MultiPolygon", "coordinates": [ [ [ [ -79.169245532615108, 43.755666757349026 ], [ -79.171723770582091, 43.759801447604339 ], [ -79.170158563208062, 43.75838282633196 ], [ -79.166217410650844, 43.755459868384982 ], [ -79.164915822323479, 43.754679726364415 ], [ -79.168017691078717, 43.754011204686684 ], [ -79.169245532615108, 43.755666757349026 ] ] ], [ [ [ -79.134201600830281, 43.783906970902436 ], [ -79.145624269367772, 43.781046957332741 ], [ -79.152328686117642, 43.767229088285923 ], [ -79.158478384532103, 43.77403377938009 ], [ -79.165547625501063, 43.776966298708501 ], [ -79.176422126135648, 43.783261149776841 ], [ -79.176458796271675, 43.784859418694957 ], [ -79.177514524291396, 43.786651819172214 ], [ -79.177431288333594, 43.788346126016485 ], [ -79.17671131602016, 43.793199785100803 ], [ -79.175519068786585, 43.797959502862724 ], [ -79.17386602862554, 43.802579440618253 ], [ -79.171768115217418, 43.807015105841288 ], [ -79.169245532615108, 43.81122378065097 ], [ -79.166322574668129, 43.81516493320818 ], [ -79.164043446043522, 43.817679564138238 ], [ -79.163027391059316, 43.818800608059327 ], [ -79.159391716208177, 43.822095791668133 ], [ -79.15636531433853, 43.824340324267993 ], [ -79.156302, 43.8241927 ], [ -79.156115134532087, 43.823795055934674 ], [ -79.156070310109399, 43.823699670918543 ], [ -79.156111674116673, 43.823674878286702 ], [ -79.155615147347504, 43.806430873788038 ], [ -79.14515084093847, 43.791793623367042 ], [ -79.131126673317013, 43.791767642509747 ], [ -79.132737306224953, 43.786134072387284 ], [ -79.134201600830281, 43.783906970902436 ] ] ] ] } },
{ "type": "Feature", "properties": { "vor_id": 16, "theft_count": 15, "bike_trips": 0.0, "theft_per_1000_trips": "<NA>" }, "geometry": { "type": "Polygon", "coordinates": [ [ [ -79.375989340413483, 43.652657636939672 ], [ -79.374962058461193, 43.653086517949731 ], [ -79.37445628574045, 43.652504087432391 ], [ -79.37581781969304, 43.651927927989483 ], [ -79.375989340413483, 43.652657636939672 ] ] ] } },
{ "type": "Feature", "properties": { "vor_id": 17, "theft_count": 10, "bike_trips": 0.0, "theft_per_1000_trips": "<NA>" }, "geometry": { "type": "Polygon", "coordinates": [ [ [ -79.420441503215343, 43.65107506205505 ], [ -79.420600183152231, 43.651880492690786 ], [ -79.420338126260333, 43.652214991994555 ], [ -79.419279789907975, 43.653057062718297 ], [ -79.416342853350841, 43.652540260672751 ], [ -79.415786986485614, 43.651499764030078 ], [ -79.41989340950137, 43.649889049821624 ], [ -79.420441503215343, 43.65107506205505 ] ] ] } },
{ "type": "Feature", "properties": { "vor_id": 18, "theft_count": 8, "bike_trips": 0.0, "theft_per_1000_trips": "<NA>" }, "geometry": { "type": "Polygon", "coordinates": [ [ [ -79.494069009894076, 43.705800718835533 ], [ -79.494315448111777, 43.706375134647459 ], [ -79.495689440649386, 43.710476974029916 ], [ -79.493071176019399, 43.720859904290919 ], [ -79.491873102828322, 43.721604703194899 ], [ -79.478842167180332, 43.716948545226245 ], [ -79.479857158836936, 43.702638864673887 ], [ -79.48212201220467, 43.701734863204848 ], [ -79.494069009894076, 43.705800718835533 ] ] ] } },
{ "type": "Feature", "properties": { "vor_id": 19, "theft_count": 16, "bike_trips": 0.0, "theft_per_1000_trips": "<NA>" }, "geometry": { "type": "Polygon", "coordinates": [ [ [ -79.308634587946301, 43.676231107714656 ], [ -79.306096641261178, 43.676032715906366 ], [ -79.305055375364788, 43.675129762828099 ], [ -79.306342826372301, 43.673377298841302 ], [ -79.306854705406963, 43.673363842079993 ], [ -79.309110801703085, 43.675924037370002 ], [ -79.308634587946301, 43.676231107714656 ] ] ] } },
{ "type": "Feature", "properties": { "vor_id": 20, "theft_count": 46, "bike_trips": 0.0, "theft_per_1000_trips": "<NA>" }, "geometry": { "type": "Polygon", "coordinates": [ [ [ -79.402458515244291, 43.67349920970819 ], [ -79.401515991154099, 43.674913861684871 ], [ -79.399045437096945, 43.67454686755363 ], [ -79.398513965469405, 43.67361049767613 ], [ -79.398495702140693, 43.672843145102583 ], [ -79.400459056444433, 43.671011065351692 ], [ -79.401890069531447, 43.670793220746958 ], [ -79.402458515244291, 43.67349920970819 ] ] ] } },
{ "type": "Feature", "properties": { "vor_id": 21, "theft_count": 10, "bike_trips": 0.0, "theft_per_1000_trips": "<NA>" }, "geometry": { "type": "Polygon", "coordinates": [ [ [ -79.4194701408139, 43.639212330242984 ], [ -79.421786075855792, 43.638327696635621 ], [ -79.42176965497157, 43.639722453093057 ], [ -79.419446263836932, 43.641819251704206 ], [ -79.419399166640829, 43.641819184625227 ], [ -79.418810781011288, 43.640606429415342 ], [ -79.4194701408139, 43.639212330242984 ] ] ] } },
{ "type": "Feature", "properties": { "vor_id": 22, "theft_count": 3, "bike_trips": 0.0, "theft_per_1000_trips": "<NA>" }, "geometry": { "type": "Polygon", "coordinates": [ [ [ -79.406956636854744, 43.671263871636988 ], [ -79.406065709066127, 43.671085123614134 ], [ -79.405684478459449, 43.66927389266607 ], [ -79.406500112865132, 43.669235560176695 ], [ -79.406956636854744, 43.671263871636988 ] ] ] } },
{ "type": "Feature", "properties": { "vor_id": 23, "theft_count": 44, "bike_trips": 0.0, "theft_per_1000_trips": "<NA>" }, "geometry": { "type": "Polygon", "coordinates": [ [ [ -79.381970411412112, 43.642036018207719 ], [ -79.382307816972741, 43.64135530029008 ], [ -79.382332639487672, 43.641359046941218 ], [ -79.383323387457324, 43.642197858883719 ], [ -79.383637552226475, 43.643736664116418 ], [ -79.382640872540719, 43.643966328507901 ], [ -79.382365435600263, 43.643934419922275 ], [ -79.381970411412112, 43.642036018207719 ] ] ] } },
{ "type": "Feature", "properties": { "vor_id": 24, "theft_count": 91, "bike_trips": 0.0, "theft_per_1000_trips": "<NA>" }, "geometry": { "type": "Polygon", "coordinates": [ [ [ -79.285142525622874, 43.696930382978557 ], [ -79.284964911031395, 43.696923436594624 ], [ -79.284948035186673, 43.689389249901559 ], [ -79.286406377007822, 43.688012712593363 ], [ -79.291209336716747, 43.689327476132483 ], [ -79.2913669309591, 43.692738399761829 ], [ -79.285142525622874, 43.696930382978557 ] ] ] } },
{ "type": "Feature", "properties": { "vor_id": 25, "theft_count": 14, "bike_trips": 0.0, "theft_per_1000_trips": "<NA>" }, "geometry": { "type": "Polygon", "coordinates": [ [ [ -79.377278383498762, 43.647484680019119 ], [ -79.375176793676729, 43.648575380173774 ], [ -79.374984962006835, 43.648403738146996 ], [ -79.37446758879075, 43.647364495329654 ], [ -79.37611907653428, 43.646621260226119 ], [ -79.377377881934692, 43.647185744857403 ], [ -79.377278383498762, 43.647484680019119 ] ] ] } },
{ "type": "Feature", "properties": { "vor_id": 26, "theft_count": 18, "bike_trips": 0.0, "theft_per_1000_trips": "<NA>" }, "geometry": { "type": "Polygon", "coordinates": [ [ [ -79.421846811611019, 43.638127213770105 ], [ -79.421475359041139, 43.636249946651894 ], [ -79.42172311207726, 43.635650790414019 ], [ -79.423143049758565, 43.635132823160966 ], [ -79.424380519299731, 43.635895835337003 ], [ -79.424906111403928, 43.638367776697152 ], [ -79.424008269091019, 43.638714178377711 ], [ -79.421846811611019, 43.638127213770105 ] ] ] } },
{ "type": "Feature", "properties": { "vor_id": 27, "theft_count": 8, "bike_trips": 0.0, "theft_per_1000_trips": "<NA>" }, "geometry": { "type": "Polygon", "coordinates": [ [ [ -79.481154870686808, 43.64330952720416 ], [ -79.480985782644808, 43.649713884246715 ], [ -79.477280509024851, 43.650002085922402 ], [ -79.476459283515098, 43.649854743660057 ], [ -79.475409845752466, 43.649186330396425 ], [ -79.472098769485868, 43.646116576458546 ], [ -79.471758777082172, 43.645426111370043 ], [ -79.481154870686808, 43.64330952720416 ] ] ] } },
{ "type": "Feature", "properties": { "vor_id": 28, "theft_count": 29, "bike_trips": 0.0, "theft_per_1000_trips": "<NA>" }, "geometry": { "type": "Polygon", "coordinates": [ [ [ -79.379981391575058, 43.66669081134193 ], [ -79.380033431780802, 43.667016780579694 ], [ -79.377833586361859, 43.66797278315773 ], [ -79.377246284949379, 43.667805328342652 ], [ -79.377454795913096, 43.667140212995925 ], [ -79.3796847092229, 43.666215206447831 ], [ -79.379981391575058, 43.66669081134193 ] ] ] } },
{ "type": "Feature", "properties": { "vor_id": 29, "theft_count": 33, "bike_trips": 0.0, "theft_per_1000_trips": "<NA>" }, "geometry": { "type": "Polygon", "coordinates": [ [ [ -79.402425407582626, 43.687024945442204 ], [ -79.402595966574353, 43.687919406076077 ], [ -79.400280282555414, 43.689766750422081 ], [ -79.396602726520527, 43.686508856183863 ], [ -79.396780732051354, 43.684962979824064 ], [ -79.398462260552904, 43.685104691526277 ], [ -79.402425407582626, 43.687024945442204 ] ] ] } },
{ "type": "Feature", "properties": { "vor_id": 30, "theft_count": 21, "bike_trips": 0.0, "theft_per_1000_trips": "<NA>" }, "geometry": { "type": "Polygon", "coordinates": [ [ [ -79.381789339665275, 43.673817439892538 ], [ -79.381588523039895, 43.674043610501805 ], [ -79.37977611896973, 43.671629451234601 ], [ -79.379703293935037, 43.671269137989128 ], [ -79.381285483661784, 43.670589304954966 ], [ -79.381862215906466, 43.673290784745774 ], [ -79.381789339665275, 43.673817439892538 ] ] ] } },
{ "type": "Feature", "properties": { "vor_id": 31, "theft_count": 41, "bike_trips": 0.0, "theft_per_1000_trips": "<NA>" }, "geometry": { "type": "Polygon", "coordinates": [ [ [ -79.385121382343385, 43.662985011841243 ], [ -79.385383649911077, 43.66339608663089 ], [ -79.384869878575273, 43.664193042885188 ], [ -79.383900597694605, 43.664597099354886 ], [ -79.383753089273426, 43.663553743236001 ], [ -79.385121382343385, 43.662985011841243 ] ] ] } },
{ "type": "Feature", "properties": { "vor_id": 32, "theft_count": 10, "bike_trips": 0.0, "theft_per_1000_trips": "<NA>" }, "geometry": { "type": "Polygon", "coordinates": [ [ [ -79.469389699829648, 43.6608170288333 ], [ -79.471600517132259, 43.662653813740462 ], [ -79.47170872647159, 43.66310649563178 ], [ -79.468466341410533, 43.665360012095157 ], [ -79.467355635601479, 43.663879949708885 ], [ -79.466867433229424, 43.661680243520088 ], [ -79.467499832221606, 43.660826069979748 ], [ -79.469389699829648, 43.6608170288333 ] ] ] } },
{ "type": "Feature", "properties": { "vor_id": 33, "theft_count": 24, "bike_trips": 0.0, "theft_per_1000_trips": "<NA>" }, "geometry": { "type": "Polygon", "coordinates": [ [ [ -79.498878823130426, 43.64643788871517 ], [ -79.50904457111794, 43.64445665203764 ], [ -79.509332246389008, 43.653423676029369 ], [ -79.50525247192158, 43.654649894602741 ], [ -79.504242876959182, 43.654778408668903 ], [ -79.498878823130426, 43.64643788871517 ] ] ] } },
{ "type": "Feature", "properties": { "vor_id": 34, "theft_count": 30, "bike_trips": 0.0, "theft_per_1000_trips": "<NA>" }, "geometry": { "type": "Polygon", "coordinates": [ [ [ -79.399142470166666, 43.653225134727748 ], [ -79.397614345287707, 43.651953938959636 ], [ -79.397614955830633, 43.65188979230026 ], [ -79.398612520985864, 43.650803422482156 ], [ -79.400797489542796, 43.650989053754181 ], [ -79.400834060386444, 43.651062026895247 ], [ -79.400224014640202, 43.652450671483969 ], [ -79.399363131353155, 43.653221230830816 ], [ -79.399142470166666, 43.653225134727748 ] ] ] } },
{ "type": "Feature", "properties": { "vor_id": 35, "theft_count": 86, "bike_trips": 0.0, "theft_per_1000_trips": "<NA>" }, "geometry": { "type": "Polygon", "coordinates": [ [ [ -79.379981391575058, 43.66669081134193 ], [ -79.3796847092229, 43.666215206447831 ], [ -79.379673178858582, 43.666162115503283 ], [ -79.379725679234511, 43.666034929698057 ], [ -79.380308743579761, 43.665350736308113 ], [ -79.382052930638991, 43.664621482856717 ], [ -79.382692946695144, 43.665564144645614 ], [ -79.379981391575058, 43.66669081134193 ] ] ] } },
{ "type": "Feature", "properties": { "vor_id": 36, "theft_count": 28, "bike_trips": 0.0, "theft_per_1000_trips": "<NA>" }, "geometry": { "type": "Polygon", "coordinates": [ [ [ -79.41274726681398, 43.777114368138328 ], [ -79.413877199361266, 43.779669160269599 ], [ -79.414018730785287, 43.781098046063491 ], [ -79.412233166908322, 43.785449352539665 ], [ -79.412015387013639, 43.785608684354571 ], [ -79.407632146186444, 43.776887444354728 ], [ -79.407641764433848, 43.776860649997879 ], [ -79.41274726681398, 43.777114368138328 ] ] ] } },
{ "type": "Feature", "properties": { "vor_id": 37, "theft_count": 40, "bike_trips": 0.0, "theft_per_1000_trips": "<NA>" }, "geometry": { "type": "Polygon", "coordinates": [ [ [ -79.376296236314275, 43.657725836214901 ], [ -79.375456694332271, 43.658630527960185 ], [ -79.374905872477328, 43.656141256442254 ], [ -79.375577932842162, 43.655864222422764 ], [ -79.375906860474601, 43.655903575671367 ], [ -79.376296236314275, 43.657725836214901 ] ] ] } },
{ "type": "Feature", "properties": { "vor_id": 38, "theft_count": 17, "bike_trips": 0.0, "theft_per_1000_trips": "<NA>" }, "geometry": { "type": "Polygon", "coordinates": [ [ [ -79.466867433229424, 43.661680243520088 ], [ -79.467355635601479, 43.663879949708885 ], [ -79.464235924312078, 43.665122883828481 ], [ -79.463174615700552, 43.665055209000521 ], [ -79.463176259536382, 43.661866290782712 ], [ -79.466867433229424, 43.661680243520088 ] ] ] } },
{ "type": "Feature", "properties": { "vor_id": 39, "theft_count": 271, "bike_trips": 0.0, "theft_per_1000_trips": "<NA>" }, "geometry": { "type": "Polygon", "coordinates": [ [ [ -79.38023847130799, 43.656285355433084 ], [ -79.382197010325996, 43.65544638494336 ], [ -79.382346805741733, 43.656144297724076 ], [ -79.380406908786853, 43.656938258144216 ], [ -79.380223093363782, 43.656837529559184 ], [ -79.38023847130799, 43.656285355433084 ] ] ] } },
{ "type": "Feature", "properties": { "vor_id": 40, "theft_count": 4, "bike_trips": 0.0, "theft_per_1000_trips": "<NA>" }, "geometry": { "type": "Polygon", "coordinates": [ [ [ -79.401038026591181, 43.724958117359293 ], [ -79.401705333775098, 43.727105387299481 ], [ -79.401386760816806, 43.72842848090572 ], [ -79.400658988589939, 43.729536903096417 ], [ -79.399754631779388, 43.729150766463498 ], [ -79.39871662598766, 43.724200414155625 ], [ -79.401038026591181, 43.724958117359293 ] ] ] } },
{ "type": "Feature", "properties": { "vor_id": 41, "theft_count": 18, "bike_trips": 0.0, "theft_per_1000_trips": "<NA>" }, "geometry": { "type": "Polygon", "coordinates": [ [ [ -79.371832182136686, 43.659726771086355 ], [ -79.371581450120999, 43.660001682475404 ], [ -79.37059196606404, 43.65990532444583 ], [ -79.370007886909661, 43.65745977573927 ], [ -79.37155375027551, 43.65680504667035 ], [ -79.371832182136686, 43.659726771086355 ] ] ] } },
{ "type": "Feature", "properties": { "vor_id": 42, "theft_count": 51, "bike_trips": 0.0, "theft_per_1000_trips": "<NA>" }, "geometry": { "type": "Polygon", "coordinates": [ [ [ -79.375906860474601, 43.655903575671367 ], [ -79.375577932842162, 43.655864222422764 ], [ -79.375198680470348, 43.654089346490061 ], [ -79.375984915167578, 43.654044971562726 ], [ -79.37632495089629, 43.655737927698546 ], [ -79.375906860474601, 43.655903575671367 ] ] ] } },
{ "type": "Feature", "properties": { "vor_id": 43, "theft_count": 24, "bike_trips": 0.0, "theft_per_1000_trips": "<NA>" }, "geometry": { "type": "Polygon", "coordinates": [ [ [ -79.385476217388103, 43.654787513451609 ], [ -79.385566183681945, 43.654634042307997 ], [ -79.38631685777537, 43.654321583796779 ], [ -79.38638859873015, 43.654337716049781 ], [ -79.386653123022612, 43.6556116935324 ], [ -79.386482676911726, 43.656117386279305 ], [ -79.385665479854893, 43.65563162148613 ], [ -79.385476217388103, 43.654787513451609 ] ] ] } },
{ "type": "Feature", "properties": { "vor_id": 44, "theft_count": 52, "bike_trips": 0.0, "theft_per_1000_trips": "<NA>" }, "geometry": { "type": "Polygon", "coordinates": [ [ [ -79.395134533838998, 43.669267004818707 ], [ -79.39562913937543, 43.66681611698948 ], [ -79.39709805764852, 43.666074679722762 ], [ -79.397520175986173, 43.666331087450018 ], [ -79.397992844249558, 43.668497916091106 ], [ -79.395336708867219, 43.669589977721877 ], [ -79.395134533838998, 43.669267004818707 ] ] ] } },
{ "type": "Feature", "properties": { "vor_id": 45, "theft_count": 33, "bike_trips": 0.0, "theft_per_1000_trips": "<NA>" }, "geometry": { "type": "Polygon", "coordinates": [ [ [ -79.381873422021201, 43.64052258260093 ], [ -79.381950806125104, 43.640783932985258 ], [ -79.379856945567596, 43.641682480790308 ], [ -79.379346478389763, 43.64118642321683 ], [ -79.381432965482531, 43.639889616404169 ], [ -79.381589112026518, 43.640093246922071 ], [ -79.381873422021201, 43.64052258260093 ] ] ] } },
{ "type": "Feature", "properties": { "vor_id": 46, "theft_count": 16, "bike_trips": 0.0, "theft_per_1000_trips": "<NA>" }, "geometry": { "type": "Polygon", "coordinates": [ [ [ -79.365777796640756, 43.665341960317647 ], [ -79.36442182578611, 43.667385436604356 ], [ -79.363882272457559, 43.664998089234942 ], [ -79.364879665579195, 43.663913388702753 ], [ -79.365281907516533, 43.663713399030513 ], [ -79.365465203960426, 43.663898646877279 ], [ -79.365777796640756, 43.665341960317647 ] ] ] } },
{ "type": "Feature", "properties": { "vor_id": 47, "theft_count": 83, "bike_trips": 0.0, "theft_per_1000_trips": "<NA>" }, "geometry": { "type": "Polygon", "coordinates": [ [ [ -79.338867188071887, 43.665370838549975 ], [ -79.340116365172847, 43.66368211307514 ], [ -79.340655319699181, 43.663729950576382 ], [ -79.341571878406612, 43.667360366543498 ], [ -79.339976765512318, 43.668570202986047 ], [ -79.339466253058234, 43.668070934866996 ], [ -79.338867188071887, 43.665370838549975 ] ] ] } },
{ "type": "Feature", "properties": { "vor_id": 48, "theft_count": 231, "bike_trips": 4047.0, "theft_per_1000_trips": "57.07931801334322" }, "geometry": { "type": "MultiPolygon", "coordinates": [ [ [ [ -79.565527, 43.6243733 ], [ -79.565374799999987, 43.6245115 ], [ -79.565278899999981, 43.6245559 ], [ -79.5651869, 43.6245661 ], [ -79.565111299999984, 43.624551 ], [ -79.5649003, 43.6244723 ], [ -79.5645949, 43.6244054 ], [ -79.564519077515342, 43.624398761972586 ], [ -79.565842143386533, 43.622938983737015 ], [ -79.565804199999988, 43.6230807 ], [ -79.5657536, 43.6235608 ], [ -79.565589300000013, 43.624051599999987 ], [ -79.565569, 43.6242272 ], [ -79.565527, 43.6243733 ] ] ], [ [ [ -79.558174070095475, 43.63008749780758 ], [ -79.555880054650871, 43.631788855615234 ], [ -79.55497566022585, 43.632330928772532 ], [ -79.556023022520435, 43.626216341332103 ], [ -79.558174070095475, 43.63008749780758 ] ] ], [ [ [ -79.577284323208175, 43.629586986668137 ], [ -79.579960436479368, 43.62716149898079 ], [ -79.580512299999981, 43.6276009 ], [ -79.580892, 43.6277757 ], [ -79.5813171, 43.6279019 ], [ -79.5818703, 43.6279712 ], [ -79.5824976, 43.6279602 ], [ -79.5835843, 43.6283001 ], [ -79.5846002, 43.6285826 ], [ -79.5850977, 43.6287243 ], [ -79.5854569, 43.6288729 ], [ -79.5856556, 43.6290417 ], [ -79.5857977, 43.629203 ], [ -79.5859386, 43.6294303 ], [ -79.586045899999988, 43.6295348 ], [ -79.586076700000021, 43.6296193 ], [ -79.586067299999982, 43.6296846 ], [ -79.5860419, 43.6297591 ], [ -79.585948, 43.6298591 ], [ -79.585885499999989, 43.6299417 ], [ -79.5857886, 43.63007 ], [ -79.5852359, 43.6311058 ], [ -79.5851567, 43.6313032 ], [ -79.5851219, 43.6314869 ], [ -79.5851044, 43.631907199999986 ], [ -79.585217, 43.6325209 ], [ -79.5853168, 43.6328388 ], [ -79.5854206, 43.6330421 ], [ -79.585606, 43.6332662 ], [ -79.5858117, 43.6334707 ], [ -79.5858675, 43.633568 ], [ -79.5858876, 43.6336651 ], [ -79.58583, 43.6338185 ], [ -79.5856503, 43.6340805 ], [ -79.58559529999998, 43.6341951 ], [ -79.5855926, 43.6342717 ], [ -79.5857417, 43.6345154 ], [ -79.5859386, 43.6347153 ], [ -79.5860083, 43.634835699999989 ], [ -79.586059299999988, 43.635088 ], [ -79.5860686, 43.6353576 ], [ -79.586053899999982, 43.6355297 ], [ -79.5859708, 43.6357228 ], [ -79.585774, 43.6361025 ], [ -79.5856141, 43.636344 ], [ -79.5854176, 43.636636 ], [ -79.5853432, 43.636806 ], [ -79.5853012, 43.6369818 ], [ -79.585273099999981, 43.6371077 ], [ -79.5852868, 43.6372273 ], [ -79.585320199999984, 43.6373054 ], [ -79.5853753, 43.637433 ], [ -79.5854719, 43.6375699 ], [ -79.5856382, 43.6377388 ], [ -79.585737, 43.6378557 ], [ -79.5859323, 43.6380867 ], [ -79.5862323, 43.6383696 ], [ -79.5864764, 43.638687 ], [ -79.586678899999981, 43.6389898 ], [ -79.5868556, 43.6392925 ], [ -79.5869812, 43.6395776 ], [ -79.587075899999988, 43.6398614 ], [ -79.5871268, 43.6401254 ], [ -79.587188899999987, 43.6402283 ], [ -79.5873132, 43.640369 ], [ -79.587376299999988, 43.6405495 ], [ -79.587378799999982, 43.640667 ], [ -79.587337199999979, 43.6407934 ], [ -79.5873588, 43.640905699999983 ], [ -79.587424499999983, 43.6409921 ], [ -79.5874916, 43.6410386 ], [ -79.587620099999981, 43.641048 ], [ -79.587695499999981, 43.641078899999989 ], [ -79.5877782, 43.6412252 ], [ -79.5877563, 43.641352 ], [ -79.58783219999998, 43.6416821 ], [ -79.5879798, 43.6418686 ], [ -79.5879718, 43.6420097 ], [ -79.5880736, 43.6422353 ], [ -79.588303499999981, 43.6424915 ], [ -79.5884089, 43.6425429 ], [ -79.5885338, 43.6425847 ], [ -79.5887033, 43.6426258 ], [ -79.5889072, 43.6427143 ], [ -79.5890818, 43.6428111 ], [ -79.5892731, 43.6429408 ], [ -79.5895599, 43.6433283 ], [ -79.589847299999988, 43.6436218 ], [ -79.5904612, 43.6440008 ], [ -79.5911099, 43.6442743 ], [ -79.5917064, 43.6445956 ], [ -79.5919843, 43.6446935 ], [ -79.5921611, 43.6447462 ], [ -79.5923097, 43.6447772 ], [ -79.5924769, 43.6447829 ], [ -79.5926575, 43.6447751 ], [ -79.592910299999986, 43.6447171 ], [ -79.5938502, 43.6442248 ], [ -79.5941743, 43.6440501 ], [ -79.594713499999983, 43.6436571 ], [ -79.5950581, 43.6434426 ], [ -79.5954528, 43.6432826 ], [ -79.5958333, 43.6431398 ], [ -79.596135, 43.643076 ], [ -79.5965964, 43.6430573 ], [ -79.597086499999989, 43.6430705 ], [ -79.597959299999985, 43.6431155 ], [ -79.598103800000018, 43.6431262 ], [ -79.5982566, 43.6431602 ], [ -79.5984214, 43.6432383 ], [ -79.5985986, 43.6433591 ], [ -79.5987596, 43.643495 ], [ -79.5990131, 43.6436218 ], [ -79.599230299999988, 43.6436978 ], [ -79.599462299999985, 43.6437551 ], [ -79.599877899999981, 43.6438233 ], [ -79.6001677, 43.6438434 ], [ -79.6004695, 43.64389 ], [ -79.6010253, 43.6440072 ], [ -79.601144, 43.6440181 ], [ -79.6012862, 43.6440161 ], [ -79.601536899999985, 43.6439909 ], [ -79.6016456, 43.6439996 ], [ -79.6017328, 43.6440258 ], [ -79.6018066, 43.6440705 ], [ -79.6018444, 43.6441129 ], [ -79.6018964, 43.6442151 ], [ -79.6019733, 43.6443642 ], [ -79.60206, 43.6444383 ], [ -79.602184699999981, 43.6445111 ], [ -79.602515, 43.6446274 ], [ -79.6029535, 43.6447168 ], [ -79.6030739, 43.6447197 ], [ -79.6031503, 43.6447003 ], [ -79.603452099999984, 43.6445383 ], [ -79.6036023, 43.6444926 ], [ -79.603873, 43.6444673 ], [ -79.6046762, 43.6444454 ], [ -79.6048374, 43.6444597 ], [ -79.6049365, 43.6444878 ], [ -79.605162, 43.6446305 ], [ -79.60528, 43.6447304 ], [ -79.605402399999988, 43.6448077 ], [ -79.605573699999979, 43.6448449 ], [ -79.605748099999985, 43.6448508 ], [ -79.6059025, 43.6448314 ], [ -79.606229499999984, 43.644712 ], [ -79.606375699999987, 43.6446625 ], [ -79.606529399999985, 43.6446366 ], [ -79.606837, 43.6446227 ], [ -79.60706949999998, 43.6445879 ], [ -79.6072166, 43.6446062 ], [ -79.607377499999984, 43.6446625 ], [ -79.6075111, 43.6447369 ], [ -79.6076605, 43.6448731 ], [ -79.6077714, 43.6450288 ], [ -79.6077946, 43.6451817 ], [ -79.6078536, 43.6453331 ], [ -79.6079824, 43.645609899999982 ], [ -79.608164699999989, 43.645926 ], [ -79.6082599, 43.6460696 ], [ -79.608395300000012, 43.64621120000001 ], [ -79.608724199999983, 43.6464064 ], [ -79.602740264473937, 43.65187524288622 ], [ -79.580768389505138, 43.642624182518418 ], [ -79.573780074266381, 43.642037377790821 ], [ -79.571828754286528, 43.643306886672406 ], [ -79.5676237523612, 43.647335388745525 ], [ -79.560304403798824, 43.65798697118128 ], [ -79.560214888185769, 43.657969693857822 ], [ -79.553417733213792, 43.65713385463475 ], [ -79.548437833426561, 43.667664668045191 ], [ -79.545882859940676, 43.665348975059331 ], [ -79.542587676331863, 43.661713300208184 ], [ -79.539664718384856, 43.657772147650981 ], [ -79.537853515636613, 43.654750338424655 ], [ -79.53714213578256, 43.653563472841299 ], [ -79.536133885363228, 43.651431706437648 ], [ -79.535044222374438, 43.64912780761825 ], [ -79.533391182213379, 43.644507869862721 ], [ -79.533239278244139, 43.643901435223839 ], [ -79.532264737470925, 43.640010850370757 ], [ -79.532224160157398, 43.639848856654652 ], [ -79.532198934979832, 43.639748152100807 ], [ -79.532094638541835, 43.639045042628112 ], [ -79.532058590200407, 43.638802024450008 ], [ -79.531917427325936, 43.637850381650296 ], [ -79.532936457234285, 43.638001540458077 ], [ -79.532708499, 43.633361344 ], [ -79.532949262666378, 43.628460486983521 ], [ -79.533559876338302, 43.624344063976068 ], [ -79.533669234979826, 43.623606827899195 ], [ -79.534861482213387, 43.618847110137267 ], [ -79.535066250842476, 43.618274820157239 ], [ -79.534487446706521, 43.61707432845192 ], [ -79.536846533983422, 43.613525192813874 ], [ -79.538612435782568, 43.609791507158697 ], [ -79.541135018384864, 43.605582832349022 ], [ -79.541288894933587, 43.605375353841126 ], [ -79.544057976331842, 43.601641679791825 ], [ -79.547353159940656, 43.598006004940672 ], [ -79.548185338003776, 43.59725176270905 ], [ -79.550291093238016, 43.595343217413827 ], [ -79.5512053, 43.5953609 ], [ -79.553080399999985, 43.5955102 ], [ -79.553348499999984, 43.5955969 ], [ -79.553607299999982, 43.5956989 ], [ -79.5537742, 43.5958165 ], [ -79.553883499999984, 43.5959718 ], [ -79.5539355, 43.5961496 ], [ -79.553940499999982, 43.5964274 ], [ -79.5538755, 43.5968673 ], [ -79.553789723684886, 43.597024503283905 ], [ -79.553660899999983, 43.5972606 ], [ -79.5535764, 43.5976083 ], [ -79.553545700000015, 43.5979565 ], [ -79.5535972, 43.598317 ], [ -79.5537517, 43.5986651 ], [ -79.553937199999979, 43.5988865 ], [ -79.554117199999979, 43.5990177 ], [ -79.5543341, 43.5991497 ], [ -79.5547393, 43.5993003 ], [ -79.555175, 43.5994138 ], [ -79.555485499999989, 43.5995167 ], [ -79.555652414398253, 43.599594221283681 ], [ -79.551403463404483, 43.605465290529636 ], [ -79.551834094020037, 43.62442996260642 ], [ -79.545916042146658, 43.624770350889108 ], [ -79.543457681519598, 43.637761153483638 ], [ -79.547235714618125, 43.636409351625666 ], [ -79.551671379841181, 43.634311438217509 ], [ -79.55497566022585, 43.632330928772532 ], [ -79.554273446684476, 43.63643050933107 ], [ -79.554414114862709, 43.636395273786704 ], [ -79.55903405261823, 43.634742233625651 ], [ -79.560225609258424, 43.634178669306372 ], [ -79.559912157038497, 43.633215465130377 ], [ -79.5607542953245, 43.633928619419621 ], [ -79.563469717841301, 43.632644320217494 ], [ -79.567678392650961, 43.630121737615205 ], [ -79.569735172278257, 43.628596325881084 ], [ -79.571619545208179, 43.62719877966822 ], [ -79.572819732507369, 43.626110993307314 ], [ -79.5728367, 43.62610750000001 ], [ -79.5733586, 43.6260863 ], [ -79.573581928853599, 43.626030553362575 ], [ -79.576549065150047, 43.629260162802112 ], [ -79.577025609239399, 43.629778862024388 ], [ -79.577284323208175, 43.629586986668137 ] ], [ [ -79.571284291630647, 43.633743989209144 ], [ -79.571085272973548, 43.633082657955931 ], [ -79.568491298841209, 43.634637426217417 ], [ -79.564063985706611, 43.636731389381922 ], [ -79.564583809641903, 43.637171595788978 ], [ -79.564698830618227, 43.637130440625555 ], [ -79.569134495841283, 43.635032527217419 ], [ -79.571284291630647, 43.633743989209144 ] ] ], [ [ [ -79.595752432862724, 43.677840652786607 ], [ -79.590992715100811, 43.679032900020154 ], [ -79.586139056016464, 43.679752872333609 ], [ -79.581238199, 43.679993636 ], [ -79.576337341983532, 43.679752872333609 ], [ -79.571483682899185, 43.679032900020154 ], [ -79.566723965137271, 43.677840652786607 ], [ -79.566004871233318, 43.677583356873612 ], [ -79.562104027381736, 43.676187612625569 ], [ -79.560410576967627, 43.675386670229983 ], [ -79.560594755441059, 43.658231921543177 ], [ -79.593342510757495, 43.672131450636357 ], [ -79.5944319, 43.6740107 ], [ -79.5945991, 43.674298 ], [ -79.594772683399796, 43.674596324708311 ], [ -79.595297099999982, 43.6754976 ], [ -79.596515596026762, 43.677567588640223 ], [ -79.595752432862724, 43.677840652786607 ] ] ] ] } },
{ "type": "Feature", "properties": { "vor_id": 49, "theft_count": 48, "bike_trips": 0.0, "theft_per_1000_trips": "<NA>" }, "geometry": { "type": "Polygon", "coordinates": [ [ [ -79.389803487413531, 43.66138979951733 ], [ -79.388746337506007, 43.659585158440734 ], [ -79.390892150172633, 43.659152526371614 ], [ -79.391430150313823, 43.65952605725591 ], [ -79.389803487413531, 43.66138979951733 ] ] ] } },
{ "type": "Feature", "properties": { "vor_id": 50, "theft_count": 6, "bike_trips": 0.0, "theft_per_1000_trips": "<NA>" }, "geometry": { "type": "Polygon", "coordinates": [ [ [ -79.289928927804269, 43.735688704296905 ], [ -79.286821821847823, 43.742384007068068 ], [ -79.285361302613978, 43.742443649881551 ], [ -79.281631489176775, 43.72294816136187 ], [ -79.28275769052874, 43.722658463456348 ], [ -79.289278411745684, 43.73270916310797 ], [ -79.289928927804269, 43.735688704296905 ] ] ] } },
{ "type": "Feature", "properties": { "vor_id": 51, "theft_count": 22, "bike_trips": 0.0, "theft_per_1000_trips": "<NA>" }, "geometry": { "type": "Polygon", "coordinates": [ [ [ -79.387314344329113, 43.651469040272978 ], [ -79.387643436527341, 43.649479468170597 ], [ -79.387806140574369, 43.649296148664732 ], [ -79.389103503886972, 43.650058342005927 ], [ -79.389436642862876, 43.651617112544258 ], [ -79.38890033557584, 43.652165885973176 ], [ -79.387314344329113, 43.651469040272978 ] ] ] } },
{ "type": "Feature", "properties": { "vor_id": 52, "theft_count": 7, "bike_trips": 0.0, "theft_per_1000_trips": "<NA>" }, "geometry": { "type": "Polygon", "coordinates": [ [ [ -79.331182823400596, 43.668174712958404 ], [ -79.331315236135083, 43.668830465845453 ], [ -79.327474409033684, 43.67040715866532 ], [ -79.327359121366513, 43.66986504779463 ], [ -79.328082936608297, 43.667283301842659 ], [ -79.331182823400596, 43.668174712958404 ] ] ] } },
{ "type": "Feature", "properties": { "vor_id": 53, "theft_count": 127, "bike_trips": 0.0, "theft_per_1000_trips": "<NA>" }, "geometry": { "type": "Polygon", "coordinates": [ [ [ -79.383493133243533, 43.65983514508676 ], [ -79.383603185023929, 43.659786510952216 ], [ -79.384354517383045, 43.660519875045935 ], [ -79.384488057035583, 43.661178609635833 ], [ -79.382001426894277, 43.662202402994623 ], [ -79.38160985075649, 43.662200602485449 ], [ -79.383493133243533, 43.65983514508676 ] ] ] } },
{ "type": "Feature", "properties": { "vor_id": 54, "theft_count": 36, "bike_trips": 0.0, "theft_per_1000_trips": "<NA>" }, "geometry": { "type": "Polygon", "coordinates": [ [ [ -79.380063879788338, 43.642050848813788 ], [ -79.380336733049845, 43.64269223918803 ], [ -79.38007313326743, 43.644250491552562 ], [ -79.379255746989386, 43.644223902859501 ], [ -79.378308480421367, 43.642356494269542 ], [ -79.378665218710651, 43.64096127360979 ], [ -79.379106169343046, 43.641097579539185 ], [ -79.379346478389763, 43.64118642321683 ], [ -79.379856945567596, 43.641682480790308 ], [ -79.380063879788338, 43.642050848813788 ] ] ] } },
{ "type": "Feature", "properties": { "vor_id": 55, "theft_count": 20, "bike_trips": 0.0, "theft_per_1000_trips": "<NA>" }, "geometry": { "type": "Polygon", "coordinates": [ [ [ -79.445780793019296, 43.636011279944547 ], [ -79.445175576537721, 43.642789315532433 ], [ -79.445170239408142, 43.642794829406697 ], [ -79.445165363755223, 43.642791576797123 ], [ -79.442701480263452, 43.639422373959249 ], [ -79.442799486820746, 43.638349548798587 ], [ -79.445780793019296, 43.636011279944547 ] ] ] } },
{ "type": "Feature", "properties": { "vor_id": 56, "theft_count": 6, "bike_trips": 0.0, "theft_per_1000_trips": "<NA>" }, "geometry": { "type": "Polygon", "coordinates": [ [ [ -79.502516920594019, 43.696265700706029 ], [ -79.501032778814434, 43.695813713177927 ], [ -79.503029205262123, 43.684849132208406 ], [ -79.507984987492392, 43.686874039499827 ], [ -79.512609512137928, 43.69089975397798 ], [ -79.504827645704779, 43.696396689564814 ], [ -79.502516920594019, 43.696265700706029 ] ] ] } },
{ "type": "Feature", "properties": { "vor_id": 57, "theft_count": 9, "bike_trips": 0.0, "theft_per_1000_trips": "<NA>" }, "geometry": { "type": "Polygon", "coordinates": [ [ [ -79.312081894966354, 43.685138169344214 ], [ -79.309177770112896, 43.68297917203865 ], [ -79.313611024496382, 43.681135639259914 ], [ -79.312149112525418, 43.685109998315177 ], [ -79.312081894966354, 43.685138169344214 ] ] ] } },
{ "type": "Feature", "properties": { "vor_id": 58, "theft_count": 7, "bike_trips": 0.0, "theft_per_1000_trips": "<NA>" }, "geometry": { "type": "Polygon", "coordinates": [ [ [ -79.511897353933733, 43.701580566593336 ], [ -79.509885088326612, 43.700821148090405 ], [ -79.508109293157759, 43.69842113035493 ], [ -79.513946731975651, 43.695154666058144 ], [ -79.514741115732875, 43.697048549650887 ], [ -79.511897353933733, 43.701580566593336 ] ] ] } },
{ "type": "Feature", "properties": { "vor_id": 59, "theft_count": 24, "bike_trips": 0.0, "theft_per_1000_trips": "<NA>" }, "geometry": { "type": "Polygon", "coordinates": [ [ [ -79.385176136794414, 43.657432789615939 ], [ -79.385360899126084, 43.657633530670267 ], [ -79.38544594544976, 43.658016746489047 ], [ -79.383479865497378, 43.658828058711833 ], [ -79.38324669368545, 43.65822681438511 ], [ -79.385176136794414, 43.657432789615939 ] ] ] } },
{ "type": "Feature", "properties": { "vor_id": 60, "theft_count": 53, "bike_trips": 0.0, "theft_per_1000_trips": "<NA>" }, "geometry": { "type": "Polygon", "coordinates": [ [ [ -79.302884792613227, 43.68279987401371 ], [ -79.303201439974373, 43.682853632368911 ], [ -79.304209584300636, 43.68397977913444 ], [ -79.303116323357983, 43.686455104465516 ], [ -79.299605489737772, 43.687511445809818 ], [ -79.29883360009525, 43.686757832841458 ], [ -79.300710853334337, 43.683795504841783 ], [ -79.302884792613227, 43.68279987401371 ] ] ] } },
{ "type": "Feature", "properties": { "vor_id": 61, "theft_count": 21, "bike_trips": 0.0, "theft_per_1000_trips": "<NA>" }, "geometry": { "type": "Polygon", "coordinates": [ [ [ -79.379896361891952, 43.655099021696273 ], [ -79.380076495773068, 43.655937044157184 ], [ -79.378930868333143, 43.656387702280639 ], [ -79.378723455710428, 43.655333059649685 ], [ -79.379247881305901, 43.655117105543937 ], [ -79.379845437366654, 43.655086165106958 ], [ -79.379896361891952, 43.655099021696273 ] ] ] } },
{ "type": "Feature", "properties": { "vor_id": 62, "theft_count": 20, "bike_trips": 0.0, "theft_per_1000_trips": "<NA>" }, "geometry": { "type": "Polygon", "coordinates": [ [ [ -79.291605066949316, 43.676628364985248 ], [ -79.290582909599593, 43.676124023263291 ], [ -79.28887050938981, 43.674375524421272 ], [ -79.288155859334907, 43.66432301377278 ], [ -79.291646323429887, 43.662368741449335 ], [ -79.294353782933342, 43.675463187210688 ], [ -79.291605066949316, 43.676628364985248 ] ] ] } },
{ "type": "Feature", "properties": { "vor_id": 63, "theft_count": 11, "bike_trips": 0.0, "theft_per_1000_trips": "<NA>" }, "geometry": { "type": "Polygon", "coordinates": [ [ [ -79.40460784230126, 43.639408992371251 ], [ -79.403457142857036, 43.639576889500724 ], [ -79.403146453587098, 43.638792527726665 ], [ -79.403295987058343, 43.636853780498782 ], [ -79.403748824989421, 43.635994170361698 ], [ -79.404442717203494, 43.636727140620174 ], [ -79.40460784230126, 43.639408992371251 ] ] ] } },
{ "type": "Feature", "properties": { "vor_id": 64, "theft_count": 48, "bike_trips": 0.0, "theft_per_1000_trips": "<NA>" }, "geometry": { "type": "Polygon", "coordinates": [ [ [ -79.379247881305901, 43.655117105543937 ], [ -79.378723455710428, 43.655333059649685 ], [ -79.378356180754338, 43.655247443814361 ], [ -79.377973977709445, 43.653446200884446 ], [ -79.378189155376376, 43.653167623687494 ], [ -79.378205369264094, 43.653161005891484 ], [ -79.378864577473436, 43.653337980676852 ], [ -79.379247881305901, 43.655117105543937 ] ] ] } },
{ "type": "Feature", "properties": { "vor_id": 65, "theft_count": 25, "bike_trips": 0.0, "theft_per_1000_trips": "<NA>" }, "geometry": { "type": "Polygon", "coordinates": [ [ [ -79.411295728046142, 43.671921729946625 ], [ -79.412265647371314, 43.672034315138966 ], [ -79.414785122446446, 43.675505168856027 ], [ -79.414816422551397, 43.675651711656954 ], [ -79.413544744696694, 43.676839051117049 ], [ -79.411890138159322, 43.677473131571254 ], [ -79.411243149507641, 43.676829356445396 ], [ -79.410363588372817, 43.673044266612173 ], [ -79.411295728046142, 43.671921729946625 ] ] ] } },
{ "type": "Feature", "properties": { "vor_id": 66, "theft_count": 25, "bike_trips": 0.0, "theft_per_1000_trips": "<NA>" }, "geometry": { "type": "Polygon", "coordinates": [ [ [ -79.387226969974293, 43.763215701115477 ], [ -79.395603854542117, 43.758985139251919 ], [ -79.395218136019693, 43.767000927162385 ], [ -79.393647992400275, 43.767646691897525 ], [ -79.392859352757952, 43.767704639666682 ], [ -79.388040708806514, 43.765501725176321 ], [ -79.387504358326424, 43.764293401074177 ], [ -79.387226969974293, 43.763215701115477 ] ] ] } },
{ "type": "Feature", "properties": { "vor_id": 67, "theft_count": 10, "bike_trips": 0.0, "theft_per_1000_trips": "<NA>" }, "geometry": { "type": "Polygon", "coordinates": [ [ [ -79.368479340672735, 43.663440783391806 ], [ -79.368629290366727, 43.664122634454841 ], [ -79.367236237184869, 43.664680003554459 ], [ -79.366652192614993, 43.664190255842072 ], [ -79.368479340672735, 43.663440783391806 ] ] ] } },
{ "type": "Feature", "properties": { "vor_id": 68, "theft_count": 35, "bike_trips": 0.0, "theft_per_1000_trips": "<NA>" }, "geometry": { "type": "Polygon", "coordinates": [ [ [ -79.387992627999736, 43.645400661939163 ], [ -79.388881079613299, 43.646555796253679 ], [ -79.389045999487124, 43.647272939593087 ], [ -79.388931349868244, 43.648072435904645 ], [ -79.388920532010999, 43.648098503795957 ], [ -79.388078972510897, 43.648444690309063 ], [ -79.387218975706404, 43.647655919640215 ], [ -79.38692787462908, 43.646272395303455 ], [ -79.387277447935318, 43.645276727877651 ], [ -79.387992627999736, 43.645400661939163 ] ] ] } },
{ "type": "Feature", "properties": { "vor_id": 69, "theft_count": 18, "bike_trips": 0.0, "theft_per_1000_trips": "<NA>" }, "geometry": { "type": "Polygon", "coordinates": [ [ [ -79.4223844, 43.797518 ], [ -79.422358299999985, 43.7975236 ], [ -79.421905600000017, 43.797628 ], [ -79.4216513, 43.7976843 ], [ -79.421062699999979, 43.7978224 ], [ -79.4208476, 43.7978705 ], [ -79.4207708, 43.7978877 ], [ -79.4200471, 43.7980391 ], [ -79.419905199999988, 43.7980722 ], [ -79.4192262, 43.7982217 ], [ -79.4180129, 43.79848710000001 ], [ -79.4176865, 43.7985568 ], [ -79.4170831, 43.7986857 ], [ -79.415785076122745, 43.798957203650652 ], [ -79.416966089677487, 43.796931881092696 ], [ -79.422991166715946, 43.795530757263847 ], [ -79.423128210623887, 43.797357374896556 ], [ -79.4223844, 43.797518 ] ] ] } },
{ "type": "Feature", "properties": { "vor_id": 70, "theft_count": 91, "bike_trips": 0.0, "theft_per_1000_trips": "<NA>" }, "geometry": { "type": "Polygon", "coordinates": [ [ [ -79.384488057035583, 43.661178609635833 ], [ -79.384354517383045, 43.660519875045935 ], [ -79.38574782700384, 43.659922983379154 ], [ -79.386100197387051, 43.659949802448693 ], [ -79.386311341944264, 43.661078168007641 ], [ -79.384697811670947, 43.661601256934262 ], [ -79.384662809551685, 43.661536491841865 ], [ -79.384488057035583, 43.661178609635833 ] ] ] } },
{ "type": "Feature", "properties": { "vor_id": 71, "theft_count": 72, "bike_trips": 0.0, "theft_per_1000_trips": "<NA>" }, "geometry": { "type": "Polygon", "coordinates": [ [ [ -79.37446758879075, 43.647364495329654 ], [ -79.374984962006835, 43.648403738146996 ], [ -79.373143925577565, 43.649196017724762 ], [ -79.372654904256109, 43.648061001482269 ], [ -79.373212587313191, 43.646484144559487 ], [ -79.37446758879075, 43.647364495329654 ] ] ] } },
{ "type": "Feature", "properties": { "vor_id": 72, "theft_count": 9, "bike_trips": 0.0, "theft_per_1000_trips": "<NA>" }, "geometry": { "type": "Polygon", "coordinates": [ [ [ -79.4271560181393, 43.652901534688425 ], [ -79.428045251960199, 43.652618074509 ], [ -79.428536739966304, 43.654904939290759 ], [ -79.427526440212574, 43.654650793669845 ], [ -79.4271560181393, 43.652901534688425 ] ] ] } },
{ "type": "Feature", "properties": { "vor_id": 73, "theft_count": 5, "bike_trips": 0.0, "theft_per_1000_trips": "<NA>" }, "geometry": { "type": "Polygon", "coordinates": [ [ [ -79.419813288390429, 43.705709100526974 ], [ -79.416023598100224, 43.701953486503911 ], [ -79.41764091451536, 43.70063959758248 ], [ -79.419204124741995, 43.701006294340729 ], [ -79.420061629728991, 43.70510527229181 ], [ -79.419813288390429, 43.705709100526974 ] ] ] } },
{ "type": "Feature", "properties": { "vor_id": 74, "theft_count": 7, "bike_trips": 0.0, "theft_per_1000_trips": "<NA>" }, "geometry": { "type": "Polygon", "coordinates": [ [ [ -79.513129964204637, 43.76782252673231 ], [ -79.515333882540745, 43.767819858282962 ], [ -79.527583409137691, 43.774184350166443 ], [ -79.5269652, 43.7742927 ], [ -79.526845099999989, 43.7743135 ], [ -79.5266959, 43.7743397 ], [ -79.5261954, 43.7744506 ], [ -79.5255946, 43.7745837 ], [ -79.525107399999982, 43.7746793 ], [ -79.524410099999983, 43.7748192 ], [ -79.5240425, 43.7748883 ], [ -79.523608699999983, 43.7749734 ], [ -79.522289599999979, 43.7753149 ], [ -79.5217056, 43.7754557 ], [ -79.5191456, 43.7759588 ], [ -79.513904599999989, 43.777056 ], [ -79.509180599999979, 43.77810310000001 ], [ -79.503204650830781, 43.779490421592499 ], [ -79.506174110231044, 43.77207493018512 ], [ -79.513129964204637, 43.76782252673231 ] ] ] } },
{ "type": "Feature", "properties": { "vor_id": 75, "theft_count": 24, "bike_trips": 0.0, "theft_per_1000_trips": "<NA>" }, "geometry": { "type": "Polygon", "coordinates": [ [ [ -79.460103622600073, 43.763094740933319 ], [ -79.460257782826972, 43.753494957788668 ], [ -79.463263544611181, 43.751130297547412 ], [ -79.472722703130785, 43.748660073918948 ], [ -79.469823967734058, 43.76724058923358 ], [ -79.464473565588577, 43.768293456138302 ], [ -79.463580990872572, 43.767926870211852 ], [ -79.460103622600073, 43.763094740933319 ] ] ] } },
{ "type": "Feature", "properties": { "vor_id": 76, "theft_count": 21, "bike_trips": 0.0, "theft_per_1000_trips": "<NA>" }, "geometry": { "type": "Polygon", "coordinates": [ [ [ -79.42484187725448, 43.666964411997697 ], [ -79.425207005553645, 43.666812252467473 ], [ -79.426045252244123, 43.666688491042308 ], [ -79.427370901494257, 43.669069562644296 ], [ -79.427348033805103, 43.669447857902014 ], [ -79.425206744191186, 43.670303140039898 ], [ -79.424564109010817, 43.669051269811987 ], [ -79.42484187725448, 43.666964411997697 ] ] ] } },
{ "type": "Feature", "properties": { "vor_id": 77, "theft_count": 5, "bike_trips": 0.0, "theft_per_1000_trips": "<NA>" }, "geometry": { "type": "Polygon", "coordinates": [ [ [ -79.482394522528281, 43.654472359394674 ], [ -79.484535087970471, 43.654700863546523 ], [ -79.486167017632354, 43.662132044152592 ], [ -79.4843170949393, 43.662410235104367 ], [ -79.483115074803564, 43.661768196045934 ], [ -79.482244308880368, 43.657836555198074 ], [ -79.482394522528281, 43.654472359394674 ] ] ] } },
{ "type": "Feature", "properties": { "vor_id": 78, "theft_count": 14, "bike_trips": 0.0, "theft_per_1000_trips": "<NA>" }, "geometry": { "type": "Polygon", "coordinates": [ [ [ -79.428040362274942, 43.762250440245182 ], [ -79.433682444864289, 43.760213983513367 ], [ -79.436125822789691, 43.762870128900197 ], [ -79.436897766736081, 43.763709293128855 ], [ -79.437516672145165, 43.765729234638698 ], [ -79.435353263427828, 43.775442793721169 ], [ -79.43527863932394, 43.775506639713527 ], [ -79.432044224806077, 43.774795611721288 ], [ -79.425091993977645, 43.773267288527016 ], [ -79.428040362274942, 43.762250440245182 ] ] ] } },
{ "type": "Feature", "properties": { "vor_id": 79, "theft_count": 12, "bike_trips": 0.0, "theft_per_1000_trips": "<NA>" }, "geometry": { "type": "Polygon", "coordinates": [ [ [ -79.417598427788803, 43.659427751318965 ], [ -79.417969149314345, 43.661259652374994 ], [ -79.417379719005226, 43.66172437869561 ], [ -79.416237532934659, 43.662158943306203 ], [ -79.415775313907687, 43.662187292766824 ], [ -79.415562370928328, 43.66193484020355 ], [ -79.415105045251863, 43.659720914830523 ], [ -79.417219046367279, 43.658900542246649 ], [ -79.417598427788803, 43.659427751318965 ] ] ] } },
{ "type": "Feature", "properties": { "vor_id": 80, "theft_count": 21, "bike_trips": 0.0, "theft_per_1000_trips": "<NA>" }, "geometry": { "type": "Polygon", "coordinates": [ [ [ -79.391912715321055, 43.650751527531796 ], [ -79.391728996490428, 43.650040180617687 ], [ -79.392780633418596, 43.649612950568326 ], [ -79.39314957526571, 43.650223460059969 ], [ -79.393143520956301, 43.650239901686447 ], [ -79.391912715321055, 43.650751527531796 ] ] ] } },
{ "type": "Feature", "properties": { "vor_id": 81, "theft_count": 18, "bike_trips": 0.0, "theft_per_1000_trips": "<NA>" }, "geometry": { "type": "Polygon", "coordinates": [ [ [ -79.406586057058504, 43.763428628882274 ], [ -79.408637275190657, 43.765642977326891 ], [ -79.404971088772797, 43.771184431102007 ], [ -79.40169274197055, 43.770052791234534 ], [ -79.403192684102876, 43.762605035801982 ], [ -79.406586057058504, 43.763428628882274 ] ] ] } },
{ "type": "Feature", "properties": { "vor_id": 82, "theft_count": 8, "bike_trips": 0.0, "theft_per_1000_trips": "<NA>" }, "geometry": { "type": "Polygon", "coordinates": [ [ [ -79.289278411745684, 43.73270916310797 ], [ -79.28275769052874, 43.722658463456348 ], [ -79.283767715583053, 43.722122194006502 ], [ -79.284819055, 43.722173843000093 ], [ -79.289551554930824, 43.72194135018696 ], [ -79.289278411745684, 43.73270916310797 ] ] ] } },
{ "type": "Feature", "properties": { "vor_id": 83, "theft_count": 4, "bike_trips": 0.0, "theft_per_1000_trips": "<NA>" }, "geometry": { "type": "Polygon", "coordinates": [ [ [ -79.406798425491601, 43.728642856593225 ], [ -79.406574904063248, 43.727745722299055 ], [ -79.411703544202751, 43.725683521588145 ], [ -79.41255912119523, 43.726329440858414 ], [ -79.406798425491601, 43.728642856593225 ] ] ] } },
{ "type": "Feature", "properties": { "vor_id": 84, "theft_count": 11, "bike_trips": 0.0, "theft_per_1000_trips": "<NA>" }, "geometry": { "type": "Polygon", "coordinates": [ [ [ -79.377867576549065, 43.698805507578541 ], [ -79.3742099738934, 43.693009755967154 ], [ -79.381659443022286, 43.694338283596799 ], [ -79.381726158105238, 43.694401204370948 ], [ -79.381757242179532, 43.694577742729543 ], [ -79.377867576549065, 43.698805507578541 ] ] ] } },
{ "type": "Feature", "properties": { "vor_id": 85, "theft_count": 24, "bike_trips": 0.0, "theft_per_1000_trips": "<NA>" }, "geometry": { "type": "Polygon", "coordinates": [ [ [ -79.409128954446516, 43.654111582844926 ], [ -79.409904227356719, 43.657772950607622 ], [ -79.40931023577059, 43.658009323997781 ], [ -79.408984736553833, 43.658019220094552 ], [ -79.408347704122519, 43.654819666864384 ], [ -79.409128954446516, 43.654111582844926 ] ] ] } },
{ "type": "Feature", "properties": { "vor_id": 86, "theft_count": 49, "bike_trips": 0.0, "theft_per_1000_trips": "<NA>" }, "geometry": { "type": "Polygon", "coordinates": [ [ [ -79.385383649911077, 43.66339608663089 ], [ -79.385121382343385, 43.662985011841243 ], [ -79.384992720756287, 43.662391143435052 ], [ -79.386979266720743, 43.661797598927684 ], [ -79.387626472244378, 43.662471069251744 ], [ -79.385401516728535, 43.66340339576913 ], [ -79.385383649911077, 43.66339608663089 ] ] ] } },
{ "type": "Feature", "properties": { "vor_id": 87, "theft_count": 45, "bike_trips": 0.0, "theft_per_1000_trips": "<NA>" }, "geometry": { "type": "Polygon", "coordinates": [ [ [ -79.380076495773068, 43.655937044157184 ], [ -79.38023847130799, 43.656285355433084 ], [ -79.380223093363782, 43.656837529559184 ], [ -79.379440154083355, 43.657170849758188 ], [ -79.378916956488453, 43.656995717037603 ], [ -79.378930868333143, 43.656387702280639 ], [ -79.380076495773068, 43.655937044157184 ] ] ] } },
{ "type": "Feature", "properties": { "vor_id": 88, "theft_count": 10, "bike_trips": 0.0, "theft_per_1000_trips": "<NA>" }, "geometry": { "type": "Polygon", "coordinates": [ [ [ -79.358908190897523, 43.653090592111873 ], [ -79.358778769923831, 43.652631841471198 ], [ -79.358871479089089, 43.652361572691802 ], [ -79.361106739389399, 43.651142412036982 ], [ -79.361386713957401, 43.651317838590238 ], [ -79.361854699068687, 43.652347545885043 ], [ -79.360549980281775, 43.653829511558889 ], [ -79.358908190897523, 43.653090592111873 ] ] ] } },
{ "type": "Feature", "properties": { "vor_id": 89, "theft_count": 70, "bike_trips": 0.0, "theft_per_1000_trips": "<NA>" }, "geometry": { "type": "Polygon", "coordinates": [ [ [ -79.39562913937543, 43.66681611698948 ], [ -79.395134533838998, 43.669267004818707 ], [ -79.392772339237268, 43.668933407483856 ], [ -79.392069519775518, 43.668092941815708 ], [ -79.391763745976576, 43.666624172350382 ], [ -79.391786257718081, 43.666601713064431 ], [ -79.395176049938229, 43.666436839231814 ], [ -79.39562913937543, 43.66681611698948 ] ] ] } },
{ "type": "Feature", "properties": { "vor_id": 90, "theft_count": 40, "bike_trips": 0.0, "theft_per_1000_trips": "<NA>" }, "geometry": { "type": "Polygon", "coordinates": [ [ [ -79.375675934781142, 43.667624827718171 ], [ -79.376296670751174, 43.66775914648494 ], [ -79.376871608315554, 43.668033317844291 ], [ -79.37681320540662, 43.668415215883613 ], [ -79.37677202053419, 43.668684524764217 ], [ -79.374993448103055, 43.6694268254235 ], [ -79.374852708914645, 43.668511528900254 ], [ -79.374775480543647, 43.668009274622243 ], [ -79.375675934781142, 43.667624827718171 ] ] ] } },
{ "type": "Feature", "properties": { "vor_id": 91, "theft_count": 24, "bike_trips": 0.0, "theft_per_1000_trips": "<NA>" }, "geometry": { "type": "Polygon", "coordinates": [ [ [ -79.408065594256485, 43.649899589539736 ], [ -79.408194510573821, 43.649951513631208 ], [ -79.407394726159822, 43.652773409199952 ], [ -79.405338969410508, 43.650640006299348 ], [ -79.40539509119786, 43.650586420588802 ], [ -79.406482592030841, 43.650143004560462 ], [ -79.408065594256485, 43.649899589539736 ] ] ] } },
{ "type": "Feature", "properties": { "vor_id": 92, "theft_count": 23, "bike_trips": 0.0, "theft_per_1000_trips": "<NA>" }, "geometry": { "type": "Polygon", "coordinates": [ [ [ -79.445175576537721, 43.642789315532433 ], [ -79.445780793019296, 43.636011279944547 ], [ -79.447507144467323, 43.633529861316426 ], [ -79.44866478353363, 43.633855150972444 ], [ -79.450473563404586, 43.640737405444078 ], [ -79.445175576537721, 43.642789315532433 ] ] ] } },
{ "type": "Feature", "properties": { "vor_id": 93, "theft_count": 2, "bike_trips": 0.0, "theft_per_1000_trips": "<NA>" }, "geometry": { "type": "Polygon", "coordinates": [ [ [ -79.436659533870539, 43.672210913402594 ], [ -79.434984668879991, 43.673529839662251 ], [ -79.434406797019577, 43.670602189576634 ], [ -79.434693800049601, 43.669991363989681 ], [ -79.435899580003849, 43.669515478621967 ], [ -79.436103103789449, 43.669646037814196 ], [ -79.436659533870539, 43.672210913402594 ] ] ] } },
{ "type": "Feature", "properties": { "vor_id": 94, "theft_count": 23, "bike_trips": 0.0, "theft_per_1000_trips": "<NA>" }, "geometry": { "type": "Polygon", "coordinates": [ [ [ -79.422208617416572, 43.647589703052134 ], [ -79.421946875911047, 43.64628240200517 ], [ -79.425160983861488, 43.645040554072303 ], [ -79.425299179836742, 43.645099016511637 ], [ -79.424902536234001, 43.64654878593695 ], [ -79.422208617416572, 43.647589703052134 ] ] ] } },
{ "type": "Feature", "properties": { "vor_id": 95, "theft_count": 28, "bike_trips": 0.0, "theft_per_1000_trips": "<NA>" }, "geometry": { "type": "Polygon", "coordinates": [ [ [ -79.343338904746801, 43.778508720398008 ], [ -79.34271214008804, 43.778578158112069 ], [ -79.342258365843193, 43.773604684595547 ], [ -79.345267842749308, 43.77461743038824 ], [ -79.34573396302234, 43.776775861910764 ], [ -79.345572972272151, 43.777312255908335 ], [ -79.343338904746801, 43.778508720398008 ] ] ] } },
{ "type": "Feature", "properties": { "vor_id": 96, "theft_count": 1, "bike_trips": 0.0, "theft_per_1000_trips": "<NA>" }, "geometry": { "type": "Polygon", "coordinates": [ [ [ -79.439881899826005, 43.64198608033216 ], [ -79.439804621760402, 43.641961998974239 ], [ -79.439589912383582, 43.640877226739939 ], [ -79.440751358056801, 43.638196830415083 ], [ -79.441338588615523, 43.641130180198822 ], [ -79.441060266056823, 43.64153726003817 ], [ -79.439881899826005, 43.64198608033216 ] ] ] } },
{ "type": "Feature", "properties": { "vor_id": 97, "theft_count": 14, "bike_trips": 0.0, "theft_per_1000_trips": "<NA>" }, "geometry": { "type": "Polygon", "coordinates": [ [ [ -79.442875612147162, 43.700201676154286 ], [ -79.441595437527397, 43.698878977664023 ], [ -79.44271262661016, 43.696258338977024 ], [ -79.443627216683794, 43.695756703843585 ], [ -79.444397888738337, 43.695656299984229 ], [ -79.448373031986932, 43.697909676335641 ], [ -79.442875612147162, 43.700201676154286 ] ] ] } },
{ "type": "Feature", "properties": { "vor_id": 98, "theft_count": 37, "bike_trips": 0.0, "theft_per_1000_trips": "<NA>" }, "geometry": { "type": "Polygon", "coordinates": [ [ [ -79.398515397609344, 43.638808404533627 ], [ -79.399783343912873, 43.638264455751255 ], [ -79.399851235362917, 43.638295760901606 ], [ -79.399930628049376, 43.638880546025966 ], [ -79.398644469782141, 43.639270394887319 ], [ -79.398607537131213, 43.639167683999673 ], [ -79.398515397609344, 43.638808404533627 ] ] ] } },
{ "type": "Feature", "properties": { "vor_id": 99, "theft_count": 41, "bike_trips": 0.0, "theft_per_1000_trips": "<NA>" }, "geometry": { "type": "Polygon", "coordinates": [ [ [ -79.38890033557584, 43.652165885973176 ], [ -79.389436642862876, 43.651617112544258 ], [ -79.390390834248677, 43.6512072944087 ], [ -79.391540107902685, 43.651534187196006 ], [ -79.392370459394016, 43.652685712922882 ], [ -79.392360894256669, 43.652863255647631 ], [ -79.391991918529271, 43.653701203316281 ], [ -79.389135079716681, 43.653231368484292 ], [ -79.38890033557584, 43.652165885973176 ] ] ] } },
{ "type": "Feature", "properties": { "vor_id": 100, "theft_count": 9, "bike_trips": 0.0, "theft_per_1000_trips": "<NA>" }, "geometry": { "type": "Polygon", "coordinates": [ [ [ -79.341810653718142, 43.661290297099555 ], [ -79.342367455768425, 43.660819180329817 ], [ -79.34280526676875, 43.662745175250976 ], [ -79.342129685373905, 43.66342219240984 ], [ -79.342065117926651, 43.663408856060144 ], [ -79.341684416968292, 43.661664012545899 ], [ -79.341810653718142, 43.661290297099555 ] ] ] } },
{ "type": "Feature", "properties": { "vor_id": 101, "theft_count": 11, "bike_trips": 0.0, "theft_per_1000_trips": "<NA>" }, "geometry": { "type": "Polygon", "coordinates": [ [ [ -79.533020106489786, 43.585397591319285 ], [ -79.533133520740066, 43.585363776721408 ], [ -79.533203267633326, 43.585342981599617 ], [ -79.533810819720557, 43.585161839199387 ], [ -79.537506243503415, 43.590599118025217 ], [ -79.53673025124229, 43.593959030314466 ], [ -79.53485018320201, 43.593376424066939 ], [ -79.533998580920041, 43.592595249984583 ], [ -79.532647382961315, 43.586727459477395 ], [ -79.533020106489786, 43.585397591319285 ] ] ] } },
{ "type": "Feature", "properties": { "vor_id": 102, "theft_count": 38, "bike_trips": 0.0, "theft_per_1000_trips": "<NA>" }, "geometry": { "type": "Polygon", "coordinates": [ [ [ -79.381432965482531, 43.639889616404169 ], [ -79.379346478389763, 43.64118642321683 ], [ -79.379106169343046, 43.641097579539185 ], [ -79.381158482845009, 43.638749781132923 ], [ -79.381432965482531, 43.639889616404169 ] ] ] } },
{ "type": "Feature", "properties": { "vor_id": 103, "theft_count": 9, "bike_trips": 0.0, "theft_per_1000_trips": "<NA>" }, "geometry": { "type": "Polygon", "coordinates": [ [ [ -79.345572972272151, 43.777312255908335 ], [ -79.34573396302234, 43.776775861910764 ], [ -79.353310641699807, 43.774063448997737 ], [ -79.354781167611549, 43.778582292258811 ], [ -79.348763917518312, 43.779901150248797 ], [ -79.348586269874929, 43.779883170646286 ], [ -79.345572972272151, 43.777312255908335 ] ] ] } },
{ "type": "Feature", "properties": { "vor_id": 104, "theft_count": 19, "bike_trips": 0.0, "theft_per_1000_trips": "<NA>" }, "geometry": { "type": "Polygon", "coordinates": [ [ [ -79.41294306201064, 43.657034439138513 ], [ -79.413836874846723, 43.65729657868733 ], [ -79.414040403078886, 43.659337975707793 ], [ -79.413095281493014, 43.660583034778966 ], [ -79.412611389499489, 43.660777930818639 ], [ -79.412406012777666, 43.660612613794207 ], [ -79.411770314080201, 43.657509519647554 ], [ -79.41294306201064, 43.657034439138513 ] ] ] } },
{ "type": "Feature", "properties": { "vor_id": 105, "theft_count": 15, "bike_trips": 0.0, "theft_per_1000_trips": "<NA>" }, "geometry": { "type": "Polygon", "coordinates": [ [ [ -79.461532367977341, 43.738681035120962 ], [ -79.466545912051075, 43.726453174506538 ], [ -79.468238414994701, 43.723755069294569 ], [ -79.476966359429071, 43.734895448234667 ], [ -79.476146350983413, 43.734935732666386 ], [ -79.47129269189908, 43.735655704979841 ], [ -79.466532974137166, 43.736847952213381 ], [ -79.461913036381631, 43.738500992374433 ], [ -79.461532367977341, 43.738681035120962 ] ] ] } },
{ "type": "Feature", "properties": { "vor_id": 106, "theft_count": 59, "bike_trips": 0.0, "theft_per_1000_trips": "<NA>" }, "geometry": { "type": "Polygon", "coordinates": [ [ [ -79.388881079613299, 43.646555796253679 ], [ -79.387992627999736, 43.645400661939163 ], [ -79.389402561580638, 43.644822173069315 ], [ -79.390318226386952, 43.645844108748364 ], [ -79.390282028055651, 43.645998759951425 ], [ -79.388881079613299, 43.646555796253679 ] ] ] } },
{ "type": "Feature", "properties": { "vor_id": 107, "theft_count": 23, "bike_trips": 0.0, "theft_per_1000_trips": "<NA>" }, "geometry": { "type": "Polygon", "coordinates": [ [ [ -79.398644469782141, 43.639270394887319 ], [ -79.399930628049376, 43.638880546025966 ], [ -79.400298852595824, 43.640529234142278 ], [ -79.399687535857794, 43.640406655347526 ], [ -79.398745028658936, 43.639655620934789 ], [ -79.398644469782141, 43.639270394887319 ] ] ] } },
{ "type": "Feature", "properties": { "vor_id": 108, "theft_count": 25, "bike_trips": 0.0, "theft_per_1000_trips": "<NA>" }, "geometry": { "type": "Polygon", "coordinates": [ [ [ -79.408347704122519, 43.654819666864384 ], [ -79.408984736553833, 43.658019220094552 ], [ -79.408911503934249, 43.658034667367943 ], [ -79.406377423570831, 43.656605425064583 ], [ -79.408347704122519, 43.654819666864384 ] ] ] } },
{ "type": "Feature", "properties": { "vor_id": 109, "theft_count": 7, "bike_trips": 0.0, "theft_per_1000_trips": "<NA>" }, "geometry": { "type": "Polygon", "coordinates": [ [ [ -79.36442182578611, 43.667385436604356 ], [ -79.365777796640756, 43.665341960317647 ], [ -79.366379267864346, 43.666111933147263 ], [ -79.366485676353435, 43.666581964760347 ], [ -79.364415415696413, 43.667430705379886 ], [ -79.36442182578611, 43.667385436604356 ] ] ] } },
{ "type": "Feature", "properties": { "vor_id": 110, "theft_count": 9, "bike_trips": 0.0, "theft_per_1000_trips": "<NA>" }, "geometry": { "type": "Polygon", "coordinates": [ [ [ -79.370580754822299, 43.67526433124798 ], [ -79.369613527126646, 43.671806961216916 ], [ -79.369681312464152, 43.671778736615593 ], [ -79.373363549949786, 43.673110341063307 ], [ -79.374008259102524, 43.675494727094552 ], [ -79.371303613326717, 43.675592720713965 ], [ -79.370580754822299, 43.67526433124798 ] ] ] } },
{ "type": "Feature", "properties": { "vor_id": 111, "theft_count": 72, "bike_trips": 0.0, "theft_per_1000_trips": "<NA>" }, "geometry": { "type": "Polygon", "coordinates": [ [ [ -79.385542640547968, 43.670818668220086 ], [ -79.385420583607612, 43.670269273447602 ], [ -79.386976999058334, 43.66964314656434 ], [ -79.387182437665842, 43.670672422832617 ], [ -79.385841498108377, 43.671223911990396 ], [ -79.385542640547968, 43.670818668220086 ] ] ] } },
{ "type": "Feature", "properties": { "vor_id": 112, "theft_count": 12, "bike_trips": 0.0, "theft_per_1000_trips": "<NA>" }, "geometry": { "type": "Polygon", "coordinates": [ [ [ -79.507984987492392, 43.686874039499827 ], [ -79.503029205262123, 43.684849132208406 ], [ -79.502247162789672, 43.683167181800684 ], [ -79.504107309322521, 43.674744149769907 ], [ -79.51042267578724, 43.671869729154409 ], [ -79.512436153945302, 43.671841791594254 ], [ -79.516713112146633, 43.680607237467406 ], [ -79.507984987492392, 43.686874039499827 ] ] ] } },
{ "type": "Feature", "properties": { "vor_id": 113, "theft_count": 18, "bike_trips": 0.0, "theft_per_1000_trips": "<NA>" }, "geometry": { "type": "Polygon", "coordinates": [ [ [ -79.376993478293272, 43.653849813194228 ], [ -79.376854397145948, 43.653933398157321 ], [ -79.376384175490273, 43.653880452070034 ], [ -79.376142668007859, 43.65276029361511 ], [ -79.376706390603616, 43.652533875593633 ], [ -79.376993478293272, 43.653849813194228 ] ] ] } },
{ "type": "Feature", "properties": { "vor_id": 114, "theft_count": 26, "bike_trips": 0.0, "theft_per_1000_trips": "<NA>" }, "geometry": { "type": "Polygon", "coordinates": [ [ [ -79.387211239320209, 43.666565864410863 ], [ -79.386813874381545, 43.665859527160883 ], [ -79.386789470669484, 43.665651670958304 ], [ -79.388472795411545, 43.664934924807845 ], [ -79.388700241719036, 43.665896692436803 ], [ -79.387211239320209, 43.666565864410863 ] ] ] } },
{ "type": "Feature", "properties": { "vor_id": 115, "theft_count": 39, "bike_trips": 0.0, "theft_per_1000_trips": "<NA>" }, "geometry": { "type": "Polygon", "coordinates": [ [ [ -79.398607537131213, 43.639167683999673 ], [ -79.398644469782141, 43.639270394887319 ], [ -79.398745028658936, 43.639655620934789 ], [ -79.396979143109391, 43.640380086801279 ], [ -79.396858740572881, 43.639862343043838 ], [ -79.398607537131213, 43.639167683999673 ] ] ] } },
{ "type": "Feature", "properties": { "vor_id": 116, "theft_count": 11, "bike_trips": 0.0, "theft_per_1000_trips": "<NA>" }, "geometry": { "type": "Polygon", "coordinates": [ [ [ -79.340116365172847, 43.66368211307514 ], [ -79.338867188071887, 43.665370838549975 ], [ -79.337227274013358, 43.664327494217872 ], [ -79.33709270011903, 43.664109330980089 ], [ -79.339605317364885, 43.66307331770912 ], [ -79.340116365172847, 43.66368211307514 ] ] ] } },
{ "type": "Feature", "properties": { "vor_id": 117, "theft_count": 73, "bike_trips": 0.0, "theft_per_1000_trips": "<NA>" }, "geometry": { "type": "Polygon", "coordinates": [ [ [ -79.416813498235101, 43.780463748159995 ], [ -79.416487753170557, 43.778970886984709 ], [ -79.416974582869585, 43.776934914660345 ], [ -79.418525320204807, 43.776195748067195 ], [ -79.419931192053568, 43.782522331943362 ], [ -79.419780780848967, 43.782589969306969 ], [ -79.416813498235101, 43.780463748159995 ] ] ] } },
{ "type": "Feature", "properties": { "vor_id": 118, "theft_count": 0, "bike_trips": 0.0, "theft_per_1000_trips": "<NA>" }, "geometry": { "type": "Polygon", "coordinates": [ [ [ -79.418810781011288, 43.640606429415342 ], [ -79.419399166640829, 43.641819184625227 ], [ -79.418430010961416, 43.642675155843058 ], [ -79.417747531566931, 43.642700290335561 ], [ -79.418093311217405, 43.642123391841388 ], [ -79.418810781011288, 43.640606429415342 ] ] ] } },
{ "type": "Feature", "properties": { "vor_id": 119, "theft_count": 24, "bike_trips": 0.0, "theft_per_1000_trips": "<NA>" }, "geometry": { "type": "Polygon", "coordinates": [ [ [ -79.413735824645912, 43.648806148249783 ], [ -79.414399851627721, 43.64944820238572 ], [ -79.41465562261449, 43.650712925199855 ], [ -79.412589494372696, 43.653303341519894 ], [ -79.412207171041942, 43.653457442075158 ], [ -79.412000975842631, 43.653421847512611 ], [ -79.411596292664598, 43.65143334640841 ], [ -79.41264777066813, 43.650273219208273 ], [ -79.413735824645912, 43.648806148249783 ] ] ] } },
{ "type": "Feature", "properties": { "vor_id": 120, "theft_count": 46, "bike_trips": 0.0, "theft_per_1000_trips": "<NA>" }, "geometry": { "type": "Polygon", "coordinates": [ [ [ -79.461006655346409, 43.648527955079494 ], [ -79.463004947334994, 43.646872384004496 ], [ -79.464938496638155, 43.65581996814052 ], [ -79.462011117358244, 43.655974052712622 ], [ -79.460906131716868, 43.653969887565488 ], [ -79.461006655346409, 43.648527955079494 ] ] ] } },
{ "type": "Feature", "properties": { "vor_id": 121, "theft_count": 19, "bike_trips": 0.0, "theft_per_1000_trips": "<NA>" }, "geometry": { "type": "Polygon", "coordinates": [ [ [ -79.426468053647469, 43.662875758924478 ], [ -79.425691095376621, 43.663199463492525 ], [ -79.425373331405765, 43.66315294169155 ], [ -79.424907477518076, 43.661000295314281 ], [ -79.425978942954103, 43.660566562422282 ], [ -79.426468053647469, 43.662875758924478 ] ] ] } },
{ "type": "Feature", "properties": { "vor_id": 122, "theft_count": 23, "bike_trips": 0.0, "theft_per_1000_trips": "<NA>" }, "geometry": { "type": "Polygon", "coordinates": [ [ [ -79.390892150172633, 43.659152526371614 ], [ -79.388746337506007, 43.659585158440734 ], [ -79.388215363201269, 43.659179081883636 ], [ -79.390533889613209, 43.657569405775732 ], [ -79.390892150172633, 43.659152526371614 ] ] ] } },
{ "type": "Feature", "properties": { "vor_id": 123, "theft_count": 41, "bike_trips": 0.0, "theft_per_1000_trips": "<NA>" }, "geometry": { "type": "Polygon", "coordinates": [ [ [ -79.425299179836742, 43.645099016511637 ], [ -79.425160983861488, 43.645040554072303 ], [ -79.424478945602317, 43.644556654406479 ], [ -79.423952712015137, 43.641954966110951 ], [ -79.424165918369283, 43.641717461390712 ], [ -79.425180078958689, 43.641948484622105 ], [ -79.425760814703708, 43.644812087480005 ], [ -79.425714576419139, 43.644935157312617 ], [ -79.425299179836742, 43.645099016511637 ] ] ] } },
{ "type": "Feature", "properties": { "vor_id": 124, "theft_count": 8, "bike_trips": 0.0, "theft_per_1000_trips": "<NA>" }, "geometry": { "type": "Polygon", "coordinates": [ [ [ -79.360549980281775, 43.653829511558889 ], [ -79.361854699068687, 43.652347545885043 ], [ -79.362172097196677, 43.652486553482738 ], [ -79.362722953715789, 43.653437123523069 ], [ -79.362674730850145, 43.655068105828626 ], [ -79.361438478291419, 43.655337511507049 ], [ -79.360549980281775, 43.653829511558889 ] ] ] } },
{ "type": "Feature", "properties": { "vor_id": 125, "theft_count": 20, "bike_trips": 0.0, "theft_per_1000_trips": "<NA>" }, "geometry": { "type": "Polygon", "coordinates": [ [ [ -79.376422587654005, 43.642638596436228 ], [ -79.37399147236215, 43.643694271966446 ], [ -79.374105930937077, 43.642977070912551 ], [ -79.375866848703438, 43.641847870339276 ], [ -79.376259658336878, 43.642199402577113 ], [ -79.376422587654005, 43.642638596436228 ] ] ] } },
{ "type": "Feature", "properties": { "vor_id": 126, "theft_count": 6, "bike_trips": 0.0, "theft_per_1000_trips": "<NA>" }, "geometry": { "type": "Polygon", "coordinates": [ [ [ -79.208178384562558, 43.805671891209542 ], [ -79.221876381726403, 43.815725793920024 ], [ -79.225207791429668, 43.820126272603872 ], [ -79.200537714791707, 43.813074542333808 ], [ -79.200751283431444, 43.811840831339929 ], [ -79.205532156349093, 43.806429009323324 ], [ -79.208178384562558, 43.805671891209542 ] ] ] } },
{ "type": "Feature", "properties": { "vor_id": 127, "theft_count": 11, "bike_trips": 0.0, "theft_per_1000_trips": "<NA>" }, "geometry": { "type": "Polygon", "coordinates": [ [ [ -79.347507388301153, 43.648068068317009 ], [ -79.350982575083449, 43.646069461420716 ], [ -79.354762084992146, 43.650704723826053 ], [ -79.355394716499049, 43.653476167719454 ], [ -79.354105897147946, 43.654091649102533 ], [ -79.348314210557447, 43.649282721494423 ], [ -79.347507388301153, 43.648068068317009 ] ] ] } },
{ "type": "Feature", "properties": { "vor_id": 128, "theft_count": 34, "bike_trips": 0.0, "theft_per_1000_trips": "<NA>" }, "geometry": { "type": "Polygon", "coordinates": [ [ [ -79.32343203976265, 43.676918081395101 ], [ -79.31945520555692, 43.680235667468907 ], [ -79.318867422127354, 43.68018901334348 ], [ -79.316554814965272, 43.679722641196157 ], [ -79.315958911554873, 43.679140770003841 ], [ -79.315226248449804, 43.677402616726688 ], [ -79.315129830673797, 43.676742613681654 ], [ -79.319063602716128, 43.675119473501354 ], [ -79.322981993117068, 43.676303740232214 ], [ -79.32343203976265, 43.676918081395101 ] ] ] } },
{ "type": "Feature", "properties": { "vor_id": 129, "theft_count": 14, "bike_trips": 0.0, "theft_per_1000_trips": "<NA>" }, "geometry": { "type": "Polygon", "coordinates": [ [ [ -79.38631685777537, 43.654321583796779 ], [ -79.385566183681945, 43.654634042307997 ], [ -79.385036404011544, 43.654128810830528 ], [ -79.384719416657532, 43.652242707905899 ], [ -79.385115678068161, 43.652150403859153 ], [ -79.38631685777537, 43.654321583796779 ] ] ] } },
{ "type": "Feature", "properties": { "vor_id": 130, "theft_count": 5, "bike_trips": 0.0, "theft_per_1000_trips": "<NA>" }, "geometry": { "type": "Polygon", "coordinates": [ [ [ -79.533998580920041, 43.592595249984583 ], [ -79.53485018320201, 43.593376424066939 ], [ -79.533097696323082, 43.594174714585947 ], [ -79.532183395123539, 43.593415232545766 ], [ -79.533998580920041, 43.592595249984583 ] ] ] } },
{ "type": "Feature", "properties": { "vor_id": 131, "theft_count": 5, "bike_trips": 0.0, "theft_per_1000_trips": "<NA>" }, "geometry": { "type": "Polygon", "coordinates": [ [ [ -79.544699426475134, 43.591623911953349 ], [ -79.54574534694477, 43.592165337537551 ], [ -79.543422473192692, 43.593879010331392 ], [ -79.543956342603352, 43.591527428891403 ], [ -79.544699426475134, 43.591623911953349 ] ] ] } },
{ "type": "Feature", "properties": { "vor_id": 132, "theft_count": 6, "bike_trips": 0.0, "theft_per_1000_trips": "<NA>" }, "geometry": { "type": "Polygon", "coordinates": [ [ [ -79.445906799685346, 43.712407340510786 ], [ -79.445583216009453, 43.712313452645624 ], [ -79.443263911350257, 43.7112164946722 ], [ -79.442028752983788, 43.710214421266798 ], [ -79.440675118616667, 43.708732718270049 ], [ -79.439998929520897, 43.705551269557105 ], [ -79.444420340263477, 43.703788121372554 ], [ -79.447574334537393, 43.710982476992335 ], [ -79.44692840981061, 43.711827288906093 ], [ -79.445906799685346, 43.712407340510786 ] ] ] } },
{ "type": "Feature", "properties": { "vor_id": 133, "theft_count": 7, "bike_trips": 0.0, "theft_per_1000_trips": "<NA>" }, "geometry": { "type": "Polygon", "coordinates": [ [ [ -79.434693800049601, 43.669991363989681 ], [ -79.434406797019577, 43.670602189576634 ], [ -79.432002259785747, 43.669139686278683 ], [ -79.431953441764435, 43.668902399567919 ], [ -79.433199952280788, 43.666776236260667 ], [ -79.43407359966298, 43.666876483153061 ], [ -79.434693800049601, 43.669991363989681 ] ] ] } },
{ "type": "Feature", "properties": { "vor_id": 134, "theft_count": 25, "bike_trips": 0.0, "theft_per_1000_trips": "<NA>" }, "geometry": { "type": "Polygon", "coordinates": [ [ [ -79.395999360432654, 43.648342003619938 ], [ -79.394900403855374, 43.648790729807942 ], [ -79.394637831578549, 43.648389490187405 ], [ -79.394506840134369, 43.647770550447412 ], [ -79.395029142409413, 43.647561361660912 ], [ -79.396008496531465, 43.647617815540208 ], [ -79.395999360432654, 43.648342003619938 ] ] ] } },
{ "type": "Feature", "properties": { "vor_id": 135, "theft_count": 23, "bike_trips": 0.0, "theft_per_1000_trips": "<NA>" }, "geometry": { "type": "Polygon", "coordinates": [ [ [ -79.411243149507641, 43.676829356445396 ], [ -79.411890138159322, 43.677473131571254 ], [ -79.410319528916929, 43.680857944497532 ], [ -79.407915505780622, 43.682299939384968 ], [ -79.407147516930152, 43.682004765843757 ], [ -79.406411948918802, 43.675921764825262 ], [ -79.409341407524948, 43.676086624656072 ], [ -79.411243149507641, 43.676829356445396 ] ] ] } },
{ "type": "Feature", "properties": { "vor_id": 136, "theft_count": 18, "bike_trips": 0.0, "theft_per_1000_trips": "<NA>" }, "geometry": { "type": "Polygon", "coordinates": [ [ [ -79.444751221358629, 43.665938723656758 ], [ -79.444252570818193, 43.663519384006477 ], [ -79.445346581212434, 43.661792162761181 ], [ -79.445611809639942, 43.661895973717975 ], [ -79.446501699499663, 43.665648345589901 ], [ -79.445128305362473, 43.666190492505457 ], [ -79.444751221358629, 43.665938723656758 ] ] ] } },
{ "type": "Feature", "properties": { "vor_id": 137, "theft_count": 8, "bike_trips": 0.0, "theft_per_1000_trips": "<NA>" }, "geometry": { "type": "Polygon", "coordinates": [ [ [ -79.422560510154099, 43.683704098829033 ], [ -79.42109057873472, 43.683278721379466 ], [ -79.42080992387109, 43.68087479106002 ], [ -79.423743848671947, 43.681572370133573 ], [ -79.423850945968624, 43.682037444235988 ], [ -79.422560510154099, 43.683704098829033 ] ] ] } },
{ "type": "Feature", "properties": { "vor_id": 138, "theft_count": 22, "bike_trips": 0.0, "theft_per_1000_trips": "<NA>" }, "geometry": { "type": "Polygon", "coordinates": [ [ [ -79.37124672700412, 43.776990281201897 ], [ -79.368516340145717, 43.770528422117991 ], [ -79.368542290091497, 43.769738634545945 ], [ -79.372947317213104, 43.768027071487836 ], [ -79.37124672700412, 43.776990281201897 ] ] ] } },
{ "type": "Feature", "properties": { "vor_id": 139, "theft_count": 35, "bike_trips": 0.0, "theft_per_1000_trips": "<NA>" }, "geometry": { "type": "Polygon", "coordinates": [ [ [ -79.555652414398253, 43.599594221283681 ], [ -79.5556739, 43.5996042 ], [ -79.5557846, 43.5996926 ], [ -79.5558456, 43.599781900000011 ], [ -79.555874099999983, 43.5998717 ], [ -79.555949, 43.6002377 ], [ -79.5559232, 43.6005982 ], [ -79.556000499999982, 43.6008965 ], [ -79.5560863, 43.6014497 ], [ -79.5561378, 43.6019034 ], [ -79.556206399999979, 43.6023385 ], [ -79.5564296, 43.6026679 ], [ -79.556858799999986, 43.602935199999983 ], [ -79.557554, 43.6032273 ], [ -79.5579488, 43.6034262 ], [ -79.5581685, 43.6035826 ], [ -79.5582636, 43.6038433 ], [ -79.5584442, 43.6040952 ], [ -79.5587379, 43.6043423 ], [ -79.5590389, 43.6045698 ], [ -79.559803599999981, 43.6050279 ], [ -79.5600794, 43.6051932 ], [ -79.560236799999984, 43.6053055 ], [ -79.5605314, 43.6055214 ], [ -79.560927199999981, 43.6057012 ], [ -79.561309199999982, 43.605802 ], [ -79.5615628, 43.6058912 ], [ -79.5617746, 43.6060108 ], [ -79.5619402, 43.6061595 ], [ -79.5622663, 43.6065175 ], [ -79.5622892, 43.6065369 ], [ -79.5625386, 43.6067478 ], [ -79.562728100000015, 43.6068295 ], [ -79.5629442, 43.6068942 ], [ -79.5632188, 43.6068935 ], [ -79.5633477, 43.6068576 ], [ -79.563504699999982, 43.606829 ], [ -79.5636615, 43.6068353 ], [ -79.5637853, 43.6068507 ], [ -79.5647318, 43.6071267 ], [ -79.5648122, 43.6072014 ], [ -79.5648496, 43.6072609 ], [ -79.5648631, 43.6073223 ], [ -79.5648656, 43.6073808 ], [ -79.5648665, 43.6074495 ], [ -79.564687299999989, 43.6076577 ], [ -79.564617699999985, 43.6077753 ], [ -79.5645842, 43.6078811 ], [ -79.564575499999989, 43.6080253 ], [ -79.5646066, 43.60819 ], [ -79.5646445, 43.6082841 ], [ -79.5647143, 43.6083579 ], [ -79.5648144, 43.6084276 ], [ -79.5649503, 43.6084851 ], [ -79.5651253, 43.6085408 ], [ -79.565269599999979, 43.6085712 ], [ -79.5654453, 43.6085647 ], [ -79.565742199999988, 43.6084976 ], [ -79.5659482, 43.6084355 ], [ -79.566214299999984, 43.6084479 ], [ -79.5664203, 43.6085598 ], [ -79.566568, 43.6086517 ], [ -79.5669696, 43.6089016 ], [ -79.5671499, 43.6091626 ], [ -79.567200899999989, 43.6095518 ], [ -79.5672614, 43.610014 ], [ -79.567295799999982, 43.6103578 ], [ -79.567253, 43.6104826 ], [ -79.5672041, 43.6106031 ], [ -79.5671524, 43.6106758 ], [ -79.5670719, 43.610734 ], [ -79.5669807, 43.6107622 ], [ -79.5668179, 43.6108015 ], [ -79.56669909999998, 43.610871 ], [ -79.5663974, 43.6111681 ], [ -79.5661183, 43.6115219 ], [ -79.566027199999979, 43.6115817 ], [ -79.5658864, 43.6116225 ], [ -79.565553799999989, 43.6117131 ], [ -79.5651367, 43.6118594 ], [ -79.564750299999986, 43.6120374 ], [ -79.5643227, 43.6122207 ], [ -79.5640799, 43.6123828 ], [ -79.563953, 43.6125226 ], [ -79.5639123, 43.6126343 ], [ -79.5639434, 43.6127695 ], [ -79.564018299999987, 43.6129285 ], [ -79.5641406, 43.6131016 ], [ -79.564313299999981, 43.613231399999989 ], [ -79.564548699999989, 43.6133536 ], [ -79.5647317, 43.613414 ], [ -79.5649447, 43.6134492 ], [ -79.5653231, 43.6134519 ], [ -79.5658088, 43.6133796 ], [ -79.5662995, 43.6133752 ], [ -79.566734499999981, 43.6134116 ], [ -79.5670854, 43.6135189 ], [ -79.5673715, 43.6136329 ], [ -79.56775829999998, 43.6138281 ], [ -79.5679653, 43.6139838 ], [ -79.5681246, 43.6141037 ], [ -79.5682468, 43.6142451 ], [ -79.5682883, 43.6143791 ], [ -79.5682755, 43.6145346 ], [ -79.568101, 43.6152564 ], [ -79.5679879, 43.6156957 ], [ -79.5679262, 43.6159239 ], [ -79.567908800000012, 43.6161346 ], [ -79.5678136, 43.6164346 ], [ -79.567928900000013, 43.6165812 ], [ -79.5679303, 43.6166599 ], [ -79.5679048, 43.6167366 ], [ -79.5675921, 43.6169892 ], [ -79.567145699999983, 43.6172977 ], [ -79.566906399999979, 43.6174027 ], [ -79.566699299999982, 43.6175915 ], [ -79.5665395, 43.6178085 ], [ -79.566542199999986, 43.6179444 ], [ -79.5665881, 43.6180677 ], [ -79.5666963, 43.6182771 ], [ -79.566778199999987, 43.6184968 ], [ -79.566826099999986, 43.6187147 ], [ -79.5668118, 43.6188502 ], [ -79.5667581, 43.6189842 ], [ -79.5667205, 43.6192533 ], [ -79.566775199999981, 43.6199874 ], [ -79.566892199999984, 43.6202434 ], [ -79.566931100000019, 43.6203823 ], [ -79.566935599999979, 43.6205169 ], [ -79.566903, 43.620725899999989 ], [ -79.5668466, 43.6208823 ], [ -79.566748, 43.6209921 ], [ -79.5665851, 43.6210784 ], [ -79.566131199999987, 43.6212272 ], [ -79.5657483, 43.6214122 ], [ -79.565640499999986, 43.6215231 ], [ -79.5655664, 43.6216284 ], [ -79.565537699999979, 43.6217696 ], [ -79.5655887, 43.6219181 ], [ -79.565738831266131, 43.622166549301468 ], [ -79.55597336968512, 43.625741135525956 ], [ -79.551834094020037, 43.62442996260642 ], [ -79.551403463404483, 43.605465290529636 ], [ -79.555652414398253, 43.599594221283681 ] ] ] } },
{ "type": "Feature", "properties": { "vor_id": 140, "theft_count": 9, "bike_trips": 0.0, "theft_per_1000_trips": "<NA>" }, "geometry": { "type": "Polygon", "coordinates": [ [ [ -79.423850945968624, 43.682037444235988 ], [ -79.423743848671947, 43.681572370133573 ], [ -79.424508295629721, 43.680123392499596 ], [ -79.424862982673687, 43.679972204565104 ], [ -79.427436981087183, 43.680489159095785 ], [ -79.425116427625781, 43.683032394288027 ], [ -79.423850945968624, 43.682037444235988 ] ] ] } },
{ "type": "Feature", "properties": { "vor_id": 141, "theft_count": 7, "bike_trips": 0.0, "theft_per_1000_trips": "<NA>" }, "geometry": { "type": "Polygon", "coordinates": [ [ [ -79.502516920594019, 43.696265700706029 ], [ -79.504827645704779, 43.696396689564814 ], [ -79.508109293157759, 43.69842113035493 ], [ -79.509885088326612, 43.700821148090405 ], [ -79.506717080365163, 43.704068794735051 ], [ -79.505693101457908, 43.703208057175651 ], [ -79.502516920594019, 43.696265700706029 ] ] ] } },
{ "type": "Feature", "properties": { "vor_id": 142, "theft_count": 11, "bike_trips": 0.0, "theft_per_1000_trips": "<NA>" }, "geometry": { "type": "Polygon", "coordinates": [ [ [ -79.511089643200819, 43.607633777687354 ], [ -79.507625576885161, 43.611371538444807 ], [ -79.505330823169231, 43.60969327982977 ], [ -79.503054721767668, 43.605024287359136 ], [ -79.503556152823421, 43.603747844207554 ], [ -79.505526910510198, 43.601851283131182 ], [ -79.506781044034526, 43.601911614592517 ], [ -79.509266818147466, 43.604900868593283 ], [ -79.511089643200819, 43.607633777687354 ] ] ] } },
{ "type": "Feature", "properties": { "vor_id": 143, "theft_count": 12, "bike_trips": 0.0, "theft_per_1000_trips": "<NA>" }, "geometry": { "type": "Polygon", "coordinates": [ [ [ -79.369509834016398, 43.671796083850396 ], [ -79.367173861530347, 43.672040201106874 ], [ -79.366677100035616, 43.66979184261583 ], [ -79.367112671417203, 43.668263678360432 ], [ -79.36765602279921, 43.668099132896671 ], [ -79.368804809809276, 43.668269539352274 ], [ -79.369509834016398, 43.671796083850396 ] ] ] } },
{ "type": "Feature", "properties": { "vor_id": 144, "theft_count": 10, "bike_trips": 0.0, "theft_per_1000_trips": "<NA>" }, "geometry": { "type": "Polygon", "coordinates": [ [ [ -79.526482486639978, 43.720184895991146 ], [ -79.519735467765912, 43.71666153446477 ], [ -79.516454881316136, 43.705453467418401 ], [ -79.516563168637973, 43.705376517569817 ], [ -79.519097513046859, 43.704845804917483 ], [ -79.528191730141998, 43.704547689376213 ], [ -79.526482486639978, 43.720184895991146 ] ] ] } },
{ "type": "Feature", "properties": { "vor_id": 145, "theft_count": 23, "bike_trips": 0.0, "theft_per_1000_trips": "<NA>" }, "geometry": { "type": "Polygon", "coordinates": [ [ [ -79.380388877927231, 43.667922842453166 ], [ -79.38030186566462, 43.66752142236281 ], [ -79.38323579878363, 43.666314491056959 ], [ -79.383311001613862, 43.666404710942977 ], [ -79.38348275144827, 43.667179349982455 ], [ -79.381747084143285, 43.66789018520145 ], [ -79.380672352284549, 43.66833033709807 ], [ -79.380495328729026, 43.668075865576974 ], [ -79.380388877927231, 43.667922842453166 ] ] ] } },
{ "type": "Feature", "properties": { "vor_id": 146, "theft_count": 110, "bike_trips": 0.0, "theft_per_1000_trips": "<NA>" }, "geometry": { "type": "Polygon", "coordinates": [ [ [ -79.383603185023929, 43.659786510952216 ], [ -79.383493133243533, 43.65983514508676 ], [ -79.383148875145267, 43.659834864365671 ], [ -79.381482270112386, 43.659467192938955 ], [ -79.381334077759917, 43.658712659390616 ], [ -79.383049278393557, 43.657975241124724 ], [ -79.38324669368545, 43.65822681438511 ], [ -79.383479865497378, 43.658828058711833 ], [ -79.383617694080641, 43.659464883313973 ], [ -79.383603185023929, 43.659786510952216 ] ] ] } },
{ "type": "Feature", "properties": { "vor_id": 147, "theft_count": 6, "bike_trips": 0.0, "theft_per_1000_trips": "<NA>" }, "geometry": { "type": "Polygon", "coordinates": [ [ [ -79.183564323087623, 43.775639912860932 ], [ -79.181891704446571, 43.776320697494583 ], [ -79.182130317998968, 43.772788404066382 ], [ -79.182151477206801, 43.772475175710092 ], [ -79.191082451664286, 43.768976544293317 ], [ -79.191506696274587, 43.769712694657343 ], [ -79.185457655305342, 43.774869293995053 ], [ -79.183564323087623, 43.775639912860932 ] ] ] } },
{ "type": "Feature", "properties": { "vor_id": 148, "theft_count": 18, "bike_trips": 0.0, "theft_per_1000_trips": "<NA>" }, "geometry": { "type": "Polygon", "coordinates": [ [ [ -79.349556153393223, 43.65830810084023 ], [ -79.350934543991428, 43.657212012288824 ], [ -79.351455459664777, 43.65951576638048 ], [ -79.351259866427668, 43.659708501340319 ], [ -79.349556153393223, 43.65830810084023 ] ] ] } },
{ "type": "Feature", "properties": { "vor_id": 149, "theft_count": 0, "bike_trips": 0.0, "theft_per_1000_trips": "<NA>" }, "geometry": { "type": "Polygon", "coordinates": [ [ [ -79.543197313031271, 43.741894753765123 ], [ -79.541212937244666, 43.738711762555305 ], [ -79.548134852820169, 43.727755702393182 ], [ -79.548273523827206, 43.731915391693938 ], [ -79.545805436782459, 43.73603314615869 ], [ -79.543707523374309, 43.740468811381746 ], [ -79.543197313031271, 43.741894753765123 ] ] ] } },
{ "type": "Feature", "properties": { "vor_id": 150, "theft_count": 34, "bike_trips": 0.0, "theft_per_1000_trips": "<NA>" }, "geometry": { "type": "Polygon", "coordinates": [ [ [ -79.289928927804269, 43.735688704296905 ], [ -79.289278411745684, 43.73270916310797 ], [ -79.289551554930824, 43.72194135018696 ], [ -79.28971991201648, 43.721933079333702 ], [ -79.294522412020882, 43.721220695752898 ], [ -79.296592705607821, 43.729693515487554 ], [ -79.289928927804269, 43.735688704296905 ] ] ] } },
{ "type": "Feature", "properties": { "vor_id": 151, "theft_count": 65, "bike_trips": 0.0, "theft_per_1000_trips": "<NA>" }, "geometry": { "type": "Polygon", "coordinates": [ [ [ -79.406065709066127, 43.671085123614134 ], [ -79.405266706854164, 43.67140244750918 ], [ -79.403984225462139, 43.67114058234457 ], [ -79.402588566352961, 43.670191908380502 ], [ -79.402802716388635, 43.669513797521653 ], [ -79.403697058922717, 43.66883028473346 ], [ -79.404413036727703, 43.668539403540848 ], [ -79.405684478459449, 43.66927389266607 ], [ -79.406065709066127, 43.671085123614134 ] ] ] } },
{ "type": "Feature", "properties": { "vor_id": 152, "theft_count": 11, "bike_trips": 0.0, "theft_per_1000_trips": "<NA>" }, "geometry": { "type": "Polygon", "coordinates": [ [ [ -79.36419976278701, 43.654508887502239 ], [ -79.364996144494171, 43.655011035873038 ], [ -79.365223772725884, 43.656071280233711 ], [ -79.363801048295514, 43.656655479469102 ], [ -79.362800046035716, 43.655106262731998 ], [ -79.36419976278701, 43.654508887502239 ] ] ] } },
{ "type": "Feature", "properties": { "vor_id": 153, "theft_count": 28, "bike_trips": 0.0, "theft_per_1000_trips": "<NA>" }, "geometry": { "type": "Polygon", "coordinates": [ [ [ -79.40019780830464, 43.64260058410791 ], [ -79.401072086649762, 43.642987486386033 ], [ -79.401707832270247, 43.643890007010491 ], [ -79.401890586626223, 43.644791039266366 ], [ -79.4017904120156, 43.64518368788378 ], [ -79.400565117112961, 43.644990746349251 ], [ -79.400116481056244, 43.642657032734157 ], [ -79.40019780830464, 43.64260058410791 ] ] ] } },
{ "type": "Feature", "properties": { "vor_id": 154, "theft_count": 34, "bike_trips": 0.0, "theft_per_1000_trips": "<NA>" }, "geometry": { "type": "Polygon", "coordinates": [ [ [ -79.360057385173789, 43.661945515716319 ], [ -79.359462945735956, 43.659364873006908 ], [ -79.361200345165543, 43.65864779300685 ], [ -79.361259234298032, 43.658875205985098 ], [ -79.360743124753697, 43.661667076612346 ], [ -79.360057385173789, 43.661945515716319 ] ] ] } },
{ "type": "Feature", "properties": { "vor_id": 155, "theft_count": 1, "bike_trips": 0.0, "theft_per_1000_trips": "<NA>" }, "geometry": { "type": "Polygon", "coordinates": [ [ [ -79.428502867584271, 43.640933242873416 ], [ -79.42920937089049, 43.641233940095489 ], [ -79.429161133145996, 43.641376230930639 ], [ -79.427674646215408, 43.641959338774285 ], [ -79.427455355879488, 43.641676396193979 ], [ -79.427525027815165, 43.641312722288589 ], [ -79.428502867584271, 43.640933242873416 ] ] ] } },
{ "type": "Feature", "properties": { "vor_id": 156, "theft_count": 10, "bike_trips": 0.0, "theft_per_1000_trips": "<NA>" }, "geometry": { "type": "Polygon", "coordinates": [ [ [ -79.532183395123539, 43.593415232545766 ], [ -79.533097696323082, 43.594174714585947 ], [ -79.533291287012332, 43.595010268309089 ], [ -79.531846730294646, 43.60027092970769 ], [ -79.530191397102584, 43.600963235759274 ], [ -79.530539601469627, 43.592886076985423 ], [ -79.532183395123539, 43.593415232545766 ] ] ] } },
{ "type": "Feature", "properties": { "vor_id": 157, "theft_count": 134, "bike_trips": 0.0, "theft_per_1000_trips": "<NA>" }, "geometry": { "type": "Polygon", "coordinates": [ [ [ -79.437602427597255, 43.656526239043657 ], [ -79.436080247941064, 43.657494797026672 ], [ -79.435380814098536, 43.657234574875645 ], [ -79.434979557654259, 43.656470236743672 ], [ -79.435451593249297, 43.653265979914018 ], [ -79.435966359822103, 43.651951299241027 ], [ -79.43674152620882, 43.652061770036731 ], [ -79.437602427597255, 43.656526239043657 ] ] ] } },
{ "type": "Feature", "properties": { "vor_id": 158, "theft_count": 20, "bike_trips": 0.0, "theft_per_1000_trips": "<NA>" }, "geometry": { "type": "Polygon", "coordinates": [ [ [ -79.285361302613978, 43.742443649881551 ], [ -79.286821821847823, 43.742384007068068 ], [ -79.287119558739562, 43.742561135610643 ], [ -79.292564568511636, 43.756396090743827 ], [ -79.290304170178814, 43.759555094512706 ], [ -79.280926209586454, 43.76161941151372 ], [ -79.282926304519918, 43.743285449381254 ], [ -79.283484205333323, 43.742807376466402 ], [ -79.285361302613978, 43.742443649881551 ] ] ] } },
{ "type": "Feature", "properties": { "vor_id": 159, "theft_count": 0, "bike_trips": 0.0, "theft_per_1000_trips": "<NA>" }, "geometry": { "type": "Polygon", "coordinates": [ [ [ -79.42172311207726, 43.635650790414019 ], [ -79.421475359041139, 43.636249946651894 ], [ -79.420617716471227, 43.636495761760692 ], [ -79.42117919464836, 43.634926535379769 ], [ -79.42172311207726, 43.635650790414019 ] ] ] } },
{ "type": "Feature", "properties": { "vor_id": 160, "theft_count": 8, "bike_trips": 0.0, "theft_per_1000_trips": "<NA>" }, "geometry": { "type": "Polygon", "coordinates": [ [ [ -79.39871662598766, 43.724200414155625 ], [ -79.399754631779388, 43.729150766463498 ], [ -79.393985766352046, 43.729998446106286 ], [ -79.397696564224347, 43.723330570314587 ], [ -79.39871662598766, 43.724200414155625 ] ] ] } },
{ "type": "Feature", "properties": { "vor_id": 161, "theft_count": 26, "bike_trips": 0.0, "theft_per_1000_trips": "<NA>" }, "geometry": { "type": "Polygon", "coordinates": [ [ [ -79.444219057480055, 43.652463152553736 ], [ -79.443415669066482, 43.655574646163032 ], [ -79.441760567911601, 43.656160053628412 ], [ -79.440694079201634, 43.656295397282101 ], [ -79.439806274166671, 43.655682216526849 ], [ -79.43872156058616, 43.652660431672103 ], [ -79.442482772126013, 43.651213185514081 ], [ -79.444219057480055, 43.652463152553736 ] ] ] } },
{ "type": "Feature", "properties": { "vor_id": 162, "theft_count": 21, "bike_trips": 0.0, "theft_per_1000_trips": "<NA>" }, "geometry": { "type": "Polygon", "coordinates": [ [ [ -79.190239123638264, 43.764422415945724 ], [ -79.186683417045643, 43.757222814685633 ], [ -79.199958007261685, 43.759755261220043 ], [ -79.196770627829864, 43.764266567216367 ], [ -79.190239123638264, 43.764422415945724 ] ] ] } },
{ "type": "Feature", "properties": { "vor_id": 163, "theft_count": 14, "bike_trips": 0.0, "theft_per_1000_trips": "<NA>" }, "geometry": { "type": "Polygon", "coordinates": [ [ [ -79.383245035644649, 43.645666297474612 ], [ -79.384788827744146, 43.644789744158658 ], [ -79.384599015331673, 43.646584435744053 ], [ -79.383999999183075, 43.646925581792274 ], [ -79.383368301175267, 43.646858954636301 ], [ -79.383245035644649, 43.645666297474612 ] ] ] } },
{ "type": "Feature", "properties": { "vor_id": 164, "theft_count": 33, "bike_trips": 0.0, "theft_per_1000_trips": "<NA>" }, "geometry": { "type": "Polygon", "coordinates": [ [ [ -79.401602585419951, 43.647204818468133 ], [ -79.4019716506713, 43.648972934421622 ], [ -79.401331660348362, 43.649417774252434 ], [ -79.400933085469774, 43.647472083917251 ], [ -79.401602585419951, 43.647204818468133 ] ] ] } },
{ "type": "Feature", "properties": { "vor_id": 165, "theft_count": 41, "bike_trips": 0.0, "theft_per_1000_trips": "<NA>" }, "geometry": { "type": "Polygon", "coordinates": [ [ [ -79.40139693064863, 43.65540137754568 ], [ -79.401463439659082, 43.655166783312417 ], [ -79.402969013982087, 43.654536708081572 ], [ -79.403628751260854, 43.654845665749534 ], [ -79.40380019326895, 43.655672232915421 ], [ -79.403359658876994, 43.656055092678017 ], [ -79.402897519862051, 43.656235430576608 ], [ -79.40139693064863, 43.65540137754568 ] ] ] } },
{ "type": "Feature", "properties": { "vor_id": 166, "theft_count": 65, "bike_trips": 0.0, "theft_per_1000_trips": "<NA>" }, "geometry": { "type": "Polygon", "coordinates": [ [ [ -79.407666793594871, 43.63942521932799 ], [ -79.407590827227381, 43.639661112071849 ], [ -79.407126179345283, 43.639874496602928 ], [ -79.4053326942729, 43.63952978859043 ], [ -79.405094575066457, 43.63682581270929 ], [ -79.40599204021855, 43.636889234965707 ], [ -79.407666793594871, 43.63942521932799 ] ] ] } },
{ "type": "Feature", "properties": { "vor_id": 167, "theft_count": 22, "bike_trips": 0.0, "theft_per_1000_trips": "<NA>" }, "geometry": { "type": "Polygon", "coordinates": [ [ [ -79.368629290366727, 43.664122634454841 ], [ -79.368479340672735, 43.663440783391806 ], [ -79.368618255814667, 43.663128741522435 ], [ -79.36933320413462, 43.662847003236095 ], [ -79.36971786114988, 43.662920000052814 ], [ -79.370032950302701, 43.664425074289014 ], [ -79.369715887475252, 43.665401757687007 ], [ -79.368775096893557, 43.664505743055983 ], [ -79.368629290366727, 43.664122634454841 ] ] ] } },
{ "type": "Feature", "properties": { "vor_id": 168, "theft_count": 24, "bike_trips": 0.0, "theft_per_1000_trips": "<NA>" }, "geometry": { "type": "Polygon", "coordinates": [ [ [ -79.486568189289713, 43.621551970752982 ], [ -79.486181560178679, 43.622139491115682 ], [ -79.484814046395641, 43.622811367010627 ], [ -79.47592853689325, 43.612556565132166 ], [ -79.476878524120991, 43.611466713876631 ], [ -79.478089214525369, 43.610077776826984 ], [ -79.480612588354717, 43.61253653398294 ], [ -79.486568189289713, 43.621551970752982 ] ] ] } },
{ "type": "Feature", "properties": { "vor_id": 169, "theft_count": 0, "bike_trips": 0.0, "theft_per_1000_trips": "<NA>" }, "geometry": { "type": "Polygon", "coordinates": [ [ [ -79.361965109331862, 43.667883867803674 ], [ -79.359603330971396, 43.668543620625549 ], [ -79.360722466826473, 43.66671103852314 ], [ -79.362377060134534, 43.667125492571223 ], [ -79.361965109331862, 43.667883867803674 ] ] ] } },
{ "type": "Feature", "properties": { "vor_id": 170, "theft_count": 19, "bike_trips": 0.0, "theft_per_1000_trips": "<NA>" }, "geometry": { "type": "Polygon", "coordinates": [ [ [ -79.298396597601766, 43.695970605649315 ], [ -79.295368497902089, 43.699962499647093 ], [ -79.293414705963485, 43.699579307034874 ], [ -79.293363371401469, 43.693746051190892 ], [ -79.296129824433436, 43.693260773975965 ], [ -79.296951827928311, 43.693513120323026 ], [ -79.298396597601766, 43.695970605649315 ] ] ] } },
{ "type": "Feature", "properties": { "vor_id": 171, "theft_count": 26, "bike_trips": 0.0, "theft_per_1000_trips": "<NA>" }, "geometry": { "type": "Polygon", "coordinates": [ [ [ -79.367888511255799, 43.651685679502108 ], [ -79.36684416700713, 43.652138871233916 ], [ -79.366643041992802, 43.652029611766203 ], [ -79.366468564191521, 43.651269003341028 ], [ -79.367349293080025, 43.650891376180191 ], [ -79.368007615976637, 43.651370785035837 ], [ -79.367888511255799, 43.651685679502108 ] ] ] } },
{ "type": "Feature", "properties": { "vor_id": 172, "theft_count": 34, "bike_trips": 0.0, "theft_per_1000_trips": "<NA>" }, "geometry": { "type": "Polygon", "coordinates": [ [ [ -79.494380980205321, 43.641259481924415 ], [ -79.497524235174879, 43.643696381392147 ], [ -79.498682306172554, 43.646315950952697 ], [ -79.491385098109831, 43.654167709568675 ], [ -79.491320926383509, 43.65416471661505 ], [ -79.489291122323849, 43.653427749152883 ], [ -79.487603074208465, 43.64848469937548 ], [ -79.486554643213537, 43.64302311477207 ], [ -79.494380980205321, 43.641259481924415 ] ] ] } },
{ "type": "Feature", "properties": { "vor_id": 173, "theft_count": 19, "bike_trips": 0.0, "theft_per_1000_trips": "<NA>" }, "geometry": { "type": "Polygon", "coordinates": [ [ [ -79.414333910762679, 43.64124251864871 ], [ -79.413319705451613, 43.640328310974134 ], [ -79.415080914402395, 43.639667428370025 ], [ -79.41581530468882, 43.640216509540764 ], [ -79.41569187122758, 43.64072366771866 ], [ -79.414333910762679, 43.64124251864871 ] ] ] } },
{ "type": "Feature", "properties": { "vor_id": 174, "theft_count": 21, "bike_trips": 0.0, "theft_per_1000_trips": "<NA>" }, "geometry": { "type": "Polygon", "coordinates": [ [ [ -79.32557410614271, 43.68701982546785 ], [ -79.326300528267282, 43.68343158186385 ], [ -79.327507136479824, 43.682934061486172 ], [ -79.327803107572862, 43.682894955369996 ], [ -79.328249806912254, 43.683136040136127 ], [ -79.330360704329152, 43.685018191931462 ], [ -79.32557410614271, 43.68701982546785 ] ] ] } },
{ "type": "Feature", "properties": { "vor_id": 175, "theft_count": 19, "bike_trips": 0.0, "theft_per_1000_trips": "<NA>" }, "geometry": { "type": "Polygon", "coordinates": [ [ [ -79.394972823311349, 43.656081719571205 ], [ -79.392930002679108, 43.654836180192206 ], [ -79.392899354591449, 43.654769221916176 ], [ -79.394281127393484, 43.654212740595497 ], [ -79.395552122182295, 43.654546034630009 ], [ -79.395656308079282, 43.654680746818627 ], [ -79.395512819450715, 43.655500199480713 ], [ -79.394972823311349, 43.656081719571205 ] ] ] } },
{ "type": "Feature", "properties": { "vor_id": 176, "theft_count": 20, "bike_trips": 0.0, "theft_per_1000_trips": "<NA>" }, "geometry": { "type": "Polygon", "coordinates": [ [ [ -79.324417331288771, 43.681397449469564 ], [ -79.324434005703338, 43.681401987331988 ], [ -79.325731264975587, 43.682973331588123 ], [ -79.322547039970189, 43.684272428278355 ], [ -79.322285094212603, 43.683809361196239 ], [ -79.321829989009032, 43.68161432010595 ], [ -79.324417331288771, 43.681397449469564 ] ] ] } },
{ "type": "Feature", "properties": { "vor_id": 177, "theft_count": 36, "bike_trips": 0.0, "theft_per_1000_trips": "<NA>" }, "geometry": { "type": "Polygon", "coordinates": [ [ [ -79.396883326815299, 43.648904756938798 ], [ -79.396742263743363, 43.648230195822038 ], [ -79.397236851271558, 43.647303355431227 ], [ -79.398441617807009, 43.648024251160358 ], [ -79.398538720667261, 43.64818477722222 ], [ -79.397743119773722, 43.649557129112978 ], [ -79.397451506882646, 43.649443742000351 ], [ -79.396883326815299, 43.648904756938798 ] ] ] } },
{ "type": "Feature", "properties": { "vor_id": 178, "theft_count": 23, "bike_trips": 0.0, "theft_per_1000_trips": "<NA>" }, "geometry": { "type": "Polygon", "coordinates": [ [ [ -79.40539509119786, 43.650586420588802 ], [ -79.405338969410508, 43.650640006299348 ], [ -79.40491482767041, 43.650809622232821 ], [ -79.404587246493691, 43.650818860169537 ], [ -79.403275792644408, 43.648493200957986 ], [ -79.404754722578105, 43.647911891979582 ], [ -79.405290501986414, 43.648051695194944 ], [ -79.40539509119786, 43.650586420588802 ] ] ] } },
{ "type": "Feature", "properties": { "vor_id": 179, "theft_count": 27, "bike_trips": 0.0, "theft_per_1000_trips": "<NA>" }, "geometry": { "type": "Polygon", "coordinates": [ [ [ -79.406565618785052, 43.661581792356799 ], [ -79.406951716522002, 43.66357286264563 ], [ -79.406685201455034, 43.663780889958225 ], [ -79.404478346392963, 43.663359427642241 ], [ -79.404159579030434, 43.661773927822232 ], [ -79.406094380605481, 43.660997995082191 ], [ -79.406565618785052, 43.661581792356799 ] ] ] } },
{ "type": "Feature", "properties": { "vor_id": 180, "theft_count": 7, "bike_trips": 0.0, "theft_per_1000_trips": "<NA>" }, "geometry": { "type": "Polygon", "coordinates": [ [ [ -79.421441399076699, 43.645366487650477 ], [ -79.42086833491517, 43.645246418477278 ], [ -79.420296543910496, 43.642382895380159 ], [ -79.421590067207092, 43.642642710822827 ], [ -79.422000192652646, 43.644708540677989 ], [ -79.421441399076699, 43.645366487650477 ] ] ] } },
{ "type": "Feature", "properties": { "vor_id": 181, "theft_count": 3, "bike_trips": 0.0, "theft_per_1000_trips": "<NA>" }, "geometry": { "type": "Polygon", "coordinates": [ [ [ -79.411020016636328, 43.741314370705645 ], [ -79.406641140445927, 43.735529497061094 ], [ -79.407225066920859, 43.733559915881116 ], [ -79.40973502534483, 43.736081839080285 ], [ -79.411837885901946, 43.739786960610779 ], [ -79.411020016636328, 43.741314370705645 ] ] ] } },
{ "type": "Feature", "properties": { "vor_id": 182, "theft_count": 38, "bike_trips": 0.0, "theft_per_1000_trips": "<NA>" }, "geometry": { "type": "Polygon", "coordinates": [ [ [ -79.380734150672296, 43.657441112136382 ], [ -79.38258800385897, 43.656651801339848 ], [ -79.382751300455723, 43.657099300572632 ], [ -79.380850988098189, 43.657912043726057 ], [ -79.380734150672296, 43.657441112136382 ] ] ] } },
{ "type": "Feature", "properties": { "vor_id": 183, "theft_count": 49, "bike_trips": 0.0, "theft_per_1000_trips": "<NA>" }, "geometry": { "type": "Polygon", "coordinates": [ [ [ -79.418977066929671, 43.766775745258052 ], [ -79.419017036510866, 43.76827277193189 ], [ -79.412047807428365, 43.769939950887824 ], [ -79.411326693948709, 43.7689896537645 ], [ -79.411467148066066, 43.768675918009926 ], [ -79.418977066929671, 43.766775745258052 ] ] ] } },
{ "type": "Feature", "properties": { "vor_id": 184, "theft_count": 31, "bike_trips": 0.0, "theft_per_1000_trips": "<NA>" }, "geometry": { "type": "Polygon", "coordinates": [ [ [ -79.4376671325155, 43.637441943379514 ], [ -79.434855138634248, 43.638499013324889 ], [ -79.434007683454681, 43.634383467026296 ], [ -79.434896436966, 43.63248772198601 ], [ -79.4376671325155, 43.637441943379514 ] ] ] } },
{ "type": "Feature", "properties": { "vor_id": 185, "theft_count": 7, "bike_trips": 0.0, "theft_per_1000_trips": "<NA>" }, "geometry": { "type": "Polygon", "coordinates": [ [ [ -79.334031628224324, 43.661090193084632 ], [ -79.334578360609086, 43.661242263062135 ], [ -79.335104645679309, 43.663623873554364 ], [ -79.334178679077041, 43.664579018975317 ], [ -79.333394329231908, 43.665388085048711 ], [ -79.333381560421898, 43.665388798942836 ], [ -79.332483565702091, 43.66132940723179 ], [ -79.332956175149477, 43.661130700728918 ], [ -79.333530119939226, 43.661109082722582 ], [ -79.334031628224324, 43.661090193084632 ] ] ] } },
{ "type": "Feature", "properties": { "vor_id": 186, "theft_count": 7, "bike_trips": 0.0, "theft_per_1000_trips": "<NA>" }, "geometry": { "type": "Polygon", "coordinates": [ [ [ -79.41145612068172, 43.789531950873659 ], [ -79.419262984105998, 43.787600316004905 ], [ -79.419559238450432, 43.78794190853835 ], [ -79.418387188656411, 43.792279996390334 ], [ -79.417986848106366, 43.792378830715762 ], [ -79.41145612068172, 43.789531950873659 ] ] ] } },
{ "type": "Feature", "properties": { "vor_id": 187, "theft_count": 62, "bike_trips": 0.0, "theft_per_1000_trips": "<NA>" }, "geometry": { "type": "Polygon", "coordinates": [ [ [ -79.339976765512318, 43.668570202986047 ], [ -79.339971257720762, 43.668829855907411 ], [ -79.335874811389374, 43.672356967292053 ], [ -79.33475236702192, 43.670816378021208 ], [ -79.334556231939445, 43.670547176613617 ], [ -79.334711143302599, 43.669977249937702 ], [ -79.334730361133921, 43.66990654657225 ], [ -79.336625491029977, 43.667294082349144 ], [ -79.339466253058234, 43.668070934866996 ], [ -79.339976765512318, 43.668570202986047 ] ] ] } },
{ "type": "Feature", "properties": { "vor_id": 188, "theft_count": 17, "bike_trips": 0.0, "theft_per_1000_trips": "<NA>" }, "geometry": { "type": "Polygon", "coordinates": [ [ [ -79.407859009674894, 43.672748283191616 ], [ -79.407699878906953, 43.671550109930052 ], [ -79.407791467300811, 43.671415776404501 ], [ -79.410937223556203, 43.671216582092732 ], [ -79.411295728046142, 43.671921729946625 ], [ -79.410363588372817, 43.673044266612173 ], [ -79.408293074546819, 43.672931101452839 ], [ -79.407859009674894, 43.672748283191616 ] ] ] } },
{ "type": "Feature", "properties": { "vor_id": 189, "theft_count": 22, "bike_trips": 0.0, "theft_per_1000_trips": "<NA>" }, "geometry": { "type": "Polygon", "coordinates": [ [ [ -79.442482772126013, 43.651213185514081 ], [ -79.43872156058616, 43.652660431672103 ], [ -79.437389324008279, 43.652095647075697 ], [ -79.440202438408662, 43.64728004352731 ], [ -79.440643515221112, 43.64726229034499 ], [ -79.441805589656369, 43.648146504017227 ], [ -79.442482772126013, 43.651213185514081 ] ] ] } },
{ "type": "Feature", "properties": { "vor_id": 190, "theft_count": 22, "bike_trips": 0.0, "theft_per_1000_trips": "<NA>" }, "geometry": { "type": "Polygon", "coordinates": [ [ [ -79.402404733996903, 43.704913636637087 ], [ -79.403588476635349, 43.701758969323997 ], [ -79.409327527096991, 43.705898733356605 ], [ -79.410563754516062, 43.711749732886297 ], [ -79.402404733996903, 43.704913636637087 ] ] ] } },
{ "type": "Feature", "properties": { "vor_id": 191, "theft_count": 36, "bike_trips": 0.0, "theft_per_1000_trips": "<NA>" }, "geometry": { "type": "Polygon", "coordinates": [ [ [ -79.463176259536382, 43.661866290782712 ], [ -79.463174615700552, 43.665055209000521 ], [ -79.462203427206688, 43.666412501647905 ], [ -79.462059744669276, 43.666523320082923 ], [ -79.458746184761736, 43.665599767346976 ], [ -79.457767251242316, 43.665118181102002 ], [ -79.457546129073805, 43.663964800870552 ], [ -79.461030670635395, 43.660123291612663 ], [ -79.461696615081522, 43.660436330877417 ], [ -79.463176259536382, 43.661866290782712 ] ] ] } },
{ "type": "Feature", "properties": { "vor_id": 192, "theft_count": 12, "bike_trips": 1581.0, "theft_per_1000_trips": "7.590132827324478" }, "geometry": { "type": "Polygon", "coordinates": [ [ [ -79.211183483958749, 43.738944308813323 ], [ -79.206882557557464, 43.729643081992613 ], [ -79.2115094, 43.7253709 ], [ -79.2127236, 43.7242497 ], [ -79.217303721279706, 43.719798104451321 ], [ -79.229839966305406, 43.727884729115431 ], [ -79.227225648455843, 43.735156767822396 ], [ -79.219439305144675, 43.741637428140223 ], [ -79.211183483958749, 43.738944308813323 ] ] ] } },
{ "type": "Feature", "properties": { "vor_id": 193, "theft_count": 18, "bike_trips": 0.0, "theft_per_1000_trips": "<NA>" }, "geometry": { "type": "Polygon", "coordinates": [ [ [ -79.327803107572862, 43.682894955369996 ], [ -79.327507136479824, 43.682934061486172 ], [ -79.326821574126214, 43.679744966255164 ], [ -79.328004579487342, 43.678396357474902 ], [ -79.329791408705319, 43.679558663897247 ], [ -79.327803107572862, 43.682894955369996 ] ] ] } },
{ "type": "Feature", "properties": { "vor_id": 194, "theft_count": 11, "bike_trips": 0.0, "theft_per_1000_trips": "<NA>" }, "geometry": { "type": "Polygon", "coordinates": [ [ [ -79.429268002060169, 43.663381818982053 ], [ -79.428908696923131, 43.661725730275393 ], [ -79.429200689432022, 43.661106126911299 ], [ -79.430149326355277, 43.661657715057203 ], [ -79.430515164371343, 43.663332510788088 ], [ -79.4303383147396, 43.663533791524735 ], [ -79.429268002060169, 43.663381818982053 ] ] ] } },
{ "type": "Feature", "properties": { "vor_id": 195, "theft_count": 4, "bike_trips": 0.0, "theft_per_1000_trips": "<NA>" }, "geometry": { "type": "Polygon", "coordinates": [ [ [ -79.49484085462818, 43.610082079314545 ], [ -79.492516942784604, 43.61062585688228 ], [ -79.48585173995771, 43.605426030297743 ], [ -79.4870929, 43.604685 ], [ -79.490473050017059, 43.601464209500854 ], [ -79.491991040468776, 43.602815676639096 ], [ -79.492052864213392, 43.603062490862818 ], [ -79.493705904374437, 43.607682428618347 ], [ -79.49484085462818, 43.610082079314545 ] ] ] } },
{ "type": "Feature", "properties": { "vor_id": 196, "theft_count": 19, "bike_trips": 0.0, "theft_per_1000_trips": "<NA>" }, "geometry": { "type": "Polygon", "coordinates": [ [ [ -79.401386760816806, 43.72842848090572 ], [ -79.401705333775098, 43.727105387299481 ], [ -79.406070174487382, 43.726047627618762 ], [ -79.406104804668914, 43.726051219482649 ], [ -79.406336352054566, 43.727141691835172 ], [ -79.401386760816806, 43.72842848090572 ] ] ] } },
{ "type": "Feature", "properties": { "vor_id": 197, "theft_count": 11, "bike_trips": 0.0, "theft_per_1000_trips": "<NA>" }, "geometry": { "type": "Polygon", "coordinates": [ [ [ -79.37423885961114, 43.65447351295149 ], [ -79.374579020109522, 43.656070960922577 ], [ -79.373512159660393, 43.656488490500159 ], [ -79.373099912529241, 43.654496563816025 ], [ -79.373282493511837, 43.654264600883657 ], [ -79.37423885961114, 43.65447351295149 ] ] ] } },
{ "type": "Feature", "properties": { "vor_id": 198, "theft_count": 29, "bike_trips": 0.0, "theft_per_1000_trips": "<NA>" }, "geometry": { "type": "Polygon", "coordinates": [ [ [ -79.439589912383582, 43.640877226739939 ], [ -79.439804621760402, 43.641961998974239 ], [ -79.438422033430072, 43.642496450123751 ], [ -79.43569914085549, 43.640784811945522 ], [ -79.43804949787652, 43.638890859728505 ], [ -79.439589912383582, 43.640877226739939 ] ] ] } },
{ "type": "Feature", "properties": { "vor_id": 199, "theft_count": 9, "bike_trips": 0.0, "theft_per_1000_trips": "<NA>" }, "geometry": { "type": "Polygon", "coordinates": [ [ [ -79.351259866427668, 43.659708501340319 ], [ -79.351455459664777, 43.65951576638048 ], [ -79.352085856477075, 43.659206194407922 ], [ -79.352746167643488, 43.65916853159019 ], [ -79.353271502436385, 43.659696198161207 ], [ -79.352492184160567, 43.661129705607621 ], [ -79.35081688001884, 43.661738753526791 ], [ -79.351259866427668, 43.659708501340319 ] ] ] } },
{ "type": "Feature", "properties": { "vor_id": 200, "theft_count": 82, "bike_trips": 0.0, "theft_per_1000_trips": "<NA>" }, "geometry": { "type": "Polygon", "coordinates": [ [ [ -79.383900597694605, 43.664597099354886 ], [ -79.384869878575273, 43.664193042885188 ], [ -79.385144309697864, 43.665521731758467 ], [ -79.385024270257759, 43.665693416929706 ], [ -79.383311001613862, 43.666404710942977 ], [ -79.38323579878363, 43.666314491056959 ], [ -79.382919002326801, 43.665742063611447 ], [ -79.383900597694605, 43.664597099354886 ] ] ] } },
{ "type": "Feature", "properties": { "vor_id": 201, "theft_count": 14, "bike_trips": 0.0, "theft_per_1000_trips": "<NA>" }, "geometry": { "type": "Polygon", "coordinates": [ [ [ -79.390730692996584, 43.670380861190921 ], [ -79.390970140271591, 43.670282817573138 ], [ -79.391980642920188, 43.670121383467013 ], [ -79.39245664183548, 43.672389107991478 ], [ -79.390982225564301, 43.672462302864425 ], [ -79.390605357155067, 43.670696973520634 ], [ -79.390730692996584, 43.670380861190921 ] ] ] } },
{ "type": "Feature", "properties": { "vor_id": 202, "theft_count": 98, "bike_trips": 0.0, "theft_per_1000_trips": "<NA>" }, "geometry": { "type": "Polygon", "coordinates": [ [ [ -79.393961686912888, 43.706742230346173 ], [ -79.394543994048163, 43.709623974415848 ], [ -79.39323291803548, 43.710129005342004 ], [ -79.390211034826748, 43.708619133828137 ], [ -79.39137901566221, 43.706311321578035 ], [ -79.393961686912888, 43.706742230346173 ] ] ] } },
{ "type": "Feature", "properties": { "vor_id": 203, "theft_count": 9, "bike_trips": 0.0, "theft_per_1000_trips": "<NA>" }, "geometry": { "type": "Polygon", "coordinates": [ [ [ -79.360057385173789, 43.661945515716319 ], [ -79.360743124753697, 43.661667076612346 ], [ -79.362074436548355, 43.66180662471541 ], [ -79.362418831242664, 43.663371132195685 ], [ -79.361785539733276, 43.664190082502891 ], [ -79.360393007979695, 43.663564953339758 ], [ -79.360011967591475, 43.661984451947674 ], [ -79.360057385173789, 43.661945515716319 ] ] ] } },
{ "type": "Feature", "properties": { "vor_id": 204, "theft_count": 3, "bike_trips": 0.0, "theft_per_1000_trips": "<NA>" }, "geometry": { "type": "Polygon", "coordinates": [ [ [ -79.499301119689662, 43.631030954274898 ], [ -79.494088493968817, 43.63419874858311 ], [ -79.491264991875397, 43.6319371247967 ], [ -79.493633872996355, 43.626375250395164 ], [ -79.496381878791695, 43.628865897668234 ], [ -79.499301119689662, 43.631030954274898 ] ] ] } },
{ "type": "Feature", "properties": { "vor_id": 205, "theft_count": 17, "bike_trips": 0.0, "theft_per_1000_trips": "<NA>" }, "geometry": { "type": "Polygon", "coordinates": [ [ [ -79.38576061084423, 43.704146732725405 ], [ -79.385555551379952, 43.70313151181648 ], [ -79.387030325283149, 43.701584177201035 ], [ -79.388917584489036, 43.699932283066431 ], [ -79.39044607359159, 43.699783839254543 ], [ -79.391504284718096, 43.703404402258158 ], [ -79.390935012608992, 43.704138659745084 ], [ -79.38576061084423, 43.704146732725405 ] ] ] } },
{ "type": "Feature", "properties": { "vor_id": 206, "theft_count": 38, "bike_trips": 0.0, "theft_per_1000_trips": "<NA>" }, "geometry": { "type": "Polygon", "coordinates": [ [ [ -79.43407359966298, 43.666876483153061 ], [ -79.433199952280788, 43.666776236260667 ], [ -79.43288963348293, 43.666375367451614 ], [ -79.433309051766116, 43.662341950534405 ], [ -79.435208997785054, 43.662150900060567 ], [ -79.437210376360554, 43.662515049977067 ], [ -79.437329348334927, 43.663108123956029 ], [ -79.434257900326628, 43.666851077394696 ], [ -79.43407359966298, 43.666876483153061 ] ] ] } },
{ "type": "Feature", "properties": { "vor_id": 207, "theft_count": 8, "bike_trips": 0.0, "theft_per_1000_trips": "<NA>" }, "geometry": { "type": "Polygon", "coordinates": [ [ [ -79.345657256418079, 43.683321146837301 ], [ -79.345715421008705, 43.681191825168469 ], [ -79.347898359157796, 43.682397614478731 ], [ -79.34767766617172, 43.682970510825882 ], [ -79.346364875852174, 43.68393185046952 ], [ -79.345657256418079, 43.683321146837301 ] ] ] } },
{ "type": "Feature", "properties": { "vor_id": 208, "theft_count": 1, "bike_trips": 0.0, "theft_per_1000_trips": "<NA>" }, "geometry": { "type": "Polygon", "coordinates": [ [ [ -79.344672613766008, 43.779923397238022 ], [ -79.347960691075443, 43.78023702445352 ], [ -79.345603954810727, 43.782181227169339 ], [ -79.344672613766008, 43.779923397238022 ] ] ] } },
{ "type": "Feature", "properties": { "vor_id": 209, "theft_count": 52, "bike_trips": 0.0, "theft_per_1000_trips": "<NA>" }, "geometry": { "type": "Polygon", "coordinates": [ [ [ -79.389853183986204, 43.638456312889133 ], [ -79.390915451257669, 43.638718116576413 ], [ -79.392266386995459, 43.639602826891178 ], [ -79.391944855043221, 43.640724771743024 ], [ -79.390177615752506, 43.641443577380912 ], [ -79.389853183986204, 43.638456312889133 ] ] ] } },
{ "type": "Feature", "properties": { "vor_id": 210, "theft_count": 17, "bike_trips": 0.0, "theft_per_1000_trips": "<NA>" }, "geometry": { "type": "Polygon", "coordinates": [ [ [ -79.433875986467285, 43.643674920493801 ], [ -79.433920310497456, 43.644074818292495 ], [ -79.431302348427053, 43.646542568862088 ], [ -79.4296269948466, 43.644281487244101 ], [ -79.429561461438752, 43.643874031905838 ], [ -79.431429385843643, 43.641743531121833 ], [ -79.433875986467285, 43.643674920493801 ] ] ] } },
{ "type": "Feature", "properties": { "vor_id": 211, "theft_count": 25, "bike_trips": 0.0, "theft_per_1000_trips": "<NA>" }, "geometry": { "type": "Polygon", "coordinates": [ [ [ -79.356403020443722, 43.675845056325613 ], [ -79.356830964011991, 43.676555820027204 ], [ -79.357401251590233, 43.679190387047456 ], [ -79.354874499168744, 43.680169271042338 ], [ -79.354395455780917, 43.679901166782997 ], [ -79.354704301097584, 43.67601092725647 ], [ -79.355778083744497, 43.675760818726822 ], [ -79.356403020443722, 43.675845056325613 ] ] ] } },
{ "type": "Feature", "properties": { "vor_id": 212, "theft_count": 10, "bike_trips": 0.0, "theft_per_1000_trips": "<NA>" }, "geometry": { "type": "Polygon", "coordinates": [ [ [ -79.349160379036732, 43.673763297778535 ], [ -79.346151507752182, 43.675037442546298 ], [ -79.345186237859778, 43.674167908040594 ], [ -79.345588440830355, 43.673026793572831 ], [ -79.349105471104991, 43.671559852545968 ], [ -79.349129833252888, 43.671616737961514 ], [ -79.349160379036732, 43.673763297778535 ] ] ] } },
{ "type": "Feature", "properties": { "vor_id": 213, "theft_count": 14, "bike_trips": 0.0, "theft_per_1000_trips": "<NA>" }, "geometry": { "type": "Polygon", "coordinates": [ [ [ -79.391991918529271, 43.653701203316281 ], [ -79.392360894256669, 43.652863255647631 ], [ -79.39407687439035, 43.653234337995237 ], [ -79.394281127393484, 43.654212740595497 ], [ -79.392899354591449, 43.654769221916176 ], [ -79.392052343868514, 43.654014968896135 ], [ -79.391991918529271, 43.653701203316281 ] ] ] } },
{ "type": "Feature", "properties": { "vor_id": 214, "theft_count": 40, "bike_trips": 0.0, "theft_per_1000_trips": "<NA>" }, "geometry": { "type": "Polygon", "coordinates": [ [ [ -79.425180078958689, 43.641948484622105 ], [ -79.424165918369283, 43.641717461390712 ], [ -79.424022621418644, 43.640873440623622 ], [ -79.424342427110005, 43.640375163063794 ], [ -79.4255570860972, 43.639982070975357 ], [ -79.426179153420051, 43.640278669577356 ], [ -79.425768626297668, 43.641738758973879 ], [ -79.425180078958689, 43.641948484622105 ] ] ] } },
{ "type": "Feature", "properties": { "vor_id": 215, "theft_count": 17, "bike_trips": 0.0, "theft_per_1000_trips": "<NA>" }, "geometry": { "type": "Polygon", "coordinates": [ [ [ -79.362894548507398, 43.684960558025743 ], [ -79.362861912663078, 43.68637042229247 ], [ -79.354576229379788, 43.683929832673151 ], [ -79.355199590501911, 43.682936845119926 ], [ -79.362894548507398, 43.684960558025743 ] ] ] } },
{ "type": "Feature", "properties": { "vor_id": 216, "theft_count": 76, "bike_trips": 0.0, "theft_per_1000_trips": "<NA>" }, "geometry": { "type": "Polygon", "coordinates": [ [ [ -79.386236022876432, 43.625013177971979 ], [ -79.389079531873065, 43.637589754359858 ], [ -79.386444775601277, 43.641461991136275 ], [ -79.385955519145824, 43.641104054598863 ], [ -79.385137753754449, 43.64023304220683 ], [ -79.384642995036245, 43.639035546166426 ], [ -79.384562908942399, 43.638635211240697 ], [ -79.382784610927843, 43.627153773685805 ], [ -79.386236022876432, 43.625013177971979 ] ] ] } },
{ "type": "Feature", "properties": { "vor_id": 217, "theft_count": 51, "bike_trips": 0.0, "theft_per_1000_trips": "<NA>" }, "geometry": { "type": "Polygon", "coordinates": [ [ [ -79.387963720478396, 43.655053917542602 ], [ -79.38818015844214, 43.654223810183964 ], [ -79.3888578773891, 43.653830259996298 ], [ -79.389696193241519, 43.655238099367217 ], [ -79.388611394200808, 43.656629186180346 ], [ -79.388302050878451, 43.656716526000324 ], [ -79.387963720478396, 43.655053917542602 ] ] ] } },
{ "type": "Feature", "properties": { "vor_id": 218, "theft_count": 0, "bike_trips": 0.0, "theft_per_1000_trips": "<NA>" }, "geometry": { "type": "Polygon", "coordinates": [ [ [ -79.318531581186832, 43.63532954514455 ], [ -79.318903086078109, 43.631956275153314 ], [ -79.326810264767403, 43.639226157122529 ], [ -79.331841886593935, 43.651258999345245 ], [ -79.331811564326117, 43.651649292075106 ], [ -79.331466409568932, 43.654106549908576 ], [ -79.331438123179126, 43.654227722685235 ], [ -79.33101303162556, 43.653039671381848 ], [ -79.328915118217424, 43.648604006158806 ], [ -79.326392535615128, 43.644395331349124 ], [ -79.323469577668121, 43.640454178791913 ], [ -79.320174394059336, 43.636818503940773 ], [ -79.318531581186832, 43.63532954514455 ] ] ] } },
{ "type": "Feature", "properties": { "vor_id": 219, "theft_count": 14, "bike_trips": 0.0, "theft_per_1000_trips": "<NA>" }, "geometry": { "type": "Polygon", "coordinates": [ [ [ -79.401989845161481, 43.711793459584605 ], [ -79.397098340440579, 43.71282748182378 ], [ -79.396655086558425, 43.71061646327783 ], [ -79.39992050731091, 43.709924616468427 ], [ -79.401989845161481, 43.711793459584605 ] ] ] } },
{ "type": "Feature", "properties": { "vor_id": 220, "theft_count": 36, "bike_trips": 0.0, "theft_per_1000_trips": "<NA>" }, "geometry": { "type": "Polygon", "coordinates": [ [ [ -79.433528898077455, 43.649749295216665 ], [ -79.432873841424509, 43.648112745887438 ], [ -79.437101642673341, 43.646494823582792 ], [ -79.435593609425226, 43.651536727871999 ], [ -79.435569710925094, 43.651527730333576 ], [ -79.434405384938401, 43.650618093458824 ], [ -79.433528898077455, 43.649749295216665 ] ] ] } },
{ "type": "Feature", "properties": { "vor_id": 221, "theft_count": 18, "bike_trips": 0.0, "theft_per_1000_trips": "<NA>" }, "geometry": { "type": "Polygon", "coordinates": [ [ [ -79.279469415658994, 43.687593432295046 ], [ -79.276634062010444, 43.69036937225227 ], [ -79.267988488409486, 43.6882243771067 ], [ -79.264297157517845, 43.683349355609884 ], [ -79.265195620832159, 43.682405332662682 ], [ -79.266825053835205, 43.680693273726881 ], [ -79.272419652944876, 43.674814981474213 ], [ -79.273289627569412, 43.675371162577036 ], [ -79.278696935820932, 43.68116195447773 ], [ -79.279530593274288, 43.686610305480201 ], [ -79.279469415658994, 43.687593432295046 ] ] ] } },
{ "type": "Feature", "properties": { "vor_id": 222, "theft_count": 22, "bike_trips": 0.0, "theft_per_1000_trips": "<NA>" }, "geometry": { "type": "Polygon", "coordinates": [ [ [ -79.452125753501633, 43.729844708064171 ], [ -79.45188236243979, 43.730118580163868 ], [ -79.449183948731147, 43.729120426257538 ], [ -79.450376223199299, 43.72048080203114 ], [ -79.452205606804526, 43.719767716764025 ], [ -79.455099474008975, 43.724154706972826 ], [ -79.452125753501633, 43.729844708064171 ] ] ] } },
{ "type": "Feature", "properties": { "vor_id": 223, "theft_count": 15, "bike_trips": 0.0, "theft_per_1000_trips": "<NA>" }, "geometry": { "type": "Polygon", "coordinates": [ [ [ -79.364996144494171, 43.655011035873038 ], [ -79.36419976278701, 43.654508887502239 ], [ -79.364895669406309, 43.652763465829217 ], [ -79.364928453672874, 43.652773654979029 ], [ -79.366962110306773, 43.654204804584204 ], [ -79.364996144494171, 43.655011035873038 ] ] ] } },
{ "type": "Feature", "properties": { "vor_id": 224, "theft_count": 53, "bike_trips": 0.0, "theft_per_1000_trips": "<NA>" }, "geometry": { "type": "Polygon", "coordinates": [ [ [ -79.408155990684264, 43.6401445274021 ], [ -79.411321906654251, 43.640571809994618 ], [ -79.411697585492462, 43.640711650069363 ], [ -79.411501702383802, 43.642768793475867 ], [ -79.411429901002535, 43.642969002663378 ], [ -79.411098090593683, 43.643098750205489 ], [ -79.409314622153161, 43.642517405475594 ], [ -79.409040199749043, 43.642174531364674 ], [ -79.408155990684264, 43.6401445274021 ] ] ] } },
{ "type": "Feature", "properties": { "vor_id": 225, "theft_count": 14, "bike_trips": 0.0, "theft_per_1000_trips": "<NA>" }, "geometry": { "type": "Polygon", "coordinates": [ [ [ -79.460103622600073, 43.763094740933319 ], [ -79.463580990872572, 43.767926870211852 ], [ -79.454181232544656, 43.770324007175233 ], [ -79.437516672145165, 43.765729234638698 ], [ -79.436897766736081, 43.763709293128855 ], [ -79.450729010630681, 43.756043916506286 ], [ -79.460103622600073, 43.763094740933319 ] ] ] } },
{ "type": "Feature", "properties": { "vor_id": 226, "theft_count": 38, "bike_trips": 0.0, "theft_per_1000_trips": "<NA>" }, "geometry": { "type": "Polygon", "coordinates": [ [ [ -79.379564993228513, 43.649933260974002 ], [ -79.379641252696715, 43.650279636164775 ], [ -79.378049641349236, 43.650941477058879 ], [ -79.377259265697958, 43.650157503640742 ], [ -79.378473546645992, 43.649644315921556 ], [ -79.379564993228513, 43.649933260974002 ] ] ] } },
{ "type": "Feature", "properties": { "vor_id": 227, "theft_count": 49, "bike_trips": 0.0, "theft_per_1000_trips": "<NA>" }, "geometry": { "type": "Polygon", "coordinates": [ [ [ -79.372654904256109, 43.648061001482269 ], [ -79.373143925577565, 43.649196017724762 ], [ -79.373051832381051, 43.650652299920779 ], [ -79.372470413700285, 43.650747729779532 ], [ -79.372383236497484, 43.650709135990084 ], [ -79.371493983440047, 43.648538668856105 ], [ -79.372654904256109, 43.648061001482269 ] ] ] } },
{ "type": "Feature", "properties": { "vor_id": 228, "theft_count": 9, "bike_trips": 0.0, "theft_per_1000_trips": "<NA>" }, "geometry": { "type": "Polygon", "coordinates": [ [ [ -79.41461376090848, 43.654325371526973 ], [ -79.416044505760965, 43.653742089460223 ], [ -79.416292777892679, 43.654119038956232 ], [ -79.415873065100186, 43.656917107641789 ], [ -79.414998031201321, 43.656843569979401 ], [ -79.41461376090848, 43.654325371526973 ] ] ] } },
{ "type": "Feature", "properties": { "vor_id": 229, "theft_count": 19, "bike_trips": 0.0, "theft_per_1000_trips": "<NA>" }, "geometry": { "type": "Polygon", "coordinates": [ [ [ -79.374008259102524, 43.675494727094552 ], [ -79.373363549949786, 43.673110341063307 ], [ -79.373531979967737, 43.672977265124437 ], [ -79.374594449748102, 43.6723541613515 ], [ -79.375608088166913, 43.672500785772641 ], [ -79.378171400030581, 43.676095978483829 ], [ -79.378707490073566, 43.67801011632443 ], [ -79.376312690486046, 43.677611672130205 ], [ -79.374008259102524, 43.675494727094552 ] ] ] } },
{ "type": "Feature", "properties": { "vor_id": 230, "theft_count": 10, "bike_trips": 0.0, "theft_per_1000_trips": "<NA>" }, "geometry": { "type": "Polygon", "coordinates": [ [ [ -79.424483718861595, 43.700472575926185 ], [ -79.424175520436251, 43.702900320519547 ], [ -79.420779563240444, 43.703862938549349 ], [ -79.421567099413338, 43.700875707137492 ], [ -79.423344732975607, 43.699363027796736 ], [ -79.424483718861595, 43.700472575926185 ] ] ] } },
{ "type": "Feature", "properties": { "vor_id": 231, "theft_count": 35, "bike_trips": 0.0, "theft_per_1000_trips": "<NA>" }, "geometry": { "type": "Polygon", "coordinates": [ [ [ -79.394910899865437, 43.644886068143826 ], [ -79.396161390633708, 43.644068311357053 ], [ -79.396482612554436, 43.645651061907273 ], [ -79.396337132931009, 43.645710370073438 ], [ -79.39511670883968, 43.645850454343581 ], [ -79.394910899865437, 43.644886068143826 ] ] ] } },
{ "type": "Feature", "properties": { "vor_id": 232, "theft_count": 41, "bike_trips": 0.0, "theft_per_1000_trips": "<NA>" }, "geometry": { "type": "Polygon", "coordinates": [ [ [ -79.388970327063518, 43.642186687376444 ], [ -79.390020673927353, 43.641823638827489 ], [ -79.390297227393276, 43.642080212068564 ], [ -79.390754077691497, 43.644145358666478 ], [ -79.389490006886348, 43.644664421159526 ], [ -79.388970327063518, 43.642186687376444 ] ] ] } },
{ "type": "Feature", "properties": { "vor_id": 233, "theft_count": 19, "bike_trips": 0.0, "theft_per_1000_trips": "<NA>" }, "geometry": { "type": "Polygon", "coordinates": [ [ [ -79.395512819450715, 43.655500199480713 ], [ -79.395656308079282, 43.654680746818627 ], [ -79.397221347339169, 43.654030447161517 ], [ -79.397466179054803, 43.654134168110325 ], [ -79.397750863330273, 43.654685495467369 ], [ -79.397934753482843, 43.655582975643945 ], [ -79.396765845241518, 43.656071006555287 ], [ -79.395512819450715, 43.655500199480713 ] ] ] } },
{ "type": "Feature", "properties": { "vor_id": 234, "theft_count": 5, "bike_trips": 0.0, "theft_per_1000_trips": "<NA>" }, "geometry": { "type": "Polygon", "coordinates": [ [ [ -79.43185751469106, 43.638280986662345 ], [ -79.434573637326935, 43.639446059927288 ], [ -79.434633366321265, 43.639709829070704 ], [ -79.43130280903371, 43.641116132197048 ], [ -79.431148279868779, 43.640934108313935 ], [ -79.430908987767864, 43.639764328169022 ], [ -79.43185751469106, 43.638280986662345 ] ] ] } },
{ "type": "Feature", "properties": { "vor_id": 235, "theft_count": 15, "bike_trips": 0.0, "theft_per_1000_trips": "<NA>" }, "geometry": { "type": "Polygon", "coordinates": [ [ [ -79.427682753310251, 43.673390698782285 ], [ -79.428744210065787, 43.673307652761281 ], [ -79.431194647307223, 43.675890981738057 ], [ -79.430595219338954, 43.67718748016226 ], [ -79.429385196427376, 43.677808110265381 ], [ -79.42819687895809, 43.677214274315432 ], [ -79.427393433306761, 43.676041185548335 ], [ -79.427187060191272, 43.673781645669187 ], [ -79.427682753310251, 43.673390698782285 ] ] ] } },
{ "type": "Feature", "properties": { "vor_id": 236, "theft_count": 11, "bike_trips": 0.0, "theft_per_1000_trips": "<NA>" }, "geometry": { "type": "Polygon", "coordinates": [ [ [ -79.410184279733684, 43.660584384119645 ], [ -79.410464880703287, 43.661900194133757 ], [ -79.40929885288125, 43.662372629176708 ], [ -79.408967718301511, 43.660843645915271 ], [ -79.409840552712353, 43.660491956136241 ], [ -79.410184279733684, 43.660584384119645 ] ] ] } },
{ "type": "Feature", "properties": { "vor_id": 237, "theft_count": 22, "bike_trips": 0.0, "theft_per_1000_trips": "<NA>" }, "geometry": { "type": "Polygon", "coordinates": [ [ [ -79.31945520555692, 43.680235667468907 ], [ -79.32343203976265, 43.676918081395101 ], [ -79.323520646865532, 43.676927595337887 ], [ -79.324417331288771, 43.681397449469564 ], [ -79.321829989009032, 43.68161432010595 ], [ -79.319793070964451, 43.680470908285841 ], [ -79.31945520555692, 43.680235667468907 ] ] ] } },
{ "type": "Feature", "properties": { "vor_id": 238, "theft_count": 14, "bike_trips": 0.0, "theft_per_1000_trips": "<NA>" }, "geometry": { "type": "Polygon", "coordinates": [ [ [ -79.38638859873015, 43.654337716049781 ], [ -79.38631685777537, 43.654321583796779 ], [ -79.385115678068161, 43.652150403859153 ], [ -79.385850566300206, 43.651701990723886 ], [ -79.386565859296155, 43.651704279581679 ], [ -79.387094348747851, 43.654047286864262 ], [ -79.38638859873015, 43.654337716049781 ] ] ] } },
{ "type": "Feature", "properties": { "vor_id": 239, "theft_count": 28, "bike_trips": 0.0, "theft_per_1000_trips": "<NA>" }, "geometry": { "type": "Polygon", "coordinates": [ [ [ -79.44767254459849, 43.683493957527496 ], [ -79.446238246506894, 43.677078719289092 ], [ -79.446967767274472, 43.675389893800087 ], [ -79.448178724201213, 43.673962472740811 ], [ -79.451292131121136, 43.673236159243693 ], [ -79.454684555374314, 43.677203638332188 ], [ -79.448818873143153, 43.683327147890736 ], [ -79.44767254459849, 43.683493957527496 ] ] ] } },
{ "type": "Feature", "properties": { "vor_id": 240, "theft_count": 14, "bike_trips": 0.0, "theft_per_1000_trips": "<NA>" }, "geometry": { "type": "Polygon", "coordinates": [ [ [ -79.330933874058118, 43.670826856656902 ], [ -79.33177960719469, 43.671116651867045 ], [ -79.332189240127107, 43.674961251489961 ], [ -79.327596963616358, 43.673236641065436 ], [ -79.327582350459124, 43.673186773901023 ], [ -79.327628766116717, 43.672010643249003 ], [ -79.330933874058118, 43.670826856656902 ] ] ] } },
{ "type": "Feature", "properties": { "vor_id": 241, "theft_count": 21, "bike_trips": 0.0, "theft_per_1000_trips": "<NA>" }, "geometry": { "type": "Polygon", "coordinates": [ [ [ -79.423234524592672, 43.794102832400966 ], [ -79.430098857349662, 43.790958574867489 ], [ -79.431317796019258, 43.792014353223983 ], [ -79.431775341580661, 43.792881407098257 ], [ -79.432007943979713, 43.794449485100799 ], [ -79.432241138452, 43.795380449619273 ], [ -79.4319712, 43.7954401 ], [ -79.42974719999998, 43.7959316 ], [ -79.428595700000017, 43.7961797 ], [ -79.428462, 43.796211 ], [ -79.428330299999985, 43.7962471 ], [ -79.4279654, 43.7963273 ], [ -79.4277801, 43.7963673 ], [ -79.4268639, 43.7965583 ], [ -79.4266601, 43.7966036 ], [ -79.4263774, 43.7966718 ], [ -79.4254222, 43.7968846 ], [ -79.4253766, 43.7968948 ], [ -79.4248432, 43.7970053 ], [ -79.424000099999986, 43.7971568 ], [ -79.423399, 43.7972956 ], [ -79.423183199999983, 43.7973455 ], [ -79.423128210623887, 43.797357374896556 ], [ -79.422991166715946, 43.795530757263847 ], [ -79.423234524592672, 43.794102832400966 ] ] ] } },
{ "type": "Feature", "properties": { "vor_id": 242, "theft_count": 17, "bike_trips": 0.0, "theft_per_1000_trips": "<NA>" }, "geometry": { "type": "Polygon", "coordinates": [ [ [ -79.392930002679108, 43.654836180192206 ], [ -79.394972823311349, 43.656081719571205 ], [ -79.394636512380785, 43.65738805820255 ], [ -79.393475862301031, 43.657599926666641 ], [ -79.393191295368695, 43.657596765886332 ], [ -79.392802720192464, 43.655754336465861 ], [ -79.392930002679108, 43.654836180192206 ] ] ] } },
{ "type": "Feature", "properties": { "vor_id": 243, "theft_count": 9, "bike_trips": 0.0, "theft_per_1000_trips": "<NA>" }, "geometry": { "type": "Polygon", "coordinates": [ [ [ -79.452391688119491, 43.656964530110471 ], [ -79.452364438484324, 43.657081343424629 ], [ -79.449415405379597, 43.658291033278623 ], [ -79.447909927505833, 43.6571588243119 ], [ -79.447664700956267, 43.655996867961214 ], [ -79.448210365520254, 43.655219977826391 ], [ -79.450793912425127, 43.65566457933668 ], [ -79.452391688119491, 43.656964530110471 ] ] ] } },
{ "type": "Feature", "properties": { "vor_id": 244, "theft_count": 75, "bike_trips": 0.0, "theft_per_1000_trips": "<NA>" }, "geometry": { "type": "Polygon", "coordinates": [ [ [ -79.378864577473436, 43.653337980676852 ], [ -79.378205369264094, 43.653161005891484 ], [ -79.378483758790708, 43.65231937873363 ], [ -79.379872935441057, 43.651750732498712 ], [ -79.380139408093697, 43.653029300668486 ], [ -79.37950168586012, 43.653299871760559 ], [ -79.378864577473436, 43.653337980676852 ] ] ] } },
{ "type": "Feature", "properties": { "vor_id": 245, "theft_count": 11, "bike_trips": 0.0, "theft_per_1000_trips": "<NA>" }, "geometry": { "type": "Polygon", "coordinates": [ [ [ -79.433682444864289, 43.760213983513367 ], [ -79.428040362274942, 43.762250440245182 ], [ -79.419393100598427, 43.764044529171912 ], [ -79.419086097362921, 43.763650808769832 ], [ -79.416369931173804, 43.754677344066749 ], [ -79.416580378453702, 43.751185556439474 ], [ -79.416993467903126, 43.74989422074205 ], [ -79.426281219104965, 43.747341694988094 ], [ -79.432628191542662, 43.752282872980643 ], [ -79.433682444864289, 43.760213983513367 ] ] ] } },
{ "type": "Feature", "properties": { "vor_id": 246, "theft_count": 22, "bike_trips": 0.0, "theft_per_1000_trips": "<NA>" }, "geometry": { "type": "Polygon", "coordinates": [ [ [ -79.386740012986976, 43.668445570238021 ], [ -79.386815593763885, 43.668817043590174 ], [ -79.384988335288327, 43.669600646979852 ], [ -79.384637917433778, 43.669271550329938 ], [ -79.386736436488832, 43.668443187543424 ], [ -79.386740012986976, 43.668445570238021 ] ] ] } },
{ "type": "Feature", "properties": { "vor_id": 247, "theft_count": 34, "bike_trips": 0.0, "theft_per_1000_trips": "<NA>" }, "geometry": { "type": "Polygon", "coordinates": [ [ [ -79.398538720667261, 43.64818477722222 ], [ -79.398441617807009, 43.648024251160358 ], [ -79.399142341895242, 43.646573015863531 ], [ -79.400156263790464, 43.646742613825232 ], [ -79.400227102261894, 43.647072786816722 ], [ -79.399588794710496, 43.648485163703313 ], [ -79.398538720667261, 43.64818477722222 ] ] ] } },
{ "type": "Feature", "properties": { "vor_id": 248, "theft_count": 9, "bike_trips": 0.0, "theft_per_1000_trips": "<NA>" }, "geometry": { "type": "Polygon", "coordinates": [ [ [ -79.419171348479225, 43.669519948179513 ], [ -79.417185040037666, 43.670291740387007 ], [ -79.416069794124525, 43.66821729037779 ], [ -79.416064372285618, 43.667909118660042 ], [ -79.416418433749968, 43.6677716325528 ], [ -79.417718071412736, 43.667975532886238 ], [ -79.419171348479225, 43.669519948179513 ] ] ] } },
{ "type": "Feature", "properties": { "vor_id": 249, "theft_count": 36, "bike_trips": 0.0, "theft_per_1000_trips": "<NA>" }, "geometry": { "type": "Polygon", "coordinates": [ [ [ -79.415562370928328, 43.66193484020355 ], [ -79.415775313907687, 43.662187292766824 ], [ -79.415160384170719, 43.662814005008904 ], [ -79.414407086773892, 43.663116180606224 ], [ -79.412331664530868, 43.66200432406086 ], [ -79.412611389499489, 43.660777930818639 ], [ -79.413095281493014, 43.660583034778966 ], [ -79.415562370928328, 43.66193484020355 ] ] ] } },
{ "type": "Feature", "properties": { "vor_id": 250, "theft_count": 19, "bike_trips": 0.0, "theft_per_1000_trips": "<NA>" }, "geometry": { "type": "Polygon", "coordinates": [ [ [ -79.416237532934659, 43.662158943306203 ], [ -79.417379719005226, 43.66172437869561 ], [ -79.418117996227039, 43.665134188023409 ], [ -79.416787468898335, 43.664673030468009 ], [ -79.416237532934659, 43.662158943306203 ] ] ] } },
{ "type": "Feature", "properties": { "vor_id": 251, "theft_count": 24, "bike_trips": 0.0, "theft_per_1000_trips": "<NA>" }, "geometry": { "type": "Polygon", "coordinates": [ [ [ -79.330846794399292, 43.702195950205947 ], [ -79.337345540207153, 43.699620417324589 ], [ -79.343459543462004, 43.701600086584648 ], [ -79.345914714112922, 43.703918179372394 ], [ -79.345167172476351, 43.70785026296754 ], [ -79.333386576126401, 43.713047944893688 ], [ -79.330846794399292, 43.702195950205947 ] ] ] } },
{ "type": "Feature", "properties": { "vor_id": 252, "theft_count": 15, "bike_trips": 0.0, "theft_per_1000_trips": "<NA>" }, "geometry": { "type": "Polygon", "coordinates": [ [ [ -79.50494759483378, 43.739421783571864 ], [ -79.522240623135104, 43.735118577024281 ], [ -79.522553054112407, 43.735143280336565 ], [ -79.513994767832543, 43.747157346054969 ], [ -79.513182395228512, 43.7482977493476 ], [ -79.503215076655493, 43.747678437319792 ], [ -79.502274120857351, 43.741907888078998 ], [ -79.503997078333711, 43.740305683462317 ], [ -79.50494759483378, 43.739421783571864 ] ] ] } },
{ "type": "Feature", "properties": { "vor_id": 253, "theft_count": 18, "bike_trips": 0.0, "theft_per_1000_trips": "<NA>" }, "geometry": { "type": "Polygon", "coordinates": [ [ [ -79.406151077200761, 43.656810573456298 ], [ -79.406712826778303, 43.659557264694328 ], [ -79.40600999214449, 43.660569957525624 ], [ -79.404213779884657, 43.659108760566731 ], [ -79.404147274041989, 43.65889899664564 ], [ -79.40526242122526, 43.657541151153985 ], [ -79.405716912208177, 43.65720407766824 ], [ -79.406151077200761, 43.656810573456298 ] ] ] } },
{ "type": "Feature", "properties": { "vor_id": 254, "theft_count": 10, "bike_trips": 0.0, "theft_per_1000_trips": "<NA>" }, "geometry": { "type": "Polygon", "coordinates": [ [ [ -79.278696935820932, 43.68116195447773 ], [ -79.273289627569412, 43.675371162577036 ], [ -79.284124800279358, 43.676115955593218 ], [ -79.284785733295266, 43.679227563078491 ], [ -79.279924579123573, 43.681263125462777 ], [ -79.278696935820932, 43.68116195447773 ] ] ] } },
{ "type": "Feature", "properties": { "vor_id": 255, "theft_count": 10, "bike_trips": 0.0, "theft_per_1000_trips": "<NA>" }, "geometry": { "type": "Polygon", "coordinates": [ [ [ -79.195568886382503, 43.782211029987366 ], [ -79.190132388944207, 43.79622072568479 ], [ -79.18863363045466, 43.797395821718148 ], [ -79.188420430603728, 43.797409281839883 ], [ -79.188438898999863, 43.797033349000102 ], [ -79.188198135333494, 43.792132491983622 ], [ -79.187478163020046, 43.787278832899297 ], [ -79.186285915786485, 43.782519115137376 ], [ -79.185837627051683, 43.781266232055579 ], [ -79.195568886382503, 43.782211029987366 ] ] ] } },
{ "type": "Feature", "properties": { "vor_id": 256, "theft_count": 16, "bike_trips": 0.0, "theft_per_1000_trips": "<NA>" }, "geometry": { "type": "Polygon", "coordinates": [ [ [ -79.276298105335371, 43.77059588795818 ], [ -79.274338643792689, 43.782475433303865 ], [ -79.271820743102083, 43.783325855279124 ], [ -79.263371454480051, 43.77265638056933 ], [ -79.271685963848469, 43.763751982075668 ], [ -79.275556849090506, 43.765268265576204 ], [ -79.276298105335371, 43.77059588795818 ] ] ] } },
{ "type": "Feature", "properties": { "vor_id": 257, "theft_count": 62, "bike_trips": 0.0, "theft_per_1000_trips": "<NA>" }, "geometry": { "type": "Polygon", "coordinates": [ [ [ -79.383122603095671, 43.654363067751255 ], [ -79.382940856061225, 43.654435895664861 ], [ -79.381958461467775, 43.653398930539666 ], [ -79.381757418853368, 43.652493210169837 ], [ -79.384109898653435, 43.652080325148056 ], [ -79.384304624213271, 43.652235475306618 ], [ -79.383122603095671, 43.654363067751255 ] ] ] } },
{ "type": "Feature", "properties": { "vor_id": 258, "theft_count": 27, "bike_trips": 0.0, "theft_per_1000_trips": "<NA>" }, "geometry": { "type": "Polygon", "coordinates": [ [ [ -79.389135079716681, 43.653231368484292 ], [ -79.391991918529271, 43.653701203316281 ], [ -79.392052343868514, 43.654014968896135 ], [ -79.391314457764111, 43.654986856435059 ], [ -79.390245038089063, 43.655424717327499 ], [ -79.389696193241519, 43.655238099367217 ], [ -79.3888578773891, 43.653830259996298 ], [ -79.389135079716681, 43.653231368484292 ] ] ] } },
{ "type": "Feature", "properties": { "vor_id": 259, "theft_count": 15, "bike_trips": 0.0, "theft_per_1000_trips": "<NA>" }, "geometry": { "type": "Polygon", "coordinates": [ [ [ -79.445611809639942, 43.661895973717975 ], [ -79.445346581212434, 43.661792162761181 ], [ -79.444756456763741, 43.660735942031771 ], [ -79.445141385061788, 43.659378838666257 ], [ -79.446934658015877, 43.658759291537201 ], [ -79.44878099460945, 43.659156454972255 ], [ -79.448968003992576, 43.660790789146084 ], [ -79.448251191525927, 43.662377105111737 ], [ -79.445611809639942, 43.661895973717975 ] ] ] } },
{ "type": "Feature", "properties": { "vor_id": 260, "theft_count": 39, "bike_trips": 0.0, "theft_per_1000_trips": "<NA>" }, "geometry": { "type": "Polygon", "coordinates": [ [ [ -79.383049278393557, 43.657975241124724 ], [ -79.381334077759917, 43.658712659390616 ], [ -79.380778510536288, 43.658410414912098 ], [ -79.380850988098189, 43.657912043726057 ], [ -79.382751300455723, 43.657099300572632 ], [ -79.382924864506947, 43.65738706952645 ], [ -79.383049278393557, 43.657975241124724 ] ] ] } },
{ "type": "Feature", "properties": { "vor_id": 261, "theft_count": 28, "bike_trips": 0.0, "theft_per_1000_trips": "<NA>" }, "geometry": { "type": "Polygon", "coordinates": [ [ [ -79.376697382267963, 43.64335586824653 ], [ -79.376680534633351, 43.643053314083019 ], [ -79.378308480421367, 43.642356494269542 ], [ -79.379255746989386, 43.644223902859501 ], [ -79.377843931383737, 43.644825915541738 ], [ -79.377289226514506, 43.644522849014081 ], [ -79.376697382267963, 43.64335586824653 ] ] ] } },
{ "type": "Feature", "properties": { "vor_id": 262, "theft_count": 44, "bike_trips": 0.0, "theft_per_1000_trips": "<NA>" }, "geometry": { "type": "Polygon", "coordinates": [ [ [ -79.378916956488453, 43.656995717037603 ], [ -79.379440154083355, 43.657170849758188 ], [ -79.379795116600178, 43.658777491552698 ], [ -79.379355070918379, 43.659333806338239 ], [ -79.378364409087254, 43.659279514444734 ], [ -79.377971371733665, 43.65738805684088 ], [ -79.378916956488453, 43.656995717037603 ] ] ] } },
{ "type": "Feature", "properties": { "vor_id": 263, "theft_count": 11, "bike_trips": 0.0, "theft_per_1000_trips": "<NA>" }, "geometry": { "type": "Polygon", "coordinates": [ [ [ -79.430306318859863, 43.731108413771331 ], [ -79.417696506081597, 43.730845042787124 ], [ -79.423127994251502, 43.725235579407077 ], [ -79.430306318859863, 43.731108413771331 ] ] ] } },
{ "type": "Feature", "properties": { "vor_id": 264, "theft_count": 24, "bike_trips": 0.0, "theft_per_1000_trips": "<NA>" }, "geometry": { "type": "Polygon", "coordinates": [ [ [ -79.327507136479824, 43.682934061486172 ], [ -79.326300528267282, 43.68343158186385 ], [ -79.325731264975587, 43.682973331588123 ], [ -79.324434005703338, 43.681401987331988 ], [ -79.325467575381325, 43.680310622457 ], [ -79.326821574126214, 43.679744966255164 ], [ -79.327507136479824, 43.682934061486172 ] ] ] } },
{ "type": "Feature", "properties": { "vor_id": 265, "theft_count": 11, "bike_trips": 0.0, "theft_per_1000_trips": "<NA>" }, "geometry": { "type": "Polygon", "coordinates": [ [ [ -79.425691095376621, 43.663199463492525 ], [ -79.426468053647469, 43.662875758924478 ], [ -79.42722820755921, 43.662979717026744 ], [ -79.428000572933286, 43.663912322901929 ], [ -79.427641648296316, 43.665888884243984 ], [ -79.426402718353515, 43.666406354535148 ], [ -79.425691095376621, 43.663199463492525 ] ] ] } },
{ "type": "Feature", "properties": { "vor_id": 266, "theft_count": 34, "bike_trips": 0.0, "theft_per_1000_trips": "<NA>" }, "geometry": { "type": "Polygon", "coordinates": [ [ [ -79.381646924210202, 43.663614237530304 ], [ -79.380073023931487, 43.664262684425381 ], [ -79.379295449390384, 43.664080743869746 ], [ -79.379054428405766, 43.663886114779316 ], [ -79.37916256635306, 43.66356368734953 ], [ -79.381430664165578, 43.662623847761871 ], [ -79.381646924210202, 43.663614237530304 ] ] ] } },
{ "type": "Feature", "properties": { "vor_id": 267, "theft_count": 11, "bike_trips": 0.0, "theft_per_1000_trips": "<NA>" }, "geometry": { "type": "Polygon", "coordinates": [ [ [ -79.354471696527526, 43.684022451103985 ], [ -79.354799565594405, 43.684999498411287 ], [ -79.355034282557924, 43.687498306913845 ], [ -79.35499352043071, 43.687536198458929 ], [ -79.350688324138531, 43.687118858530738 ], [ -79.350663478915607, 43.687082062796271 ], [ -79.351936339790427, 43.684411952115575 ], [ -79.353353549570258, 43.684015662873072 ], [ -79.354471696527526, 43.684022451103985 ] ] ] } },
{ "type": "Feature", "properties": { "vor_id": 268, "theft_count": 7, "bike_trips": 0.0, "theft_per_1000_trips": "<NA>" }, "geometry": { "type": "Polygon", "coordinates": [ [ [ -79.376312690486046, 43.677611672130205 ], [ -79.378707490073566, 43.67801011632443 ], [ -79.379299538259716, 43.678401392313475 ], [ -79.380006764214855, 43.67957448812421 ], [ -79.373367136277722, 43.685682399185673 ], [ -79.370103545716859, 43.680659327569302 ], [ -79.372145244529406, 43.679183994816249 ], [ -79.376312690486046, 43.677611672130205 ] ] ] } },
{ "type": "Feature", "properties": { "vor_id": 269, "theft_count": 24, "bike_trips": 0.0, "theft_per_1000_trips": "<NA>" }, "geometry": { "type": "Polygon", "coordinates": [ [ [ -79.372470413700285, 43.650747729779532 ], [ -79.373051832381051, 43.650652299920779 ], [ -79.37326322984805, 43.650749916190641 ], [ -79.373910655584751, 43.651962857428522 ], [ -79.37393604951437, 43.652073701886998 ], [ -79.372213574819284, 43.652778900162069 ], [ -79.37188906027751, 43.651965617966191 ], [ -79.372470413700285, 43.650747729779532 ] ] ] } },
{ "type": "Feature", "properties": { "vor_id": 270, "theft_count": 10, "bike_trips": 0.0, "theft_per_1000_trips": "<NA>" }, "geometry": { "type": "Polygon", "coordinates": [ [ [ -79.416069794124525, 43.66821729037779 ], [ -79.417185040037666, 43.670291740387007 ], [ -79.41716475126249, 43.671193101157868 ], [ -79.415447561943864, 43.671862678744894 ], [ -79.41447126681372, 43.670763215605682 ], [ -79.416069794124525, 43.66821729037779 ] ] ] } },
{ "type": "Feature", "properties": { "vor_id": 271, "theft_count": 20, "bike_trips": 0.0, "theft_per_1000_trips": "<NA>" }, "geometry": { "type": "Polygon", "coordinates": [ [ [ -79.39343636971482, 43.672925308385572 ], [ -79.393817849280808, 43.672869901609403 ], [ -79.394105142810787, 43.67325043251217 ], [ -79.393485339801757, 43.676332069916086 ], [ -79.391869911027882, 43.676653744109892 ], [ -79.391592068719604, 43.676023707729925 ], [ -79.39343636971482, 43.672925308385572 ] ] ] } },
{ "type": "Feature", "properties": { "vor_id": 272, "theft_count": 7, "bike_trips": 0.0, "theft_per_1000_trips": "<NA>" }, "geometry": { "type": "Polygon", "coordinates": [ [ [ -79.405299382012132, 43.62855814550641 ], [ -79.405992475815964, 43.622900495595232 ], [ -79.4080889, 43.6251488 ], [ -79.408334060217044, 43.625158188111413 ], [ -79.41140989987187, 43.636629538793962 ], [ -79.410765757729166, 43.636871233900656 ], [ -79.40925761119874, 43.637224502504075 ], [ -79.406498469524053, 43.632451128040103 ], [ -79.405292102404616, 43.628892980053365 ], [ -79.405299382012132, 43.62855814550641 ] ] ] } },
{ "type": "Feature", "properties": { "vor_id": 273, "theft_count": 9, "bike_trips": 0.0, "theft_per_1000_trips": "<NA>" }, "geometry": { "type": "Polygon", "coordinates": [ [ [ -79.433528898077455, 43.649749295216665 ], [ -79.434405384938401, 43.650618093458824 ], [ -79.430138524463786, 43.65221381058155 ], [ -79.430121567495647, 43.652210231226981 ], [ -79.429943766191499, 43.651875306303488 ], [ -79.42987692794452, 43.651542471800767 ], [ -79.431123847066743, 43.650652831453108 ], [ -79.433528898077455, 43.649749295216665 ] ] ] } },
{ "type": "Feature", "properties": { "vor_id": 274, "theft_count": 44, "bike_trips": 0.0, "theft_per_1000_trips": "<NA>" }, "geometry": { "type": "Polygon", "coordinates": [ [ [ -79.37581781969304, 43.651927927989483 ], [ -79.37445628574045, 43.652504087432391 ], [ -79.374011237610731, 43.652264537419562 ], [ -79.37393604951437, 43.652073701886998 ], [ -79.373910655584751, 43.651962857428522 ], [ -79.37609709551576, 43.651067499638593 ], [ -79.37614618517037, 43.651066599128477 ], [ -79.37581781969304, 43.651927927989483 ] ] ] } },
{ "type": "Feature", "properties": { "vor_id": 275, "theft_count": 4, "bike_trips": 0.0, "theft_per_1000_trips": "<NA>" }, "geometry": { "type": "Polygon", "coordinates": [ [ [ -79.350305517241139, 43.675314006074395 ], [ -79.349618623717618, 43.674061083658607 ], [ -79.35277596757652, 43.672777001975717 ], [ -79.353048794231682, 43.674195295462539 ], [ -79.350305517241139, 43.675314006074395 ] ] ] } },
{ "type": "Feature", "properties": { "vor_id": 276, "theft_count": 36, "bike_trips": 0.0, "theft_per_1000_trips": "<NA>" }, "geometry": { "type": "Polygon", "coordinates": [ [ [ -79.403781586131018, 43.633835704069917 ], [ -79.401255700039314, 43.636065024986223 ], [ -79.400583552544845, 43.63599347553933 ], [ -79.400416958852801, 43.635801539140459 ], [ -79.400486335121457, 43.635346340933161 ], [ -79.404433692995141, 43.631252949768388 ], [ -79.403781586131018, 43.633835704069917 ] ] ] } },
{ "type": "Feature", "properties": { "vor_id": 277, "theft_count": 21, "bike_trips": 0.0, "theft_per_1000_trips": "<NA>" }, "geometry": { "type": "Polygon", "coordinates": [ [ [ -79.400280282555414, 43.689766750422081 ], [ -79.402595966574353, 43.687919406076077 ], [ -79.407850955363784, 43.68999649445167 ], [ -79.408543839035787, 43.693164757847185 ], [ -79.404107231281699, 43.694940054250573 ], [ -79.402948043108935, 43.694268444544669 ], [ -79.40212534463646, 43.6936339109701 ], [ -79.399907183714774, 43.691627341205809 ], [ -79.400280282555414, 43.689766750422081 ] ] ] } },
{ "type": "Feature", "properties": { "vor_id": 278, "theft_count": 28, "bike_trips": 0.0, "theft_per_1000_trips": "<NA>" }, "geometry": { "type": "Polygon", "coordinates": [ [ [ -79.397696564224347, 43.723330570314587 ], [ -79.393985766352046, 43.729998446106286 ], [ -79.386489147595853, 43.735701540226671 ], [ -79.382185433139654, 43.73614788741537 ], [ -79.379290868495843, 43.733970790140098 ], [ -79.384911308331709, 43.720959608510249 ], [ -79.384975857868781, 43.720912278523294 ], [ -79.389814388133601, 43.718989573361874 ], [ -79.39216980439619, 43.7185340831142 ], [ -79.395527432969075, 43.718641358994425 ], [ -79.396621133064173, 43.719187308333836 ], [ -79.397696564224347, 43.723330570314587 ] ] ] } },
{ "type": "Feature", "properties": { "vor_id": 279, "theft_count": 17, "bike_trips": 0.0, "theft_per_1000_trips": "<NA>" }, "geometry": { "type": "Polygon", "coordinates": [ [ [ -79.317234695811436, 43.653719751790511 ], [ -79.319977674219984, 43.656778816132395 ], [ -79.322104168658768, 43.666437023167035 ], [ -79.321425304892699, 43.666717560093382 ], [ -79.321183343498532, 43.666700741041652 ], [ -79.316780433205281, 43.656466199482608 ], [ -79.317234695811436, 43.653719751790511 ] ] ] } },
{ "type": "Feature", "properties": { "vor_id": 280, "theft_count": 45, "bike_trips": 0.0, "theft_per_1000_trips": "<NA>" }, "geometry": { "type": "Polygon", "coordinates": [ [ [ -79.400116481056244, 43.642657032734157 ], [ -79.400565117112961, 43.644990746349251 ], [ -79.39998456561716, 43.645227845574667 ], [ -79.398891074106743, 43.64489231586618 ], [ -79.398570180825601, 43.643339368784538 ], [ -79.398659103276373, 43.643256585805176 ], [ -79.400116481056244, 43.642657032734157 ] ] ] } },
{ "type": "Feature", "properties": { "vor_id": 281, "theft_count": 32, "bike_trips": 0.0, "theft_per_1000_trips": "<NA>" }, "geometry": { "type": "Polygon", "coordinates": [ [ [ -79.334178679077041, 43.664579018975317 ], [ -79.335104645679309, 43.663623873554364 ], [ -79.33662445759829, 43.663665848291423 ], [ -79.33709270011903, 43.664109330980089 ], [ -79.337227274013358, 43.664327494217872 ], [ -79.33638515587883, 43.667014607340882 ], [ -79.334397747993322, 43.666055861647877 ], [ -79.333800727836604, 43.66576785307749 ], [ -79.333394329231908, 43.665388085048711 ], [ -79.334178679077041, 43.664579018975317 ] ] ] } },
{ "type": "Feature", "properties": { "vor_id": 282, "theft_count": 15, "bike_trips": 0.0, "theft_per_1000_trips": "<NA>" }, "geometry": { "type": "Polygon", "coordinates": [ [ [ -79.401552727339151, 43.664185770538012 ], [ -79.40144548876485, 43.664812475309816 ], [ -79.400084437332865, 43.665361974628446 ], [ -79.399377806476537, 43.664495112093029 ], [ -79.399452221099963, 43.663682547947097 ], [ -79.400777535427721, 43.663138232933029 ], [ -79.401552727339151, 43.664185770538012 ] ] ] } },
{ "type": "Feature", "properties": { "vor_id": 283, "theft_count": 17, "bike_trips": 0.0, "theft_per_1000_trips": "<NA>" }, "geometry": { "type": "Polygon", "coordinates": [ [ [ -79.291605066949316, 43.676628364985248 ], [ -79.294353782933342, 43.675463187210688 ], [ -79.29513843377795, 43.675328543839974 ], [ -79.296621008857826, 43.681575778403456 ], [ -79.296179928659868, 43.682522076708509 ], [ -79.29566347979943, 43.682828812786433 ], [ -79.292250064065541, 43.681450600593514 ], [ -79.291605066949316, 43.676628364985248 ] ] ] } },
{ "type": "Feature", "properties": { "vor_id": 284, "theft_count": 13, "bike_trips": 0.0, "theft_per_1000_trips": "<NA>" }, "geometry": { "type": "Polygon", "coordinates": [ [ [ -79.381588523039895, 43.674043610501805 ], [ -79.381789339665275, 43.673817439892538 ], [ -79.384386345530459, 43.673297567444706 ], [ -79.385542645070558, 43.673488973830239 ], [ -79.382135885798363, 43.679855141872814 ], [ -79.380989184471446, 43.680116418446346 ], [ -79.3809655085212, 43.680110100064788 ], [ -79.380006764214855, 43.67957448812421 ], [ -79.379299538259716, 43.678401392313475 ], [ -79.381588523039895, 43.674043610501805 ] ] ] } },
{ "type": "Feature", "properties": { "vor_id": 285, "theft_count": 21, "bike_trips": 0.0, "theft_per_1000_trips": "<NA>" }, "geometry": { "type": "Polygon", "coordinates": [ [ [ -79.425565623230213, 43.652685295794996 ], [ -79.423870454311071, 43.652426106686967 ], [ -79.42429772067392, 43.651239841483189 ], [ -79.426436994690903, 43.650380916076742 ], [ -79.426554868188063, 43.652096797461368 ], [ -79.426493401288866, 43.652319051212402 ], [ -79.425565623230213, 43.652685295794996 ] ] ] } },
{ "type": "Feature", "properties": { "vor_id": 286, "theft_count": 24, "bike_trips": 0.0, "theft_per_1000_trips": "<NA>" }, "geometry": { "type": "Polygon", "coordinates": [ [ [ -79.296562065095657, 43.805038986420094 ], [ -79.295350873423018, 43.805411144112682 ], [ -79.284210463888783, 43.786781499601808 ], [ -79.291036162083287, 43.783473741145087 ], [ -79.299957780885762, 43.793264818243472 ], [ -79.296562065095657, 43.805038986420094 ] ] ] } },
{ "type": "Feature", "properties": { "vor_id": 287, "theft_count": 20, "bike_trips": 0.0, "theft_per_1000_trips": "<NA>" }, "geometry": { "type": "Polygon", "coordinates": [ [ [ -79.383323387457324, 43.642197858883719 ], [ -79.382332639487672, 43.641359046941218 ], [ -79.385137753754449, 43.64023304220683 ], [ -79.385955519145824, 43.641104054598863 ], [ -79.383323387457324, 43.642197858883719 ] ] ] } },
{ "type": "Feature", "properties": { "vor_id": 288, "theft_count": 33, "bike_trips": 0.0, "theft_per_1000_trips": "<NA>" }, "geometry": { "type": "Polygon", "coordinates": [ [ [ -79.435208997785054, 43.662150900060567 ], [ -79.433309051766116, 43.662341950534405 ], [ -79.433128389396643, 43.662231594802684 ], [ -79.432886987730129, 43.661802379291153 ], [ -79.432360980273927, 43.659342002901532 ], [ -79.434337713137168, 43.6583564109186 ], [ -79.435208997785054, 43.662150900060567 ] ] ] } },
{ "type": "Feature", "properties": { "vor_id": 289, "theft_count": 10, "bike_trips": 0.0, "theft_per_1000_trips": "<NA>" }, "geometry": { "type": "Polygon", "coordinates": [ [ [ -79.455321715293465, 43.650438013696473 ], [ -79.45521611970787, 43.650820077016192 ], [ -79.450297270184123, 43.652565643039743 ], [ -79.450123264921103, 43.65208561658249 ], [ -79.454703929629773, 43.650320420555126 ], [ -79.455321715293465, 43.650438013696473 ] ] ] } },
{ "type": "Feature", "properties": { "vor_id": 290, "theft_count": 105, "bike_trips": 0.0, "theft_per_1000_trips": "<NA>" }, "geometry": { "type": "Polygon", "coordinates": [ [ [ -79.380614071572438, 43.660996024077654 ], [ -79.38097995643848, 43.661760774702913 ], [ -79.378954005264376, 43.662579608465741 ], [ -79.378673198495989, 43.662344950845423 ], [ -79.378572513406738, 43.661832378780538 ], [ -79.380614071572438, 43.660996024077654 ] ] ] } },
{ "type": "Feature", "properties": { "vor_id": 291, "theft_count": 37, "bike_trips": 0.0, "theft_per_1000_trips": "<NA>" }, "geometry": { "type": "Polygon", "coordinates": [ [ [ -79.376296236314275, 43.657725836214901 ], [ -79.375906860474601, 43.655903575671367 ], [ -79.37632495089629, 43.655737927698546 ], [ -79.376642228031074, 43.655723566026893 ], [ -79.37702340581184, 43.657416073678377 ], [ -79.376296236314275, 43.657725836214901 ] ] ] } },
{ "type": "Feature", "properties": { "vor_id": 292, "theft_count": 18, "bike_trips": 0.0, "theft_per_1000_trips": "<NA>" }, "geometry": { "type": "Polygon", "coordinates": [ [ [ -79.381757242179532, 43.694577742729543 ], [ -79.381726158105238, 43.694401204370948 ], [ -79.386705356391118, 43.688278776861623 ], [ -79.387776415052016, 43.688146411285338 ], [ -79.391444620511962, 43.692413295287359 ], [ -79.391991448003807, 43.69379444507868 ], [ -79.391891604661836, 43.694075751613028 ], [ -79.387136789900822, 43.695622441480744 ], [ -79.382078375694803, 43.694816532892084 ], [ -79.381757242179532, 43.694577742729543 ] ] ] } },
{ "type": "Feature", "properties": { "vor_id": 293, "theft_count": 21, "bike_trips": 0.0, "theft_per_1000_trips": "<NA>" }, "geometry": { "type": "Polygon", "coordinates": [ [ [ -79.398612520985864, 43.650803422482156 ], [ -79.397614955830633, 43.65188979230026 ], [ -79.397394117180738, 43.65174899065893 ], [ -79.397134654446319, 43.650422227339867 ], [ -79.397866918977286, 43.649924007355125 ], [ -79.398612520985864, 43.650803422482156 ] ] ] } },
{ "type": "Feature", "properties": { "vor_id": 294, "theft_count": 23, "bike_trips": 0.0, "theft_per_1000_trips": "<NA>" }, "geometry": { "type": "Polygon", "coordinates": [ [ [ -79.390970140271591, 43.670282817573138 ], [ -79.390730692996584, 43.670380861190921 ], [ -79.390372184378876, 43.670130612272722 ], [ -79.39008066750533, 43.669803247629311 ], [ -79.389861044558529, 43.668770453365866 ], [ -79.390625003437222, 43.668674994816286 ], [ -79.390970140271591, 43.670282817573138 ] ] ] } },
{ "type": "Feature", "properties": { "vor_id": 295, "theft_count": 14, "bike_trips": 0.0, "theft_per_1000_trips": "<NA>" }, "geometry": { "type": "Polygon", "coordinates": [ [ [ -79.390605357155067, 43.670696973520634 ], [ -79.390982225564301, 43.672462302864425 ], [ -79.390736211618133, 43.672586949091638 ], [ -79.388844107352597, 43.671689487358087 ], [ -79.388789828245905, 43.671511154462813 ], [ -79.388785926242463, 43.671492462603304 ], [ -79.390605357155067, 43.670696973520634 ] ] ] } },
{ "type": "Feature", "properties": { "vor_id": 296, "theft_count": 42, "bike_trips": 0.0, "theft_per_1000_trips": "<NA>" }, "geometry": { "type": "Polygon", "coordinates": [ [ [ -79.444219057480055, 43.652463152553736 ], [ -79.442482772126013, 43.651213185514081 ], [ -79.441805589656369, 43.648146504017227 ], [ -79.445979104294821, 43.646525876199966 ], [ -79.446293957632633, 43.646884050662891 ], [ -79.44679185156896, 43.647690427934414 ], [ -79.447306502397765, 43.648994137854451 ], [ -79.44734006778836, 43.650224527675455 ], [ -79.446012912047536, 43.651961693836157 ], [ -79.444219057480055, 43.652463152553736 ] ] ] } },
{ "type": "Feature", "properties": { "vor_id": 297, "theft_count": 102, "bike_trips": 0.0, "theft_per_1000_trips": "<NA>" }, "geometry": { "type": "Polygon", "coordinates": [ [ [ -79.401552727339151, 43.664185770538012 ], [ -79.400777535427721, 43.663138232933029 ], [ -79.400912986857804, 43.662490946769559 ], [ -79.40238873269935, 43.66190943636817 ], [ -79.402750782622363, 43.662102439979833 ], [ -79.403059584837436, 43.663577543978299 ], [ -79.401552727339151, 43.664185770538012 ] ] ] } },
{ "type": "Feature", "properties": { "vor_id": 298, "theft_count": 37, "bike_trips": 0.0, "theft_per_1000_trips": "<NA>" }, "geometry": { "type": "Polygon", "coordinates": [ [ [ -79.397032770673803, 43.707700410705385 ], [ -79.399409923520821, 43.707152737211047 ], [ -79.399652146894383, 43.707396398140361 ], [ -79.39974661784521, 43.708323786517497 ], [ -79.396761288655227, 43.70900949531773 ], [ -79.397032770673803, 43.707700410705385 ] ] ] } },
{ "type": "Feature", "properties": { "vor_id": 299, "theft_count": 14, "bike_trips": 0.0, "theft_per_1000_trips": "<NA>" }, "geometry": { "type": "Polygon", "coordinates": [ [ [ -79.395745408262897, 43.758622581688499 ], [ -79.394821533152964, 43.75318347045679 ], [ -79.39760111013581, 43.751849692659704 ], [ -79.404730069876905, 43.758253772961623 ], [ -79.404671471958935, 43.759470974949302 ], [ -79.402845370569437, 43.761611025584301 ], [ -79.395745408262897, 43.758622581688499 ] ] ] } },
{ "type": "Feature", "properties": { "vor_id": 300, "theft_count": 84, "bike_trips": 0.0, "theft_per_1000_trips": "<NA>" }, "geometry": { "type": "Polygon", "coordinates": [ [ [ -79.370350539201056, 43.653044626340126 ], [ -79.370481568402212, 43.653620573254365 ], [ -79.367490500551099, 43.654444157662482 ], [ -79.367442710725143, 43.654361504224624 ], [ -79.368183078939438, 43.653047007937538 ], [ -79.369344924641069, 43.652563802003229 ], [ -79.370350539201056, 43.653044626340126 ] ] ] } },
{ "type": "Feature", "properties": { "vor_id": 301, "theft_count": 49, "bike_trips": 0.0, "theft_per_1000_trips": "<NA>" }, "geometry": { "type": "Polygon", "coordinates": [ [ [ -79.380336733049845, 43.64269223918803 ], [ -79.381970411412112, 43.642036018207719 ], [ -79.382365435600263, 43.643934419922275 ], [ -79.380607647422579, 43.644673094537332 ], [ -79.38007313326743, 43.644250491552562 ], [ -79.380336733049845, 43.64269223918803 ] ] ] } },
{ "type": "Feature", "properties": { "vor_id": 302, "theft_count": 5, "bike_trips": 0.0, "theft_per_1000_trips": "<NA>" }, "geometry": { "type": "Polygon", "coordinates": [ [ [ -79.413271253177072, 43.762321058903517 ], [ -79.41536559026504, 43.763114379634573 ], [ -79.40972941987404, 43.764482981232931 ], [ -79.409904751434908, 43.763141965414015 ], [ -79.413271253177072, 43.762321058903517 ] ] ] } },
{ "type": "Feature", "properties": { "vor_id": 303, "theft_count": 24, "bike_trips": 0.0, "theft_per_1000_trips": "<NA>" }, "geometry": { "type": "Polygon", "coordinates": [ [ [ -79.370900684026608, 43.654896200927709 ], [ -79.36925631510772, 43.655547834714206 ], [ -79.367549895208754, 43.654715338152741 ], [ -79.367490500551099, 43.654444157662482 ], [ -79.370481568402212, 43.653620573254365 ], [ -79.370523328831041, 43.653672966924795 ], [ -79.370757008149596, 43.654231139949609 ], [ -79.370900684026608, 43.654896200927709 ] ] ] } },
{ "type": "Feature", "properties": { "vor_id": 304, "theft_count": 16, "bike_trips": 0.0, "theft_per_1000_trips": "<NA>" }, "geometry": { "type": "Polygon", "coordinates": [ [ [ -79.387314344329113, 43.651469040272978 ], [ -79.38890033557584, 43.652165885973176 ], [ -79.389135079716681, 43.653231368484292 ], [ -79.3888578773891, 43.653830259996298 ], [ -79.38818015844214, 43.654223810183964 ], [ -79.387094348747851, 43.654047286864262 ], [ -79.386565859296155, 43.651704279581679 ], [ -79.387314344329113, 43.651469040272978 ] ] ] } },
{ "type": "Feature", "properties": { "vor_id": 305, "theft_count": 13, "bike_trips": 0.0, "theft_per_1000_trips": "<NA>" }, "geometry": { "type": "Polygon", "coordinates": [ [ [ -79.443627216683794, 43.695756703843585 ], [ -79.44271262661016, 43.696258338977024 ], [ -79.440606619785925, 43.694497289901172 ], [ -79.439593708821391, 43.690617709704284 ], [ -79.442708293911821, 43.6915765123996 ], [ -79.443152040220312, 43.693019364662049 ], [ -79.443627216683794, 43.695756703843585 ] ] ] } },
{ "type": "Feature", "properties": { "vor_id": 306, "theft_count": 23, "bike_trips": 0.0, "theft_per_1000_trips": "<NA>" }, "geometry": { "type": "Polygon", "coordinates": [ [ [ -79.227225648455843, 43.735156767822396 ], [ -79.229839966305406, 43.727884729115431 ], [ -79.236860118397004, 43.728258121235015 ], [ -79.239749620600733, 43.741535107839255 ], [ -79.230944831002276, 43.741622969526539 ], [ -79.227836674340324, 43.737786449063485 ], [ -79.227225648455843, 43.735156767822396 ] ] ] } },
{ "type": "Feature", "properties": { "vor_id": 307, "theft_count": 61, "bike_trips": 0.0, "theft_per_1000_trips": "<NA>" }, "geometry": { "type": "Polygon", "coordinates": [ [ [ -79.393016736161542, 43.646429032401166 ], [ -79.392669741132764, 43.646253828908911 ], [ -79.393097959359693, 43.644528376507843 ], [ -79.393120703365682, 43.644487411788873 ], [ -79.394183716258638, 43.645182399317562 ], [ -79.394333736752841, 43.645914223169171 ], [ -79.393016736161542, 43.646429032401166 ] ] ] } },
{ "type": "Feature", "properties": { "vor_id": 308, "theft_count": 19, "bike_trips": 0.0, "theft_per_1000_trips": "<NA>" }, "geometry": { "type": "Polygon", "coordinates": [ [ [ -79.409046133257078, 43.653976700933192 ], [ -79.408335441398719, 43.654758076220681 ], [ -79.406279394364418, 43.656262427472683 ], [ -79.405705165073385, 43.653595167095745 ], [ -79.405714666873607, 43.653583205170165 ], [ -79.407418721739603, 43.652889619891994 ], [ -79.409046133257078, 43.653976700933192 ] ] ] } },
{ "type": "Feature", "properties": { "vor_id": 309, "theft_count": 13, "bike_trips": 0.0, "theft_per_1000_trips": "<NA>" }, "geometry": { "type": "Polygon", "coordinates": [ [ [ -79.493532216755497, 43.618219412487505 ], [ -79.499086036568386, 43.622726574405156 ], [ -79.493952743833091, 43.625626576462786 ], [ -79.49218204145474, 43.624948256677627 ], [ -79.491076605223483, 43.624524786716755 ], [ -79.490690113282952, 43.623708953030565 ], [ -79.490576585223948, 43.62317690869348 ], [ -79.489997689100377, 43.620463937054041 ], [ -79.491648861456653, 43.618694047282737 ], [ -79.492785578156429, 43.61816364382684 ], [ -79.493532216755497, 43.618219412487505 ] ] ] } },
{ "type": "Feature", "properties": { "vor_id": 310, "theft_count": 11, "bike_trips": 0.0, "theft_per_1000_trips": "<NA>" }, "geometry": { "type": "Polygon", "coordinates": [ [ [ -79.373910655584751, 43.651962857428522 ], [ -79.37326322984805, 43.650749916190641 ], [ -79.373950108324635, 43.650462402244173 ], [ -79.37609709551576, 43.651067499638593 ], [ -79.373910655584751, 43.651962857428522 ] ] ] } },
{ "type": "Feature", "properties": { "vor_id": 311, "theft_count": 58, "bike_trips": 0.0, "theft_per_1000_trips": "<NA>" }, "geometry": { "type": "Polygon", "coordinates": [ [ [ -79.449183948731147, 43.729120426257538 ], [ -79.45188236243979, 43.730118580163868 ], [ -79.45637182260262, 43.740706684168778 ], [ -79.448403227498986, 43.745157169283637 ], [ -79.444704571967819, 43.744451140383781 ], [ -79.443247453373701, 43.741851173876285 ], [ -79.440557080526176, 43.728916757660024 ], [ -79.442092536580716, 43.728258752420317 ], [ -79.449183948731147, 43.729120426257538 ] ] ] } },
{ "type": "Feature", "properties": { "vor_id": 312, "theft_count": 26, "bike_trips": 0.0, "theft_per_1000_trips": "<NA>" }, "geometry": { "type": "Polygon", "coordinates": [ [ [ -79.412197201021726, 43.761609023540494 ], [ -79.40974065897359, 43.762300008705949 ], [ -79.409471835229567, 43.761813981671892 ], [ -79.40980268428639, 43.761372100831537 ], [ -79.411676315197809, 43.760906712269396 ], [ -79.412197201021726, 43.761609023540494 ] ] ] } },
{ "type": "Feature", "properties": { "vor_id": 313, "theft_count": 25, "bike_trips": 0.0, "theft_per_1000_trips": "<NA>" }, "geometry": { "type": "Polygon", "coordinates": [ [ [ -79.402595966574353, 43.687919406076077 ], [ -79.402425407582626, 43.687024945442204 ], [ -79.403412809039636, 43.683062688482408 ], [ -79.403962739921226, 43.682064562728392 ], [ -79.405140463615169, 43.681919590265451 ], [ -79.407147516930152, 43.682004765843757 ], [ -79.407915505780622, 43.682299939384968 ], [ -79.408889152591669, 43.68686101664148 ], [ -79.407850955363784, 43.68999649445167 ], [ -79.402595966574353, 43.687919406076077 ] ] ] } },
{ "type": "Feature", "properties": { "vor_id": 314, "theft_count": 22, "bike_trips": 0.0, "theft_per_1000_trips": "<NA>" }, "geometry": { "type": "Polygon", "coordinates": [ [ [ -79.497965190880493, 43.660154289853494 ], [ -79.499493652688173, 43.671557018516957 ], [ -79.491842057634003, 43.666360691763053 ], [ -79.496204808348736, 43.659759458644174 ], [ -79.497965190880493, 43.660154289853494 ] ] ] } },
{ "type": "Feature", "properties": { "vor_id": 315, "theft_count": 61, "bike_trips": 0.0, "theft_per_1000_trips": "<NA>" }, "geometry": { "type": "Polygon", "coordinates": [ [ [ -79.225071206942559, 43.778125023680815 ], [ -79.223313064708194, 43.774709808658692 ], [ -79.222044717561673, 43.754662275326474 ], [ -79.225431376579451, 43.751748811298846 ], [ -79.22590342696904, 43.751651337680556 ], [ -79.228102895136971, 43.75167569681993 ], [ -79.239743894140076, 43.766288404343712 ], [ -79.234306542821471, 43.776053168245397 ], [ -79.225071206942559, 43.778125023680815 ] ] ] } },
{ "type": "Feature", "properties": { "vor_id": 316, "theft_count": 12, "bike_trips": 0.0, "theft_per_1000_trips": "<NA>" }, "geometry": { "type": "Polygon", "coordinates": [ [ [ -79.411853355236147, 43.669192219959328 ], [ -79.411208258524809, 43.669142541395615 ], [ -79.410998812949316, 43.667801410958489 ], [ -79.412783894914426, 43.667096843289876 ], [ -79.413136983930343, 43.668682700947649 ], [ -79.411853355236147, 43.669192219959328 ] ] ] } },
{ "type": "Feature", "properties": { "vor_id": 317, "theft_count": 12, "bike_trips": 0.0, "theft_per_1000_trips": "<NA>" }, "geometry": { "type": "Polygon", "coordinates": [ [ [ -79.395603854542117, 43.758985139251919 ], [ -79.387226969974293, 43.763215701115477 ], [ -79.380801691723946, 43.75714077863848 ], [ -79.385937068521997, 43.749262162711702 ], [ -79.394821533152964, 43.75318347045679 ], [ -79.395745408262897, 43.758622581688499 ], [ -79.395603854542117, 43.758985139251919 ] ] ] } },
{ "type": "Feature", "properties": { "vor_id": 318, "theft_count": 15, "bike_trips": 0.0, "theft_per_1000_trips": "<NA>" }, "geometry": { "type": "Polygon", "coordinates": [ [ [ -79.455841730778104, 43.660891405179569 ], [ -79.453698590002688, 43.659847626229933 ], [ -79.452631954607796, 43.657541144079879 ], [ -79.4561199782882, 43.659799525276526 ], [ -79.455841730778104, 43.660891405179569 ] ] ] } },
{ "type": "Feature", "properties": { "vor_id": 319, "theft_count": 34, "bike_trips": 0.0, "theft_per_1000_trips": "<NA>" }, "geometry": { "type": "Polygon", "coordinates": [ [ [ -79.390245038089063, 43.655424717327499 ], [ -79.391314457764111, 43.654986856435059 ], [ -79.391585223328576, 43.656291055748248 ], [ -79.391428799606558, 43.657164467992217 ], [ -79.390634949520333, 43.657312531095407 ], [ -79.390503236498006, 43.657175092879484 ], [ -79.390245038089063, 43.655424717327499 ] ] ] } },
{ "type": "Feature", "properties": { "vor_id": 320, "theft_count": 9, "bike_trips": 0.0, "theft_per_1000_trips": "<NA>" }, "geometry": { "type": "Polygon", "coordinates": [ [ [ -79.489278853054316, 43.677132770392269 ], [ -79.485400168995596, 43.678807780154777 ], [ -79.480580318508572, 43.678889346698526 ], [ -79.481046695143945, 43.67244424289369 ], [ -79.488846621424614, 43.669016646750528 ], [ -79.491328850923409, 43.675153333650186 ], [ -79.489278853054316, 43.677132770392269 ] ] ] } },
{ "type": "Feature", "properties": { "vor_id": 321, "theft_count": 7, "bike_trips": 0.0, "theft_per_1000_trips": "<NA>" }, "geometry": { "type": "Polygon", "coordinates": [ [ [ -79.349160379036732, 43.673763297778535 ], [ -79.349129833252888, 43.671616737961514 ], [ -79.352959796641386, 43.672147437105444 ], [ -79.35277596757652, 43.672777001975717 ], [ -79.349618623717618, 43.674061083658607 ], [ -79.349160379036732, 43.673763297778535 ] ] ] } },
{ "type": "Feature", "properties": { "vor_id": 322, "theft_count": 18, "bike_trips": 0.0, "theft_per_1000_trips": "<NA>" }, "geometry": { "type": "Polygon", "coordinates": [ [ [ -79.400933085469774, 43.647472083917251 ], [ -79.401331660348362, 43.649417774252434 ], [ -79.400899778277036, 43.649915381148077 ], [ -79.40000802147766, 43.648997828489513 ], [ -79.399588794710496, 43.648485163703313 ], [ -79.400227102261894, 43.647072786816722 ], [ -79.400933085469774, 43.647472083917251 ] ] ] } },
{ "type": "Feature", "properties": { "vor_id": 323, "theft_count": 25, "bike_trips": 0.0, "theft_per_1000_trips": "<NA>" }, "geometry": { "type": "Polygon", "coordinates": [ [ [ -79.40929885288125, 43.662372629176708 ], [ -79.410464880703287, 43.661900194133757 ], [ -79.411765300137219, 43.662593854305591 ], [ -79.411541654649497, 43.663569171233064 ], [ -79.410343999509081, 43.664051759703128 ], [ -79.408980891136963, 43.663936154847654 ], [ -79.408581008388978, 43.663726831585805 ], [ -79.40929885288125, 43.662372629176708 ] ] ] } },
{ "type": "Feature", "properties": { "vor_id": 324, "theft_count": 2, "bike_trips": 0.0, "theft_per_1000_trips": "<NA>" }, "geometry": { "type": "Polygon", "coordinates": [ [ [ -79.335417353478377, 43.722770858252822 ], [ -79.337901655053713, 43.717266902988925 ], [ -79.345364101911358, 43.714153773350262 ], [ -79.347553743788737, 43.719369891525623 ], [ -79.335417353478377, 43.722770858252822 ] ] ] } },
{ "type": "Feature", "properties": { "vor_id": 325, "theft_count": 31, "bike_trips": 0.0, "theft_per_1000_trips": "<NA>" }, "geometry": { "type": "Polygon", "coordinates": [ [ [ -79.389045999487124, 43.647272939593087 ], [ -79.388881079613299, 43.646555796253679 ], [ -79.390282028055651, 43.645998759951425 ], [ -79.390427325881817, 43.646666994829097 ], [ -79.389045999487124, 43.647272939593087 ] ] ] } },
{ "type": "Feature", "properties": { "vor_id": 326, "theft_count": 34, "bike_trips": 0.0, "theft_per_1000_trips": "<NA>" }, "geometry": { "type": "Polygon", "coordinates": [ [ [ -79.390533889613209, 43.657569405775732 ], [ -79.388215363201269, 43.659179081883636 ], [ -79.388012871637955, 43.659115545012277 ], [ -79.387809315823731, 43.658652773641336 ], [ -79.387732462715846, 43.657308034801055 ], [ -79.388302050878451, 43.656716526000324 ], [ -79.388611394200808, 43.656629186180346 ], [ -79.390503236498006, 43.657175092879484 ], [ -79.390634949520333, 43.657312531095407 ], [ -79.390533889613209, 43.657569405775732 ] ] ] } },
{ "type": "Feature", "properties": { "vor_id": 327, "theft_count": 32, "bike_trips": 0.0, "theft_per_1000_trips": "<NA>" }, "geometry": { "type": "Polygon", "coordinates": [ [ [ -79.361106739389399, 43.651142412036982 ], [ -79.358871479089089, 43.652361572691802 ], [ -79.356696494869382, 43.643328537657489 ], [ -79.360469071171224, 43.648515693745985 ], [ -79.361106739389399, 43.651142412036982 ] ] ] } },
{ "type": "Feature", "properties": { "vor_id": 328, "theft_count": 6, "bike_trips": 0.0, "theft_per_1000_trips": "<NA>" }, "geometry": { "type": "Polygon", "coordinates": [ [ [ -79.321183343498532, 43.666700741041652 ], [ -79.321425304892699, 43.666717560093382 ], [ -79.322132740019143, 43.670024304942196 ], [ -79.321605015045535, 43.670269628959772 ], [ -79.319806203996947, 43.670334032815553 ], [ -79.319113384972496, 43.667560022851319 ], [ -79.321183343498532, 43.666700741041652 ] ] ] } },
{ "type": "Feature", "properties": { "vor_id": 329, "theft_count": 13, "bike_trips": 0.0, "theft_per_1000_trips": "<NA>" }, "geometry": { "type": "Polygon", "coordinates": [ [ [ -79.448373031986932, 43.697909676335641 ], [ -79.444397888738337, 43.695656299984229 ], [ -79.447069572368974, 43.691638374861022 ], [ -79.44798027247532, 43.690395183310685 ], [ -79.448750169538613, 43.697853555380206 ], [ -79.448603385260526, 43.697977105642543 ], [ -79.448373031986932, 43.697909676335641 ] ] ] } },
{ "type": "Feature", "properties": { "vor_id": 330, "theft_count": 24, "bike_trips": 0.0, "theft_per_1000_trips": "<NA>" }, "geometry": { "type": "Polygon", "coordinates": [ [ [ -79.335104645679309, 43.663623873554364 ], [ -79.334578360609086, 43.661242263062135 ], [ -79.335576226074124, 43.660373937660971 ], [ -79.337594804280016, 43.661805808372961 ], [ -79.337641546009337, 43.66201827972619 ], [ -79.33662445759829, 43.663665848291423 ], [ -79.335104645679309, 43.663623873554364 ] ] ] } },
{ "type": "Feature", "properties": { "vor_id": 331, "theft_count": 5, "bike_trips": 0.0, "theft_per_1000_trips": "<NA>" }, "geometry": { "type": "Polygon", "coordinates": [ [ [ -79.182130317998968, 43.772788404066382 ], [ -79.181891704446571, 43.776320697494583 ], [ -79.180048691866943, 43.779850284269266 ], [ -79.179866285333517, 43.776137313983504 ], [ -79.179146313020055, 43.771283654899193 ], [ -79.178164990607186, 43.76736599622302 ], [ -79.178366911527732, 43.767036180468814 ], [ -79.179821248085744, 43.764660680656839 ], [ -79.181727274687233, 43.76881017064531 ], [ -79.182121985670292, 43.770561189020384 ], [ -79.182151477206801, 43.772475175710092 ], [ -79.182130317998968, 43.772788404066382 ] ] ] } },
{ "type": "Feature", "properties": { "vor_id": 332, "theft_count": 10, "bike_trips": 0.0, "theft_per_1000_trips": "<NA>" }, "geometry": { "type": "Polygon", "coordinates": [ [ [ -79.431401596138855, 43.701506192018464 ], [ -79.431587518621384, 43.699129098879439 ], [ -79.433672180687921, 43.6983427811737 ], [ -79.434049743066211, 43.698610285817217 ], [ -79.434842157065233, 43.700074013150932 ], [ -79.431401596138855, 43.701506192018464 ] ] ] } },
{ "type": "Feature", "properties": { "vor_id": 333, "theft_count": 34, "bike_trips": 0.0, "theft_per_1000_trips": "<NA>" }, "geometry": { "type": "Polygon", "coordinates": [ [ [ -79.372383236497484, 43.650709135990084 ], [ -79.372470413700285, 43.650747729779532 ], [ -79.37188906027751, 43.651965617966191 ], [ -79.370634339351199, 43.652508434183481 ], [ -79.370370125268124, 43.651389163108213 ], [ -79.37203764147074, 43.65064981345887 ], [ -79.372383236497484, 43.650709135990084 ] ] ] } },
{ "type": "Feature", "properties": { "vor_id": 334, "theft_count": 18, "bike_trips": 0.0, "theft_per_1000_trips": "<NA>" }, "geometry": { "type": "Polygon", "coordinates": [ [ [ -79.448818873143153, 43.683327147890736 ], [ -79.454684555374314, 43.677203638332188 ], [ -79.456389984781666, 43.676894439878488 ], [ -79.456462297263556, 43.676901096007704 ], [ -79.462824766534567, 43.680521628289675 ], [ -79.459789876391696, 43.686828323985985 ], [ -79.45848882971562, 43.687231734324634 ], [ -79.448818873143153, 43.683327147890736 ] ] ] } },
{ "type": "Feature", "properties": { "vor_id": 335, "theft_count": 27, "bike_trips": 0.0, "theft_per_1000_trips": "<NA>" }, "geometry": { "type": "Polygon", "coordinates": [ [ [ -79.398509158791128, 43.657093045003919 ], [ -79.398942328533039, 43.657508118503877 ], [ -79.399196649451198, 43.658881956311518 ], [ -79.398357301821818, 43.659821912240254 ], [ -79.397808109313502, 43.659425593342661 ], [ -79.397431054763587, 43.657536915760033 ], [ -79.398509158791128, 43.657093045003919 ] ] ] } },
{ "type": "Feature", "properties": { "vor_id": 336, "theft_count": 28, "bike_trips": 0.0, "theft_per_1000_trips": "<NA>" }, "geometry": { "type": "Polygon", "coordinates": [ [ [ -79.39992050731091, 43.709924616468427 ], [ -79.396655086558425, 43.71061646327783 ], [ -79.396245761809567, 43.710003071750158 ], [ -79.396761288655227, 43.70900949531773 ], [ -79.39974661784521, 43.708323786517497 ], [ -79.399954602324939, 43.708627142297601 ], [ -79.39992050731091, 43.709924616468427 ] ] ] } },
{ "type": "Feature", "properties": { "vor_id": 337, "theft_count": 21, "bike_trips": 0.0, "theft_per_1000_trips": "<NA>" }, "geometry": { "type": "Polygon", "coordinates": [ [ [ -79.340284361067603, 43.659281335837882 ], [ -79.343149568051857, 43.659408272056304 ], [ -79.342367455768425, 43.660819180329817 ], [ -79.341810653718142, 43.661290297099555 ], [ -79.340699789065127, 43.661079246744784 ], [ -79.340284361067603, 43.659281335837882 ] ] ] } },
{ "type": "Feature", "properties": { "vor_id": 338, "theft_count": 16, "bike_trips": 0.0, "theft_per_1000_trips": "<NA>" }, "geometry": { "type": "Polygon", "coordinates": [ [ [ -79.460906131716868, 43.653969887565488 ], [ -79.462011117358244, 43.655974052712622 ], [ -79.46079140279744, 43.659502000558099 ], [ -79.457770805506627, 43.658049134525811 ], [ -79.457476178592046, 43.657547844187057 ], [ -79.458315952882714, 43.655245713777482 ], [ -79.460906131716868, 43.653969887565488 ] ] ] } },
{ "type": "Feature", "properties": { "vor_id": 339, "theft_count": 12, "bike_trips": 0.0, "theft_per_1000_trips": "<NA>" }, "geometry": { "type": "Polygon", "coordinates": [ [ [ -79.417639494602099, 43.687950624546026 ], [ -79.418044290216613, 43.688896802313437 ], [ -79.418120121471986, 43.692159185508238 ], [ -79.417329474573009, 43.693505124142867 ], [ -79.411801651898003, 43.69468459296629 ], [ -79.413747507139846, 43.68763825831784 ], [ -79.417639494602099, 43.687950624546026 ] ] ] } },
{ "type": "Feature", "properties": { "vor_id": 340, "theft_count": 14, "bike_trips": 0.0, "theft_per_1000_trips": "<NA>" }, "geometry": { "type": "Polygon", "coordinates": [ [ [ -79.399142470166666, 43.653225134727748 ], [ -79.399363131353155, 43.653221230830816 ], [ -79.399640446700005, 43.654619664820601 ], [ -79.397750863330273, 43.654685495467369 ], [ -79.397466179054803, 43.654134168110325 ], [ -79.399142470166666, 43.653225134727748 ] ] ] } },
{ "type": "Feature", "properties": { "vor_id": 341, "theft_count": 8, "bike_trips": 0.0, "theft_per_1000_trips": "<NA>" }, "geometry": { "type": "Polygon", "coordinates": [ [ [ -79.327988294052673, 43.666547969256861 ], [ -79.327720933172628, 43.666414727057678 ], [ -79.326038018738544, 43.663815758273302 ], [ -79.328583013782094, 43.662717520017807 ], [ -79.32916598082177, 43.665271482805501 ], [ -79.327988294052673, 43.666547969256861 ] ] ] } },
{ "type": "Feature", "properties": { "vor_id": 342, "theft_count": 36, "bike_trips": 0.0, "theft_per_1000_trips": "<NA>" }, "geometry": { "type": "Polygon", "coordinates": [ [ [ -79.392360894256669, 43.652863255647631 ], [ -79.392370459394016, 43.652685712922882 ], [ -79.393503866333702, 43.651680713151748 ], [ -79.394322991848867, 43.651608538175694 ], [ -79.394817465161367, 43.652064484799872 ], [ -79.394989788724402, 43.652857291165802 ], [ -79.39407687439035, 43.653234337995237 ], [ -79.392360894256669, 43.652863255647631 ] ] ] } },
{ "type": "Feature", "properties": { "vor_id": 343, "theft_count": 2, "bike_trips": 0.0, "theft_per_1000_trips": "<NA>" }, "geometry": { "type": "Polygon", "coordinates": [ [ [ -79.504827645704779, 43.696396689564814 ], [ -79.512609512137928, 43.69089975397798 ], [ -79.51375954520671, 43.691145034828565 ], [ -79.513946731975651, 43.695154666058144 ], [ -79.508109293157759, 43.69842113035493 ], [ -79.504827645704779, 43.696396689564814 ] ] ] } },
{ "type": "Feature", "properties": { "vor_id": 344, "theft_count": 54, "bike_trips": 0.0, "theft_per_1000_trips": "<NA>" }, "geometry": { "type": "Polygon", "coordinates": [ [ [ -79.36684416700713, 43.652138871233916 ], [ -79.367888511255799, 43.651685679502108 ], [ -79.368183078939438, 43.653047007937538 ], [ -79.367442710725143, 43.654361504224624 ], [ -79.367340709179075, 43.654303468431181 ], [ -79.36684416700713, 43.652138871233916 ] ] ] } },
{ "type": "Feature", "properties": { "vor_id": 345, "theft_count": 24, "bike_trips": 0.0, "theft_per_1000_trips": "<NA>" }, "geometry": { "type": "Polygon", "coordinates": [ [ [ -79.424906111403928, 43.638367776697152 ], [ -79.424380519299731, 43.635895835337003 ], [ -79.426605427601643, 43.636320924796266 ], [ -79.427371540548222, 43.637216266454139 ], [ -79.427188367536772, 43.637712675450288 ], [ -79.425258623215299, 43.638450214986662 ], [ -79.424906111403928, 43.638367776697152 ] ] ] } },
{ "type": "Feature", "properties": { "vor_id": 346, "theft_count": 29, "bike_trips": 0.0, "theft_per_1000_trips": "<NA>" }, "geometry": { "type": "Polygon", "coordinates": [ [ [ -79.413271253177072, 43.762321058903517 ], [ -79.409904751434908, 43.763141965414015 ], [ -79.40974065897359, 43.762300008705949 ], [ -79.412197201021726, 43.761609023540494 ], [ -79.413271253177072, 43.762321058903517 ] ] ] } },
{ "type": "Feature", "properties": { "vor_id": 347, "theft_count": 76, "bike_trips": 0.0, "theft_per_1000_trips": "<NA>" }, "geometry": { "type": "Polygon", "coordinates": [ [ [ -79.381511211914443, 43.649997253722248 ], [ -79.381287206001119, 43.648948293823359 ], [ -79.381834193183266, 43.647899042121153 ], [ -79.382693708518332, 43.648634584605333 ], [ -79.383252357036696, 43.649542427049944 ], [ -79.381670794694031, 43.650173069428597 ], [ -79.381511211914443, 43.649997253722248 ] ] ] } },
{ "type": "Feature", "properties": { "vor_id": 348, "theft_count": 11, "bike_trips": 0.0, "theft_per_1000_trips": "<NA>" }, "geometry": { "type": "Polygon", "coordinates": [ [ [ -79.44734006778836, 43.650224527675455 ], [ -79.447306502397765, 43.648994137854451 ], [ -79.45065405692479, 43.647709342481207 ], [ -79.451428506135883, 43.64882369378445 ], [ -79.447647617993695, 43.650299882419013 ], [ -79.44734006778836, 43.650224527675455 ] ] ] } },
{ "type": "Feature", "properties": { "vor_id": 349, "theft_count": 28, "bike_trips": 0.0, "theft_per_1000_trips": "<NA>" }, "geometry": { "type": "Polygon", "coordinates": [ [ [ -79.441805589656369, 43.648146504017227 ], [ -79.440643515221112, 43.64726229034499 ], [ -79.441417446729503, 43.644761398117375 ], [ -79.445099945188758, 43.643343378846431 ], [ -79.445951527836712, 43.645524070014289 ], [ -79.445979104294821, 43.646525876199966 ], [ -79.441805589656369, 43.648146504017227 ] ] ] } },
{ "type": "Feature", "properties": { "vor_id": 350, "theft_count": 35, "bike_trips": 0.0, "theft_per_1000_trips": "<NA>" }, "geometry": { "type": "Polygon", "coordinates": [ [ [ -79.378584133755623, 43.665544153857176 ], [ -79.377372106899443, 43.666059916720542 ], [ -79.376640558307741, 43.665201097703282 ], [ -79.376490825353287, 43.664475656789207 ], [ -79.37660175734095, 43.664106908187868 ], [ -79.377030701481004, 43.66392637544417 ], [ -79.378292724676257, 43.664197709277111 ], [ -79.378584133755623, 43.665544153857176 ] ] ] } },
{ "type": "Feature", "properties": { "vor_id": 351, "theft_count": 1, "bike_trips": 0.0, "theft_per_1000_trips": "<NA>" }, "geometry": { "type": "Polygon", "coordinates": [ [ [ -79.470951459765757, 43.655605312817386 ], [ -79.472288758441749, 43.659123317875185 ], [ -79.470266605275242, 43.659589208036031 ], [ -79.469841594919245, 43.657049281158571 ], [ -79.470951459765757, 43.655605312817386 ] ] ] } },
{ "type": "Feature", "properties": { "vor_id": 352, "theft_count": 73, "bike_trips": 0.0, "theft_per_1000_trips": "<NA>" }, "geometry": { "type": "Polygon", "coordinates": [ [ [ -79.37944176251699, 43.648221438825857 ], [ -79.378459200687786, 43.647117175291811 ], [ -79.380892217786041, 43.646042475010155 ], [ -79.381077267973382, 43.646293290087641 ], [ -79.381538191227179, 43.647327804530043 ], [ -79.37944176251699, 43.648221438825857 ] ] ] } },
{ "type": "Feature", "properties": { "vor_id": 353, "theft_count": 4, "bike_trips": 0.0, "theft_per_1000_trips": "<NA>" }, "geometry": { "type": "Polygon", "coordinates": [ [ [ -79.405266706854164, 43.67140244750918 ], [ -79.405898755699653, 43.67453444405654 ], [ -79.405764518405348, 43.674741774716395 ], [ -79.40456291193594, 43.673921985484967 ], [ -79.403984225462139, 43.67114058234457 ], [ -79.405266706854164, 43.67140244750918 ] ] ] } },
{ "type": "Feature", "properties": { "vor_id": 354, "theft_count": 24, "bike_trips": 0.0, "theft_per_1000_trips": "<NA>" }, "geometry": { "type": "Polygon", "coordinates": [ [ [ -79.394773861090513, 43.66397071466281 ], [ -79.394639910459944, 43.665352605997782 ], [ -79.39262464544737, 43.664928858323421 ], [ -79.392467016625773, 43.664895713875339 ], [ -79.392168538071786, 43.662765891190389 ], [ -79.392931269627468, 43.66226538839561 ], [ -79.39488688751247, 43.662804686310068 ], [ -79.394773861090513, 43.66397071466281 ] ] ] } },
{ "type": "Feature", "properties": { "vor_id": 355, "theft_count": 11, "bike_trips": 0.0, "theft_per_1000_trips": "<NA>" }, "geometry": { "type": "Polygon", "coordinates": [ [ [ -79.379368721285985, 43.669802059418402 ], [ -79.379305668702543, 43.670332452213252 ], [ -79.377525365501242, 43.671081734311727 ], [ -79.377306643404765, 43.670122925996814 ], [ -79.378860732080611, 43.66947521202583 ], [ -79.379368721285985, 43.669802059418402 ] ] ] } },
{ "type": "Feature", "properties": { "vor_id": 356, "theft_count": 0, "bike_trips": 0.0, "theft_per_1000_trips": "<NA>" }, "geometry": { "type": "Polygon", "coordinates": [ [ [ -79.316367107337911, 43.710951641705556 ], [ -79.320351714713325, 43.711883796479704 ], [ -79.319765176946021, 43.719345658208248 ], [ -79.317107159568309, 43.722850197240597 ], [ -79.306501882306321, 43.717162395259329 ], [ -79.30838889184129, 43.716269906217519 ], [ -79.312597566650979, 43.71374732361523 ], [ -79.316367107337911, 43.710951641705556 ] ] ] } },
{ "type": "Feature", "properties": { "vor_id": 357, "theft_count": 24, "bike_trips": 0.0, "theft_per_1000_trips": "<NA>" }, "geometry": { "type": "Polygon", "coordinates": [ [ [ -79.412783894914426, 43.667096843289876 ], [ -79.410998812949316, 43.667801410958489 ], [ -79.410222958356741, 43.666981230478484 ], [ -79.410780954238945, 43.666162547931364 ], [ -79.412548422119244, 43.665467383685524 ], [ -79.41338195781023, 43.666226772052937 ], [ -79.412783894914426, 43.667096843289876 ] ] ] } },
{ "type": "Feature", "properties": { "vor_id": 358, "theft_count": 65, "bike_trips": 0.0, "theft_per_1000_trips": "<NA>" }, "geometry": { "type": "Polygon", "coordinates": [ [ [ -79.388785926242463, 43.671492462603304 ], [ -79.388789828245905, 43.671511154462813 ], [ -79.3860059112952, 43.672665914062996 ], [ -79.386028385631221, 43.672133562752812 ], [ -79.388416663177068, 43.671159660531195 ], [ -79.388628881631618, 43.67122038373023 ], [ -79.388785926242463, 43.671492462603304 ] ] ] } },
{ "type": "Feature", "properties": { "vor_id": 359, "theft_count": 24, "bike_trips": 0.0, "theft_per_1000_trips": "<NA>" }, "geometry": { "type": "Polygon", "coordinates": [ [ [ -79.380495328729026, 43.668075865576974 ], [ -79.380672352284549, 43.66833033709807 ], [ -79.380857620403461, 43.669213816120497 ], [ -79.379368721285985, 43.669802059418402 ], [ -79.378860732080611, 43.66947521202583 ], [ -79.378701708611572, 43.668636163738135 ], [ -79.379773793001533, 43.668182895291658 ], [ -79.380495328729026, 43.668075865576974 ] ] ] } },
{ "type": "Feature", "properties": { "vor_id": 360, "theft_count": 18, "bike_trips": 0.0, "theft_per_1000_trips": "<NA>" }, "geometry": { "type": "Polygon", "coordinates": [ [ [ -79.410937223556203, 43.671216582092732 ], [ -79.407791467300811, 43.671415776404501 ], [ -79.408450618604547, 43.669625462882365 ], [ -79.408611268727199, 43.669562144035702 ], [ -79.410665943660831, 43.669873930219765 ], [ -79.410937223556203, 43.671216582092732 ] ] ] } },
{ "type": "Feature", "properties": { "vor_id": 361, "theft_count": 47, "bike_trips": 0.0, "theft_per_1000_trips": "<NA>" }, "geometry": { "type": "Polygon", "coordinates": [ [ [ -79.480985782644808, 43.649713884246715 ], [ -79.481154870686808, 43.64330952720416 ], [ -79.482691254151902, 43.64187474006718 ], [ -79.486554643213537, 43.64302311477207 ], [ -79.487603074208465, 43.64848469937548 ], [ -79.481300798221838, 43.651138724462584 ], [ -79.480985782644808, 43.649713884246715 ] ] ] } },
{ "type": "Feature", "properties": { "vor_id": 362, "theft_count": 17, "bike_trips": 0.0, "theft_per_1000_trips": "<NA>" }, "geometry": { "type": "Polygon", "coordinates": [ [ [ -79.394910899865437, 43.644886068143826 ], [ -79.39511670883968, 43.645850454343581 ], [ -79.394525832064431, 43.646105460106313 ], [ -79.394333736752841, 43.645914223169171 ], [ -79.394183716258638, 43.645182399317562 ], [ -79.394910899865437, 43.644886068143826 ] ] ] } },
{ "type": "Feature", "properties": { "vor_id": 363, "theft_count": 109, "bike_trips": 0.0, "theft_per_1000_trips": "<NA>" }, "geometry": { "type": "Polygon", "coordinates": [ [ [ -79.416840394894876, 43.639846030777456 ], [ -79.416751684412176, 43.639911481820555 ], [ -79.41581530468882, 43.640216509540764 ], [ -79.415080914402395, 43.639667428370025 ], [ -79.414994338481208, 43.638561897019997 ], [ -79.415491967904671, 43.635864266813783 ], [ -79.415543199732213, 43.635902195755122 ], [ -79.416840394894876, 43.639846030777456 ] ] ] } },
{ "type": "Feature", "properties": { "vor_id": 364, "theft_count": 23, "bike_trips": 0.0, "theft_per_1000_trips": "<NA>" }, "geometry": { "type": "Polygon", "coordinates": [ [ [ -79.392669741132764, 43.646253828908911 ], [ -79.393016736161542, 43.646429032401166 ], [ -79.393857586036361, 43.647541170862162 ], [ -79.392638254214305, 43.648029464336389 ], [ -79.392312861939544, 43.646398853319617 ], [ -79.392669741132764, 43.646253828908911 ] ] ] } },
{ "type": "Feature", "properties": { "vor_id": 365, "theft_count": 19, "bike_trips": 0.0, "theft_per_1000_trips": "<NA>" }, "geometry": { "type": "Polygon", "coordinates": [ [ [ -79.455099474008975, 43.724154706972826 ], [ -79.452205606804526, 43.719767716764025 ], [ -79.452503997713862, 43.719039192148514 ], [ -79.465282197939743, 43.716109174500993 ], [ -79.468283621845515, 43.721039967030727 ], [ -79.455099474008975, 43.724154706972826 ] ] ] } },
{ "type": "Feature", "properties": { "vor_id": 366, "theft_count": 66, "bike_trips": 0.0, "theft_per_1000_trips": "<NA>" }, "geometry": { "type": "Polygon", "coordinates": [ [ [ -79.400416958852801, 43.635801539140459 ], [ -79.400583552544845, 43.63599347553933 ], [ -79.400426433718337, 43.636756087005914 ], [ -79.399141849976161, 43.637292202872139 ], [ -79.398406487336047, 43.636883300244605 ], [ -79.39823549709422, 43.636376575894019 ], [ -79.399829359452838, 43.63579399533122 ], [ -79.400416958852801, 43.635801539140459 ] ] ] } },
{ "type": "Feature", "properties": { "vor_id": 367, "theft_count": 21, "bike_trips": 0.0, "theft_per_1000_trips": "<NA>" }, "geometry": { "type": "Polygon", "coordinates": [ [ [ -79.392802720192464, 43.655754336465861 ], [ -79.393191295368695, 43.657596765886332 ], [ -79.392840720137769, 43.657741358664225 ], [ -79.391428799606558, 43.657164467992217 ], [ -79.391585223328576, 43.656291055748248 ], [ -79.392802720192464, 43.655754336465861 ] ] ] } },
{ "type": "Feature", "properties": { "vor_id": 368, "theft_count": 45, "bike_trips": 0.0, "theft_per_1000_trips": "<NA>" }, "geometry": { "type": "Polygon", "coordinates": [ [ [ -79.446501699499663, 43.665648345589901 ], [ -79.445611809639942, 43.661895973717975 ], [ -79.448251191525927, 43.662377105111737 ], [ -79.449250331610742, 43.66340608424219 ], [ -79.448159168178535, 43.665962835307589 ], [ -79.446501699499663, 43.665648345589901 ] ] ] } },
{ "type": "Feature", "properties": { "vor_id": 369, "theft_count": 10, "bike_trips": 0.0, "theft_per_1000_trips": "<NA>" }, "geometry": { "type": "Polygon", "coordinates": [ [ [ -79.406625579287393, 43.644754377066072 ], [ -79.405640564329076, 43.645694391959232 ], [ -79.404727419274806, 43.64590313536111 ], [ -79.403928255540208, 43.645447634912188 ], [ -79.403822497543018, 43.644010383729182 ], [ -79.403968149053426, 43.643656769389331 ], [ -79.403983171742908, 43.64366040241034 ], [ -79.406625579287393, 43.644754377066072 ] ] ] } },
{ "type": "Feature", "properties": { "vor_id": 370, "theft_count": 5, "bike_trips": 0.0, "theft_per_1000_trips": "<NA>" }, "geometry": { "type": "Polygon", "coordinates": [ [ [ -79.366580542993518, 43.646948789816285 ], [ -79.36708889402604, 43.64690036070121 ], [ -79.367199373653165, 43.648743012837791 ], [ -79.364605501854371, 43.649578026362036 ], [ -79.366580542993518, 43.646948789816285 ] ] ] } },
{ "type": "Feature", "properties": { "vor_id": 371, "theft_count": 24, "bike_trips": 0.0, "theft_per_1000_trips": "<NA>" }, "geometry": { "type": "Polygon", "coordinates": [ [ [ -79.4271560181393, 43.652901534688425 ], [ -79.427526440212574, 43.654650793669845 ], [ -79.426089148256523, 43.655210170430806 ], [ -79.425565623230213, 43.652685295794996 ], [ -79.426493401288866, 43.652319051212402 ], [ -79.4271560181393, 43.652901534688425 ] ] ] } },
{ "type": "Feature", "properties": { "vor_id": 372, "theft_count": 7, "bike_trips": 0.0, "theft_per_1000_trips": "<NA>" }, "geometry": { "type": "Polygon", "coordinates": [ [ [ -79.406482592030841, 43.650143004560462 ], [ -79.40539509119786, 43.650586420588802 ], [ -79.405290501986414, 43.648051695194944 ], [ -79.406061443558897, 43.647745813055373 ], [ -79.40611011608776, 43.647758145514814 ], [ -79.406482592030841, 43.650143004560462 ] ] ] } },
{ "type": "Feature", "properties": { "vor_id": 373, "theft_count": 31, "bike_trips": 0.0, "theft_per_1000_trips": "<NA>" }, "geometry": { "type": "Polygon", "coordinates": [ [ [ -79.448159168178535, 43.665962835307589 ], [ -79.449250331610742, 43.66340608424219 ], [ -79.451689464210602, 43.66366174043219 ], [ -79.452235627628966, 43.666256356608507 ], [ -79.449516352296641, 43.667434511666528 ], [ -79.448318761747245, 43.666734557663652 ], [ -79.448159168178535, 43.665962835307589 ] ] ] } },
{ "type": "Feature", "properties": { "vor_id": 374, "theft_count": 5, "bike_trips": 0.0, "theft_per_1000_trips": "<NA>" }, "geometry": { "type": "Polygon", "coordinates": [ [ [ -79.39511670883968, 43.645850454343581 ], [ -79.396337132931009, 43.645710370073438 ], [ -79.395515324557067, 43.64642949261615 ], [ -79.394661301519861, 43.646769735006636 ], [ -79.394525832064431, 43.646105460106313 ], [ -79.39511670883968, 43.645850454343581 ] ] ] } },
{ "type": "Feature", "properties": { "vor_id": 375, "theft_count": 10, "bike_trips": 0.0, "theft_per_1000_trips": "<NA>" }, "geometry": { "type": "Polygon", "coordinates": [ [ [ -79.298396597601766, 43.695970605649315 ], [ -79.296951827928311, 43.693513120323026 ], [ -79.299121242236751, 43.691040827583677 ], [ -79.29913959946542, 43.691031105991257 ], [ -79.301602824096733, 43.692127965695938 ], [ -79.303631014535952, 43.696760352498046 ], [ -79.298396597601766, 43.695970605649315 ] ] ] } },
{ "type": "Feature", "properties": { "vor_id": 376, "theft_count": 139, "bike_trips": 0.0, "theft_per_1000_trips": "<NA>" }, "geometry": { "type": "Polygon", "coordinates": [ [ [ -79.478844099223323, 43.619543934465376 ], [ -79.483881688718796, 43.623417109456675 ], [ -79.482522699125397, 43.625868162779348 ], [ -79.480588564441916, 43.624862962995685 ], [ -79.478844099223323, 43.619543934465376 ] ] ] } },
{ "type": "Feature", "properties": { "vor_id": 377, "theft_count": 10, "bike_trips": 0.0, "theft_per_1000_trips": "<NA>" }, "geometry": { "type": "Polygon", "coordinates": [ [ [ -79.448020945888885, 43.669464016602504 ], [ -79.449798073151328, 43.668704415157066 ], [ -79.450812255978462, 43.66988377329109 ], [ -79.447321204987475, 43.670784415858257 ], [ -79.448020945888885, 43.669464016602504 ] ] ] } },
{ "type": "Feature", "properties": { "vor_id": 378, "theft_count": 13, "bike_trips": 0.0, "theft_per_1000_trips": "<NA>" }, "geometry": { "type": "Polygon", "coordinates": [ [ [ -79.326038018738544, 43.663815758273302 ], [ -79.327720933172628, 43.666414727057678 ], [ -79.325308183654997, 43.666335922379304 ], [ -79.324587385294606, 43.665687020687372 ], [ -79.325129659830537, 43.663293317051483 ], [ -79.326038018738544, 43.663815758273302 ] ] ] } },
{ "type": "Feature", "properties": { "vor_id": 379, "theft_count": 42, "bike_trips": 0.0, "theft_per_1000_trips": "<NA>" }, "geometry": { "type": "Polygon", "coordinates": [ [ [ -79.382001426894277, 43.662202402994623 ], [ -79.384488057035583, 43.661178609635833 ], [ -79.384662809551685, 43.661536491841865 ], [ -79.382664855459765, 43.662383018364253 ], [ -79.382001426894277, 43.662202402994623 ] ] ] } },
{ "type": "Feature", "properties": { "vor_id": 380, "theft_count": 6, "bike_trips": 0.0, "theft_per_1000_trips": "<NA>" }, "geometry": { "type": "Polygon", "coordinates": [ [ [ -79.346364875852174, 43.68393185046952 ], [ -79.34767766617172, 43.682970510825882 ], [ -79.348618505200349, 43.684230424446454 ], [ -79.349041557048778, 43.686856503039429 ], [ -79.347323052349424, 43.687222930746252 ], [ -79.345971646476102, 43.685696640695518 ], [ -79.346364875852174, 43.68393185046952 ] ] ] } },
{ "type": "Feature", "properties": { "vor_id": 381, "theft_count": 32, "bike_trips": 0.0, "theft_per_1000_trips": "<NA>" }, "geometry": { "type": "Polygon", "coordinates": [ [ [ -79.422961693481511, 43.660779644448695 ], [ -79.424251425525156, 43.660966316890885 ], [ -79.424754571608943, 43.66334607238452 ], [ -79.424498718149167, 43.663456116595476 ], [ -79.422780167317825, 43.663252705200883 ], [ -79.422345397607373, 43.661263366751768 ], [ -79.422961693481511, 43.660779644448695 ] ] ] } },
{ "type": "Feature", "properties": { "vor_id": 382, "theft_count": 10, "bike_trips": 0.0, "theft_per_1000_trips": "<NA>" }, "geometry": { "type": "Polygon", "coordinates": [ [ [ -79.403628751260854, 43.654845665749534 ], [ -79.402969013982087, 43.654536708081572 ], [ -79.402280339612716, 43.65372447720636 ], [ -79.402593042019987, 43.651785345531316 ], [ -79.402648825121076, 43.651783228737131 ], [ -79.404151806470182, 43.653934378532128 ], [ -79.403628751260854, 43.654845665749534 ] ] ] } },
{ "type": "Feature", "properties": { "vor_id": 383, "theft_count": 3, "bike_trips": 0.0, "theft_per_1000_trips": "<NA>" }, "geometry": { "type": "Polygon", "coordinates": [ [ [ -79.419204124741995, 43.701006294340729 ], [ -79.41764091451536, 43.70063959758248 ], [ -79.418892841450713, 43.695653819551829 ], [ -79.419658744870574, 43.696069193494203 ], [ -79.423258306283529, 43.698925470829799 ], [ -79.423344732975607, 43.699363027796736 ], [ -79.421567099413338, 43.700875707137492 ], [ -79.419204124741995, 43.701006294340729 ] ] ] } },
{ "type": "Feature", "properties": { "vor_id": 384, "theft_count": 27, "bike_trips": 0.0, "theft_per_1000_trips": "<NA>" }, "geometry": { "type": "Polygon", "coordinates": [ [ [ -79.348326577166389, 43.67802966604448 ], [ -79.347594369596877, 43.679413939106183 ], [ -79.346337305099794, 43.679881571819259 ], [ -79.344546402311778, 43.678125896358218 ], [ -79.346358925153098, 43.676241362029053 ], [ -79.348326577166389, 43.67802966604448 ] ] ] } },
{ "type": "Feature", "properties": { "vor_id": 385, "theft_count": 25, "bike_trips": 0.0, "theft_per_1000_trips": "<NA>" }, "geometry": { "type": "Polygon", "coordinates": [ [ [ -79.360469071171224, 43.648515693745985 ], [ -79.356696494869382, 43.643328537657489 ], [ -79.355898778472152, 43.641776769293472 ], [ -79.356366779978501, 43.640977145710508 ], [ -79.356761900323392, 43.640773901901127 ], [ -79.363386375944344, 43.646157444101767 ], [ -79.36419509213664, 43.649990521264918 ], [ -79.364176733209021, 43.650065976202264 ], [ -79.360469071171224, 43.648515693745985 ] ] ] } },
{ "type": "Feature", "properties": { "vor_id": 386, "theft_count": 14, "bike_trips": 0.0, "theft_per_1000_trips": "<NA>" }, "geometry": { "type": "Polygon", "coordinates": [ [ [ -79.339976765512318, 43.668570202986047 ], [ -79.341571878406612, 43.667360366543498 ], [ -79.344017457683165, 43.666368453302141 ], [ -79.344890264422503, 43.667272026081406 ], [ -79.34475861361129, 43.669016677120958 ], [ -79.341232496506137, 43.670528573713845 ], [ -79.339971257720762, 43.668829855907411 ], [ -79.339976765512318, 43.668570202986047 ] ] ] } },
{ "type": "Feature", "properties": { "vor_id": 387, "theft_count": 10, "bike_trips": 0.0, "theft_per_1000_trips": "<NA>" }, "geometry": { "type": "Polygon", "coordinates": [ [ [ -79.191082451664286, 43.768976544293317 ], [ -79.182151477206801, 43.772475175710092 ], [ -79.182121985670292, 43.770561189020384 ], [ -79.190685216490124, 43.768108635471755 ], [ -79.191082451664286, 43.768976544293317 ] ] ] } },
{ "type": "Feature", "properties": { "vor_id": 388, "theft_count": 13, "bike_trips": 0.0, "theft_per_1000_trips": "<NA>" }, "geometry": { "type": "Polygon", "coordinates": [ [ [ -79.375675934781142, 43.667624827718171 ], [ -79.374775480543647, 43.668009274622243 ], [ -79.374382000633915, 43.667957311951639 ], [ -79.373887794565519, 43.665672469867992 ], [ -79.375036545066664, 43.666367843091919 ], [ -79.375675934781142, 43.667624827718171 ] ] ] } },
{ "type": "Feature", "properties": { "vor_id": 389, "theft_count": 31, "bike_trips": 0.0, "theft_per_1000_trips": "<NA>" }, "geometry": { "type": "Polygon", "coordinates": [ [ [ -79.425714576419139, 43.644935157312617 ], [ -79.425760814703708, 43.644812087480005 ], [ -79.426723720358666, 43.643558286392661 ], [ -79.428225790606305, 43.642994450362998 ], [ -79.428862000001971, 43.643204920253794 ], [ -79.429561461438752, 43.643874031905838 ], [ -79.4296269948466, 43.644281487244101 ], [ -79.426769672135748, 43.645423139745503 ], [ -79.425714576419139, 43.644935157312617 ] ] ] } },
{ "type": "Feature", "properties": { "vor_id": 390, "theft_count": 9, "bike_trips": 0.0, "theft_per_1000_trips": "<NA>" }, "geometry": { "type": "Polygon", "coordinates": [ [ [ -79.463004947334994, 43.646872384004496 ], [ -79.461006655346409, 43.648527955079494 ], [ -79.456240643227986, 43.649534698965383 ], [ -79.454508453755437, 43.646829529527508 ], [ -79.454845857428808, 43.644006833718407 ], [ -79.456051046239722, 43.641147360919888 ], [ -79.456570731883687, 43.640929991940176 ], [ -79.463923776987912, 43.643701259227079 ], [ -79.464400623926551, 43.644229638363242 ], [ -79.464832151378957, 43.644967993391255 ], [ -79.463004947334994, 43.646872384004496 ] ] ] } },
{ "type": "Feature", "properties": { "vor_id": 391, "theft_count": 14, "bike_trips": 0.0, "theft_per_1000_trips": "<NA>" }, "geometry": { "type": "Polygon", "coordinates": [ [ [ -79.332393854647137, 43.678625809748205 ], [ -79.330601098447545, 43.679593836744424 ], [ -79.329791408705319, 43.679558663897247 ], [ -79.328004579487342, 43.678396357474902 ], [ -79.327837349842497, 43.678040501584029 ], [ -79.332464958718248, 43.675134009517727 ], [ -79.333489293456196, 43.675631376740348 ], [ -79.332790432927851, 43.677921270905529 ], [ -79.332393854647137, 43.678625809748205 ] ] ] } },
{ "type": "Feature", "properties": { "vor_id": 392, "theft_count": 20, "bike_trips": 0.0, "theft_per_1000_trips": "<NA>" }, "geometry": { "type": "Polygon", "coordinates": [ [ [ -79.298671624878907, 43.67469227162286 ], [ -79.299760822009333, 43.679275754845939 ], [ -79.297430724010923, 43.680214093540314 ], [ -79.296193612808196, 43.675086943188532 ], [ -79.297041651693547, 43.674695680750972 ], [ -79.298671624878907, 43.67469227162286 ] ] ] } },
{ "type": "Feature", "properties": { "vor_id": 393, "theft_count": 12, "bike_trips": 0.0, "theft_per_1000_trips": "<NA>" }, "geometry": { "type": "Polygon", "coordinates": [ [ [ -79.420501207459679, 43.658293515684683 ], [ -79.417598427788803, 43.659427751318965 ], [ -79.417219046367279, 43.658900542246649 ], [ -79.416889210838505, 43.657345664252141 ], [ -79.41875121753047, 43.656110463979346 ], [ -79.419232312768372, 43.656309287763264 ], [ -79.420547368260713, 43.658159508648971 ], [ -79.420501207459679, 43.658293515684683 ] ] ] } },
{ "type": "Feature", "properties": { "vor_id": 394, "theft_count": 9, "bike_trips": 0.0, "theft_per_1000_trips": "<NA>" }, "geometry": { "type": "Polygon", "coordinates": [ [ [ -79.385401516728535, 43.66340339576913 ], [ -79.387626472244378, 43.662471069251744 ], [ -79.388166948371023, 43.66270833140333 ], [ -79.388768668718214, 43.663110926081494 ], [ -79.386214563401595, 43.664171278049444 ], [ -79.385401516728535, 43.66340339576913 ] ] ] } },
{ "type": "Feature", "properties": { "vor_id": 395, "theft_count": 15, "bike_trips": 0.0, "theft_per_1000_trips": "<NA>" }, "geometry": { "type": "Polygon", "coordinates": [ [ [ -79.392312861939544, 43.646398853319617 ], [ -79.392638254214305, 43.648029464336389 ], [ -79.392510229940498, 43.64817764041365 ], [ -79.391996855193099, 43.648139089514437 ], [ -79.391714115730409, 43.646774949039283 ], [ -79.392076101079738, 43.64641293250088 ], [ -79.392312861939544, 43.646398853319617 ] ] ] } },
{ "type": "Feature", "properties": { "vor_id": 396, "theft_count": 1, "bike_trips": 0.0, "theft_per_1000_trips": "<NA>" }, "geometry": { "type": "Polygon", "coordinates": [ [ [ -79.442028752983788, 43.710214421266798 ], [ -79.443263911350257, 43.7112164946722 ], [ -79.434357274072227, 43.714951183698162 ], [ -79.433045408467919, 43.713907061143026 ], [ -79.442028752983788, 43.710214421266798 ] ] ] } },
{ "type": "Feature", "properties": { "vor_id": 397, "theft_count": 29, "bike_trips": 0.0, "theft_per_1000_trips": "<NA>" }, "geometry": { "type": "Polygon", "coordinates": [ [ [ -79.349556153393223, 43.65830810084023 ], [ -79.351259866427668, 43.659708501340319 ], [ -79.35081688001884, 43.661738753526791 ], [ -79.35051024716941, 43.662101130310376 ], [ -79.35031448002799, 43.661995719896687 ], [ -79.349617102591736, 43.661495002171698 ], [ -79.348812430093489, 43.659026841096455 ], [ -79.34884713209351, 43.65846450574157 ], [ -79.349556153393223, 43.65830810084023 ] ] ] } },
{ "type": "Feature", "properties": { "vor_id": 398, "theft_count": 138, "bike_trips": 14741.0, "theft_per_1000_trips": "9.361644393189065" }, "geometry": { "type": "Polygon", "coordinates": [ [ [ -79.249257914599838, 43.789673097679 ], [ -79.253147067259434, 43.78440844324512 ], [ -79.256251777618232, 43.785519326374526 ], [ -79.260687442841288, 43.787617239782669 ], [ -79.264896117650977, 43.790139822384958 ], [ -79.265367109457969, 43.790489133715923 ], [ -79.262860383331855, 43.79325487979181 ], [ -79.259937425384877, 43.797196032349014 ], [ -79.259224236581176, 43.798385915982507 ], [ -79.264538997762813, 43.79417229318932 ], [ -79.27423085105039, 43.798297514315244 ], [ -79.275768128668133, 43.799993638791896 ], [ -79.278691086615112, 43.803934791349114 ], [ -79.281074289036368, 43.807910924375477 ], [ -79.281213669217422, 43.808143466158789 ], [ -79.283311582625558, 43.812579131381845 ], [ -79.284964622786589, 43.817199069137367 ], [ -79.285540026748919, 43.819496210521031 ], [ -79.280849976053318, 43.82973496087704 ], [ -79.279531299999988, 43.830028 ], [ -79.2778826, 43.8304091 ], [ -79.277471299999988, 43.8305042 ], [ -79.2764978, 43.8307293 ], [ -79.276243799999989, 43.8307825 ], [ -79.2742093, 43.8312431 ], [ -79.273282599999987, 43.8314801 ], [ -79.2726262, 43.8316389 ], [ -79.2711071, 43.8319752 ], [ -79.269204, 43.8324311 ], [ -79.2688426, 43.8325282 ], [ -79.267171799999986, 43.832878 ], [ -79.2669349, 43.8329341 ], [ -79.2661227, 43.8331266 ], [ -79.2651158, 43.8333657 ], [ -79.264951199999985, 43.833407 ], [ -79.261863351828964, 43.834118630074762 ], [ -79.2574775, 43.8351294 ], [ -79.2564737, 43.835368699999989 ], [ -79.2530181, 43.83618 ], [ -79.252845373527251, 43.836221080073152 ], [ -79.25221879999998, 43.8363701 ], [ -79.251196799999988, 43.836602 ], [ -79.24908, 43.8370822 ], [ -79.2484648, 43.8372292 ], [ -79.24758629999998, 43.8374383 ], [ -79.2458864, 43.8378279 ], [ -79.24575489999998, 43.837875 ], [ -79.245239699999985, 43.8379905 ], [ -79.2404249, 43.8391231 ], [ -79.237859699999987, 43.8396874 ], [ -79.2372406, 43.8398296 ], [ -79.2368071, 43.8399375 ], [ -79.2345152, 43.8404908 ], [ -79.2325983, 43.8409271 ], [ -79.232212, 43.8410116 ], [ -79.2320555, 43.8410654 ], [ -79.231477, 43.8412372 ], [ -79.2311754, 43.8413173 ], [ -79.2308744, 43.8413902 ], [ -79.230321499999988, 43.8415228 ], [ -79.22976079999998, 43.8416532 ], [ -79.228882399999989, 43.8418496 ], [ -79.2279832, 43.8420526 ], [ -79.2277561, 43.8421057 ], [ -79.2276003, 43.8421375 ], [ -79.2268104, 43.8423141 ], [ -79.2260777, 43.8424779 ], [ -79.225836299999983, 43.842516 ], [ -79.2256683, 43.8425539 ], [ -79.2190752, 43.8440022 ], [ -79.21556178579533, 43.844810477526302 ], [ -79.2155117, 43.844822 ], [ -79.2092645, 43.8462033 ], [ -79.208085499999981, 43.846469 ], [ -79.2078041, 43.846531 ], [ -79.2059374, 43.8469424 ], [ -79.2034183, 43.8474885 ], [ -79.2005832, 43.8482009 ], [ -79.2003786, 43.8482526 ], [ -79.1995703, 43.8484598 ], [ -79.1993253, 43.8485097 ], [ -79.197555, 43.8489058 ], [ -79.1957, 43.8493368 ], [ -79.194065099999989, 43.8497318 ], [ -79.193555499999988, 43.8498542 ], [ -79.1916572, 43.8503191 ], [ -79.190808579448017, 43.85052593161452 ], [ -79.189270589213379, 43.84622753686282 ], [ -79.188078341979818, 43.841467819100899 ], [ -79.18735836966637, 43.836614160016573 ], [ -79.18730709868511, 43.835570515217491 ], [ -79.187117606, 43.831713303000093 ], [ -79.18735836966637, 43.826812445983613 ], [ -79.188078341979818, 43.821958786899287 ], [ -79.189270589213379, 43.817199069137367 ], [ -79.190923629374424, 43.812579131381845 ], [ -79.193021542782574, 43.808143466158789 ], [ -79.194950243145655, 43.804925624005222 ], [ -79.195544125384856, 43.803934791349114 ], [ -79.198467083331863, 43.799993638791896 ], [ -79.199929565959252, 43.79838003787011 ], [ -79.20378686386448, 43.799408913124722 ], [ -79.205008574532471, 43.793415682245161 ], [ -79.205397941791816, 43.793062780331958 ], [ -79.209339094349019, 43.790139822384958 ], [ -79.21354776915868, 43.787617239782669 ], [ -79.216902582791931, 43.786030531104466 ], [ -79.217983434381736, 43.785519326374526 ], [ -79.222603372137272, 43.783866286213488 ], [ -79.226245011930956, 43.782954102931456 ], [ -79.2273630898992, 43.782674038979934 ], [ -79.232216748983518, 43.781954066666486 ], [ -79.237117606, 43.781713303000089 ], [ -79.240344724868194, 43.781871841183921 ], [ -79.240960398147507, 43.782775401998165 ], [ -79.241374732094442, 43.783252857142998 ], [ -79.249257914599838, 43.789673097679 ] ], [ [ -79.200751283431444, 43.811840831339929 ], [ -79.200537714791707, 43.813074542333808 ], [ -79.225207791429668, 43.820126272603872 ], [ -79.221876381726403, 43.815725793920024 ], [ -79.208178384562558, 43.805671891209542 ], [ -79.205532156349093, 43.806429009323324 ], [ -79.200751283431444, 43.811840831339929 ] ] ] } },
{ "type": "Feature", "properties": { "vor_id": 399, "theft_count": 0, "bike_trips": 0.0, "theft_per_1000_trips": "<NA>" }, "geometry": { "type": "Polygon", "coordinates": [ [ [ -79.390463798213787, 43.665702021826483 ], [ -79.390610369072789, 43.666343868446383 ], [ -79.389655630949889, 43.666665007921054 ], [ -79.389075750496701, 43.666198673241112 ], [ -79.390463798213787, 43.665702021826483 ] ] ] } },
{ "type": "Feature", "properties": { "vor_id": 400, "theft_count": 13, "bike_trips": 0.0, "theft_per_1000_trips": "<NA>" }, "geometry": { "type": "Polygon", "coordinates": [ [ [ -79.436125822789691, 43.762870128900197 ], [ -79.433682444864289, 43.760213983513367 ], [ -79.432628191542662, 43.752282872980643 ], [ -79.444704571967819, 43.744451140383781 ], [ -79.448403227498986, 43.745157169283637 ], [ -79.448711971665219, 43.746602368386029 ], [ -79.445691868940571, 43.749339629940678 ], [ -79.442396685331758, 43.752975304791811 ], [ -79.439473727384751, 43.756916457349014 ], [ -79.436951144782469, 43.761125132158703 ], [ -79.436125822789691, 43.762870128900197 ] ] ] } },
{ "type": "Feature", "properties": { "vor_id": 401, "theft_count": 25, "bike_trips": 0.0, "theft_per_1000_trips": "<NA>" }, "geometry": { "type": "Polygon", "coordinates": [ [ [ -79.380718680267364, 43.653917888914044 ], [ -79.380143888736072, 43.653031036187933 ], [ -79.38166392190297, 43.652417342322451 ], [ -79.381757418853368, 43.652493210169837 ], [ -79.381958461467775, 43.653398930539666 ], [ -79.380718680267364, 43.653917888914044 ] ] ] } },
{ "type": "Feature", "properties": { "vor_id": 402, "theft_count": 31, "bike_trips": 0.0, "theft_per_1000_trips": "<NA>" }, "geometry": { "type": "Polygon", "coordinates": [ [ [ -79.470951459765757, 43.655605312817386 ], [ -79.469841594919245, 43.657049281158571 ], [ -79.468177775337679, 43.657759130121768 ], [ -79.466705366096349, 43.65555905582908 ], [ -79.469697438678409, 43.654301075896342 ], [ -79.471047222326945, 43.655295895088663 ], [ -79.470951459765757, 43.655605312817386 ] ] ] } },
{ "type": "Feature", "properties": { "vor_id": 403, "theft_count": 64, "bike_trips": 0.0, "theft_per_1000_trips": "<NA>" }, "geometry": { "type": "Polygon", "coordinates": [ [ [ -79.380223093363782, 43.656837529559184 ], [ -79.380406908786853, 43.656938258144216 ], [ -79.380734150672296, 43.657441112136382 ], [ -79.380850988098189, 43.657912043726057 ], [ -79.380778510536288, 43.658410414912098 ], [ -79.379795116600178, 43.658777491552698 ], [ -79.379440154083355, 43.657170849758188 ], [ -79.380223093363782, 43.656837529559184 ] ] ] } },
{ "type": "Feature", "properties": { "vor_id": 404, "theft_count": 24, "bike_trips": 0.0, "theft_per_1000_trips": "<NA>" }, "geometry": { "type": "Polygon", "coordinates": [ [ [ -79.425978942954103, 43.660566562422282 ], [ -79.424907477518076, 43.661000295314281 ], [ -79.424251425525156, 43.660966316890885 ], [ -79.422961693481511, 43.660779644448695 ], [ -79.423258499656029, 43.6596294787849 ], [ -79.426432229992713, 43.658457594729548 ], [ -79.426715822079515, 43.659777764508782 ], [ -79.425978942954103, 43.660566562422282 ] ] ] } },
{ "type": "Feature", "properties": { "vor_id": 405, "theft_count": 16, "bike_trips": 0.0, "theft_per_1000_trips": "<NA>" }, "geometry": { "type": "Polygon", "coordinates": [ [ [ -79.365242462248489, 43.679812087352239 ], [ -79.365111815486841, 43.680003945758223 ], [ -79.359036608771532, 43.678222535096374 ], [ -79.359402363505069, 43.677414151009565 ], [ -79.364948356398884, 43.678830166924634 ], [ -79.365242462248489, 43.679812087352239 ] ] ] } },
{ "type": "Feature", "properties": { "vor_id": 406, "theft_count": 52, "bike_trips": 0.0, "theft_per_1000_trips": "<NA>" }, "geometry": { "type": "Polygon", "coordinates": [ [ [ -79.380672352284549, 43.66833033709807 ], [ -79.381747084143285, 43.66789018520145 ], [ -79.383704025772019, 43.667599900332391 ], [ -79.383813528119958, 43.667816582108223 ], [ -79.383894230481147, 43.668190245453481 ], [ -79.38103607402445, 43.66938448642675 ], [ -79.380857620403461, 43.669213816120497 ], [ -79.380672352284549, 43.66833033709807 ] ] ] } },
{ "type": "Feature", "properties": { "vor_id": 407, "theft_count": 34, "bike_trips": 0.0, "theft_per_1000_trips": "<NA>" }, "geometry": { "type": "Polygon", "coordinates": [ [ [ -79.398942328533039, 43.657508118503877 ], [ -79.400132062051938, 43.657258318595233 ], [ -79.399938082817641, 43.658880573972901 ], [ -79.399196649451198, 43.658881956311518 ], [ -79.398942328533039, 43.657508118503877 ] ] ] } },
{ "type": "Feature", "properties": { "vor_id": 408, "theft_count": 8, "bike_trips": 0.0, "theft_per_1000_trips": "<NA>" }, "geometry": { "type": "Polygon", "coordinates": [ [ [ -79.359603330971396, 43.668543620625549 ], [ -79.361965109331862, 43.667883867803674 ], [ -79.363861112253574, 43.667851425312485 ], [ -79.365147142792111, 43.673338690843543 ], [ -79.364058802059091, 43.67430892754809 ], [ -79.361873851866662, 43.673300004950548 ], [ -79.360297089203087, 43.672195156018972 ], [ -79.359023753687822, 43.669784083595204 ], [ -79.358746863197169, 43.669031547589967 ], [ -79.359603330971396, 43.668543620625549 ] ] ] } },
{ "type": "Feature", "properties": { "vor_id": 409, "theft_count": 3, "bike_trips": 0.0, "theft_per_1000_trips": "<NA>" }, "geometry": { "type": "Polygon", "coordinates": [ [ [ -79.428908696923131, 43.661725730275393 ], [ -79.429268002060169, 43.663381818982053 ], [ -79.428000572933286, 43.663912322901929 ], [ -79.42722820755921, 43.662979717026744 ], [ -79.427582614784498, 43.662246115757839 ], [ -79.428908696923131, 43.661725730275393 ] ] ] } },
{ "type": "Feature", "properties": { "vor_id": 410, "theft_count": 54, "bike_trips": 0.0, "theft_per_1000_trips": "<NA>" }, "geometry": { "type": "Polygon", "coordinates": [ [ [ -79.38103607402445, 43.66938448642675 ], [ -79.383894230481147, 43.668190245453481 ], [ -79.384235338994131, 43.668779537476887 ], [ -79.384270533043576, 43.668946333695033 ], [ -79.384118796223703, 43.669133581170065 ], [ -79.381524415301087, 43.670264072118222 ], [ -79.3813996747581, 43.670257105024035 ], [ -79.38103607402445, 43.66938448642675 ] ] ] } },
{ "type": "Feature", "properties": { "vor_id": 411, "theft_count": 36, "bike_trips": 0.0, "theft_per_1000_trips": "<NA>" }, "geometry": { "type": "Polygon", "coordinates": [ [ [ -79.419446263836932, 43.641819251704206 ], [ -79.42176965497157, 43.639722453093057 ], [ -79.421933419953191, 43.639899240437124 ], [ -79.422426150169059, 43.642330205251731 ], [ -79.421590067207092, 43.642642710822827 ], [ -79.420296543910496, 43.642382895380159 ], [ -79.419446263836932, 43.641819251704206 ] ] ] } },
{ "type": "Feature", "properties": { "vor_id": 412, "theft_count": 3, "bike_trips": 0.0, "theft_per_1000_trips": "<NA>" }, "geometry": { "type": "Polygon", "coordinates": [ [ [ -79.368516340145717, 43.770528422117991 ], [ -79.37124672700412, 43.776990281201897 ], [ -79.371678675073952, 43.77954308760404 ], [ -79.365643047227437, 43.772841112254483 ], [ -79.365952153422725, 43.77040429246577 ], [ -79.368516340145717, 43.770528422117991 ] ] ] } },
{ "type": "Feature", "properties": { "vor_id": 413, "theft_count": 14, "bike_trips": 0.0, "theft_per_1000_trips": "<NA>" }, "geometry": { "type": "Polygon", "coordinates": [ [ [ -79.446967767274472, 43.675389893800087 ], [ -79.446238246506894, 43.677078719289092 ], [ -79.441706327895048, 43.675222811553823 ], [ -79.441735695278737, 43.671683924189146 ], [ -79.443428115762146, 43.671052995914103 ], [ -79.446967767274472, 43.675389893800087 ] ] ] } },
{ "type": "Feature", "properties": { "vor_id": 414, "theft_count": 13, "bike_trips": 0.0, "theft_per_1000_trips": "<NA>" }, "geometry": { "type": "Polygon", "coordinates": [ [ [ -79.354395455780917, 43.679901166782997 ], [ -79.354874499168744, 43.680169271042338 ], [ -79.355331684892931, 43.682510269128684 ], [ -79.355199590501911, 43.682936845119926 ], [ -79.354576229379788, 43.683929832673151 ], [ -79.354471696527526, 43.684022451103985 ], [ -79.353353549570258, 43.684015662873072 ], [ -79.352547328029203, 43.679914789105531 ], [ -79.354395455780917, 43.679901166782997 ] ] ] } },
{ "type": "Feature", "properties": { "vor_id": 415, "theft_count": 11, "bike_trips": 0.0, "theft_per_1000_trips": "<NA>" }, "geometry": { "type": "Polygon", "coordinates": [ [ [ -79.413544744696694, 43.676839051117049 ], [ -79.414816422551397, 43.675651711656954 ], [ -79.420224522320439, 43.675794834342092 ], [ -79.42024477958438, 43.676074057867112 ], [ -79.419913619357416, 43.677729449732297 ], [ -79.415426011623879, 43.6794833075108 ], [ -79.413544744696694, 43.676839051117049 ] ] ] } },
{ "type": "Feature", "properties": { "vor_id": 416, "theft_count": 38, "bike_trips": 0.0, "theft_per_1000_trips": "<NA>" }, "geometry": { "type": "Polygon", "coordinates": [ [ [ -79.391592068719604, 43.676023707729925 ], [ -79.391869911027882, 43.676653744109892 ], [ -79.391863478506934, 43.676722426082129 ], [ -79.386348652926372, 43.678983760774535 ], [ -79.387697493289863, 43.675312983317617 ], [ -79.388556401274585, 43.674960334379499 ], [ -79.389743030039099, 43.674935292203799 ], [ -79.391592068719604, 43.676023707729925 ] ] ] } },
{ "type": "Feature", "properties": { "vor_id": 417, "theft_count": 10, "bike_trips": 0.0, "theft_per_1000_trips": "<NA>" }, "geometry": { "type": "Polygon", "coordinates": [ [ [ -79.506781044034526, 43.601911614592517 ], [ -79.505526910510198, 43.601851283131182 ], [ -79.504503786140106, 43.597222355106929 ], [ -79.506467597205258, 43.597882578039979 ], [ -79.507208708825573, 43.601260544758212 ], [ -79.506781044034526, 43.601911614592517 ] ] ] } },
{ "type": "Feature", "properties": { "vor_id": 418, "theft_count": 15, "bike_trips": 0.0, "theft_per_1000_trips": "<NA>" }, "geometry": { "type": "Polygon", "coordinates": [ [ [ -79.313611024496382, 43.681135639259914 ], [ -79.309177770112896, 43.68297917203865 ], [ -79.308669473029738, 43.682937509778426 ], [ -79.308510361599929, 43.680626393268639 ], [ -79.308901495119343, 43.680021869274292 ], [ -79.315226248449804, 43.677402616726688 ], [ -79.315958911554873, 43.679140770003841 ], [ -79.313611024496382, 43.681135639259914 ] ] ] } },
{ "type": "Feature", "properties": { "vor_id": 419, "theft_count": 22, "bike_trips": 0.0, "theft_per_1000_trips": "<NA>" }, "geometry": { "type": "Polygon", "coordinates": [ [ [ -79.386482676911726, 43.656117386279305 ], [ -79.386653123022612, 43.6556116935324 ], [ -79.387963720478396, 43.655053917542602 ], [ -79.388302050878451, 43.656716526000324 ], [ -79.387732462715846, 43.657308034801055 ], [ -79.387140674264444, 43.656951776081314 ], [ -79.386499089796061, 43.656194567787608 ], [ -79.386482676911726, 43.656117386279305 ] ] ] } },
{ "type": "Feature", "properties": { "vor_id": 420, "theft_count": 8, "bike_trips": 0.0, "theft_per_1000_trips": "<NA>" }, "geometry": { "type": "Polygon", "coordinates": [ [ [ -79.414816422551397, 43.675651711656954 ], [ -79.414785122446446, 43.675505168856027 ], [ -79.415447561943864, 43.671862678744894 ], [ -79.41716475126249, 43.671193101157868 ], [ -79.419576456882908, 43.673146114790661 ], [ -79.420509567039446, 43.675411189824601 ], [ -79.420224522320439, 43.675794834342092 ], [ -79.414816422551397, 43.675651711656954 ] ] ] } },
{ "type": "Feature", "properties": { "vor_id": 421, "theft_count": 14, "bike_trips": 0.0, "theft_per_1000_trips": "<NA>" }, "geometry": { "type": "Polygon", "coordinates": [ [ [ -79.437602427597255, 43.656526239043657 ], [ -79.43674152620882, 43.652061770036731 ], [ -79.437389324008279, 43.652095647075697 ], [ -79.43872156058616, 43.652660431672103 ], [ -79.439806274166671, 43.655682216526849 ], [ -79.437602427597255, 43.656526239043657 ] ] ] } },
{ "type": "Feature", "properties": { "vor_id": 422, "theft_count": 11, "bike_trips": 0.0, "theft_per_1000_trips": "<NA>" }, "geometry": { "type": "Polygon", "coordinates": [ [ [ -79.366485676353435, 43.666581964760347 ], [ -79.366379267864346, 43.666111933147263 ], [ -79.367724859091396, 43.665566227667107 ], [ -79.368343126351121, 43.666142188718148 ], [ -79.366655286587857, 43.666795367669977 ], [ -79.366485676353435, 43.666581964760347 ] ] ] } },
{ "type": "Feature", "properties": { "vor_id": 423, "theft_count": 34, "bike_trips": 0.0, "theft_per_1000_trips": "<NA>" }, "geometry": { "type": "Polygon", "coordinates": [ [ [ -79.401707832270247, 43.643890007010491 ], [ -79.401072086649762, 43.642987486386033 ], [ -79.403247553751328, 43.64210339314576 ], [ -79.403527410453634, 43.64242483715617 ], [ -79.403711044048791, 43.643080507018254 ], [ -79.401707832270247, 43.643890007010491 ] ] ] } },
{ "type": "Feature", "properties": { "vor_id": 424, "theft_count": 21, "bike_trips": 0.0, "theft_per_1000_trips": "<NA>" }, "geometry": { "type": "Polygon", "coordinates": [ [ [ -79.390177615752506, 43.641443577380912 ], [ -79.391944855043221, 43.640724771743024 ], [ -79.392466322199311, 43.641185935375916 ], [ -79.39272243517982, 43.642375635089309 ], [ -79.392447596939263, 43.64282886436186 ], [ -79.390297227393276, 43.642080212068564 ], [ -79.390020673927353, 43.641823638827489 ], [ -79.390177615752506, 43.641443577380912 ] ] ] } },
{ "type": "Feature", "properties": { "vor_id": 425, "theft_count": 22, "bike_trips": 0.0, "theft_per_1000_trips": "<NA>" }, "geometry": { "type": "Polygon", "coordinates": [ [ [ -79.390730692996584, 43.670380861190921 ], [ -79.390605357155067, 43.670696973520634 ], [ -79.388785926242463, 43.671492462603304 ], [ -79.388628881631618, 43.67122038373023 ], [ -79.38872991789016, 43.670892183216921 ], [ -79.390372184378876, 43.670130612272722 ], [ -79.390730692996584, 43.670380861190921 ] ] ] } },
{ "type": "Feature", "properties": { "vor_id": 426, "theft_count": 18, "bike_trips": 0.0, "theft_per_1000_trips": "<NA>" }, "geometry": { "type": "Polygon", "coordinates": [ [ [ -79.379872935441057, 43.651750732498712 ], [ -79.378483758790708, 43.65231937873363 ], [ -79.378319466437745, 43.651576818657482 ], [ -79.379902997191337, 43.650927094068251 ], [ -79.380024315645414, 43.651153874011875 ], [ -79.379872935441057, 43.651750732498712 ] ] ] } },
{ "type": "Feature", "properties": { "vor_id": 427, "theft_count": 25, "bike_trips": 0.0, "theft_per_1000_trips": "<NA>" }, "geometry": { "type": "Polygon", "coordinates": [ [ [ -79.366700774204304, 43.70513165071538 ], [ -79.363856984376696, 43.707574137698856 ], [ -79.36281353905099, 43.707975654699631 ], [ -79.361625059716189, 43.702122309846594 ], [ -79.366700774204304, 43.70513165071538 ] ] ] } },
{ "type": "Feature", "properties": { "vor_id": 428, "theft_count": 9, "bike_trips": 0.0, "theft_per_1000_trips": "<NA>" }, "geometry": { "type": "Polygon", "coordinates": [ [ [ -79.429385196427376, 43.677808110265381 ], [ -79.430595219338954, 43.67718748016226 ], [ -79.433396391678102, 43.679614165516838 ], [ -79.434264622777178, 43.681698410193697 ], [ -79.428527647115772, 43.680309703388424 ], [ -79.429385196427376, 43.677808110265381 ] ] ] } },
{ "type": "Feature", "properties": { "vor_id": 429, "theft_count": 39, "bike_trips": 0.0, "theft_per_1000_trips": "<NA>" }, "geometry": { "type": "Polygon", "coordinates": [ [ [ -79.461030670635395, 43.660123291612663 ], [ -79.457546129073805, 43.663964800870552 ], [ -79.456084907046773, 43.662967090161473 ], [ -79.455841730778104, 43.660891405179569 ], [ -79.4561199782882, 43.659799525276526 ], [ -79.457770805506627, 43.658049134525811 ], [ -79.46079140279744, 43.659502000558099 ], [ -79.461030670635395, 43.660123291612663 ] ] ] } },
{ "type": "Feature", "properties": { "vor_id": 430, "theft_count": 15, "bike_trips": 0.0, "theft_per_1000_trips": "<NA>" }, "geometry": { "type": "Polygon", "coordinates": [ [ [ -79.427525027815165, 43.641312722288589 ], [ -79.427455355879488, 43.641676396193979 ], [ -79.426405524257575, 43.642032966729268 ], [ -79.425768626297668, 43.641738758973879 ], [ -79.426179153420051, 43.640278669577356 ], [ -79.426906311845741, 43.64004974262393 ], [ -79.427525027815165, 43.641312722288589 ] ] ] } },
{ "type": "Feature", "properties": { "vor_id": 431, "theft_count": 19, "bike_trips": 0.0, "theft_per_1000_trips": "<NA>" }, "geometry": { "type": "Polygon", "coordinates": [ [ [ -79.356478582506369, 43.664492096452101 ], [ -79.354629236344351, 43.662340808257689 ], [ -79.354554252929461, 43.661766287179972 ], [ -79.355016912377749, 43.66052664026423 ], [ -79.357644147194648, 43.661152967225682 ], [ -79.358047328703663, 43.662074828972663 ], [ -79.356478582506369, 43.664492096452101 ] ] ] } },
{ "type": "Feature", "properties": { "vor_id": 432, "theft_count": 29, "bike_trips": 0.0, "theft_per_1000_trips": "<NA>" }, "geometry": { "type": "Polygon", "coordinates": [ [ [ -79.441760567911601, 43.656160053628412 ], [ -79.443415669066482, 43.655574646163032 ], [ -79.444620563974198, 43.656908808311044 ], [ -79.445141385061788, 43.659378838666257 ], [ -79.444756456763741, 43.660735942031771 ], [ -79.442656573009089, 43.660570134055938 ], [ -79.441760567911601, 43.656160053628412 ] ] ] } },
{ "type": "Feature", "properties": { "vor_id": 433, "theft_count": 34, "bike_trips": 0.0, "theft_per_1000_trips": "<NA>" }, "geometry": { "type": "Polygon", "coordinates": [ [ [ -79.399783343912873, 43.638264455751255 ], [ -79.398515397609344, 43.638808404533627 ], [ -79.397830535920832, 43.638310526678517 ], [ -79.398406487336047, 43.636883300244605 ], [ -79.399141849976161, 43.637292202872139 ], [ -79.399783343912873, 43.638264455751255 ] ] ] } },
{ "type": "Feature", "properties": { "vor_id": 434, "theft_count": 22, "bike_trips": 0.0, "theft_per_1000_trips": "<NA>" }, "geometry": { "type": "Polygon", "coordinates": [ [ [ -79.334144810944679, 43.785752389368916 ], [ -79.332096923556776, 43.784966513995577 ], [ -79.333636660553225, 43.77075469520824 ], [ -79.336124792306165, 43.769089271298945 ], [ -79.339789726135137, 43.769546511980714 ], [ -79.340567072664271, 43.771819371808114 ], [ -79.33769373629417, 43.78177801423675 ], [ -79.334144810944679, 43.785752389368916 ] ] ] } },
{ "type": "Feature", "properties": { "vor_id": 435, "theft_count": 9, "bike_trips": 0.0, "theft_per_1000_trips": "<NA>" }, "geometry": { "type": "Polygon", "coordinates": [ [ [ -79.342258365843193, 43.773604684595547 ], [ -79.34271214008804, 43.778578158112069 ], [ -79.33769373629417, 43.78177801423675 ], [ -79.340567072664271, 43.771819371808114 ], [ -79.342258365843193, 43.773604684595547 ] ] ] } },
{ "type": "Feature", "properties": { "vor_id": 436, "theft_count": 21, "bike_trips": 0.0, "theft_per_1000_trips": "<NA>" }, "geometry": { "type": "Polygon", "coordinates": [ [ [ -79.308634587946301, 43.676231107714656 ], [ -79.309110801703085, 43.675924037370002 ], [ -79.310303417783203, 43.67543725588051 ], [ -79.312666913848773, 43.675188470159142 ], [ -79.315010434126634, 43.676525718108422 ], [ -79.315129830673797, 43.676742613681654 ], [ -79.315226248449804, 43.677402616726688 ], [ -79.308901495119343, 43.680021869274292 ], [ -79.30839091411174, 43.677674174651685 ], [ -79.308634587946301, 43.676231107714656 ] ] ] } },
{ "type": "Feature", "properties": { "vor_id": 437, "theft_count": 20, "bike_trips": 0.0, "theft_per_1000_trips": "<NA>" }, "geometry": { "type": "Polygon", "coordinates": [ [ [ -79.512436153945302, 43.671841791594254 ], [ -79.51042267578724, 43.671869729154409 ], [ -79.509797368833688, 43.670456796170242 ], [ -79.508438187671018, 43.66634157325506 ], [ -79.509291837872468, 43.660185032073073 ], [ -79.517449377525153, 43.657141399522295 ], [ -79.521790066157038, 43.661776921689352 ], [ -79.520490892711052, 43.666072556872876 ], [ -79.512436153945302, 43.671841791594254 ] ] ] } },
{ "type": "Feature", "properties": { "vor_id": 438, "theft_count": 9, "bike_trips": 0.0, "theft_per_1000_trips": "<NA>" }, "geometry": { "type": "Polygon", "coordinates": [ [ [ -79.264297157517845, 43.683349355609884 ], [ -79.267988488409486, 43.6882243771067 ], [ -79.268794531224458, 43.700831239922572 ], [ -79.262420560746563, 43.702649049331974 ], [ -79.257040748572493, 43.690103652282019 ], [ -79.259160199999982, 43.6887468 ], [ -79.264297157517845, 43.683349355609884 ] ] ] } },
{ "type": "Feature", "properties": { "vor_id": 439, "theft_count": 6, "bike_trips": 0.0, "theft_per_1000_trips": "<NA>" }, "geometry": { "type": "Polygon", "coordinates": [ [ [ -79.41194356032257, 43.772302473777955 ], [ -79.412235022042054, 43.7708046754815 ], [ -79.419105733321786, 43.769155094118126 ], [ -79.419279438478881, 43.770163253375785 ], [ -79.414472739564829, 43.772926340099296 ], [ -79.41194356032257, 43.772302473777955 ] ] ] } },
{ "type": "Feature", "properties": { "vor_id": 440, "theft_count": 23, "bike_trips": 0.0, "theft_per_1000_trips": "<NA>" }, "geometry": { "type": "Polygon", "coordinates": [ [ [ -79.352746167643488, 43.65916853159019 ], [ -79.352085856477075, 43.659206194407922 ], [ -79.351451326480401, 43.65655604951268 ], [ -79.351656793747566, 43.656168259863001 ], [ -79.353447973089729, 43.656865754763189 ], [ -79.352746167643488, 43.65916853159019 ] ] ] } },
{ "type": "Feature", "properties": { "vor_id": 441, "theft_count": 38, "bike_trips": 0.0, "theft_per_1000_trips": "<NA>" }, "geometry": { "type": "Polygon", "coordinates": [ [ [ -79.361386713957401, 43.651317838590238 ], [ -79.361106739389399, 43.651142412036982 ], [ -79.360469071171224, 43.648515693745985 ], [ -79.364176733209021, 43.650065976202264 ], [ -79.364189341391267, 43.650123514588294 ], [ -79.361386713957401, 43.651317838590238 ] ] ] } },
{ "type": "Feature", "properties": { "vor_id": 442, "theft_count": 29, "bike_trips": 0.0, "theft_per_1000_trips": "<NA>" }, "geometry": { "type": "Polygon", "coordinates": [ [ [ -79.468020038533751, 43.676696643269679 ], [ -79.476661205504897, 43.678227639656576 ], [ -79.479752849160775, 43.679558330138043 ], [ -79.478746159919723, 43.684297311282407 ], [ -79.473059093140279, 43.688444621246191 ], [ -79.463761917072588, 43.680226274419248 ], [ -79.468020038533751, 43.676696643269679 ] ] ] } },
{ "type": "Feature", "properties": { "vor_id": 443, "theft_count": 63, "bike_trips": 0.0, "theft_per_1000_trips": "<NA>" }, "geometry": { "type": "Polygon", "coordinates": [ [ [ -79.375176793676729, 43.648575380173774 ], [ -79.377278383498762, 43.647484680019119 ], [ -79.377381972375375, 43.648074054476368 ], [ -79.376855762665826, 43.650088828612823 ], [ -79.376605616876589, 43.650196777459712 ], [ -79.375311800351938, 43.649190218609554 ], [ -79.375176793676729, 43.648575380173774 ] ] ] } },
{ "type": "Feature", "properties": { "vor_id": 444, "theft_count": 35, "bike_trips": 0.0, "theft_per_1000_trips": "<NA>" }, "geometry": { "type": "Polygon", "coordinates": [ [ [ -79.394543994048163, 43.709623974415848 ], [ -79.393961686912888, 43.706742230346173 ], [ -79.394184948470112, 43.706502290037392 ], [ -79.396466248163179, 43.705633455777004 ], [ -79.396610121409893, 43.705738669078684 ], [ -79.397032770673803, 43.707700410705385 ], [ -79.396761288655227, 43.70900949531773 ], [ -79.396245761809567, 43.710003071750158 ], [ -79.394543994048163, 43.709623974415848 ] ] ] } },
{ "type": "Feature", "properties": { "vor_id": 445, "theft_count": 11, "bike_trips": 0.0, "theft_per_1000_trips": "<NA>" }, "geometry": { "type": "Polygon", "coordinates": [ [ [ -79.395080827282257, 43.649654761989019 ], [ -79.396883326815299, 43.648904756938798 ], [ -79.397451506882646, 43.649443742000351 ], [ -79.395631155522238, 43.650177114027798 ], [ -79.395133972354458, 43.649845044608668 ], [ -79.395077876454906, 43.649725556787196 ], [ -79.395080827282257, 43.649654761989019 ] ] ] } },
{ "type": "Feature", "properties": { "vor_id": 446, "theft_count": 82, "bike_trips": 0.0, "theft_per_1000_trips": "<NA>" }, "geometry": { "type": "Polygon", "coordinates": [ [ [ -79.379106169343046, 43.641097579539185 ], [ -79.378665218710651, 43.64096127360979 ], [ -79.378468030050215, 43.640723265726024 ], [ -79.374463487216005, 43.629970052560189 ], [ -79.379209562590219, 43.628642902566014 ], [ -79.381158482845009, 43.638749781132923 ], [ -79.379106169343046, 43.641097579539185 ] ] ] } },
{ "type": "Feature", "properties": { "vor_id": 447, "theft_count": 22, "bike_trips": 0.0, "theft_per_1000_trips": "<NA>" }, "geometry": { "type": "Polygon", "coordinates": [ [ [ -79.36925631510772, 43.655547834714206 ], [ -79.369451220002645, 43.657325644631399 ], [ -79.369147201495423, 43.657447474170183 ], [ -79.367840314655723, 43.657337195539554 ], [ -79.366841809930179, 43.656997087987577 ], [ -79.366809834255164, 43.65681066535879 ], [ -79.367549895208754, 43.654715338152741 ], [ -79.36925631510772, 43.655547834714206 ] ] ] } },
{ "type": "Feature", "properties": { "vor_id": 448, "theft_count": 22, "bike_trips": 0.0, "theft_per_1000_trips": "<NA>" }, "geometry": { "type": "Polygon", "coordinates": [ [ [ -79.574572283021652, 43.749099937303548 ], [ -79.579839229494993, 43.740082082311886 ], [ -79.588008966088879, 43.738784453841618 ], [ -79.589021999174122, 43.740002952523426 ], [ -79.588640765431578, 43.744856110630835 ], [ -79.578355685023624, 43.749768679764877 ], [ -79.574572283021652, 43.749099937303548 ] ] ] } },
{ "type": "Feature", "properties": { "vor_id": 449, "theft_count": 13, "bike_trips": 0.0, "theft_per_1000_trips": "<NA>" }, "geometry": { "type": "Polygon", "coordinates": [ [ [ -79.388931349868244, 43.648072435904645 ], [ -79.389045999487124, 43.647272939593087 ], [ -79.390427325881817, 43.646666994829097 ], [ -79.39084070915419, 43.647134541804292 ], [ -79.390817246794271, 43.647239374975605 ], [ -79.388931349868244, 43.648072435904645 ] ] ] } },
{ "type": "Feature", "properties": { "vor_id": 450, "theft_count": 21, "bike_trips": 0.0, "theft_per_1000_trips": "<NA>" }, "geometry": { "type": "Polygon", "coordinates": [ [ [ -79.369215565155642, 43.650672198176856 ], [ -79.369035785282264, 43.649898359542021 ], [ -79.369149321642382, 43.649700389456562 ], [ -79.370675156710902, 43.649083878967076 ], [ -79.371017889475894, 43.650055891563063 ], [ -79.369449417937417, 43.650723785357435 ], [ -79.369215565155642, 43.650672198176856 ] ] ] } },
{ "type": "Feature", "properties": { "vor_id": 451, "theft_count": 42, "bike_trips": 0.0, "theft_per_1000_trips": "<NA>" }, "geometry": { "type": "Polygon", "coordinates": [ [ [ -79.382052930638991, 43.664621482856717 ], [ -79.380308743579761, 43.665350736308113 ], [ -79.380073023931487, 43.664262684425381 ], [ -79.381646924210202, 43.663614237530304 ], [ -79.38193487573308, 43.664080731016575 ], [ -79.382052930638991, 43.664621482856717 ] ] ] } },
{ "type": "Feature", "properties": { "vor_id": 452, "theft_count": 9, "bike_trips": 0.0, "theft_per_1000_trips": "<NA>" }, "geometry": { "type": "Polygon", "coordinates": [ [ [ -79.387211239320209, 43.666565864410863 ], [ -79.387186157786005, 43.666732548185955 ], [ -79.387173059218526, 43.666819597034561 ], [ -79.386304414096486, 43.667222017489088 ], [ -79.385941801516253, 43.66704424320536 ], [ -79.385822640661587, 43.666985823457289 ], [ -79.385706262338374, 43.666441319850207 ], [ -79.385698806476682, 43.66632802487409 ], [ -79.386813874381545, 43.665859527160883 ], [ -79.387211239320209, 43.666565864410863 ] ] ] } },
{ "type": "Feature", "properties": { "vor_id": 453, "theft_count": 56, "bike_trips": 0.0, "theft_per_1000_trips": "<NA>" }, "geometry": { "type": "Polygon", "coordinates": [ [ [ -79.388640550003089, 43.622762471862096 ], [ -79.392810296669637, 43.630327862498312 ], [ -79.394230980148535, 43.636904013906943 ], [ -79.390915451257669, 43.638718116576413 ], [ -79.389853183986204, 43.638456312889133 ], [ -79.389079531873065, 43.637589754359858 ], [ -79.386236022876432, 43.625013177971979 ], [ -79.388640550003089, 43.622762471862096 ] ] ] } },
{ "type": "Feature", "properties": { "vor_id": 454, "theft_count": 47, "bike_trips": 0.0, "theft_per_1000_trips": "<NA>" }, "geometry": { "type": "Polygon", "coordinates": [ [ [ -79.435353263427828, 43.775442793721169 ], [ -79.437516672145165, 43.765729234638698 ], [ -79.454181232544656, 43.770324007175233 ], [ -79.448295712798966, 43.77720060819447 ], [ -79.436493155671386, 43.775996000702627 ], [ -79.435353263427828, 43.775442793721169 ] ] ] } },
{ "type": "Feature", "properties": { "vor_id": 455, "theft_count": 16, "bike_trips": 0.0, "theft_per_1000_trips": "<NA>" }, "geometry": { "type": "Polygon", "coordinates": [ [ [ -79.413345022858934, 43.719574758756529 ], [ -79.410077588355207, 43.713362785362079 ], [ -79.410816729844925, 43.712438482356752 ], [ -79.41145900244031, 43.712253292732058 ], [ -79.411745090413334, 43.712231243201188 ], [ -79.422891319595138, 43.717916988158876 ], [ -79.422292012886402, 43.719921672502238 ], [ -79.415936433253677, 43.722180810033997 ], [ -79.413345022858934, 43.719574758756529 ] ] ] } },
{ "type": "Feature", "properties": { "vor_id": 456, "theft_count": 1, "bike_trips": 0.0, "theft_per_1000_trips": "<NA>" }, "geometry": { "type": "Polygon", "coordinates": [ [ [ -79.506303140719396, 43.626775716405938 ], [ -79.506044936320592, 43.625263474258077 ], [ -79.5081802167918, 43.62719877966822 ], [ -79.512121369349018, 43.630121737615205 ], [ -79.516216324320922, 43.632576159169858 ], [ -79.512234552670648, 43.633626985213269 ], [ -79.510034485542775, 43.632128295379708 ], [ -79.506303140719396, 43.626775716405938 ] ] ] } },
{ "type": "Feature", "properties": { "vor_id": 457, "theft_count": 10, "bike_trips": 0.0, "theft_per_1000_trips": "<NA>" }, "geometry": { "type": "Polygon", "coordinates": [ [ [ -79.417219046367279, 43.658900542246649 ], [ -79.415105045251863, 43.659720914830523 ], [ -79.414040403078886, 43.659337975707793 ], [ -79.413836874846723, 43.65729657868733 ], [ -79.414998031201321, 43.656843569979401 ], [ -79.415873065100186, 43.656917107641789 ], [ -79.416588071872965, 43.657197225323728 ], [ -79.416889210838505, 43.657345664252141 ], [ -79.417219046367279, 43.658900542246649 ] ] ] } },
{ "type": "Feature", "properties": { "vor_id": 458, "theft_count": 3, "bike_trips": 0.0, "theft_per_1000_trips": "<NA>" }, "geometry": { "type": "Polygon", "coordinates": [ [ [ -79.377196234451432, 43.773997785542761 ], [ -79.378952801816496, 43.768885605982994 ], [ -79.382021154233712, 43.769686537822778 ], [ -79.38341422569458, 43.776479580856979 ], [ -79.382629830601459, 43.784131875951651 ], [ -79.379019176742048, 43.783219868707249 ], [ -79.376660726185534, 43.781918632719936 ], [ -79.377196234451432, 43.773997785542761 ] ] ] } },
{ "type": "Feature", "properties": { "vor_id": 459, "theft_count": 0, "bike_trips": 0.0, "theft_per_1000_trips": "<NA>" }, "geometry": { "type": "Polygon", "coordinates": [ [ [ -79.403752476090816, 43.658661002787795 ], [ -79.40387547722537, 43.658704962109447 ], [ -79.404103863410128, 43.658874738895967 ], [ -79.402717485685116, 43.659428603987557 ], [ -79.403752476090816, 43.658661002787795 ] ] ] } },
{ "type": "Feature", "properties": { "vor_id": 460, "theft_count": 18, "bike_trips": 0.0, "theft_per_1000_trips": "<NA>" }, "geometry": { "type": "Polygon", "coordinates": [ [ [ -79.283484205333323, 43.742807376466402 ], [ -79.282926304519918, 43.743285449381254 ], [ -79.263550699496889, 43.7508388258614 ], [ -79.26078419870862, 43.74982824858742 ], [ -79.258850578241905, 43.748933999345326 ], [ -79.260003251839692, 43.743565920928241 ], [ -79.266945292575897, 43.736154905501344 ], [ -79.274831668589883, 43.732923565203954 ], [ -79.283484205333323, 43.742807376466402 ] ] ] } },
{ "type": "Feature", "properties": { "vor_id": 461, "theft_count": 27, "bike_trips": 0.0, "theft_per_1000_trips": "<NA>" }, "geometry": { "type": "Polygon", "coordinates": [ [ [ -79.374993448103055, 43.6694268254235 ], [ -79.37677202053419, 43.668684524764217 ], [ -79.377015622041355, 43.669787895993288 ], [ -79.375461412814985, 43.670442242113396 ], [ -79.374534462169308, 43.670244268447235 ], [ -79.374514675135202, 43.670220035476014 ], [ -79.374993448103055, 43.6694268254235 ] ] ] } },
{ "type": "Feature", "properties": { "vor_id": 462, "theft_count": 30, "bike_trips": 0.0, "theft_per_1000_trips": "<NA>" }, "geometry": { "type": "Polygon", "coordinates": [ [ [ -79.307020215172429, 43.666325182213043 ], [ -79.307191359661942, 43.666045989132712 ], [ -79.308846962590607, 43.666478386635937 ], [ -79.309490325076922, 43.669322779816376 ], [ -79.308686116286594, 43.670451082671107 ], [ -79.307901740637263, 43.670288163510698 ], [ -79.307020215172429, 43.666325182213043 ] ] ] } },
{ "type": "Feature", "properties": { "vor_id": 463, "theft_count": 13, "bike_trips": 0.0, "theft_per_1000_trips": "<NA>" }, "geometry": { "type": "Polygon", "coordinates": [ [ [ -79.475168108108207, 43.635023465009468 ], [ -79.470207333990345, 43.632749903238391 ], [ -79.46900266195621, 43.631977233383111 ], [ -79.467043531470949, 43.629120471597865 ], [ -79.4678886, 43.6217802 ], [ -79.468323293130553, 43.621281508185739 ], [ -79.469654552483178, 43.622234493670419 ], [ -79.475196482818518, 43.627452256780124 ], [ -79.47592922100273, 43.634909866300561 ], [ -79.475168108108207, 43.635023465009468 ] ] ] } },
{ "type": "Feature", "properties": { "vor_id": 464, "theft_count": 7, "bike_trips": 0.0, "theft_per_1000_trips": "<NA>" }, "geometry": { "type": "Polygon", "coordinates": [ [ [ -79.379725679234511, 43.666034929698057 ], [ -79.379673178858582, 43.666162115503283 ], [ -79.378584133755623, 43.665544153857176 ], [ -79.378292724676257, 43.664197709277111 ], [ -79.379054428405766, 43.663886114779316 ], [ -79.379295449390384, 43.664080743869746 ], [ -79.379725679234511, 43.666034929698057 ] ] ] } },
{ "type": "Feature", "properties": { "vor_id": 465, "theft_count": 34, "bike_trips": 0.0, "theft_per_1000_trips": "<NA>" }, "geometry": { "type": "Polygon", "coordinates": [ [ [ -79.373503233794651, 43.668529285638449 ], [ -79.373852578925622, 43.670028332853207 ], [ -79.373462361952264, 43.670197387523928 ], [ -79.3704933810711, 43.670825065463042 ], [ -79.371093378831588, 43.668986995111766 ], [ -79.372409642761937, 43.668475560956061 ], [ -79.373503233794651, 43.668529285638449 ] ] ] } },
{ "type": "Feature", "properties": { "vor_id": 466, "theft_count": 38, "bike_trips": 0.0, "theft_per_1000_trips": "<NA>" }, "geometry": { "type": "Polygon", "coordinates": [ [ [ -79.397992844249558, 43.668497916091106 ], [ -79.397520175986173, 43.666331087450018 ], [ -79.398875782663595, 43.666683032168109 ], [ -79.399250754041432, 43.668448731122112 ], [ -79.399067432877274, 43.668843743033399 ], [ -79.397992844249558, 43.668497916091106 ] ] ] } },
{ "type": "Feature", "properties": { "vor_id": 467, "theft_count": 9, "bike_trips": 0.0, "theft_per_1000_trips": "<NA>" }, "geometry": { "type": "Polygon", "coordinates": [ [ [ -79.526482486639978, 43.720184895991146 ], [ -79.528191730141998, 43.704547689376213 ], [ -79.531912945907038, 43.69836518845716 ], [ -79.533726700775816, 43.698278492872973 ], [ -79.543841877354438, 43.707029071009792 ], [ -79.538476711198797, 43.722306431064311 ], [ -79.528705027690449, 43.723861710147673 ], [ -79.526482486639978, 43.720184895991146 ] ] ] } },
{ "type": "Feature", "properties": { "vor_id": 468, "theft_count": 53, "bike_trips": 0.0, "theft_per_1000_trips": "<NA>" }, "geometry": { "type": "Polygon", "coordinates": [ [ [ -79.376680534633351, 43.643053314083019 ], [ -79.376422587654005, 43.642638596436228 ], [ -79.376259658336878, 43.642199402577113 ], [ -79.378468030050215, 43.640723265726024 ], [ -79.378665218710651, 43.64096127360979 ], [ -79.378308480421367, 43.642356494269542 ], [ -79.376680534633351, 43.643053314083019 ] ] ] } },
{ "type": "Feature", "properties": { "vor_id": 469, "theft_count": 19, "bike_trips": 0.0, "theft_per_1000_trips": "<NA>" }, "geometry": { "type": "Polygon", "coordinates": [ [ [ -79.481154870686808, 43.64330952720416 ], [ -79.471758777082172, 43.645426111370043 ], [ -79.470044994953184, 43.644856398724031 ], [ -79.470911874510335, 43.642286064634185 ], [ -79.475168108108207, 43.635023465009468 ], [ -79.47592922100273, 43.634909866300561 ], [ -79.481278025125349, 43.635802337462785 ], [ -79.482691254151902, 43.64187474006718 ], [ -79.481154870686808, 43.64330952720416 ] ] ] } },
{ "type": "Feature", "properties": { "vor_id": 470, "theft_count": 31, "bike_trips": 0.0, "theft_per_1000_trips": "<NA>" }, "geometry": { "type": "Polygon", "coordinates": [ [ [ -79.445165363755223, 43.642791576797123 ], [ -79.445170239408142, 43.642794829406697 ], [ -79.445099945188758, 43.643343378846431 ], [ -79.441417446729503, 43.644761398117375 ], [ -79.439881899826005, 43.64198608033216 ], [ -79.441060266056823, 43.64153726003817 ], [ -79.445165363755223, 43.642791576797123 ] ] ] } },
{ "type": "Feature", "properties": { "vor_id": 471, "theft_count": 30, "bike_trips": 0.0, "theft_per_1000_trips": "<NA>" }, "geometry": { "type": "Polygon", "coordinates": [ [ [ -79.373721143277251, 43.644531266873287 ], [ -79.376697382267963, 43.64335586824653 ], [ -79.377289226514506, 43.644522849014081 ], [ -79.375512241185561, 43.645284493981507 ], [ -79.373587913226885, 43.644749762004444 ], [ -79.373721143277251, 43.644531266873287 ] ] ] } },
{ "type": "Feature", "properties": { "vor_id": 472, "theft_count": 13, "bike_trips": 0.0, "theft_per_1000_trips": "<NA>" }, "geometry": { "type": "Polygon", "coordinates": [ [ [ -79.424520096864654, 43.656162437679896 ], [ -79.422890478465419, 43.657798707801909 ], [ -79.421775076199339, 43.65768579212223 ], [ -79.421380778652491, 43.655682157835251 ], [ -79.423460580581335, 43.654890759346905 ], [ -79.424520096864654, 43.656162437679896 ] ] ] } },
{ "type": "Feature", "properties": { "vor_id": 473, "theft_count": 29, "bike_trips": 0.0, "theft_per_1000_trips": "<NA>" }, "geometry": { "type": "Polygon", "coordinates": [ [ [ -79.355778083744497, 43.675760818726822 ], [ -79.354704301097584, 43.67601092725647 ], [ -79.354619245933847, 43.675991332422889 ], [ -79.353915589207077, 43.67566148212039 ], [ -79.353048794231682, 43.674195295462539 ], [ -79.35277596757652, 43.672777001975717 ], [ -79.352959796641386, 43.672147437105444 ], [ -79.353192333643378, 43.671830404544082 ], [ -79.355334958925781, 43.673375509764043 ], [ -79.355778083744497, 43.675760818726822 ] ] ] } },
{ "type": "Feature", "properties": { "vor_id": 474, "theft_count": 12, "bike_trips": 0.0, "theft_per_1000_trips": "<NA>" }, "geometry": { "type": "Polygon", "coordinates": [ [ [ -79.379019176742048, 43.783219868707249 ], [ -79.382629830601459, 43.784131875951651 ], [ -79.383074403464207, 43.784374507316514 ], [ -79.383441381755134, 43.794264715431531 ], [ -79.37230668987651, 43.801515120543378 ], [ -79.367809880480863, 43.798611760014673 ], [ -79.379019176742048, 43.783219868707249 ] ] ] } },
{ "type": "Feature", "properties": { "vor_id": 475, "theft_count": 16, "bike_trips": 0.0, "theft_per_1000_trips": "<NA>" }, "geometry": { "type": "Polygon", "coordinates": [ [ [ -79.348763917518312, 43.779901150248797 ], [ -79.354781167611549, 43.778582292258811 ], [ -79.357002595970158, 43.781021201189986 ], [ -79.357167792113913, 43.781318899964674 ], [ -79.352376607511047, 43.787896201321857 ], [ -79.347090386403863, 43.788531452031002 ], [ -79.348763917518312, 43.779901150248797 ] ] ] } },
{ "type": "Feature", "properties": { "vor_id": 476, "theft_count": 7, "bike_trips": 0.0, "theft_per_1000_trips": "<NA>" }, "geometry": { "type": "Polygon", "coordinates": [ [ [ -79.354781167611549, 43.778582292258811 ], [ -79.353310641699807, 43.774063448997737 ], [ -79.352393336273352, 43.767771026303457 ], [ -79.352581507082292, 43.763551691269733 ], [ -79.356444459482887, 43.764963433327921 ], [ -79.361805984371358, 43.771338911509368 ], [ -79.361875327797435, 43.773010717618966 ], [ -79.357002595970158, 43.781021201189986 ], [ -79.354781167611549, 43.778582292258811 ] ] ] } },
{ "type": "Feature", "properties": { "vor_id": 477, "theft_count": 20, "bike_trips": 0.0, "theft_per_1000_trips": "<NA>" }, "geometry": { "type": "Polygon", "coordinates": [ [ [ -79.39852984785098, 43.656890335373774 ], [ -79.398509158791128, 43.657093045003919 ], [ -79.397431054763587, 43.657536915760033 ], [ -79.397044321390084, 43.657452533287653 ], [ -79.396765845241518, 43.656071006555287 ], [ -79.397934753482843, 43.655582975643945 ], [ -79.398072076715138, 43.655694178950263 ], [ -79.39852984785098, 43.656890335373774 ] ] ] } },
{ "type": "Feature", "properties": { "vor_id": 478, "theft_count": 29, "bike_trips": 0.0, "theft_per_1000_trips": "<NA>" }, "geometry": { "type": "Polygon", "coordinates": [ [ [ -79.37677202053419, 43.668684524764217 ], [ -79.37681320540662, 43.668415215883613 ], [ -79.378315958221151, 43.668341390371857 ], [ -79.378701708611572, 43.668636163738135 ], [ -79.378860732080611, 43.66947521202583 ], [ -79.377306643404765, 43.670122925996814 ], [ -79.377015622041355, 43.669787895993288 ], [ -79.37677202053419, 43.668684524764217 ] ] ] } },
{ "type": "Feature", "properties": { "vor_id": 479, "theft_count": 19, "bike_trips": 0.0, "theft_per_1000_trips": "<NA>" }, "geometry": { "type": "Polygon", "coordinates": [ [ [ -79.380989184471446, 43.680116418446346 ], [ -79.382135885798363, 43.679855141872814 ], [ -79.385512787945103, 43.679491126288795 ], [ -79.388773572649896, 43.686804588099989 ], [ -79.387776415052016, 43.688146411285338 ], [ -79.386705356391118, 43.688278776861623 ], [ -79.384371215011527, 43.686373307830181 ], [ -79.380989184471446, 43.680116418446346 ] ] ] } },
{ "type": "Feature", "properties": { "vor_id": 480, "theft_count": 57, "bike_trips": 0.0, "theft_per_1000_trips": "<NA>" }, "geometry": { "type": "Polygon", "coordinates": [ [ [ -79.378171400030581, 43.676095978483829 ], [ -79.375608088166913, 43.672500785772641 ], [ -79.376219239819946, 43.671691129672304 ], [ -79.377520045626795, 43.671179831080977 ], [ -79.377846683008102, 43.671637418652018 ], [ -79.378185340038797, 43.673314070193818 ], [ -79.378171400030581, 43.676095978483829 ] ] ] } },
{ "type": "Feature", "properties": { "vor_id": 481, "theft_count": 6, "bike_trips": 0.0, "theft_per_1000_trips": "<NA>" }, "geometry": { "type": "Polygon", "coordinates": [ [ [ -79.308901495119343, 43.680021869274292 ], [ -79.308510361599929, 43.680626393268639 ], [ -79.305540394993145, 43.679255334199972 ], [ -79.305704611277733, 43.678896170920339 ], [ -79.30839091411174, 43.677674174651685 ], [ -79.308901495119343, 43.680021869274292 ] ] ] } },
{ "type": "Feature", "properties": { "vor_id": 482, "theft_count": 12, "bike_trips": 0.0, "theft_per_1000_trips": "<NA>" }, "geometry": { "type": "Polygon", "coordinates": [ [ [ -79.519097513046859, 43.704845804917483 ], [ -79.516563168637973, 43.705376517569817 ], [ -79.517720889710574, 43.69846658095166 ], [ -79.520982343917822, 43.697467477416517 ], [ -79.519097513046859, 43.704845804917483 ] ] ] } },
{ "type": "Feature", "properties": { "vor_id": 483, "theft_count": 13, "bike_trips": 0.0, "theft_per_1000_trips": "<NA>" }, "geometry": { "type": "Polygon", "coordinates": [ [ [ -79.400804240435264, 43.699837746873463 ], [ -79.398880849915457, 43.7021773571281 ], [ -79.394964683360712, 43.701505177230629 ], [ -79.394962377271952, 43.701214820627364 ], [ -79.400804240435264, 43.699837746873463 ] ] ] } },
{ "type": "Feature", "properties": { "vor_id": 484, "theft_count": 62, "bike_trips": 0.0, "theft_per_1000_trips": "<NA>" }, "geometry": { "type": "Polygon", "coordinates": [ [ [ -79.374591574454911, 43.661367636718985 ], [ -79.374605984168298, 43.658985232637235 ], [ -79.375446289727918, 43.658653156085933 ], [ -79.377408058580201, 43.659933677013981 ], [ -79.37734450539017, 43.660746061465268 ], [ -79.377326601891596, 43.66076672258459 ], [ -79.375134614784145, 43.661700735706575 ], [ -79.374591574454911, 43.661367636718985 ] ] ] } },
{ "type": "Feature", "properties": { "vor_id": 485, "theft_count": 9, "bike_trips": 0.0, "theft_per_1000_trips": "<NA>" }, "geometry": { "type": "Polygon", "coordinates": [ [ [ -79.37124672700412, 43.776990281201897 ], [ -79.372947317213104, 43.768027071487836 ], [ -79.373970842280428, 43.765819627080852 ], [ -79.377196234451432, 43.773997785542761 ], [ -79.376660726185534, 43.781918632719936 ], [ -79.372080460244575, 43.780796428002489 ], [ -79.372006152396807, 43.780628692618492 ], [ -79.371678675073952, 43.77954308760404 ], [ -79.37124672700412, 43.776990281201897 ] ] ] } },
{ "type": "Feature", "properties": { "vor_id": 486, "theft_count": 31, "bike_trips": 0.0, "theft_per_1000_trips": "<NA>" }, "geometry": { "type": "Polygon", "coordinates": [ [ [ -79.476661205504897, 43.678227639656576 ], [ -79.468020038533751, 43.676696643269679 ], [ -79.467389871010681, 43.671792187405408 ], [ -79.468762249072483, 43.669293096784919 ], [ -79.472343603149298, 43.668768389834398 ], [ -79.476661205504897, 43.678227639656576 ] ] ] } },
{ "type": "Feature", "properties": { "vor_id": 487, "theft_count": 1, "bike_trips": 0.0, "theft_per_1000_trips": "<NA>" }, "geometry": { "type": "Polygon", "coordinates": [ [ [ -79.541030443112547, 43.770029019617134 ], [ -79.540120262107465, 43.771609683159596 ], [ -79.5393404, 43.7717658 ], [ -79.53916222360975, 43.771802804013866 ], [ -79.532379395660854, 43.755187415415364 ], [ -79.541763151838282, 43.746251809181466 ], [ -79.540862235979702, 43.749848466899195 ], [ -79.540142263666255, 43.754702125983513 ], [ -79.539901499999885, 43.759602983 ], [ -79.540142263666255, 43.764503840016474 ], [ -79.540862235979702, 43.769357499100799 ], [ -79.541030443112547, 43.770029019617134 ] ] ] } },
{ "type": "Feature", "properties": { "vor_id": 488, "theft_count": 22, "bike_trips": 0.0, "theft_per_1000_trips": "<NA>" }, "geometry": { "type": "Polygon", "coordinates": [ [ [ -79.387992627999736, 43.645400661939163 ], [ -79.387277447935318, 43.645276727877651 ], [ -79.386175546434032, 43.64362494086695 ], [ -79.386702925815499, 43.642081435232839 ], [ -79.388970327063518, 43.642186687376444 ], [ -79.389490006886348, 43.644664421159526 ], [ -79.389402561580638, 43.644822173069315 ], [ -79.387992627999736, 43.645400661939163 ] ] ] } },
{ "type": "Feature", "properties": { "vor_id": 489, "theft_count": 26, "bike_trips": 0.0, "theft_per_1000_trips": "<NA>" }, "geometry": { "type": "Polygon", "coordinates": [ [ [ -79.406377423570831, 43.656605425064583 ], [ -79.408911503934249, 43.658034667367943 ], [ -79.408245493349582, 43.658932313517433 ], [ -79.406712826778303, 43.659557264694328 ], [ -79.406151077200761, 43.656810573456298 ], [ -79.406377423570831, 43.656605425064583 ] ] ] } },
{ "type": "Feature", "properties": { "vor_id": 490, "theft_count": 17, "bike_trips": 0.0, "theft_per_1000_trips": "<NA>" }, "geometry": { "type": "Polygon", "coordinates": [ [ [ -79.396337132931009, 43.645710370073438 ], [ -79.396482612554436, 43.645651061907273 ], [ -79.397060387513989, 43.646285734886 ], [ -79.397045714059516, 43.646578773769079 ], [ -79.395614657300086, 43.647117085622661 ], [ -79.395515324557067, 43.64642949261615 ], [ -79.396337132931009, 43.645710370073438 ] ] ] } },
{ "type": "Feature", "properties": { "vor_id": 491, "theft_count": 29, "bike_trips": 0.0, "theft_per_1000_trips": "<NA>" }, "geometry": { "type": "Polygon", "coordinates": [ [ [ -79.393016736161542, 43.646429032401166 ], [ -79.394333736752841, 43.645914223169171 ], [ -79.394525832064431, 43.646105460106313 ], [ -79.394661301519861, 43.646769735006636 ], [ -79.394496471138368, 43.647756846509466 ], [ -79.393857586036361, 43.647541170862162 ], [ -79.393016736161542, 43.646429032401166 ] ] ] } },
{ "type": "Feature", "properties": { "vor_id": 492, "theft_count": 24, "bike_trips": 0.0, "theft_per_1000_trips": "<NA>" }, "geometry": { "type": "Polygon", "coordinates": [ [ [ -79.41255912119523, 43.726329440858414 ], [ -79.411703544202751, 43.725683521588145 ], [ -79.410581183732035, 43.724334387421841 ], [ -79.413345022858934, 43.719574758756529 ], [ -79.415936433253677, 43.722180810033997 ], [ -79.415780889172638, 43.727976106851479 ], [ -79.41255912119523, 43.726329440858414 ] ] ] } },
{ "type": "Feature", "properties": { "vor_id": 493, "theft_count": 19, "bike_trips": 0.0, "theft_per_1000_trips": "<NA>" }, "geometry": { "type": "Polygon", "coordinates": [ [ [ -79.271073159682359, 43.710025788054303 ], [ -79.272343323863339, 43.702462667033295 ], [ -79.278890874674318, 43.701775244957986 ], [ -79.282959359449109, 43.708862027360588 ], [ -79.277670730598558, 43.71416309214203 ], [ -79.271073159682359, 43.710025788054303 ] ] ] } },
{ "type": "Feature", "properties": { "vor_id": 494, "theft_count": 20, "bike_trips": 0.0, "theft_per_1000_trips": "<NA>" }, "geometry": { "type": "Polygon", "coordinates": [ [ [ -79.362861912663078, 43.68637042229247 ], [ -79.362894548507398, 43.684960558025743 ], [ -79.363049764057777, 43.683544040273325 ], [ -79.365111815486841, 43.680003945758223 ], [ -79.365242462248489, 43.679812087352239 ], [ -79.367120856398813, 43.679794594699523 ], [ -79.370103545716859, 43.680659327569302 ], [ -79.373367136277722, 43.685682399185673 ], [ -79.373070146444832, 43.687650444581436 ], [ -79.37069193584712, 43.690067933968706 ], [ -79.364040749004573, 43.69057694073242 ], [ -79.362980830742785, 43.687827263426833 ], [ -79.362861912663078, 43.68637042229247 ] ] ] } },
{ "type": "Feature", "properties": { "vor_id": 495, "theft_count": 5, "bike_trips": 0.0, "theft_per_1000_trips": "<NA>" }, "geometry": { "type": "Polygon", "coordinates": [ [ [ -79.415873065100186, 43.656917107641789 ], [ -79.416292777892679, 43.654119038956232 ], [ -79.416995159085019, 43.654446230921664 ], [ -79.416588071872965, 43.657197225323728 ], [ -79.415873065100186, 43.656917107641789 ] ] ] } },
{ "type": "Feature", "properties": { "vor_id": 496, "theft_count": 31, "bike_trips": 0.0, "theft_per_1000_trips": "<NA>" }, "geometry": { "type": "Polygon", "coordinates": [ [ [ -79.414018730785287, 43.781098046063491 ], [ -79.413877199361266, 43.779669160269599 ], [ -79.416487753170557, 43.778970886984709 ], [ -79.416813498235101, 43.780463748159995 ], [ -79.414018730785287, 43.781098046063491 ] ] ] } },
{ "type": "Feature", "properties": { "vor_id": 497, "theft_count": 11, "bike_trips": 0.0, "theft_per_1000_trips": "<NA>" }, "geometry": { "type": "Polygon", "coordinates": [ [ [ -79.368007615976637, 43.651370785035837 ], [ -79.367349293080025, 43.650891376180191 ], [ -79.367078332527797, 43.64968994148456 ], [ -79.367322840032756, 43.649281822432471 ], [ -79.369035785282264, 43.649898359542021 ], [ -79.369215565155642, 43.650672198176856 ], [ -79.369009785193327, 43.650943012197338 ], [ -79.368007615976637, 43.651370785035837 ] ] ] } },
{ "type": "Feature", "properties": { "vor_id": 498, "theft_count": 53, "bike_trips": 0.0, "theft_per_1000_trips": "<NA>" }, "geometry": { "type": "Polygon", "coordinates": [ [ [ -79.381589112026518, 43.640093246922071 ], [ -79.381432965482531, 43.639889616404169 ], [ -79.381158482845009, 43.638749781132923 ], [ -79.379209562590219, 43.628642902566014 ], [ -79.382784610927843, 43.627153773685805 ], [ -79.384562908942399, 43.638635211240697 ], [ -79.381589112026518, 43.640093246922071 ] ] ] } },
{ "type": "Feature", "properties": { "vor_id": 499, "theft_count": 61, "bike_trips": 0.0, "theft_per_1000_trips": "<NA>" }, "geometry": { "type": "Polygon", "coordinates": [ [ [ -79.387572175137535, 43.669288472485874 ], [ -79.388262660966376, 43.669015191343966 ], [ -79.388613423409907, 43.669181390738686 ], [ -79.388828857684217, 43.670273515913884 ], [ -79.38872991789016, 43.670892183216921 ], [ -79.388628881631618, 43.67122038373023 ], [ -79.388416663177068, 43.671159660531195 ], [ -79.387834765324214, 43.67078937501114 ], [ -79.387572175137535, 43.669288472485874 ] ] ] } },
{ "type": "Feature", "properties": { "vor_id": 500, "theft_count": 4, "bike_trips": 0.0, "theft_per_1000_trips": "<NA>" }, "geometry": { "type": "Polygon", "coordinates": [ [ [ -79.398515397609344, 43.638808404533627 ], [ -79.398607537131213, 43.639167683999673 ], [ -79.396858740572881, 43.639862343043838 ], [ -79.396560224806535, 43.638820689899028 ], [ -79.397830535920832, 43.638310526678517 ], [ -79.398515397609344, 43.638808404533627 ] ] ] } },
{ "type": "Feature", "properties": { "vor_id": 501, "theft_count": 21, "bike_trips": 0.0, "theft_per_1000_trips": "<NA>" }, "geometry": { "type": "Polygon", "coordinates": [ [ [ -79.348314210557447, 43.649282721494423 ], [ -79.354105897147946, 43.654091649102533 ], [ -79.354923481974907, 43.655382131922366 ], [ -79.353907647230528, 43.656853384783084 ], [ -79.353447973089729, 43.656865754763189 ], [ -79.351656793747566, 43.656168259863001 ], [ -79.348314210557447, 43.649282721494423 ] ] ] } },
{ "type": "Feature", "properties": { "vor_id": 502, "theft_count": 12, "bike_trips": 0.0, "theft_per_1000_trips": "<NA>" }, "geometry": { "type": "Polygon", "coordinates": [ [ [ -79.528191730141998, 43.704547689376213 ], [ -79.519097513046859, 43.704845804917483 ], [ -79.520982343917822, 43.697467477416517 ], [ -79.527277337640072, 43.694295130405756 ], [ -79.531912945907038, 43.69836518845716 ], [ -79.528191730141998, 43.704547689376213 ] ] ] } },
{ "type": "Feature", "properties": { "vor_id": 503, "theft_count": 19, "bike_trips": 0.0, "theft_per_1000_trips": "<NA>" }, "geometry": { "type": "Polygon", "coordinates": [ [ [ -79.383435840750877, 43.66345429979264 ], [ -79.38193487573308, 43.664080731016575 ], [ -79.381646924210202, 43.663614237530304 ], [ -79.381430664165578, 43.662623847761871 ], [ -79.381456486956822, 43.662262415191641 ], [ -79.38160985075649, 43.662200602485449 ], [ -79.382001426894277, 43.662202402994623 ], [ -79.382664855459765, 43.662383018364253 ], [ -79.383427986170787, 43.662652093048024 ], [ -79.383435840750877, 43.66345429979264 ] ] ] } },
{ "type": "Feature", "properties": { "vor_id": 504, "theft_count": 15, "bike_trips": 0.0, "theft_per_1000_trips": "<NA>" }, "geometry": { "type": "Polygon", "coordinates": [ [ [ -79.404971088772797, 43.771184431102007 ], [ -79.408637275190657, 43.765642977326891 ], [ -79.409147017998734, 43.765481329533451 ], [ -79.40975637849624, 43.765801072316201 ], [ -79.411057362121454, 43.766853925127357 ], [ -79.411467148066066, 43.768675918009926 ], [ -79.411326693948709, 43.7689896537645 ], [ -79.405353577737458, 43.771549371488817 ], [ -79.404971088772797, 43.771184431102007 ] ] ] } },
{ "type": "Feature", "properties": { "vor_id": 505, "theft_count": 21, "bike_trips": 0.0, "theft_per_1000_trips": "<NA>" }, "geometry": { "type": "Polygon", "coordinates": [ [ [ -79.419279789907975, 43.653057062718297 ], [ -79.420338126260333, 43.652214991994555 ], [ -79.421037275162064, 43.655588962546723 ], [ -79.419232312768372, 43.656309287763264 ], [ -79.41875121753047, 43.656110463979346 ], [ -79.418639834010122, 43.654762542178943 ], [ -79.419279789907975, 43.653057062718297 ] ] ] } },
{ "type": "Feature", "properties": { "vor_id": 506, "theft_count": 21, "bike_trips": 0.0, "theft_per_1000_trips": "<NA>" }, "geometry": { "type": "Polygon", "coordinates": [ [ [ -79.40460784230126, 43.639408992371251 ], [ -79.404442717203494, 43.636727140620174 ], [ -79.405094575066457, 43.63682581270929 ], [ -79.4053326942729, 43.63952978859043 ], [ -79.40460784230126, 43.639408992371251 ] ] ] } },
{ "type": "Feature", "properties": { "vor_id": 507, "theft_count": 17, "bike_trips": 0.0, "theft_per_1000_trips": "<NA>" }, "geometry": { "type": "Polygon", "coordinates": [ [ [ -79.345588440830355, 43.673026793572831 ], [ -79.345186237859778, 43.674167908040594 ], [ -79.34207220409202, 43.673892544480445 ], [ -79.341857595435584, 43.672112629993379 ], [ -79.34544252438387, 43.670619197099072 ], [ -79.345458394878577, 43.670631840377901 ], [ -79.345717874197717, 43.672111378672788 ], [ -79.345588440830355, 43.673026793572831 ] ] ] } },
{ "type": "Feature", "properties": { "vor_id": 508, "theft_count": 28, "bike_trips": 0.0, "theft_per_1000_trips": "<NA>" }, "geometry": { "type": "Polygon", "coordinates": [ [ [ -79.414785122446446, 43.675505168856027 ], [ -79.412265647371314, 43.672034315138966 ], [ -79.413450862582252, 43.670873908976553 ], [ -79.413844633930296, 43.670718411290167 ], [ -79.41447126681372, 43.670763215605682 ], [ -79.415447561943864, 43.671862678744894 ], [ -79.414785122446446, 43.675505168856027 ] ] ] } },
{ "type": "Feature", "properties": { "vor_id": 509, "theft_count": 0, "bike_trips": 0.0, "theft_per_1000_trips": "<NA>" }, "geometry": { "type": "Polygon", "coordinates": [ [ [ -79.590965052519451, 43.701542146804222 ], [ -79.605982936839538, 43.693756084270831 ], [ -79.6059959, 43.6937787 ], [ -79.6062249, 43.6941199 ], [ -79.6075858, 43.6965129 ], [ -79.6083698, 43.6978618 ], [ -79.6105434, 43.7017256 ], [ -79.611015304121366, 43.70252772839779 ], [ -79.608342780100713, 43.701858295979832 ], [ -79.603489121016381, 43.701138323666385 ], [ -79.598588263999901, 43.70089756 ], [ -79.593687406983406, 43.701138323666385 ], [ -79.590965052519451, 43.701542146804222 ] ] ] } },
{ "type": "Feature", "properties": { "vor_id": 510, "theft_count": 36, "bike_trips": 0.0, "theft_per_1000_trips": "<NA>" }, "geometry": { "type": "Polygon", "coordinates": [ [ [ -79.42176965497157, 43.639722453093057 ], [ -79.421786075855792, 43.638327696635621 ], [ -79.421846811611019, 43.638127213770105 ], [ -79.424008269091019, 43.638714178377711 ], [ -79.424342427110005, 43.640375163063794 ], [ -79.424022621418644, 43.640873440623622 ], [ -79.421933419953191, 43.639899240437124 ], [ -79.42176965497157, 43.639722453093057 ] ] ] } },
{ "type": "Feature", "properties": { "vor_id": 511, "theft_count": 24, "bike_trips": 0.0, "theft_per_1000_trips": "<NA>" }, "geometry": { "type": "Polygon", "coordinates": [ [ [ -79.471600517132259, 43.662653813740462 ], [ -79.469389699829648, 43.6608170288333 ], [ -79.470266605275242, 43.659589208036031 ], [ -79.472288758441749, 43.659123317875185 ], [ -79.473409853126938, 43.659752223436719 ], [ -79.471600517132259, 43.662653813740462 ] ] ] } },
{ "type": "Feature", "properties": { "vor_id": 512, "theft_count": 12, "bike_trips": 0.0, "theft_per_1000_trips": "<NA>" }, "geometry": { "type": "Polygon", "coordinates": [ [ [ -79.37059196606404, 43.65990532444583 ], [ -79.371581450120999, 43.660001682475404 ], [ -79.372321489648129, 43.66171774436004 ], [ -79.37201511519946, 43.662160345258322 ], [ -79.37081255043924, 43.662659875422477 ], [ -79.370406403463477, 43.662631703808344 ], [ -79.369884390586307, 43.660194054468896 ], [ -79.37059196606404, 43.65990532444583 ] ] ] } },
{ "type": "Feature", "properties": { "vor_id": 513, "theft_count": 6, "bike_trips": 0.0, "theft_per_1000_trips": "<NA>" }, "geometry": { "type": "Polygon", "coordinates": [ [ [ -79.443415669066482, 43.655574646163032 ], [ -79.444219057480055, 43.652463152553736 ], [ -79.446012912047536, 43.651961693836157 ], [ -79.447540070202081, 43.653703758339759 ], [ -79.448210365520254, 43.655219977826391 ], [ -79.447664700956267, 43.655996867961214 ], [ -79.444620563974198, 43.656908808311044 ], [ -79.443415669066482, 43.655574646163032 ] ] ] } },
{ "type": "Feature", "properties": { "vor_id": 514, "theft_count": 10, "bike_trips": 0.0, "theft_per_1000_trips": "<NA>" }, "geometry": { "type": "Polygon", "coordinates": [ [ [ -79.50904457111794, 43.64445665203764 ], [ -79.498878823130426, 43.64643788871517 ], [ -79.498682306172554, 43.646315950952697 ], [ -79.497524235174879, 43.643696381392147 ], [ -79.506610343543514, 43.635294560482436 ], [ -79.50896737138163, 43.636409351625666 ], [ -79.512845568424581, 43.637796992716019 ], [ -79.51321802448625, 43.640338898651443 ], [ -79.50904457111794, 43.64445665203764 ] ] ] } },
{ "type": "Feature", "properties": { "vor_id": 515, "theft_count": 11, "bike_trips": 0.0, "theft_per_1000_trips": "<NA>" }, "geometry": { "type": "Polygon", "coordinates": [ [ [ -79.405290501986414, 43.648051695194944 ], [ -79.404754722578105, 43.647911891979582 ], [ -79.40449807290068, 43.646595280214093 ], [ -79.404727419274806, 43.64590313536111 ], [ -79.405640564329076, 43.645694391959232 ], [ -79.406061443558897, 43.647745813055373 ], [ -79.405290501986414, 43.648051695194944 ] ] ] } },
{ "type": "Feature", "properties": { "vor_id": 516, "theft_count": 14, "bike_trips": 0.0, "theft_per_1000_trips": "<NA>" }, "geometry": { "type": "Polygon", "coordinates": [ [ [ -79.400464225822247, 43.655891881651691 ], [ -79.399276815827619, 43.656358636662915 ], [ -79.399100997432413, 43.655324676617056 ], [ -79.399714445984031, 43.654924082835507 ], [ -79.400464225822247, 43.655891881651691 ] ] ] } },
{ "type": "Feature", "properties": { "vor_id": 517, "theft_count": 66, "bike_trips": 0.0, "theft_per_1000_trips": "<NA>" }, "geometry": { "type": "Polygon", "coordinates": [ [ [ -79.404587246493691, 43.650818860169537 ], [ -79.40491482767041, 43.650809622232821 ], [ -79.405714666873607, 43.653583205170165 ], [ -79.405705165073385, 43.653595167095745 ], [ -79.404751984483752, 43.653685675893605 ], [ -79.404059614194935, 43.651172354349001 ], [ -79.404587246493691, 43.650818860169537 ] ] ] } },
{ "type": "Feature", "properties": { "vor_id": 518, "theft_count": 22, "bike_trips": 0.0, "theft_per_1000_trips": "<NA>" }, "geometry": { "type": "Polygon", "coordinates": [ [ [ -79.385115678068161, 43.652150403859153 ], [ -79.384719416657532, 43.652242707905899 ], [ -79.384304624213271, 43.652235475306618 ], [ -79.384109898653435, 43.652080325148056 ], [ -79.383869523422803, 43.651675628741515 ], [ -79.383529076695226, 43.65010946402375 ], [ -79.383551316391163, 43.649792194868859 ], [ -79.384679926098798, 43.649300106155145 ], [ -79.385370879713491, 43.649473798938544 ], [ -79.385850566300206, 43.651701990723886 ], [ -79.385115678068161, 43.652150403859153 ] ] ] } },
{ "type": "Feature", "properties": { "vor_id": 519, "theft_count": 64, "bike_trips": 0.0, "theft_per_1000_trips": "<NA>" }, "geometry": { "type": "Polygon", "coordinates": [ [ [ -79.375456694332271, 43.658630527960185 ], [ -79.376296236314275, 43.657725836214901 ], [ -79.37702340581184, 43.657416073678377 ], [ -79.377918554665087, 43.657360901383193 ], [ -79.377971371733665, 43.65738805684088 ], [ -79.378364409087254, 43.659279514444734 ], [ -79.377408058580201, 43.659933677013981 ], [ -79.375446289727918, 43.658653156085933 ], [ -79.375456694332271, 43.658630527960185 ] ] ] } },
{ "type": "Feature", "properties": { "vor_id": 520, "theft_count": 16, "bike_trips": 0.0, "theft_per_1000_trips": "<NA>" }, "geometry": { "type": "Polygon", "coordinates": [ [ [ -79.423870454311071, 43.652426106686967 ], [ -79.425565623230213, 43.652685295794996 ], [ -79.426089148256523, 43.655210170430806 ], [ -79.425003876415261, 43.656252016031537 ], [ -79.424520096864654, 43.656162437679896 ], [ -79.423460580581335, 43.654890759346905 ], [ -79.423041662184048, 43.65292469301604 ], [ -79.423870454311071, 43.652426106686967 ] ] ] } },
{ "type": "Feature", "properties": { "vor_id": 521, "theft_count": 10, "bike_trips": 0.0, "theft_per_1000_trips": "<NA>" }, "geometry": { "type": "Polygon", "coordinates": [ [ [ -79.421786075855792, 43.638327696635621 ], [ -79.4194701408139, 43.639212330242984 ], [ -79.420191224625555, 43.637687726618353 ], [ -79.420617716471227, 43.636495761760692 ], [ -79.421475359041139, 43.636249946651894 ], [ -79.421846811611019, 43.638127213770105 ], [ -79.421786075855792, 43.638327696635621 ] ] ] } },
{ "type": "Feature", "properties": { "vor_id": 522, "theft_count": 13, "bike_trips": 0.0, "theft_per_1000_trips": "<NA>" }, "geometry": { "type": "Polygon", "coordinates": [ [ [ -79.387226969974293, 43.763215701115477 ], [ -79.387504358326424, 43.764293401074177 ], [ -79.383228945753828, 43.766473273951519 ], [ -79.381744332117222, 43.765944769139693 ], [ -79.377402658148071, 43.761584791569305 ], [ -79.376486029521658, 43.759807403452832 ], [ -79.380801691723946, 43.75714077863848 ], [ -79.387226969974293, 43.763215701115477 ] ] ] } },
{ "type": "Feature", "properties": { "vor_id": 523, "theft_count": 13, "bike_trips": 0.0, "theft_per_1000_trips": "<NA>" }, "geometry": { "type": "Polygon", "coordinates": [ [ [ -79.386736436488832, 43.668443187543424 ], [ -79.384637917433778, 43.669271550329938 ], [ -79.384270533043576, 43.668946333695033 ], [ -79.384235338994131, 43.668779537476887 ], [ -79.386152400398103, 43.667991162459749 ], [ -79.386736436488832, 43.668443187543424 ] ] ] } },
{ "type": "Feature", "properties": { "vor_id": 524, "theft_count": 13, "bike_trips": 0.0, "theft_per_1000_trips": "<NA>" }, "geometry": { "type": "Polygon", "coordinates": [ [ [ -79.47592922100273, 43.634909866300561 ], [ -79.475196482818518, 43.627452256780124 ], [ -79.478181681950034, 43.628388369665991 ], [ -79.483458488853785, 43.631748465130585 ], [ -79.483499753015565, 43.631822936839278 ], [ -79.481278025125349, 43.635802337462785 ], [ -79.47592922100273, 43.634909866300561 ] ] ] } },
{ "type": "Feature", "properties": { "vor_id": 525, "theft_count": 18, "bike_trips": 0.0, "theft_per_1000_trips": "<NA>" }, "geometry": { "type": "Polygon", "coordinates": [ [ [ -79.398495702140693, 43.672843145102583 ], [ -79.398513965469405, 43.67361049767613 ], [ -79.395407784462378, 43.674877858806404 ], [ -79.394105142810787, 43.67325043251217 ], [ -79.393817849280808, 43.672869901609403 ], [ -79.395677855179059, 43.670732351535648 ], [ -79.398495702140693, 43.672843145102583 ] ] ] } },
{ "type": "Feature", "properties": { "vor_id": 526, "theft_count": 26, "bike_trips": 0.0, "theft_per_1000_trips": "<NA>" }, "geometry": { "type": "Polygon", "coordinates": [ [ [ -79.357876368053752, 43.65941344993999 ], [ -79.358187959996329, 43.659093008107931 ], [ -79.359462945735956, 43.659364873006908 ], [ -79.360057385173789, 43.661945515716319 ], [ -79.360011967591475, 43.661984451947674 ], [ -79.358047328703663, 43.662074828972663 ], [ -79.357644147194648, 43.661152967225682 ], [ -79.357876368053752, 43.65941344993999 ] ] ] } },
{ "type": "Feature", "properties": { "vor_id": 527, "theft_count": 15, "bike_trips": 0.0, "theft_per_1000_trips": "<NA>" }, "geometry": { "type": "Polygon", "coordinates": [ [ [ -79.431953441764435, 43.668902399567919 ], [ -79.432002259785747, 43.669139686278683 ], [ -79.431559690109964, 43.671513091206037 ], [ -79.429106549822919, 43.67093025872893 ], [ -79.428978150861411, 43.67076549711787 ], [ -79.43004580174518, 43.668792349536034 ], [ -79.431953441764435, 43.668902399567919 ] ] ] } },
{ "type": "Feature", "properties": { "vor_id": 528, "theft_count": 20, "bike_trips": 0.0, "theft_per_1000_trips": "<NA>" }, "geometry": { "type": "Polygon", "coordinates": [ [ [ -79.362224175996758, 43.661720819555711 ], [ -79.362499317384234, 43.660704827934964 ], [ -79.363921658550069, 43.660100981103959 ], [ -79.364298100000028, 43.661841816154819 ], [ -79.362224175996758, 43.661720819555711 ] ] ] } },
{ "type": "Feature", "properties": { "vor_id": 529, "theft_count": 5, "bike_trips": 0.0, "theft_per_1000_trips": "<NA>" }, "geometry": { "type": "Polygon", "coordinates": [ [ [ -79.327741121911842, 43.76910320643514 ], [ -79.324703104336365, 43.775638990591148 ], [ -79.315404275790144, 43.769452272886703 ], [ -79.316238226182463, 43.76650590649016 ], [ -79.322658156759204, 43.762749325881479 ], [ -79.327741121911842, 43.76910320643514 ] ] ] } },
{ "type": "Feature", "properties": { "vor_id": 530, "theft_count": 28, "bike_trips": 0.0, "theft_per_1000_trips": "<NA>" }, "geometry": { "type": "Polygon", "coordinates": [ [ [ -79.380033431780802, 43.667016780579694 ], [ -79.379981391575058, 43.66669081134193 ], [ -79.382692946695144, 43.665564144645614 ], [ -79.382919002326801, 43.665742063611447 ], [ -79.38323579878363, 43.666314491056959 ], [ -79.38030186566462, 43.66752142236281 ], [ -79.380033431780802, 43.667016780579694 ] ] ] } },
{ "type": "Feature", "properties": { "vor_id": 531, "theft_count": 6, "bike_trips": 0.0, "theft_per_1000_trips": "<NA>" }, "geometry": { "type": "Polygon", "coordinates": [ [ [ -79.436493155671386, 43.775996000702627 ], [ -79.448295712798966, 43.77720060819447 ], [ -79.448318851678479, 43.777494191360049 ], [ -79.443500324107006, 43.78364107694405 ], [ -79.436493155671386, 43.775996000702627 ] ] ] } },
{ "type": "Feature", "properties": { "vor_id": 532, "theft_count": 8, "bike_trips": 0.0, "theft_per_1000_trips": "<NA>" }, "geometry": { "type": "Polygon", "coordinates": [ [ [ -79.365281907516533, 43.663713399030513 ], [ -79.364879665579195, 43.663913388702753 ], [ -79.362418831242664, 43.663371132195685 ], [ -79.362074436548355, 43.66180662471541 ], [ -79.362224175996758, 43.661720819555711 ], [ -79.364298100000028, 43.661841816154819 ], [ -79.365365939256904, 43.66257272272675 ], [ -79.365387007235384, 43.662606344336481 ], [ -79.365281907516533, 43.663713399030513 ] ] ] } },
{ "type": "Feature", "properties": { "vor_id": 533, "theft_count": 6, "bike_trips": 0.0, "theft_per_1000_trips": "<NA>" }, "geometry": { "type": "Polygon", "coordinates": [ [ [ -79.294804751685803, 43.71078385469589 ], [ -79.289388802990601, 43.718727478177442 ], [ -79.284085198662282, 43.709368960482671 ], [ -79.289869342800287, 43.706861745764229 ], [ -79.294804751685803, 43.71078385469589 ] ] ] } },
{ "type": "Feature", "properties": { "vor_id": 534, "theft_count": 25, "bike_trips": 0.0, "theft_per_1000_trips": "<NA>" }, "geometry": { "type": "Polygon", "coordinates": [ [ [ -79.400224014640202, 43.652450671483969 ], [ -79.400834060386444, 43.651062026895247 ], [ -79.402593042019987, 43.651785345531316 ], [ -79.402280339612716, 43.65372447720636 ], [ -79.401264218699893, 43.654146354373324 ], [ -79.401248231130864, 43.654136676312277 ], [ -79.400224014640202, 43.652450671483969 ] ] ] } },
{ "type": "Feature", "properties": { "vor_id": 535, "theft_count": 14, "bike_trips": 0.0, "theft_per_1000_trips": "<NA>" }, "geometry": { "type": "Polygon", "coordinates": [ [ [ -79.434979557654259, 43.656470236743672 ], [ -79.435380814098536, 43.657234574875645 ], [ -79.434337713137168, 43.6583564109186 ], [ -79.432360980273927, 43.659342002901532 ], [ -79.432013049508811, 43.659167575715976 ], [ -79.430674087173244, 43.656215238899755 ], [ -79.431787402320694, 43.655807070001615 ], [ -79.434979557654259, 43.656470236743672 ] ] ] } },
{ "type": "Feature", "properties": { "vor_id": 536, "theft_count": 25, "bike_trips": 0.0, "theft_per_1000_trips": "<NA>" }, "geometry": { "type": "Polygon", "coordinates": [ [ [ -79.38097995643848, 43.661760774702913 ], [ -79.381456486956822, 43.662262415191641 ], [ -79.381430664165578, 43.662623847761871 ], [ -79.37916256635306, 43.66356368734953 ], [ -79.378954005264376, 43.662579608465741 ], [ -79.38097995643848, 43.661760774702913 ] ] ] } },
{ "type": "Feature", "properties": { "vor_id": 537, "theft_count": 18, "bike_trips": 0.0, "theft_per_1000_trips": "<NA>" }, "geometry": { "type": "Polygon", "coordinates": [ [ [ -79.408534790828412, 43.647079620559495 ], [ -79.407307947576612, 43.647530810985373 ], [ -79.406784909679999, 43.644753283052147 ], [ -79.408384397066229, 43.645043625308745 ], [ -79.408760526721835, 43.646849124655098 ], [ -79.408534790828412, 43.647079620559495 ] ] ] } },
{ "type": "Feature", "properties": { "vor_id": 538, "theft_count": 65, "bike_trips": 0.0, "theft_per_1000_trips": "<NA>" }, "geometry": { "type": "Polygon", "coordinates": [ [ [ -79.399409923520821, 43.707152737211047 ], [ -79.397032770673803, 43.707700410705385 ], [ -79.396610121409893, 43.705738669078684 ], [ -79.399032647596641, 43.705259391280592 ], [ -79.399409923520821, 43.707152737211047 ] ] ] } },
{ "type": "Feature", "properties": { "vor_id": 539, "theft_count": 4, "bike_trips": 0.0, "theft_per_1000_trips": "<NA>" }, "geometry": { "type": "Polygon", "coordinates": [ [ [ -79.367840314655723, 43.657337195539554 ], [ -79.369147201495423, 43.657447474170183 ], [ -79.368958852118979, 43.658468366397571 ], [ -79.368152602767495, 43.658782542315322 ], [ -79.367840314655723, 43.657337195539554 ] ] ] } },
{ "type": "Feature", "properties": { "vor_id": 540, "theft_count": 12, "bike_trips": 0.0, "theft_per_1000_trips": "<NA>" }, "geometry": { "type": "Polygon", "coordinates": [ [ [ -79.397743119773722, 43.649557129112978 ], [ -79.398538720667261, 43.64818477722222 ], [ -79.399588794710496, 43.648485163703313 ], [ -79.40000802147766, 43.648997828489513 ], [ -79.397843534808757, 43.649832312206286 ], [ -79.397743119773722, 43.649557129112978 ] ] ] } },
{ "type": "Feature", "properties": { "vor_id": 541, "theft_count": 9, "bike_trips": 0.0, "theft_per_1000_trips": "<NA>" }, "geometry": { "type": "Polygon", "coordinates": [ [ [ -79.369681312464152, 43.671778736615593 ], [ -79.369613527126646, 43.671806961216916 ], [ -79.369509834016398, 43.671796083850396 ], [ -79.368804809809276, 43.668269539352274 ], [ -79.369096390983515, 43.668312791333705 ], [ -79.37097486401467, 43.668405074796105 ], [ -79.371093378831588, 43.668986995111766 ], [ -79.3704933810711, 43.670825065463042 ], [ -79.369681312464152, 43.671778736615593 ] ] ] } },
{ "type": "Feature", "properties": { "vor_id": 542, "theft_count": 75, "bike_trips": 0.0, "theft_per_1000_trips": "<NA>" }, "geometry": { "type": "Polygon", "coordinates": [ [ [ -79.178164990607186, 43.76736599622302 ], [ -79.179146313020055, 43.771283654899193 ], [ -79.179866285333517, 43.776137313983504 ], [ -79.180048691866943, 43.779850284269266 ], [ -79.1800908426261, 43.780708282682831 ], [ -79.185837627051683, 43.781266232055579 ], [ -79.186285915786485, 43.782519115137376 ], [ -79.187478163020046, 43.787278832899297 ], [ -79.188198135333494, 43.792132491983622 ], [ -79.188438898999863, 43.797033349000102 ], [ -79.188420430603728, 43.797409281839883 ], [ -79.188198135333494, 43.801934206016583 ], [ -79.187478163020046, 43.806787865100901 ], [ -79.186285915786485, 43.811547582862822 ], [ -79.184632875625439, 43.816167520618365 ], [ -79.182534962217304, 43.820603185841399 ], [ -79.180012379615007, 43.824811860651081 ], [ -79.177089421668001, 43.828753013208285 ], [ -79.173794238059187, 43.832388688059432 ], [ -79.170158563208062, 43.835683871668245 ], [ -79.166217410650844, 43.83860682961523 ], [ -79.1633886216283, 43.840302340505595 ], [ -79.1609224, 43.834843 ], [ -79.1606014, 43.8341351 ], [ -79.159874877379494, 43.83249686961905 ], [ -79.1595692, 43.8318076 ], [ -79.1595299, 43.8317189 ], [ -79.15636531433853, 43.824340324267993 ], [ -79.159391716208177, 43.822095791668133 ], [ -79.163027391059316, 43.818800608059327 ], [ -79.164043446043522, 43.817679564138238 ], [ -79.166322574668129, 43.81516493320818 ], [ -79.169245532615108, 43.81122378065097 ], [ -79.171768115217418, 43.807015105841288 ], [ -79.17386602862554, 43.802579440618253 ], [ -79.175519068786585, 43.797959502862724 ], [ -79.17671131602016, 43.793199785100803 ], [ -79.177431288333594, 43.788346126016485 ], [ -79.177514524291396, 43.786651819172214 ], [ -79.176458796271675, 43.784859418694957 ], [ -79.176422126135648, 43.783261149776841 ], [ -79.165547625501063, 43.776966298708501 ], [ -79.158478384532103, 43.77403377938009 ], [ -79.152328686117642, 43.767229088285923 ], [ -79.149658190831872, 43.758133265534141 ], [ -79.149916099999984, 43.7579125 ], [ -79.164915822323479, 43.754679726364415 ], [ -79.166217410650844, 43.755459868384982 ], [ -79.170158563208062, 43.75838282633196 ], [ -79.171723770582091, 43.759801447604339 ], [ -79.171768115217418, 43.759875432158701 ], [ -79.17386602862554, 43.764311097381743 ], [ -79.174122468526619, 43.76502779889266 ], [ -79.175519068786585, 43.768931035137271 ], [ -79.176009110397786, 43.770887390912485 ], [ -79.178164990607186, 43.76736599622302 ] ] ] } },
{ "type": "Feature", "properties": { "vor_id": 543, "theft_count": 16, "bike_trips": 0.0, "theft_per_1000_trips": "<NA>" }, "geometry": { "type": "Polygon", "coordinates": [ [ [ -79.356403020443722, 43.675845056325613 ], [ -79.355778083744497, 43.675760818726822 ], [ -79.355334958925781, 43.673375509764043 ], [ -79.359023753687822, 43.669784083595204 ], [ -79.360297089203087, 43.672195156018972 ], [ -79.356403020443722, 43.675845056325613 ] ] ] } },
{ "type": "Feature", "properties": { "vor_id": 544, "theft_count": 32, "bike_trips": 0.0, "theft_per_1000_trips": "<NA>" }, "geometry": { "type": "Polygon", "coordinates": [ [ [ -79.448251191525927, 43.662377105111737 ], [ -79.448968003992576, 43.660790789146084 ], [ -79.451517571683453, 43.659775253196329 ], [ -79.451963972417531, 43.661895262667393 ], [ -79.4517863153702, 43.66357605941711 ], [ -79.451689464210602, 43.66366174043219 ], [ -79.449250331610742, 43.66340608424219 ], [ -79.448251191525927, 43.662377105111737 ] ] ] } },
{ "type": "Feature", "properties": { "vor_id": 545, "theft_count": 9, "bike_trips": 0.0, "theft_per_1000_trips": "<NA>" }, "geometry": { "type": "Polygon", "coordinates": [ [ [ -79.39216980439619, 43.7185340831142 ], [ -79.389814388133601, 43.718989573361874 ], [ -79.390024402679714, 43.711909868905273 ], [ -79.393042045102305, 43.710784834527423 ], [ -79.39216980439619, 43.7185340831142 ] ] ] } },
{ "type": "Feature", "properties": { "vor_id": 546, "theft_count": 6, "bike_trips": 0.0, "theft_per_1000_trips": "<NA>" }, "geometry": { "type": "Polygon", "coordinates": [ [ [ -79.303201439974373, 43.682853632368911 ], [ -79.302884792613227, 43.68279987401371 ], [ -79.300707790953254, 43.680691279088457 ], [ -79.300374458525496, 43.679841395560658 ], [ -79.302941859298301, 43.677749107503203 ], [ -79.304473770547389, 43.679715668174062 ], [ -79.303201439974373, 43.682853632368911 ] ] ] } },
{ "type": "Feature", "properties": { "vor_id": 547, "theft_count": 34, "bike_trips": 0.0, "theft_per_1000_trips": "<NA>" }, "geometry": { "type": "Polygon", "coordinates": [ [ [ -79.433875986467285, 43.643674920493801 ], [ -79.431429385843643, 43.641743531121833 ], [ -79.43130280903371, 43.641116132197048 ], [ -79.434633366321265, 43.639709829070704 ], [ -79.435413603972393, 43.640761274519178 ], [ -79.433875986467285, 43.643674920493801 ] ] ] } },
{ "type": "Feature", "properties": { "vor_id": 548, "theft_count": 30, "bike_trips": 0.0, "theft_per_1000_trips": "<NA>" }, "geometry": { "type": "Polygon", "coordinates": [ [ [ -79.377278383498762, 43.647484680019119 ], [ -79.377377881934692, 43.647185744857403 ], [ -79.377717844179614, 43.646920526881566 ], [ -79.378459200687786, 43.647117175291811 ], [ -79.37944176251699, 43.648221438825857 ], [ -79.379432218493889, 43.648286178518561 ], [ -79.378312103101436, 43.648851148010316 ], [ -79.377381972375375, 43.648074054476368 ], [ -79.377278383498762, 43.647484680019119 ] ] ] } },
{ "type": "Feature", "properties": { "vor_id": 549, "theft_count": 33, "bike_trips": 0.0, "theft_per_1000_trips": "<NA>" }, "geometry": { "type": "Polygon", "coordinates": [ [ [ -79.457546129073805, 43.663964800870552 ], [ -79.457767251242316, 43.665118181102002 ], [ -79.455442461503637, 43.668196790413283 ], [ -79.453754925662238, 43.667925357576031 ], [ -79.452235627628966, 43.666256356608507 ], [ -79.451689464210602, 43.66366174043219 ], [ -79.4517863153702, 43.66357605941711 ], [ -79.455547657230198, 43.66295769221697 ], [ -79.456084907046773, 43.662967090161473 ], [ -79.457546129073805, 43.663964800870552 ] ] ] } },
{ "type": "Feature", "properties": { "vor_id": 550, "theft_count": 93, "bike_trips": 0.0, "theft_per_1000_trips": "<NA>" }, "geometry": { "type": "Polygon", "coordinates": [ [ [ -79.424165918369283, 43.641717461390712 ], [ -79.423952712015137, 43.641954966110951 ], [ -79.422789404250352, 43.642403254808983 ], [ -79.422426150169059, 43.642330205251731 ], [ -79.421933419953191, 43.639899240437124 ], [ -79.424022621418644, 43.640873440623622 ], [ -79.424165918369283, 43.641717461390712 ] ] ] } },
{ "type": "Feature", "properties": { "vor_id": 551, "theft_count": 11, "bike_trips": 0.0, "theft_per_1000_trips": "<NA>" }, "geometry": { "type": "Polygon", "coordinates": [ [ [ -79.386214563401595, 43.664171278049444 ], [ -79.388768668718214, 43.663110926081494 ], [ -79.3889228274072, 43.663162164431071 ], [ -79.388559025723211, 43.664152776256842 ], [ -79.386438437645495, 43.665037954358823 ], [ -79.386393185546126, 43.6650001710452 ], [ -79.386214563401595, 43.664171278049444 ] ] ] } },
{ "type": "Feature", "properties": { "vor_id": 552, "theft_count": 61, "bike_trips": 0.0, "theft_per_1000_trips": "<NA>" }, "geometry": { "type": "Polygon", "coordinates": [ [ [ -79.39044607359159, 43.699783839254543 ], [ -79.388917584489036, 43.699932283066431 ], [ -79.387765937374255, 43.698472506166624 ], [ -79.387136789900822, 43.695622441480744 ], [ -79.391891604661836, 43.694075751613028 ], [ -79.392581103716324, 43.697393416003095 ], [ -79.39044607359159, 43.699783839254543 ] ] ] } },
{ "type": "Feature", "properties": { "vor_id": 553, "theft_count": 19, "bike_trips": 0.0, "theft_per_1000_trips": "<NA>" }, "geometry": { "type": "Polygon", "coordinates": [ [ [ -79.396482612554436, 43.645651061907273 ], [ -79.396161390633708, 43.644068311357053 ], [ -79.396272222672422, 43.643376883777961 ], [ -79.398570180825601, 43.643339368784538 ], [ -79.398891074106743, 43.64489231586618 ], [ -79.398482341558051, 43.645717353868498 ], [ -79.397060387513989, 43.646285734886 ], [ -79.396482612554436, 43.645651061907273 ] ] ] } },
{ "type": "Feature", "properties": { "vor_id": 554, "theft_count": 26, "bike_trips": 0.0, "theft_per_1000_trips": "<NA>" }, "geometry": { "type": "Polygon", "coordinates": [ [ [ -79.434257900326628, 43.666851077394696 ], [ -79.437329348334927, 43.663108123956029 ], [ -79.439403517250312, 43.665731786162276 ], [ -79.438150638237801, 43.66697950936188 ], [ -79.436843138545257, 43.667548721259678 ], [ -79.435463827614981, 43.667428500193047 ], [ -79.434257900326628, 43.666851077394696 ] ] ] } },
{ "type": "Feature", "properties": { "vor_id": 555, "theft_count": 21, "bike_trips": 0.0, "theft_per_1000_trips": "<NA>" }, "geometry": { "type": "Polygon", "coordinates": [ [ [ -79.412015387013639, 43.785608684354571 ], [ -79.412233166908322, 43.785449352539665 ], [ -79.418510417128317, 43.783890257717069 ], [ -79.419262984105998, 43.787600316004905 ], [ -79.41145612068172, 43.789531950873659 ], [ -79.41033823961854, 43.789238769228454 ], [ -79.412015387013639, 43.785608684354571 ] ] ] } },
{ "type": "Feature", "properties": { "vor_id": 556, "theft_count": 11, "bike_trips": 0.0, "theft_per_1000_trips": "<NA>" }, "geometry": { "type": "Polygon", "coordinates": [ [ [ -79.520490892711052, 43.666072556872876 ], [ -79.521790066157038, 43.661776921689352 ], [ -79.531214154176766, 43.655916103729368 ], [ -79.534184632563125, 43.655769223967994 ], [ -79.536500375907906, 43.676699267403421 ], [ -79.534105455792343, 43.676885747010239 ], [ -79.528342869637584, 43.673407338179373 ], [ -79.520490892711052, 43.666072556872876 ] ] ] } },
{ "type": "Feature", "properties": { "vor_id": 557, "theft_count": 35, "bike_trips": 0.0, "theft_per_1000_trips": "<NA>" }, "geometry": { "type": "Polygon", "coordinates": [ [ [ -79.384869878575273, 43.664193042885188 ], [ -79.385383649911077, 43.66339608663089 ], [ -79.385401516728535, 43.66340339576913 ], [ -79.386214563401595, 43.664171278049444 ], [ -79.386393185546126, 43.6650001710452 ], [ -79.385144309697864, 43.665521731758467 ], [ -79.384869878575273, 43.664193042885188 ] ] ] } },
{ "type": "Feature", "properties": { "vor_id": 558, "theft_count": 4, "bike_trips": 0.0, "theft_per_1000_trips": "<NA>" }, "geometry": { "type": "Polygon", "coordinates": [ [ [ -79.354576229379788, 43.683929832673151 ], [ -79.362861912663078, 43.68637042229247 ], [ -79.362980830742785, 43.687827263426833 ], [ -79.362366699668243, 43.687765181098058 ], [ -79.354799565594405, 43.684999498411287 ], [ -79.354471696527526, 43.684022451103985 ], [ -79.354576229379788, 43.683929832673151 ] ] ] } },
{ "type": "Feature", "properties": { "vor_id": 559, "theft_count": 21, "bike_trips": 0.0, "theft_per_1000_trips": "<NA>" }, "geometry": { "type": "Polygon", "coordinates": [ [ [ -79.386348652926372, 43.678983760774535 ], [ -79.391863478506934, 43.676722426082129 ], [ -79.392353534538813, 43.679153148038488 ], [ -79.389109962383202, 43.680451760628969 ], [ -79.386212091907652, 43.679215043612658 ], [ -79.386348652926372, 43.678983760774535 ] ] ] } },
{ "type": "Feature", "properties": { "vor_id": 560, "theft_count": 13, "bike_trips": 0.0, "theft_per_1000_trips": "<NA>" }, "geometry": { "type": "Polygon", "coordinates": [ [ [ -79.46900266195621, 43.631977233383111 ], [ -79.470207333990345, 43.632749903238391 ], [ -79.47066701369161, 43.640898939049009 ], [ -79.468407128435828, 43.634420198518434 ], [ -79.46900266195621, 43.631977233383111 ] ] ] } },
{ "type": "Feature", "properties": { "vor_id": 561, "theft_count": 29, "bike_trips": 0.0, "theft_per_1000_trips": "<NA>" }, "geometry": { "type": "Polygon", "coordinates": [ [ [ -79.358374316455581, 43.709953970947943 ], [ -79.359851620272394, 43.71296949957253 ], [ -79.354576024380108, 43.722906393688987 ], [ -79.352090426021917, 43.722156991573684 ], [ -79.356912415489234, 43.708835720187004 ], [ -79.358374316455581, 43.709953970947943 ] ] ] } },
{ "type": "Feature", "properties": { "vor_id": 562, "theft_count": 35, "bike_trips": 0.0, "theft_per_1000_trips": "<NA>" }, "geometry": { "type": "Polygon", "coordinates": [ [ [ -79.372947317213104, 43.768027071487836 ], [ -79.368542290091497, 43.769738634545945 ], [ -79.367323047996607, 43.76443329615882 ], [ -79.373318592424909, 43.759607569812594 ], [ -79.374782713839792, 43.759970278193926 ], [ -79.373970842280428, 43.765819627080852 ], [ -79.372947317213104, 43.768027071487836 ] ] ] } },
{ "type": "Feature", "properties": { "vor_id": 563, "theft_count": 4, "bike_trips": 0.0, "theft_per_1000_trips": "<NA>" }, "geometry": { "type": "Polygon", "coordinates": [ [ [ -79.408194510573821, 43.649951513631208 ], [ -79.408065594256485, 43.649899589539736 ], [ -79.407146015031884, 43.647735126639006 ], [ -79.407307947576612, 43.647530810985373 ], [ -79.408534790828412, 43.647079620559495 ], [ -79.409138978115976, 43.649743674833026 ], [ -79.409122732867985, 43.649770883678549 ], [ -79.408735672126454, 43.64992713701092 ], [ -79.408194510573821, 43.649951513631208 ] ] ] } },
{ "type": "Feature", "properties": { "vor_id": 564, "theft_count": 26, "bike_trips": 0.0, "theft_per_1000_trips": "<NA>" }, "geometry": { "type": "Polygon", "coordinates": [ [ [ -79.364948356398884, 43.678830166924634 ], [ -79.359402363505069, 43.677414151009565 ], [ -79.359248531764379, 43.676930414681046 ], [ -79.361873851866662, 43.673300004950548 ], [ -79.364058802059091, 43.67430892754809 ], [ -79.364948356398884, 43.678830166924634 ] ] ] } },
{ "type": "Feature", "properties": { "vor_id": 565, "theft_count": 36, "bike_trips": 0.0, "theft_per_1000_trips": "<NA>" }, "geometry": { "type": "Polygon", "coordinates": [ [ [ -79.341571878406612, 43.667360366543498 ], [ -79.340655319699181, 43.663729950576382 ], [ -79.341224447347301, 43.663502019229796 ], [ -79.342065117926651, 43.663408856060144 ], [ -79.342129685373905, 43.66342219240984 ], [ -79.344077906936832, 43.666048460662417 ], [ -79.344017457683165, 43.666368453302141 ], [ -79.341571878406612, 43.667360366543498 ] ] ] } },
{ "type": "Feature", "properties": { "vor_id": 566, "theft_count": 23, "bike_trips": 0.0, "theft_per_1000_trips": "<NA>" }, "geometry": { "type": "Polygon", "coordinates": [ [ [ -79.2913669309591, 43.692738399761829 ], [ -79.291209336716747, 43.689327476132483 ], [ -79.291383292986211, 43.689160616259549 ], [ -79.295236479722632, 43.689185052639885 ], [ -79.296129824433436, 43.693260773975965 ], [ -79.293363371401469, 43.693746051190892 ], [ -79.2913669309591, 43.692738399761829 ] ] ] } },
{ "type": "Feature", "properties": { "vor_id": 567, "theft_count": 24, "bike_trips": 0.0, "theft_per_1000_trips": "<NA>" }, "geometry": { "type": "Polygon", "coordinates": [ [ [ -79.40980268428639, 43.761372100831537 ], [ -79.409471835229567, 43.761813981671892 ], [ -79.408296786632548, 43.761397438802454 ], [ -79.407551927822865, 43.759763517005936 ], [ -79.408178646305601, 43.759200995722132 ], [ -79.410568105706147, 43.758499079010889 ], [ -79.41060158590281, 43.758502252198213 ], [ -79.40980268428639, 43.761372100831537 ] ] ] } },
{ "type": "Feature", "properties": { "vor_id": 568, "theft_count": 16, "bike_trips": 0.0, "theft_per_1000_trips": "<NA>" }, "geometry": { "type": "Polygon", "coordinates": [ [ [ -79.40931023577059, 43.658009323997781 ], [ -79.409904227356719, 43.657772950607622 ], [ -79.410562220818562, 43.657749331579325 ], [ -79.411041505032841, 43.660238471322032 ], [ -79.410184279733684, 43.660584384119645 ], [ -79.409840552712353, 43.660491956136241 ], [ -79.40931023577059, 43.658009323997781 ] ] ] } },
{ "type": "Feature", "properties": { "vor_id": 569, "theft_count": 130, "bike_trips": 0.0, "theft_per_1000_trips": "<NA>" }, "geometry": { "type": "Polygon", "coordinates": [ [ [ -79.385420583607612, 43.670269273447602 ], [ -79.385542640547968, 43.670818668220086 ], [ -79.384009944271071, 43.671477105106469 ], [ -79.383764580445614, 43.671354132232466 ], [ -79.383542324175409, 43.670372195976363 ], [ -79.384118796223703, 43.669133581170065 ], [ -79.384270533043576, 43.668946333695033 ], [ -79.384637917433778, 43.669271550329938 ], [ -79.384988335288327, 43.669600646979852 ], [ -79.385420583607612, 43.670269273447602 ] ] ] } },
{ "type": "Feature", "properties": { "vor_id": 570, "theft_count": 4, "bike_trips": 0.0, "theft_per_1000_trips": "<NA>" }, "geometry": { "type": "Polygon", "coordinates": [ [ [ -79.337345540207153, 43.699620417324589 ], [ -79.330846794399292, 43.702195950205947 ], [ -79.323704126765293, 43.703577254360724 ], [ -79.326392535615128, 43.699952354651082 ], [ -79.328915118217424, 43.695743679841399 ], [ -79.330529174856011, 43.692331043804082 ], [ -79.336371983485435, 43.696946019896608 ], [ -79.337345540207153, 43.699620417324589 ] ] ] } },
{ "type": "Feature", "properties": { "vor_id": 571, "theft_count": 19, "bike_trips": 0.0, "theft_per_1000_trips": "<NA>" }, "geometry": { "type": "Polygon", "coordinates": [ [ [ -79.322658156759204, 43.762749325881479 ], [ -79.316238226182463, 43.76650590649016 ], [ -79.309764454489184, 43.76116819738089 ], [ -79.321706506583851, 43.742376335820445 ], [ -79.322519070193607, 43.742696915583693 ], [ -79.326231915180529, 43.74534837528293 ], [ -79.32907996987305, 43.748987741334282 ], [ -79.322658156759204, 43.762749325881479 ] ] ] } },
{ "type": "Feature", "properties": { "vor_id": 572, "theft_count": 28, "bike_trips": 0.0, "theft_per_1000_trips": "<NA>" }, "geometry": { "type": "Polygon", "coordinates": [ [ [ -79.443428115762146, 43.671052995914103 ], [ -79.441735695278737, 43.671683924189146 ], [ -79.440335267957366, 43.670782645326938 ], [ -79.440998634071505, 43.666586832064489 ], [ -79.442144961278245, 43.666947027855102 ], [ -79.444695289948157, 43.669680026417446 ], [ -79.443428115762146, 43.671052995914103 ] ] ] } },
{ "type": "Feature", "properties": { "vor_id": 573, "theft_count": 26, "bike_trips": 0.0, "theft_per_1000_trips": "<NA>" }, "geometry": { "type": "Polygon", "coordinates": [ [ [ -79.433199952280788, 43.666776236260667 ], [ -79.431953441764435, 43.668902399567919 ], [ -79.43004580174518, 43.668792349536034 ], [ -79.429434572826779, 43.668200770377602 ], [ -79.429044053880574, 43.666379295413464 ], [ -79.430815903142985, 43.6656396490757 ], [ -79.43288963348293, 43.666375367451614 ], [ -79.433199952280788, 43.666776236260667 ] ] ] } },
{ "type": "Feature", "properties": { "vor_id": 574, "theft_count": 4, "bike_trips": 0.0, "theft_per_1000_trips": "<NA>" }, "geometry": { "type": "Polygon", "coordinates": [ [ [ -79.454684555374314, 43.677203638332188 ], [ -79.451292131121136, 43.673236159243693 ], [ -79.451380440412322, 43.67301667524967 ], [ -79.455184303358507, 43.671146153313252 ], [ -79.456389984781666, 43.676894439878488 ], [ -79.454684555374314, 43.677203638332188 ] ] ] } },
{ "type": "Feature", "properties": { "vor_id": 575, "theft_count": 11, "bike_trips": 0.0, "theft_per_1000_trips": "<NA>" }, "geometry": { "type": "Polygon", "coordinates": [ [ [ -79.299334599571026, 43.674418446913187 ], [ -79.297734572821497, 43.667103100396005 ], [ -79.302244088302302, 43.670854882535615 ], [ -79.300952339954932, 43.673957153960004 ], [ -79.299334599571026, 43.674418446913187 ] ] ] } },
{ "type": "Feature", "properties": { "vor_id": 576, "theft_count": 49, "bike_trips": 0.0, "theft_per_1000_trips": "<NA>" }, "geometry": { "type": "Polygon", "coordinates": [ [ [ -79.396857926409368, 43.633929033345765 ], [ -79.399031690027911, 43.634292232663718 ], [ -79.399829359452838, 43.63579399533122 ], [ -79.39823549709422, 43.636376575894019 ], [ -79.398142877342082, 43.636293373439777 ], [ -79.396857926409368, 43.633929033345765 ] ] ] } },
{ "type": "Feature", "properties": { "vor_id": 577, "theft_count": 2, "bike_trips": 0.0, "theft_per_1000_trips": "<NA>" }, "geometry": { "type": "Polygon", "coordinates": [ [ [ -79.18863363045466, 43.797395821718148 ], [ -79.190132388944207, 43.79622072568479 ], [ -79.191343070841612, 43.796089721548341 ], [ -79.199929565959252, 43.79838003787011 ], [ -79.198467083331863, 43.799993638791896 ], [ -79.195544125384856, 43.803934791349114 ], [ -79.194950243145655, 43.804925624005222 ], [ -79.18863363045466, 43.797395821718148 ] ] ] } },
{ "type": "Feature", "properties": { "vor_id": 578, "theft_count": 15, "bike_trips": 0.0, "theft_per_1000_trips": "<NA>" }, "geometry": { "type": "Polygon", "coordinates": [ [ [ -79.417329474573009, 43.693505124142867 ], [ -79.418120121471986, 43.692159185508238 ], [ -79.423698691449829, 43.691287835232032 ], [ -79.424495652632515, 43.69409345960625 ], [ -79.419658744870574, 43.696069193494203 ], [ -79.418892841450713, 43.695653819551829 ], [ -79.417329474573009, 43.693505124142867 ] ] ] } },
{ "type": "Feature", "properties": { "vor_id": 579, "theft_count": 5, "bike_trips": 0.0, "theft_per_1000_trips": "<NA>" }, "geometry": { "type": "Polygon", "coordinates": [ [ [ -79.560382031229111, 43.678045476991159 ], [ -79.560380723022945, 43.678167325911986 ], [ -79.554411425003579, 43.687650754809589 ], [ -79.54651572993825, 43.684138894341778 ], [ -79.543303916572569, 43.678521175759073 ], [ -79.547764182840055, 43.669089212500602 ], [ -79.550988834791795, 43.672011866668136 ], [ -79.554929987348999, 43.674934824615121 ], [ -79.559138662158688, 43.677457407217418 ], [ -79.560382031229111, 43.678045476991159 ] ] ] } },
{ "type": "Feature", "properties": { "vor_id": 580, "theft_count": 16, "bike_trips": 0.0, "theft_per_1000_trips": "<NA>" }, "geometry": { "type": "Polygon", "coordinates": [ [ [ -79.421070218593925, 43.660948633014954 ], [ -79.420501207459679, 43.658293515684683 ], [ -79.420547368260713, 43.658159508648971 ], [ -79.421775076199339, 43.65768579212223 ], [ -79.422890478465419, 43.657798707801909 ], [ -79.423258499656029, 43.6596294787849 ], [ -79.422961693481511, 43.660779644448695 ], [ -79.422345397607373, 43.661263366751768 ], [ -79.421070218593925, 43.660948633014954 ] ] ] } },
{ "type": "Feature", "properties": { "vor_id": 581, "theft_count": 46, "bike_trips": 0.0, "theft_per_1000_trips": "<NA>" }, "geometry": { "type": "Polygon", "coordinates": [ [ [ -79.382196713039463, 43.655428010962289 ], [ -79.380736682110353, 43.65474300877716 ], [ -79.380718680267364, 43.653917888914044 ], [ -79.381958461467775, 43.653398930539666 ], [ -79.382940856061225, 43.654435895664861 ], [ -79.382196713039463, 43.655428010962289 ] ] ] } },
{ "type": "Feature", "properties": { "vor_id": 582, "theft_count": 15, "bike_trips": 0.0, "theft_per_1000_trips": "<NA>" }, "geometry": { "type": "Polygon", "coordinates": [ [ [ -79.417185040037666, 43.670291740387007 ], [ -79.419171348479225, 43.669519948179513 ], [ -79.419889947637728, 43.669694625968944 ], [ -79.419950417193292, 43.669738367437581 ], [ -79.419576456882908, 43.673146114790661 ], [ -79.41716475126249, 43.671193101157868 ], [ -79.417185040037666, 43.670291740387007 ] ] ] } },
{ "type": "Feature", "properties": { "vor_id": 583, "theft_count": 13, "bike_trips": 0.0, "theft_per_1000_trips": "<NA>" }, "geometry": { "type": "Polygon", "coordinates": [ [ [ -79.364879665579195, 43.663913388702753 ], [ -79.363882272457559, 43.664998089234942 ], [ -79.363457738023797, 43.665136033295724 ], [ -79.361909384137448, 43.66476746445997 ], [ -79.361785539733276, 43.664190082502891 ], [ -79.362418831242664, 43.663371132195685 ], [ -79.364879665579195, 43.663913388702753 ] ] ] } },
{ "type": "Feature", "properties": { "vor_id": 584, "theft_count": 2, "bike_trips": 0.0, "theft_per_1000_trips": "<NA>" }, "geometry": { "type": "Polygon", "coordinates": [ [ [ -79.361805984371358, 43.771338911509368 ], [ -79.356444459482887, 43.764963433327921 ], [ -79.364987573231446, 43.764968145628778 ], [ -79.365224376332534, 43.770180013976727 ], [ -79.36356529170429, 43.771294758430756 ], [ -79.361805984371358, 43.771338911509368 ] ] ] } },
{ "type": "Feature", "properties": { "vor_id": 585, "theft_count": 9, "bike_trips": 0.0, "theft_per_1000_trips": "<NA>" }, "geometry": { "type": "Polygon", "coordinates": [ [ [ -79.345715421008705, 43.681191825168469 ], [ -79.345657256418079, 43.683321146837301 ], [ -79.343333619135095, 43.682682527487167 ], [ -79.344066925763727, 43.681036921497508 ], [ -79.345553631935189, 43.680994765493374 ], [ -79.345715421008705, 43.681191825168469 ] ] ] } },
{ "type": "Feature", "properties": { "vor_id": 586, "theft_count": 22, "bike_trips": 0.0, "theft_per_1000_trips": "<NA>" }, "geometry": { "type": "Polygon", "coordinates": [ [ [ -79.383583895613995, 43.667362188388637 ], [ -79.385706262338374, 43.666441319850207 ], [ -79.385822640661587, 43.666985823457289 ], [ -79.385281147061619, 43.667209728531439 ], [ -79.383813528119958, 43.667816582108223 ], [ -79.383704025772019, 43.667599900332391 ], [ -79.383583895613995, 43.667362188388637 ] ] ] } },
{ "type": "Feature", "properties": { "vor_id": 587, "theft_count": 26, "bike_trips": 0.0, "theft_per_1000_trips": "<NA>" }, "geometry": { "type": "Polygon", "coordinates": [ [ [ -79.319063602716128, 43.675119473501354 ], [ -79.315129830673797, 43.676742613681654 ], [ -79.315010434126634, 43.676525718108422 ], [ -79.316580989461514, 43.671707976067175 ], [ -79.319739354615365, 43.670402590106036 ], [ -79.320473923866047, 43.673687315828815 ], [ -79.319063602716128, 43.675119473501354 ] ] ] } },
{ "type": "Feature", "properties": { "vor_id": 588, "theft_count": 10, "bike_trips": 0.0, "theft_per_1000_trips": "<NA>" }, "geometry": { "type": "Polygon", "coordinates": [ [ [ -79.306854705406963, 43.673363842079993 ], [ -79.306342826372301, 43.673377298841302 ], [ -79.305558407000774, 43.6704849122805 ], [ -79.307901740637263, 43.670288163510698 ], [ -79.308686116286594, 43.670451082671107 ], [ -79.308820059348221, 43.670719697020424 ], [ -79.308043134740259, 43.67287832382555 ], [ -79.306854705406963, 43.673363842079993 ] ] ] } },
{ "type": "Feature", "properties": { "vor_id": 589, "theft_count": 9, "bike_trips": 0.0, "theft_per_1000_trips": "<NA>" }, "geometry": { "type": "Polygon", "coordinates": [ [ [ -79.227836674340324, 43.737786449063485 ], [ -79.230944831002276, 43.741622969526539 ], [ -79.228569712508943, 43.751387476646848 ], [ -79.228102895136971, 43.75167569681993 ], [ -79.22590342696904, 43.751651337680556 ], [ -79.227836674340324, 43.737786449063485 ] ] ] } },
{ "type": "Feature", "properties": { "vor_id": 590, "theft_count": 12, "bike_trips": 0.0, "theft_per_1000_trips": "<NA>" }, "geometry": { "type": "Polygon", "coordinates": [ [ [ -79.391763745976576, 43.666624172350382 ], [ -79.392069519775518, 43.668092941815708 ], [ -79.390625003437222, 43.668674994816286 ], [ -79.389861044558529, 43.668770453365866 ], [ -79.389750529406939, 43.668714577837413 ], [ -79.389446146671744, 43.667079556490769 ], [ -79.389655630949889, 43.666665007921054 ], [ -79.390610369072789, 43.666343868446383 ], [ -79.391763745976576, 43.666624172350382 ] ] ] } },
{ "type": "Feature", "properties": { "vor_id": 591, "theft_count": 14, "bike_trips": 0.0, "theft_per_1000_trips": "<NA>" }, "geometry": { "type": "Polygon", "coordinates": [ [ [ -79.434855138634248, 43.638499013324889 ], [ -79.4376671325155, 43.637441943379514 ], [ -79.43819537379936, 43.637759163366745 ], [ -79.43804949787652, 43.638890859728505 ], [ -79.43569914085549, 43.640784811945522 ], [ -79.435413603972393, 43.640761274519178 ], [ -79.434633366321265, 43.639709829070704 ], [ -79.434573637326935, 43.639446059927288 ], [ -79.434855138634248, 43.638499013324889 ] ] ] } },
{ "type": "Feature", "properties": { "vor_id": 592, "theft_count": 4, "bike_trips": 0.0, "theft_per_1000_trips": "<NA>" }, "geometry": { "type": "Polygon", "coordinates": [ [ [ -79.208689896083271, 43.753777120911174 ], [ -79.21791277763883, 43.770760397823324 ], [ -79.208938256409368, 43.76734236530055 ], [ -79.207933246809446, 43.753806481654607 ], [ -79.208287789162696, 43.753655912731745 ], [ -79.208689896083271, 43.753777120911174 ] ] ] } },
{ "type": "Feature", "properties": { "vor_id": 593, "theft_count": 25, "bike_trips": 0.0, "theft_per_1000_trips": "<NA>" }, "geometry": { "type": "Polygon", "coordinates": [ [ [ -79.350218210556648, 43.75710001961555 ], [ -79.347448527375661, 43.751829436671208 ], [ -79.358740515893572, 43.73937265441333 ], [ -79.366885552335305, 43.735003074270168 ], [ -79.367727084391234, 43.735169211597125 ], [ -79.368284499775967, 43.75420859035183 ], [ -79.351288419340619, 43.75898183583476 ], [ -79.350218210556648, 43.75710001961555 ] ] ] } },
{ "type": "Feature", "properties": { "vor_id": 594, "theft_count": 23, "bike_trips": 0.0, "theft_per_1000_trips": "<NA>" }, "geometry": { "type": "Polygon", "coordinates": [ [ [ -79.407590827227381, 43.639661112071849 ], [ -79.407666793594871, 43.63942521932799 ], [ -79.40925761119874, 43.637224502504075 ], [ -79.410765757729166, 43.636871233900656 ], [ -79.411321906654251, 43.640571809994618 ], [ -79.408155990684264, 43.6401445274021 ], [ -79.407590827227381, 43.639661112071849 ] ] ] } },
{ "type": "Feature", "properties": { "vor_id": 595, "theft_count": 3, "bike_trips": 0.0, "theft_per_1000_trips": "<NA>" }, "geometry": { "type": "Polygon", "coordinates": [ [ [ -79.318867422127354, 43.68018901334348 ], [ -79.31945520555692, 43.680235667468907 ], [ -79.319793070964451, 43.680470908285841 ], [ -79.320634332754111, 43.684508342467005 ], [ -79.319987957195565, 43.685519843782693 ], [ -79.318867422127354, 43.68018901334348 ] ] ] } },
{ "type": "Feature", "properties": { "vor_id": 596, "theft_count": 19, "bike_trips": 0.0, "theft_per_1000_trips": "<NA>" }, "geometry": { "type": "Polygon", "coordinates": [ [ [ -79.374852708914645, 43.668511528900254 ], [ -79.374993448103055, 43.6694268254235 ], [ -79.374514675135202, 43.670220035476014 ], [ -79.373852578925622, 43.670028332853207 ], [ -79.373503233794651, 43.668529285638449 ], [ -79.373997248, 43.668553555000088 ], [ -79.374852708914645, 43.668511528900254 ] ] ] } },
{ "type": "Feature", "properties": { "vor_id": 597, "theft_count": 31, "bike_trips": 0.0, "theft_per_1000_trips": "<NA>" }, "geometry": { "type": "Polygon", "coordinates": [ [ [ -79.464938496638155, 43.65581996814052 ], [ -79.463004947334994, 43.646872384004496 ], [ -79.464832151378957, 43.644967993391255 ], [ -79.466580200025888, 43.645370103366034 ], [ -79.467315118539432, 43.648741270495222 ], [ -79.465870990047833, 43.655465595784939 ], [ -79.464998004486731, 43.655838759395031 ], [ -79.464938496638155, 43.65581996814052 ] ] ] } },
{ "type": "Feature", "properties": { "vor_id": 598, "theft_count": 17, "bike_trips": 0.0, "theft_per_1000_trips": "<NA>" }, "geometry": { "type": "Polygon", "coordinates": [ [ [ -79.43541146584549, 43.707851856947038 ], [ -79.434093592032653, 43.71137754064199 ], [ -79.432455704494231, 43.713503069828647 ], [ -79.428512640906561, 43.713273253762047 ], [ -79.427113524769766, 43.710517647200184 ], [ -79.42992451429177, 43.704165608769536 ], [ -79.430720330317399, 43.703756719148565 ], [ -79.432930844879365, 43.703842680270633 ], [ -79.43541146584549, 43.707851856947038 ] ] ] } },
{ "type": "Feature", "properties": { "vor_id": 599, "theft_count": 5, "bike_trips": 0.0, "theft_per_1000_trips": "<NA>" }, "geometry": { "type": "Polygon", "coordinates": [ [ [ -79.449516352296641, 43.667434511666528 ], [ -79.452235627628966, 43.666256356608507 ], [ -79.453754925662238, 43.667925357576031 ], [ -79.451236614860647, 43.670125613116475 ], [ -79.450812255978462, 43.66988377329109 ], [ -79.449798073151328, 43.668704415157066 ], [ -79.449516352296641, 43.667434511666528 ] ] ] } },
{ "type": "Feature", "properties": { "vor_id": 600, "theft_count": 22, "bike_trips": 0.0, "theft_per_1000_trips": "<NA>" }, "geometry": { "type": "Polygon", "coordinates": [ [ [ -79.384662809551685, 43.661536491841865 ], [ -79.384697811670947, 43.661601256934262 ], [ -79.384800356500349, 43.662088771206321 ], [ -79.383427986170787, 43.662652093048024 ], [ -79.382664855459765, 43.662383018364253 ], [ -79.384662809551685, 43.661536491841865 ] ] ] } },
{ "type": "Feature", "properties": { "vor_id": 601, "theft_count": 26, "bike_trips": 0.0, "theft_per_1000_trips": "<NA>" }, "geometry": { "type": "Polygon", "coordinates": [ [ [ -79.4296269948466, 43.644281487244101 ], [ -79.431302348427053, 43.646542568862088 ], [ -79.431295305012284, 43.646590815240891 ], [ -79.429657236569398, 43.647666592363535 ], [ -79.427360110758215, 43.646375732596745 ], [ -79.426769672135748, 43.645423139745503 ], [ -79.4296269948466, 43.644281487244101 ] ] ] } },
{ "type": "Feature", "properties": { "vor_id": 602, "theft_count": 9, "bike_trips": 0.0, "theft_per_1000_trips": "<NA>" }, "geometry": { "type": "Polygon", "coordinates": [ [ [ -79.419813288390429, 43.705709100526974 ], [ -79.420061629728991, 43.70510527229181 ], [ -79.420779563240444, 43.703862938549349 ], [ -79.424175520436251, 43.702900320519547 ], [ -79.425213376192872, 43.709437326166757 ], [ -79.420284692931332, 43.708191159406546 ], [ -79.419813288390429, 43.705709100526974 ] ] ] } },
{ "type": "Feature", "properties": { "vor_id": 603, "theft_count": 7, "bike_trips": 0.0, "theft_per_1000_trips": "<NA>" }, "geometry": { "type": "Polygon", "coordinates": [ [ [ -79.412047807428365, 43.769939950887824 ], [ -79.419017036510866, 43.76827277193189 ], [ -79.419105733321786, 43.769155094118126 ], [ -79.412235022042054, 43.7708046754815 ], [ -79.412047807428365, 43.769939950887824 ] ] ] } },
{ "type": "Feature", "properties": { "vor_id": 604, "theft_count": 3, "bike_trips": 0.0, "theft_per_1000_trips": "<NA>" }, "geometry": { "type": "Polygon", "coordinates": [ [ [ -79.492076527283515, 43.61134353504842 ], [ -79.482170667142071, 43.609905826453875 ], [ -79.479392757809265, 43.609502648530338 ], [ -79.479159415516776, 43.609421659389973 ], [ -79.480669561179383, 43.608520032160712 ], [ -79.481445088121433, 43.608057006490213 ], [ -79.482776627649258, 43.607262015434145 ], [ -79.48585173995771, 43.605426030297743 ], [ -79.492516942784604, 43.61062585688228 ], [ -79.492076527283515, 43.61134353504842 ] ] ] } },
{ "type": "Feature", "properties": { "vor_id": 605, "theft_count": 7, "bike_trips": 0.0, "theft_per_1000_trips": "<NA>" }, "geometry": { "type": "Polygon", "coordinates": [ [ [ -79.345657256418079, 43.683321146837301 ], [ -79.346364875852174, 43.68393185046952 ], [ -79.345971646476102, 43.685696640695518 ], [ -79.341257913944503, 43.685553607738953 ], [ -79.3405380464703, 43.685052360745459 ], [ -79.343333619135095, 43.682682527487167 ], [ -79.345657256418079, 43.683321146837301 ] ] ] } },
{ "type": "Feature", "properties": { "vor_id": 606, "theft_count": 27, "bike_trips": 0.0, "theft_per_1000_trips": "<NA>" }, "geometry": { "type": "Polygon", "coordinates": [ [ [ -79.388262660966376, 43.669015191343966 ], [ -79.388021811532667, 43.667745116350794 ], [ -79.389446146671744, 43.667079556490769 ], [ -79.389750529406939, 43.668714577837413 ], [ -79.388613423409907, 43.669181390738686 ], [ -79.388262660966376, 43.669015191343966 ] ] ] } },
{ "type": "Feature", "properties": { "vor_id": 607, "theft_count": 12, "bike_trips": 0.0, "theft_per_1000_trips": "<NA>" }, "geometry": { "type": "Polygon", "coordinates": [ [ [ -79.504107309322521, 43.674744149769907 ], [ -79.502247162789672, 43.683167181800684 ], [ -79.496567348558983, 43.684359631521524 ], [ -79.489278853054316, 43.677132770392269 ], [ -79.491328850923409, 43.675153333650186 ], [ -79.500148465697364, 43.672785893434437 ], [ -79.504107309322521, 43.674744149769907 ] ] ] } },
{ "type": "Feature", "properties": { "vor_id": 608, "theft_count": 16, "bike_trips": 0.0, "theft_per_1000_trips": "<NA>" }, "geometry": { "type": "Polygon", "coordinates": [ [ [ -79.494315448111777, 43.706375134647459 ], [ -79.494069009894076, 43.705800718835533 ], [ -79.498036073834612, 43.697402561199851 ], [ -79.501032778814434, 43.695813713177927 ], [ -79.502516920594019, 43.696265700706029 ], [ -79.505693101457908, 43.703208057175651 ], [ -79.494315448111777, 43.706375134647459 ] ] ] } },
{ "type": "Feature", "properties": { "vor_id": 609, "theft_count": 4, "bike_trips": 0.0, "theft_per_1000_trips": "<NA>" }, "geometry": { "type": "Polygon", "coordinates": [ [ [ -79.306096641261178, 43.676032715906366 ], [ -79.308634587946301, 43.676231107714656 ], [ -79.30839091411174, 43.677674174651685 ], [ -79.305704611277733, 43.678896170920339 ], [ -79.306096641261178, 43.676032715906366 ] ] ] } },
{ "type": "Feature", "properties": { "vor_id": 610, "theft_count": 15, "bike_trips": 0.0, "theft_per_1000_trips": "<NA>" }, "geometry": { "type": "Polygon", "coordinates": [ [ [ -79.533726700775816, 43.698278492872973 ], [ -79.531912945907038, 43.69836518845716 ], [ -79.527277337640072, 43.694295130405756 ], [ -79.524295535022318, 43.688811471655072 ], [ -79.534105455792343, 43.676885747010239 ], [ -79.536500375907906, 43.676699267403421 ], [ -79.543303916572569, 43.678521175759073 ], [ -79.54651572993825, 43.684138894341778 ], [ -79.533726700775816, 43.698278492872973 ] ] ] } },
{ "type": "Feature", "properties": { "vor_id": 611, "theft_count": 23, "bike_trips": 0.0, "theft_per_1000_trips": "<NA>" }, "geometry": { "type": "Polygon", "coordinates": [ [ [ -79.379641252696715, 43.650279636164775 ], [ -79.379564993228513, 43.649933260974002 ], [ -79.379716070959432, 43.649611609666572 ], [ -79.381287206001119, 43.648948293823359 ], [ -79.381511211914443, 43.649997253722248 ], [ -79.379846984256005, 43.650652939722086 ], [ -79.379641252696715, 43.650279636164775 ] ] ] } },
{ "type": "Feature", "properties": { "vor_id": 612, "theft_count": 23, "bike_trips": 0.0, "theft_per_1000_trips": "<NA>" }, "geometry": { "type": "Polygon", "coordinates": [ [ [ -79.392447596939263, 43.64282886436186 ], [ -79.39272243517982, 43.642375635089309 ], [ -79.393698652720815, 43.641971953335648 ], [ -79.394125495363468, 43.643607098105086 ], [ -79.3930761540784, 43.644067150798534 ], [ -79.392658126304028, 43.643642334109735 ], [ -79.392447596939263, 43.64282886436186 ] ] ] } },
{ "type": "Feature", "properties": { "vor_id": 613, "theft_count": 3, "bike_trips": 0.0, "theft_per_1000_trips": "<NA>" }, "geometry": { "type": "Polygon", "coordinates": [ [ [ -79.368542290091497, 43.769738634545945 ], [ -79.368516340145717, 43.770528422117991 ], [ -79.365952153422725, 43.77040429246577 ], [ -79.365224376332534, 43.770180013976727 ], [ -79.364987573231446, 43.764968145628778 ], [ -79.367323047996607, 43.76443329615882 ], [ -79.368542290091497, 43.769738634545945 ] ] ] } },
{ "type": "Feature", "properties": { "vor_id": 614, "theft_count": 27, "bike_trips": 0.0, "theft_per_1000_trips": "<NA>" }, "geometry": { "type": "Polygon", "coordinates": [ [ [ -79.387806140574369, 43.649296148664732 ], [ -79.387643436527341, 43.649479468170597 ], [ -79.385700514556319, 43.649239731783837 ], [ -79.385963975813652, 43.648174182783812 ], [ -79.387218975706404, 43.647655919640215 ], [ -79.388078972510897, 43.648444690309063 ], [ -79.387806140574369, 43.649296148664732 ] ] ] } },
{ "type": "Feature", "properties": { "vor_id": 615, "theft_count": 36, "bike_trips": 0.0, "theft_per_1000_trips": "<NA>" }, "geometry": { "type": "Polygon", "coordinates": [ [ [ -79.451292131121136, 43.673236159243693 ], [ -79.448178724201213, 43.673962472740811 ], [ -79.447256864901291, 43.670846388131274 ], [ -79.447321204987475, 43.670784415858257 ], [ -79.450812255978462, 43.66988377329109 ], [ -79.451236614860647, 43.670125613116475 ], [ -79.451380440412322, 43.67301667524967 ], [ -79.451292131121136, 43.673236159243693 ] ] ] } },
{ "type": "Feature", "properties": { "vor_id": 616, "theft_count": 21, "bike_trips": 0.0, "theft_per_1000_trips": "<NA>" }, "geometry": { "type": "Polygon", "coordinates": [ [ [ -79.406094380605481, 43.660997995082191 ], [ -79.404159579030434, 43.661773927822232 ], [ -79.403747695585722, 43.661712711525894 ], [ -79.403528298836349, 43.660041881496632 ], [ -79.404213779884657, 43.659108760566731 ], [ -79.40600999214449, 43.660569957525624 ], [ -79.406094380605481, 43.660997995082191 ] ] ] } },
{ "type": "Feature", "properties": { "vor_id": 617, "theft_count": 16, "bike_trips": 0.0, "theft_per_1000_trips": "<NA>" }, "geometry": { "type": "Polygon", "coordinates": [ [ [ -79.406625579287393, 43.644754377066072 ], [ -79.403983171742908, 43.64366040241034 ], [ -79.406399648085895, 43.642749008942509 ], [ -79.406728148770142, 43.644394003700349 ], [ -79.406718853783033, 43.644717930126092 ], [ -79.406625579287393, 43.644754377066072 ] ] ] } },
{ "type": "Feature", "properties": { "vor_id": 618, "theft_count": 40, "bike_trips": 0.0, "theft_per_1000_trips": "<NA>" }, "geometry": { "type": "Polygon", "coordinates": [ [ [ -79.435380814098536, 43.657234574875645 ], [ -79.436080247941064, 43.657494797026672 ], [ -79.438374997672796, 43.660727624477254 ], [ -79.437210376360554, 43.662515049977067 ], [ -79.435208997785054, 43.662150900060567 ], [ -79.434337713137168, 43.6583564109186 ], [ -79.435380814098536, 43.657234574875645 ] ] ] } },
{ "type": "Feature", "properties": { "vor_id": 619, "theft_count": 12, "bike_trips": 0.0, "theft_per_1000_trips": "<NA>" }, "geometry": { "type": "Polygon", "coordinates": [ [ [ -79.403588476635349, 43.701758969323997 ], [ -79.402404733996903, 43.704913636637087 ], [ -79.402330456783091, 43.704976603148857 ], [ -79.399255060625435, 43.705009211648544 ], [ -79.39874391786509, 43.702608999379734 ], [ -79.398880849915457, 43.7021773571281 ], [ -79.400804240435264, 43.699837746873463 ], [ -79.400872573343776, 43.699771288746945 ], [ -79.401938339322882, 43.699725772069087 ], [ -79.403571958488158, 43.701693362892378 ], [ -79.403588476635349, 43.701758969323997 ] ] ] } },
{ "type": "Feature", "properties": { "vor_id": 620, "theft_count": 12, "bike_trips": 0.0, "theft_per_1000_trips": "<NA>" }, "geometry": { "type": "Polygon", "coordinates": [ [ [ -79.342052727191145, 43.677487810938658 ], [ -79.34256252161785, 43.680109469836687 ], [ -79.340016679870587, 43.681028286677147 ], [ -79.339592226363791, 43.678891280384804 ], [ -79.341966608064894, 43.677425415530855 ], [ -79.342052727191145, 43.677487810938658 ] ] ] } },
{ "type": "Feature", "properties": { "vor_id": 621, "theft_count": 2, "bike_trips": 0.0, "theft_per_1000_trips": "<NA>" }, "geometry": { "type": "Polygon", "coordinates": [ [ [ -79.396039013823142, 43.683070503148919 ], [ -79.396028661896551, 43.683016512426548 ], [ -79.402091956705974, 43.68054584262471 ], [ -79.403293434211392, 43.681621265197478 ], [ -79.39656375559511, 43.684418556314512 ], [ -79.396463711134899, 43.68424450014588 ], [ -79.396039013823142, 43.683070503148919 ] ] ] } },
{ "type": "Feature", "properties": { "vor_id": 622, "theft_count": 7, "bike_trips": 0.0, "theft_per_1000_trips": "<NA>" }, "geometry": { "type": "Polygon", "coordinates": [ [ [ -79.468238414994701, 43.723755069294569 ], [ -79.466545912051075, 43.726453174506538 ], [ -79.452125753501633, 43.729844708064171 ], [ -79.455099474008975, 43.724154706972826 ], [ -79.468283621845515, 43.721039967030727 ], [ -79.468368487074486, 43.721118279733545 ], [ -79.468238414994701, 43.723755069294569 ] ] ] } },
{ "type": "Feature", "properties": { "vor_id": 623, "theft_count": 8, "bike_trips": 0.0, "theft_per_1000_trips": "<NA>" }, "geometry": { "type": "Polygon", "coordinates": [ [ [ -79.536500375907906, 43.676699267403421 ], [ -79.534184632563125, 43.655769223967994 ], [ -79.534550167884902, 43.655632797896324 ], [ -79.537611546515578, 43.654814978286637 ], [ -79.538612435782568, 43.656931180841298 ], [ -79.541135018384864, 43.661139855650973 ], [ -79.544057976331842, 43.66508100820819 ], [ -79.547353159940656, 43.66871668305933 ], [ -79.547764182840055, 43.669089212500602 ], [ -79.543303916572569, 43.678521175759073 ], [ -79.536500375907906, 43.676699267403421 ] ] ] } },
{ "type": "Feature", "properties": { "vor_id": 624, "theft_count": 26, "bike_trips": 0.0, "theft_per_1000_trips": "<NA>" }, "geometry": { "type": "Polygon", "coordinates": [ [ [ -79.401515991154099, 43.674913861684871 ], [ -79.402458515244291, 43.67349920970819 ], [ -79.40456291193594, 43.673921985484967 ], [ -79.405764518405348, 43.674741774716395 ], [ -79.405779128376807, 43.675298656650625 ], [ -79.404193175162348, 43.67627171394971 ], [ -79.402483484344373, 43.676546423012255 ], [ -79.401515991154099, 43.674913861684871 ] ] ] } },
{ "type": "Feature", "properties": { "vor_id": 625, "theft_count": 41, "bike_trips": 0.0, "theft_per_1000_trips": "<NA>" }, "geometry": { "type": "Polygon", "coordinates": [ [ [ -79.354105897147946, 43.654091649102533 ], [ -79.355394716499049, 43.653476167719454 ], [ -79.355573374772675, 43.653630648779327 ], [ -79.355904970248275, 43.655129191761624 ], [ -79.354923481974907, 43.655382131922366 ], [ -79.354105897147946, 43.654091649102533 ] ] ] } },
{ "type": "Feature", "properties": { "vor_id": 626, "theft_count": 68, "bike_trips": 0.0, "theft_per_1000_trips": "<NA>" }, "geometry": { "type": "Polygon", "coordinates": [ [ [ -79.415150505535266, 43.635382626229315 ], [ -79.415491967904671, 43.635864266813783 ], [ -79.414994338481208, 43.638561897019997 ], [ -79.412788991519918, 43.639406167641035 ], [ -79.412250405523025, 43.636706648688019 ], [ -79.415150505535266, 43.635382626229315 ] ] ] } },
{ "type": "Feature", "properties": { "vor_id": 627, "theft_count": 7, "bike_trips": 0.0, "theft_per_1000_trips": "<NA>" }, "geometry": { "type": "Polygon", "coordinates": [ [ [ -79.417747531566931, 43.642700290335561 ], [ -79.418430010961416, 43.642675155843058 ], [ -79.418775937114475, 43.644422134267145 ], [ -79.416406546310043, 43.645364217461896 ], [ -79.416339710828453, 43.645049097337264 ], [ -79.417747531566931, 43.642700290335561 ] ] ] } },
{ "type": "Feature", "properties": { "vor_id": 628, "theft_count": 32, "bike_trips": 0.0, "theft_per_1000_trips": "<NA>" }, "geometry": { "type": "Polygon", "coordinates": [ [ [ -79.249277358937491, 43.718976506149659 ], [ -79.254520548074794, 43.711878367743488 ], [ -79.257040543349021, 43.71374732361523 ], [ -79.261249218158696, 43.716269906217519 ], [ -79.265684883381738, 43.718367819625669 ], [ -79.267024899953583, 43.718847285221727 ], [ -79.266565551786442, 43.720073997754781 ], [ -79.256561723049259, 43.725767571210206 ], [ -79.248993002888398, 43.722639474847881 ], [ -79.249277358937491, 43.718976506149659 ] ] ] } },
{ "type": "Feature", "properties": { "vor_id": 629, "theft_count": 5, "bike_trips": 0.0, "theft_per_1000_trips": "<NA>" }, "geometry": { "type": "Polygon", "coordinates": [ [ [ -79.405745020163579, 43.735380113913436 ], [ -79.401497317425765, 43.741101642332097 ], [ -79.398475525912929, 43.738124494515432 ], [ -79.401313157767746, 43.734058967738953 ], [ -79.404156735390572, 43.733390730514841 ], [ -79.405745020163579, 43.735380113913436 ] ] ] } },
{ "type": "Feature", "properties": { "vor_id": 630, "theft_count": 27, "bike_trips": 0.0, "theft_per_1000_trips": "<NA>" }, "geometry": { "type": "Polygon", "coordinates": [ [ [ -79.486568189289713, 43.621551970752982 ], [ -79.480612588354717, 43.61253653398294 ], [ -79.484585715969246, 43.614753277434502 ], [ -79.48652806238475, 43.617993886651071 ], [ -79.488671921742778, 43.62088454636784 ], [ -79.486568189289713, 43.621551970752982 ] ] ] } },
{ "type": "Feature", "properties": { "vor_id": 631, "theft_count": 13, "bike_trips": 0.0, "theft_per_1000_trips": "<NA>" }, "geometry": { "type": "Polygon", "coordinates": [ [ [ -79.343149568051857, 43.659408272056304 ], [ -79.343151117381581, 43.65940763184075 ], [ -79.345020807926502, 43.661850047467482 ], [ -79.34280526676875, 43.662745175250976 ], [ -79.342367455768425, 43.660819180329817 ], [ -79.343149568051857, 43.659408272056304 ] ] ] } },
{ "type": "Feature", "properties": { "vor_id": 632, "theft_count": 10, "bike_trips": 0.0, "theft_per_1000_trips": "<NA>" }, "geometry": { "type": "Polygon", "coordinates": [ [ [ -79.463263544611181, 43.751130297547412 ], [ -79.460257782826972, 43.753494957788668 ], [ -79.457664264442769, 43.740803494128052 ], [ -79.460952003052455, 43.74009652510221 ], [ -79.461081627666758, 43.740155401595082 ], [ -79.463263544611181, 43.751130297547412 ] ] ] } },
{ "type": "Feature", "properties": { "vor_id": 633, "theft_count": 22, "bike_trips": 0.0, "theft_per_1000_trips": "<NA>" }, "geometry": { "type": "Polygon", "coordinates": [ [ [ -79.389436642862876, 43.651617112544258 ], [ -79.389103503886972, 43.650058342005927 ], [ -79.389997052418565, 43.649393771497621 ], [ -79.39032427445035, 43.649732988431182 ], [ -79.390468772330024, 43.650382850397925 ], [ -79.390390834248677, 43.6512072944087 ], [ -79.389436642862876, 43.651617112544258 ] ] ] } },
{ "type": "Feature", "properties": { "vor_id": 634, "theft_count": 18, "bike_trips": 0.0, "theft_per_1000_trips": "<NA>" }, "geometry": { "type": "Polygon", "coordinates": [ [ [ -79.401989845161481, 43.711793459584605 ], [ -79.39992050731091, 43.709924616468427 ], [ -79.399954602324939, 43.708627142297601 ], [ -79.402205789405528, 43.708266129699879 ], [ -79.406143428939828, 43.712966976826593 ], [ -79.401989845161481, 43.711793459584605 ] ] ] } },
{ "type": "Feature", "properties": { "vor_id": 635, "theft_count": 12, "bike_trips": 0.0, "theft_per_1000_trips": "<NA>" }, "geometry": { "type": "Polygon", "coordinates": [ [ [ -79.467355635601479, 43.663879949708885 ], [ -79.468466341410533, 43.665360012095157 ], [ -79.468429198967158, 43.668129649436899 ], [ -79.464235924312078, 43.665122883828481 ], [ -79.467355635601479, 43.663879949708885 ] ] ] } },
{ "type": "Feature", "properties": { "vor_id": 636, "theft_count": 13, "bike_trips": 0.0, "theft_per_1000_trips": "<NA>" }, "geometry": { "type": "Polygon", "coordinates": [ [ [ -79.229839966305406, 43.727884729115431 ], [ -79.217303721279706, 43.719798104451321 ], [ -79.2218535, 43.715376 ], [ -79.2234276, 43.7078664 ], [ -79.2331872, 43.7005834 ], [ -79.234502274350845, 43.700321593486215 ], [ -79.237574306189316, 43.727823196075647 ], [ -79.236860118397004, 43.728258121235015 ], [ -79.229839966305406, 43.727884729115431 ] ] ] } },
{ "type": "Feature", "properties": { "vor_id": 637, "theft_count": 16, "bike_trips": 0.0, "theft_per_1000_trips": "<NA>" }, "geometry": { "type": "Polygon", "coordinates": [ [ [ -79.452631954607796, 43.657541144079879 ], [ -79.453698590002688, 43.659847626229933 ], [ -79.453564042904418, 43.660698054735597 ], [ -79.451963972417531, 43.661895262667393 ], [ -79.451517571683453, 43.659775253196329 ], [ -79.452389653801305, 43.65722805203098 ], [ -79.452631954607796, 43.657541144079879 ] ] ] } },
{ "type": "Feature", "properties": { "vor_id": 638, "theft_count": 30, "bike_trips": 0.0, "theft_per_1000_trips": "<NA>" }, "geometry": { "type": "Polygon", "coordinates": [ [ [ -79.330360704329152, 43.685018191931462 ], [ -79.328249806912254, 43.683136040136127 ], [ -79.33069813290129, 43.682138110751914 ], [ -79.33138707604526, 43.685371274815367 ], [ -79.330360704329152, 43.685018191931462 ] ] ] } },
{ "type": "Feature", "properties": { "vor_id": 639, "theft_count": 10, "bike_trips": 0.0, "theft_per_1000_trips": "<NA>" }, "geometry": { "type": "Polygon", "coordinates": [ [ [ -79.421587617183803, 43.792909451140147 ], [ -79.423234524592672, 43.794102832400966 ], [ -79.422991166715946, 43.795530757263847 ], [ -79.416966089677487, 43.796931881092696 ], [ -79.417986848106366, 43.792378830715762 ], [ -79.418387188656411, 43.792279996390334 ], [ -79.421587617183803, 43.792909451140147 ] ] ] } },
{ "type": "Feature", "properties": { "vor_id": 640, "theft_count": 13, "bike_trips": 0.0, "theft_per_1000_trips": "<NA>" }, "geometry": { "type": "Polygon", "coordinates": [ [ [ -79.35499352043071, 43.687536198458929 ], [ -79.355034282557924, 43.687498306913845 ], [ -79.362366699668243, 43.687765181098058 ], [ -79.362980830742785, 43.687827263426833 ], [ -79.364040749004573, 43.69057694073242 ], [ -79.362028940203643, 43.694473709320967 ], [ -79.357921476788775, 43.697576495753317 ], [ -79.354228283943371, 43.691338409026244 ], [ -79.35499352043071, 43.687536198458929 ] ] ] } },
{ "type": "Feature", "properties": { "vor_id": 641, "theft_count": 59, "bike_trips": 0.0, "theft_per_1000_trips": "<NA>" }, "geometry": { "type": "Polygon", "coordinates": [ [ [ -79.384109898653435, 43.652080325148056 ], [ -79.381757418853368, 43.652493210169837 ], [ -79.38166392190297, 43.652417342322451 ], [ -79.381571321269405, 43.651999709055559 ], [ -79.382022649599421, 43.651171693632136 ], [ -79.383869523422803, 43.651675628741515 ], [ -79.384109898653435, 43.652080325148056 ] ] ] } },
{ "type": "Feature", "properties": { "vor_id": 642, "theft_count": 40, "bike_trips": 0.0, "theft_per_1000_trips": "<NA>" }, "geometry": { "type": "Polygon", "coordinates": [ [ [ -79.388040708806514, 43.765501725176321 ], [ -79.392859352757952, 43.767704639666682 ], [ -79.389659227116667, 43.771041306259711 ], [ -79.386065001376949, 43.769122278576212 ], [ -79.385984519301658, 43.768661063650569 ], [ -79.388040708806514, 43.765501725176321 ] ] ] } },
{ "type": "Feature", "properties": { "vor_id": 643, "theft_count": 10, "bike_trips": 0.0, "theft_per_1000_trips": "<NA>" }, "geometry": { "type": "Polygon", "coordinates": [ [ [ -79.426554868188063, 43.652096797461368 ], [ -79.426436994690903, 43.650380916076742 ], [ -79.426531060230602, 43.650170152837283 ], [ -79.428702065298168, 43.6494851676742 ], [ -79.429436309776094, 43.650974801208392 ], [ -79.426554868188063, 43.652096797461368 ] ] ] } },
{ "type": "Feature", "properties": { "vor_id": 644, "theft_count": 15, "bike_trips": 0.0, "theft_per_1000_trips": "<NA>" }, "geometry": { "type": "Polygon", "coordinates": [ [ [ -79.425207005553645, 43.666812252467473 ], [ -79.42484187725448, 43.666964411997697 ], [ -79.422258660985264, 43.666355097186504 ], [ -79.421685067232573, 43.665488172509811 ], [ -79.422780167317825, 43.663252705200883 ], [ -79.424498718149167, 43.663456116595476 ], [ -79.425207005553645, 43.666812252467473 ] ] ] } },
{ "type": "Feature", "properties": { "vor_id": 645, "theft_count": 2, "bike_trips": 0.0, "theft_per_1000_trips": "<NA>" }, "geometry": { "type": "Polygon", "coordinates": [ [ [ -79.436103103789449, 43.669646037814196 ], [ -79.435899580003849, 43.669515478621967 ], [ -79.435463827614981, 43.667428500193047 ], [ -79.436843138545257, 43.667548721259678 ], [ -79.437195116940757, 43.669239336923539 ], [ -79.436103103789449, 43.669646037814196 ] ] ] } },
{ "type": "Feature", "properties": { "vor_id": 646, "theft_count": 41, "bike_trips": 0.0, "theft_per_1000_trips": "<NA>" }, "geometry": { "type": "Polygon", "coordinates": [ [ [ -79.402461019830056, 43.658338259057814 ], [ -79.40120805783684, 43.658831497813594 ], [ -79.400832957727602, 43.657010460931645 ], [ -79.402172566874725, 43.656937703612563 ], [ -79.402461019830056, 43.658338259057814 ] ] ] } },
{ "type": "Feature", "properties": { "vor_id": 647, "theft_count": 15, "bike_trips": 0.0, "theft_per_1000_trips": "<NA>" }, "geometry": { "type": "Polygon", "coordinates": [ [ [ -79.372213574819284, 43.652778900162069 ], [ -79.37393604951437, 43.652073701886998 ], [ -79.374011237610731, 43.652264537419562 ], [ -79.373187703107618, 43.65380457167214 ], [ -79.372635305243122, 43.653458748344455 ], [ -79.372225260148198, 43.652952644389714 ], [ -79.372213574819284, 43.652778900162069 ] ] ] } },
{ "type": "Feature", "properties": { "vor_id": 648, "theft_count": 13, "bike_trips": 0.0, "theft_per_1000_trips": "<NA>" }, "geometry": { "type": "Polygon", "coordinates": [ [ [ -79.396602726520527, 43.686508856183863 ], [ -79.400280282555414, 43.689766750422081 ], [ -79.399907183714774, 43.691627341205809 ], [ -79.398366206797661, 43.69221548421519 ], [ -79.396428775131795, 43.692132819807171 ], [ -79.396068406976454, 43.689026858316069 ], [ -79.396536966850206, 43.686587390153818 ], [ -79.396602726520527, 43.686508856183863 ] ] ] } },
{ "type": "Feature", "properties": { "vor_id": 649, "theft_count": 11, "bike_trips": 0.0, "theft_per_1000_trips": "<NA>" }, "geometry": { "type": "Polygon", "coordinates": [ [ [ -79.42280432914427, 43.686380626128383 ], [ -79.42386063000481, 43.687142859002861 ], [ -79.425313409632807, 43.690306582338472 ], [ -79.423780582999953, 43.691211245937396 ], [ -79.421910113109149, 43.687327533195308 ], [ -79.42280432914427, 43.686380626128383 ] ] ] } },
{ "type": "Feature", "properties": { "vor_id": 650, "theft_count": 41, "bike_trips": 0.0, "theft_per_1000_trips": "<NA>" }, "geometry": { "type": "Polygon", "coordinates": [ [ [ -79.387241129599687, 43.669288249626049 ], [ -79.387572175137535, 43.669288472485874 ], [ -79.387834765324214, 43.67078937501114 ], [ -79.387182437665842, 43.670672422832617 ], [ -79.386976999058334, 43.66964314656434 ], [ -79.387241129599687, 43.669288249626049 ] ] ] } },
{ "type": "Feature", "properties": { "vor_id": 651, "theft_count": 26, "bike_trips": 0.0, "theft_per_1000_trips": "<NA>" }, "geometry": { "type": "Polygon", "coordinates": [ [ [ -79.47592853689325, 43.612556565132166 ], [ -79.484814046395641, 43.622811367010627 ], [ -79.483881688718796, 43.623417109456675 ], [ -79.478844099223323, 43.619543934465376 ], [ -79.474746093095831, 43.613913096904014 ], [ -79.475471396924775, 43.613081008571072 ], [ -79.47592853689325, 43.612556565132166 ] ] ] } },
{ "type": "Feature", "properties": { "vor_id": 652, "theft_count": 24, "bike_trips": 0.0, "theft_per_1000_trips": "<NA>" }, "geometry": { "type": "Polygon", "coordinates": [ [ [ -79.378205369264094, 43.653161005891484 ], [ -79.378189155376376, 43.653167623687494 ], [ -79.377099657274925, 43.652195564781067 ], [ -79.377036722654879, 43.651902145488904 ], [ -79.37816203576115, 43.65141896910982 ], [ -79.378319466437745, 43.651576818657482 ], [ -79.378483758790708, 43.65231937873363 ], [ -79.378205369264094, 43.653161005891484 ] ] ] } },
{ "type": "Feature", "properties": { "vor_id": 653, "theft_count": 15, "bike_trips": 0.0, "theft_per_1000_trips": "<NA>" }, "geometry": { "type": "Polygon", "coordinates": [ [ [ -79.413136983930343, 43.668682700947649 ], [ -79.412783894914426, 43.667096843289876 ], [ -79.41338195781023, 43.666226772052937 ], [ -79.414632036248733, 43.666244902286941 ], [ -79.414755073931957, 43.666289295873717 ], [ -79.415902701010054, 43.667805316775485 ], [ -79.413414299287766, 43.668778814606419 ], [ -79.413136983930343, 43.668682700947649 ] ] ] } },
{ "type": "Feature", "properties": { "vor_id": 654, "theft_count": 12, "bike_trips": 0.0, "theft_per_1000_trips": "<NA>" }, "geometry": { "type": "Polygon", "coordinates": [ [ [ -79.424564109010817, 43.669051269811987 ], [ -79.425206744191186, 43.670303140039898 ], [ -79.42507542126765, 43.671466580374712 ], [ -79.423495809638666, 43.673420873530198 ], [ -79.42311530213982, 43.673623458096856 ], [ -79.422396333490028, 43.669969517963601 ], [ -79.424564109010817, 43.669051269811987 ] ] ] } },
{ "type": "Feature", "properties": { "vor_id": 655, "theft_count": 0, "bike_trips": 0.0, "theft_per_1000_trips": "<NA>" }, "geometry": { "type": "Polygon", "coordinates": [ [ [ -79.416339710828453, 43.645049097337264 ], [ -79.416406546310043, 43.645364217461896 ], [ -79.416363555362722, 43.645737217032391 ], [ -79.415794587433368, 43.645958580776522 ], [ -79.416339710828453, 43.645049097337264 ] ] ] } },
{ "type": "Feature", "properties": { "vor_id": 656, "theft_count": 20, "bike_trips": 0.0, "theft_per_1000_trips": "<NA>" }, "geometry": { "type": "Polygon", "coordinates": [ [ [ -79.341966608064894, 43.677425415530855 ], [ -79.339592226363791, 43.678891280384804 ], [ -79.337857981381816, 43.677864920559394 ], [ -79.336426196579438, 43.67491148453928 ], [ -79.341921245716762, 43.674050375749388 ], [ -79.341966608064894, 43.677425415530855 ] ] ] } },
{ "type": "Feature", "properties": { "vor_id": 657, "theft_count": 26, "bike_trips": 0.0, "theft_per_1000_trips": "<NA>" }, "geometry": { "type": "Polygon", "coordinates": [ [ [ -79.441595437527397, 43.698878977664023 ], [ -79.442875612147162, 43.700201676154286 ], [ -79.444554170150752, 43.703471927584211 ], [ -79.444420340263477, 43.703788121372554 ], [ -79.439998929520897, 43.705551269557105 ], [ -79.43981391080699, 43.70545368228241 ], [ -79.438457851025632, 43.703222954521635 ], [ -79.438464943593033, 43.703209271272989 ], [ -79.440964748412384, 43.699037585619784 ], [ -79.441595437527397, 43.698878977664023 ] ] ] } },
{ "type": "Feature", "properties": { "vor_id": 658, "theft_count": 0, "bike_trips": 0.0, "theft_per_1000_trips": "<NA>" }, "geometry": { "type": "Polygon", "coordinates": [ [ [ -79.348418987629302, 43.661445815480945 ], [ -79.347822071990265, 43.661421310065464 ], [ -79.347735427912028, 43.661036105553606 ], [ -79.348418987629302, 43.661445815480945 ] ] ] } },
{ "type": "Feature", "properties": { "vor_id": 659, "theft_count": 9, "bike_trips": 0.0, "theft_per_1000_trips": "<NA>" }, "geometry": { "type": "Polygon", "coordinates": [ [ [ -79.394817465161367, 43.652064484799872 ], [ -79.394322991848867, 43.651608538175694 ], [ -79.395133972354458, 43.649845044608668 ], [ -79.395631155522238, 43.650177114027798 ], [ -79.396144203586744, 43.650807757374544 ], [ -79.396227742855359, 43.651191177860859 ], [ -79.39600038132437, 43.651566552089477 ], [ -79.394817465161367, 43.652064484799872 ] ] ] } },
{ "type": "Feature", "properties": { "vor_id": 660, "theft_count": 22, "bike_trips": 0.0, "theft_per_1000_trips": "<NA>" }, "geometry": { "type": "Polygon", "coordinates": [ [ [ -79.364370800645943, 43.658707855231739 ], [ -79.364370871044613, 43.658647279079105 ], [ -79.365245165287533, 43.658292240079611 ], [ -79.36697692194862, 43.659772732765674 ], [ -79.365682822516831, 43.660298575896924 ], [ -79.364370800645943, 43.658707855231739 ] ] ] } },
{ "type": "Feature", "properties": { "vor_id": 661, "theft_count": 13, "bike_trips": 0.0, "theft_per_1000_trips": "<NA>" }, "geometry": { "type": "Polygon", "coordinates": [ [ [ -79.578355685023624, 43.749768679764877 ], [ -79.588640765431578, 43.744856110630835 ], [ -79.590386452192647, 43.747370376689979 ], [ -79.590538131244642, 43.753986922884856 ], [ -79.585217108795135, 43.75652149532192 ], [ -79.578355685023624, 43.749768679764877 ] ] ] } },
{ "type": "Feature", "properties": { "vor_id": 662, "theft_count": 26, "bike_trips": 0.0, "theft_per_1000_trips": "<NA>" }, "geometry": { "type": "Polygon", "coordinates": [ [ [ -79.424175520436251, 43.702900320519547 ], [ -79.424483718861595, 43.700472575926185 ], [ -79.427336677844835, 43.70101019639656 ], [ -79.42992451429177, 43.704165608769536 ], [ -79.427113524769766, 43.710517647200184 ], [ -79.425213376192872, 43.709437326166757 ], [ -79.424175520436251, 43.702900320519547 ] ] ] } },
{ "type": "Feature", "properties": { "vor_id": 663, "theft_count": 5, "bike_trips": 0.0, "theft_per_1000_trips": "<NA>" }, "geometry": { "type": "Polygon", "coordinates": [ [ [ -79.458746184761736, 43.665599767346976 ], [ -79.462059744669276, 43.666523320082923 ], [ -79.462225883382487, 43.669366096275816 ], [ -79.459727885293262, 43.670719563977187 ], [ -79.458746184761736, 43.665599767346976 ] ] ] } },
{ "type": "Feature", "properties": { "vor_id": 664, "theft_count": 35, "bike_trips": 0.0, "theft_per_1000_trips": "<NA>" }, "geometry": { "type": "Polygon", "coordinates": [ [ [ -79.362674730850145, 43.655068105828626 ], [ -79.362722953715789, 43.653437123523069 ], [ -79.364756160202035, 43.652569824637695 ], [ -79.364895669406309, 43.652763465829217 ], [ -79.36419976278701, 43.654508887502239 ], [ -79.362800046035716, 43.655106262731998 ], [ -79.362674730850145, 43.655068105828626 ] ] ] } },
{ "type": "Feature", "properties": { "vor_id": 665, "theft_count": 9, "bike_trips": 0.0, "theft_per_1000_trips": "<NA>" }, "geometry": { "type": "Polygon", "coordinates": [ [ [ -79.367727084391234, 43.735169211597125 ], [ -79.366885552335305, 43.735003074270168 ], [ -79.362886382902715, 43.729442794265616 ], [ -79.364934452756984, 43.715231793782998 ], [ -79.366835267259034, 43.714832575590606 ], [ -79.371827810637058, 43.717891509757372 ], [ -79.373918058304554, 43.733846195684848 ], [ -79.367727084391234, 43.735169211597125 ] ] ] } },
{ "type": "Feature", "properties": { "vor_id": 666, "theft_count": 0, "bike_trips": 0.0, "theft_per_1000_trips": "<NA>" }, "geometry": { "type": "Polygon", "coordinates": [ [ [ -79.289324371541156, 43.776544468865467 ], [ -79.289113372844952, 43.776015354726979 ], [ -79.290444317251541, 43.774293478130176 ], [ -79.293837332285662, 43.771672061137259 ], [ -79.298755010200949, 43.771669149004254 ], [ -79.302284310120555, 43.77501253890803 ], [ -79.301510906, 43.774974543999988 ], [ -79.29661004898351, 43.775215307666386 ], [ -79.291756389899192, 43.775935279979826 ], [ -79.289324371541156, 43.776544468865467 ] ] ] } },
{ "type": "Feature", "properties": { "vor_id": 667, "theft_count": 25, "bike_trips": 0.0, "theft_per_1000_trips": "<NA>" }, "geometry": { "type": "Polygon", "coordinates": [ [ [ -79.379290868495843, 43.733970790140098 ], [ -79.382185433139654, 43.73614788741537 ], [ -79.385937068521997, 43.749262162711702 ], [ -79.380801691723946, 43.75714077863848 ], [ -79.376486029521658, 43.759807403452832 ], [ -79.374782713839792, 43.759970278193926 ], [ -79.373318592424909, 43.759607569812594 ], [ -79.368284499775967, 43.75420859035183 ], [ -79.367727084391234, 43.735169211597125 ], [ -79.373918058304554, 43.733846195684848 ], [ -79.379290868495843, 43.733970790140098 ] ] ] } },
{ "type": "Feature", "properties": { "vor_id": 668, "theft_count": 8, "bike_trips": 0.0, "theft_per_1000_trips": "<NA>" }, "geometry": { "type": "Polygon", "coordinates": [ [ [ -79.288935294059797, 43.742703269081176 ], [ -79.302008373356941, 43.738852370874746 ], [ -79.30439844633203, 43.750409466302095 ], [ -79.288935294059797, 43.742703269081176 ] ] ] } },
{ "type": "Feature", "properties": { "vor_id": 669, "theft_count": 4, "bike_trips": 0.0, "theft_per_1000_trips": "<NA>" }, "geometry": { "type": "Polygon", "coordinates": [ [ [ -79.290304170178814, 43.759555094512706 ], [ -79.292564568511636, 43.756396090743827 ], [ -79.302656923723447, 43.758881134708972 ], [ -79.303015150766228, 43.759600647603222 ], [ -79.298755010200949, 43.771669149004254 ], [ -79.293837332285662, 43.771672061137259 ], [ -79.292713103946042, 43.769876258598444 ], [ -79.290304170178814, 43.759555094512706 ] ] ] } },
{ "type": "Feature", "properties": { "vor_id": 670, "theft_count": 39, "bike_trips": 0.0, "theft_per_1000_trips": "<NA>" }, "geometry": { "type": "Polygon", "coordinates": [ [ [ -79.257725840111576, 43.780414640349044 ], [ -79.255721816346821, 43.780923065995744 ], [ -79.24963394128757, 43.777172654507638 ], [ -79.255818010629952, 43.770515511538804 ], [ -79.257927381086745, 43.771223997633129 ], [ -79.260130855706393, 43.772842742576103 ], [ -79.257725840111576, 43.780414640349044 ] ] ] } },
{ "type": "Feature", "properties": { "vor_id": 671, "theft_count": 12, "bike_trips": 0.0, "theft_per_1000_trips": "<NA>" }, "geometry": { "type": "Polygon", "coordinates": [ [ [ -79.388472795411545, 43.664934924807845 ], [ -79.386789470669484, 43.665651670958304 ], [ -79.386438437645495, 43.665037954358823 ], [ -79.388559025723211, 43.664152776256842 ], [ -79.388472795411545, 43.664934924807845 ] ] ] } },
{ "type": "Feature", "properties": { "vor_id": 672, "theft_count": 9, "bike_trips": 0.0, "theft_per_1000_trips": "<NA>" }, "geometry": { "type": "Polygon", "coordinates": [ [ [ -79.191343070841612, 43.796089721548341 ], [ -79.205503694117894, 43.790986820759279 ], [ -79.205008574532471, 43.793415682245161 ], [ -79.20378686386448, 43.799408913124722 ], [ -79.199929565959252, 43.79838003787011 ], [ -79.191343070841612, 43.796089721548341 ] ] ] } },
{ "type": "Feature", "properties": { "vor_id": 673, "theft_count": 14, "bike_trips": 0.0, "theft_per_1000_trips": "<NA>" }, "geometry": { "type": "Polygon", "coordinates": [ [ [ -79.385370879713491, 43.649473798938544 ], [ -79.384679926098798, 43.649300106155145 ], [ -79.38447167038882, 43.648281687689732 ], [ -79.385477434641331, 43.647671744479048 ], [ -79.385963975813652, 43.648174182783812 ], [ -79.385700514556319, 43.649239731783837 ], [ -79.385370879713491, 43.649473798938544 ] ] ] } },
{ "type": "Feature", "properties": { "vor_id": 674, "theft_count": 12, "bike_trips": 0.0, "theft_per_1000_trips": "<NA>" }, "geometry": { "type": "Polygon", "coordinates": [ [ [ -79.333386576126401, 43.713047944893688 ], [ -79.345167172476351, 43.70785026296754 ], [ -79.345364101911358, 43.714153773350262 ], [ -79.337901655053713, 43.717266902988925 ], [ -79.333071572036062, 43.715811661809369 ], [ -79.332806065979398, 43.713839836231159 ], [ -79.333386576126401, 43.713047944893688 ] ] ] } },
{ "type": "Feature", "properties": { "vor_id": 675, "theft_count": 21, "bike_trips": 0.0, "theft_per_1000_trips": "<NA>" }, "geometry": { "type": "Polygon", "coordinates": [ [ [ -79.431123847066743, 43.650652831453108 ], [ -79.42987692794452, 43.651542471800767 ], [ -79.429436309776094, 43.650974801208392 ], [ -79.428702065298168, 43.6494851676742 ], [ -79.428762285895615, 43.64920738329203 ], [ -79.429657236569398, 43.647666592363535 ], [ -79.431295305012284, 43.646590815240891 ], [ -79.43131556406658, 43.646614141941107 ], [ -79.431123847066743, 43.650652831453108 ] ] ] } },
{ "type": "Feature", "properties": { "vor_id": 676, "theft_count": 20, "bike_trips": 0.0, "theft_per_1000_trips": "<NA>" }, "geometry": { "type": "Polygon", "coordinates": [ [ [ -79.391991448003807, 43.69379444507868 ], [ -79.391444620511962, 43.692413295287359 ], [ -79.393019017764772, 43.69021968730587 ], [ -79.396068406976454, 43.689026858316069 ], [ -79.396428775131795, 43.692132819807171 ], [ -79.394003944899978, 43.693375874166662 ], [ -79.391991448003807, 43.69379444507868 ] ] ] } },
{ "type": "Feature", "properties": { "vor_id": 677, "theft_count": 25, "bike_trips": 0.0, "theft_per_1000_trips": "<NA>" }, "geometry": { "type": "Polygon", "coordinates": [ [ [ -79.467499832221606, 43.660826069979748 ], [ -79.466867433229424, 43.661680243520088 ], [ -79.463176259536382, 43.661866290782712 ], [ -79.461696615081522, 43.660436330877417 ], [ -79.465516808776556, 43.658192482454531 ], [ -79.467150557241567, 43.659366304499706 ], [ -79.467499832221606, 43.660826069979748 ] ] ] } },
{ "type": "Feature", "properties": { "vor_id": 678, "theft_count": 28, "bike_trips": 0.0, "theft_per_1000_trips": "<NA>" }, "geometry": { "type": "Polygon", "coordinates": [ [ [ -79.427526440212574, 43.654650793669845 ], [ -79.428536739966304, 43.654904939290759 ], [ -79.429498989292426, 43.655171328930329 ], [ -79.429985014907999, 43.656037545178698 ], [ -79.429033748726511, 43.657149372930185 ], [ -79.426462411429057, 43.65816366009561 ], [ -79.425003876415261, 43.656252016031537 ], [ -79.426089148256523, 43.655210170430806 ], [ -79.427526440212574, 43.654650793669845 ] ] ] } },
{ "type": "Feature", "properties": { "vor_id": 679, "theft_count": 17, "bike_trips": 0.0, "theft_per_1000_trips": "<NA>" }, "geometry": { "type": "Polygon", "coordinates": [ [ [ -79.428127492559497, 43.784430258335796 ], [ -79.427702341030141, 43.784360749269219 ], [ -79.423971606292909, 43.782420308024747 ], [ -79.42194309476703, 43.773341321634774 ], [ -79.425091993977645, 43.773267288527016 ], [ -79.432044224806077, 43.774795611721288 ], [ -79.432007943979713, 43.774940452899187 ], [ -79.431287971666265, 43.779794111983513 ], [ -79.431228786356129, 43.780998856647919 ], [ -79.428127492559497, 43.784430258335796 ] ] ] } },
{ "type": "Feature", "properties": { "vor_id": 680, "theft_count": 10, "bike_trips": 0.0, "theft_per_1000_trips": "<NA>" }, "geometry": { "type": "Polygon", "coordinates": [ [ [ -79.345207293736095, 43.655203896610026 ], [ -79.345082942052755, 43.654146498712656 ], [ -79.346771449577275, 43.648188713545444 ], [ -79.347507388301153, 43.648068068317009 ], [ -79.348314210557447, 43.649282721494423 ], [ -79.351656793747566, 43.656168259863001 ], [ -79.351451326480401, 43.65655604951268 ], [ -79.350934543991428, 43.657212012288824 ], [ -79.349556153393223, 43.65830810084023 ], [ -79.34884713209351, 43.65846450574157 ], [ -79.345556940455623, 43.655688227168717 ], [ -79.345207293736095, 43.655203896610026 ] ] ] } },
{ "type": "Feature", "properties": { "vor_id": 681, "theft_count": 33, "bike_trips": 0.0, "theft_per_1000_trips": "<NA>" }, "geometry": { "type": "Polygon", "coordinates": [ [ [ -79.322410952412937, 43.691025036670055 ], [ -79.319323265445689, 43.697152538013384 ], [ -79.312578791266446, 43.691691138024225 ], [ -79.315018748521467, 43.68714869481753 ], [ -79.316819181925624, 43.68562835236137 ], [ -79.319559669456396, 43.687399377533502 ], [ -79.322410952412937, 43.691025036670055 ] ] ] } },
{ "type": "Feature", "properties": { "vor_id": 682, "theft_count": 19, "bike_trips": 0.0, "theft_per_1000_trips": "<NA>" }, "geometry": { "type": "Polygon", "coordinates": [ [ [ -79.403697058922717, 43.66883028473346 ], [ -79.402802716388635, 43.669513797521653 ], [ -79.402593575909265, 43.669241818160309 ], [ -79.401946066372943, 43.666282760785521 ], [ -79.402072900926598, 43.666066847830656 ], [ -79.403140309754107, 43.666281762568801 ], [ -79.403697058922717, 43.66883028473346 ] ] ] } },
{ "type": "Feature", "properties": { "vor_id": 683, "theft_count": 86, "bike_trips": 0.0, "theft_per_1000_trips": "<NA>" }, "geometry": { "type": "Polygon", "coordinates": [ [ [ -79.376259658336878, 43.642199402577113 ], [ -79.375866848703438, 43.641847870339276 ], [ -79.3715567445918, 43.630334245391843 ], [ -79.374463487216005, 43.629970052560189 ], [ -79.378468030050215, 43.640723265726024 ], [ -79.376259658336878, 43.642199402577113 ] ] ] } },
{ "type": "Feature", "properties": { "vor_id": 684, "theft_count": 30, "bike_trips": 0.0, "theft_per_1000_trips": "<NA>" }, "geometry": { "type": "Polygon", "coordinates": [ [ [ -79.590965052519451, 43.701542146804222 ], [ -79.582143932844701, 43.706115480034015 ], [ -79.577579565237059, 43.705590168685269 ], [ -79.572197924335583, 43.704970797660948 ], [ -79.565537213209808, 43.701719853798835 ], [ -79.554411425003579, 43.687650754809589 ], [ -79.560380723022945, 43.678167325911986 ], [ -79.56059304661369, 43.678145279835235 ], [ -79.563574327381744, 43.679555320625568 ], [ -79.568194265137251, 43.681208360786606 ], [ -79.572953982899165, 43.68240060802016 ], [ -79.577807641983497, 43.6831205803336 ], [ -79.582708498999978, 43.683361344 ], [ -79.587609356016472, 43.6831205803336 ], [ -79.59246301510079, 43.68240060802016 ], [ -79.597222732862704, 43.681208360786606 ], [ -79.598408899112712, 43.680783943715923 ], [ -79.6012949, 43.6856867 ], [ -79.602481499999982, 43.6876628 ], [ -79.603361, 43.6891816 ], [ -79.6055934, 43.693076499999989 ], [ -79.605735899999985, 43.6933251 ], [ -79.605982936839538, 43.693756084270831 ], [ -79.590965052519451, 43.701542146804222 ] ] ] } },
{ "type": "Feature", "properties": { "vor_id": 685, "theft_count": 26, "bike_trips": 0.0, "theft_per_1000_trips": "<NA>" }, "geometry": { "type": "Polygon", "coordinates": [ [ [ -79.254520548074794, 43.711878367743488 ], [ -79.249277358937491, 43.718976506149659 ], [ -79.234782977750086, 43.700265710730754 ], [ -79.242511222676995, 43.698727162845067 ], [ -79.2440486, 43.6984211 ], [ -79.245416098932935, 43.697545640424117 ], [ -79.257654366850133, 43.707363376778979 ], [ -79.257646445372288, 43.707646582263337 ], [ -79.254520548074794, 43.711878367743488 ] ] ] } },
{ "type": "Feature", "properties": { "vor_id": 686, "theft_count": 10, "bike_trips": 0.0, "theft_per_1000_trips": "<NA>" }, "geometry": { "type": "Polygon", "coordinates": [ [ [ -79.419931192053568, 43.782522331943362 ], [ -79.418525320204807, 43.776195748067195 ], [ -79.42096621110278, 43.772882943228922 ], [ -79.42194309476703, 43.773341321634774 ], [ -79.423971606292909, 43.782420308024747 ], [ -79.419931192053568, 43.782522331943362 ] ] ] } },
{ "type": "Feature", "properties": { "vor_id": 687, "theft_count": 3, "bike_trips": 0.0, "theft_per_1000_trips": "<NA>" }, "geometry": { "type": "Polygon", "coordinates": [ [ [ -79.407699878906953, 43.671550109930052 ], [ -79.406956636854744, 43.671263871636988 ], [ -79.406500112865132, 43.669235560176695 ], [ -79.407475546678484, 43.66891705095788 ], [ -79.408450618604547, 43.669625462882365 ], [ -79.407791467300811, 43.671415776404501 ], [ -79.407699878906953, 43.671550109930052 ] ] ] } },
{ "type": "Feature", "properties": { "vor_id": 688, "theft_count": 9, "bike_trips": 0.0, "theft_per_1000_trips": "<NA>" }, "geometry": { "type": "Polygon", "coordinates": [ [ [ -79.374594449748102, 43.6723541613515 ], [ -79.373531979967737, 43.672977265124437 ], [ -79.373462361952264, 43.670197387523928 ], [ -79.373852578925622, 43.670028332853207 ], [ -79.374514675135202, 43.670220035476014 ], [ -79.374534462169308, 43.670244268447235 ], [ -79.374594449748102, 43.6723541613515 ] ] ] } },
{ "type": "Feature", "properties": { "vor_id": 689, "theft_count": 5, "bike_trips": 0.0, "theft_per_1000_trips": "<NA>" }, "geometry": { "type": "Polygon", "coordinates": [ [ [ -79.400805048438613, 43.656984522769001 ], [ -79.400591451040526, 43.655958910444149 ], [ -79.40139693064863, 43.65540137754568 ], [ -79.402897519862051, 43.656235430576608 ], [ -79.402769613121308, 43.656403962862754 ], [ -79.402172566874725, 43.656937703612563 ], [ -79.400832957727602, 43.657010460931645 ], [ -79.400805048438613, 43.656984522769001 ] ] ] } },
{ "type": "Feature", "properties": { "vor_id": 690, "theft_count": 29, "bike_trips": 0.0, "theft_per_1000_trips": "<NA>" }, "geometry": { "type": "Polygon", "coordinates": [ [ [ -79.426179153420051, 43.640278669577356 ], [ -79.4255570860972, 43.639982070975357 ], [ -79.425258623215299, 43.638450214986662 ], [ -79.427188367536772, 43.637712675450288 ], [ -79.427493811604748, 43.639205770329177 ], [ -79.426906311845741, 43.64004974262393 ], [ -79.426179153420051, 43.640278669577356 ] ] ] } },
{ "type": "Feature", "properties": { "vor_id": 691, "theft_count": 19, "bike_trips": 0.0, "theft_per_1000_trips": "<NA>" }, "geometry": { "type": "Polygon", "coordinates": [ [ [ -79.429268002060169, 43.663381818982053 ], [ -79.4303383147396, 43.663533791524735 ], [ -79.430815903142985, 43.6656396490757 ], [ -79.429044053880574, 43.666379295413464 ], [ -79.427641648296316, 43.665888884243984 ], [ -79.428000572933286, 43.663912322901929 ], [ -79.429268002060169, 43.663381818982053 ] ] ] } },
{ "type": "Feature", "properties": { "vor_id": 692, "theft_count": 14, "bike_trips": 0.0, "theft_per_1000_trips": "<NA>" }, "geometry": { "type": "Polygon", "coordinates": [ [ [ -79.326231915180529, 43.74534837528293 ], [ -79.322519070193607, 43.742696915583693 ], [ -79.333222283183289, 43.725166460093895 ], [ -79.333928089600633, 43.725011357523762 ], [ -79.342059482192198, 43.730159465325642 ], [ -79.326231915180529, 43.74534837528293 ] ] ] } },
{ "type": "Feature", "properties": { "vor_id": 693, "theft_count": 9, "bike_trips": 0.0, "theft_per_1000_trips": "<NA>" }, "geometry": { "type": "Polygon", "coordinates": [ [ [ -79.39306847875136, 43.640937238115988 ], [ -79.392820512626187, 43.639465117384489 ], [ -79.393553695660387, 43.639165794156298 ], [ -79.393910130659904, 43.640916063863664 ], [ -79.39306847875136, 43.640937238115988 ] ] ] } },
{ "type": "Feature", "properties": { "vor_id": 694, "theft_count": 6, "bike_trips": 0.0, "theft_per_1000_trips": "<NA>" }, "geometry": { "type": "Polygon", "coordinates": [ [ [ -79.48855029130435, 43.775752182356335 ], [ -79.47660602161028, 43.771568438911181 ], [ -79.473122719322276, 43.768370355565011 ], [ -79.483535832365959, 43.75979875056094 ], [ -79.489022082030772, 43.760788277719136 ], [ -79.490395908747544, 43.76730519025255 ], [ -79.48855029130435, 43.775752182356335 ] ] ] } },
{ "type": "Feature", "properties": { "vor_id": 695, "theft_count": 27, "bike_trips": 0.0, "theft_per_1000_trips": "<NA>" }, "geometry": { "type": "Polygon", "coordinates": [ [ [ -79.361625059716189, 43.702122309846594 ], [ -79.36281353905099, 43.707975654699631 ], [ -79.362319508732611, 43.708372210818908 ], [ -79.358374316455581, 43.709953970947943 ], [ -79.356912415489234, 43.708835720187004 ], [ -79.350943965244127, 43.70319419041072 ], [ -79.357298436569465, 43.698502634917354 ], [ -79.361625059716189, 43.702122309846594 ] ] ] } },
{ "type": "Feature", "properties": { "vor_id": 696, "theft_count": 27, "bike_trips": 0.0, "theft_per_1000_trips": "<NA>" }, "geometry": { "type": "Polygon", "coordinates": [ [ [ -79.377973977709445, 43.653446200884446 ], [ -79.378356180754338, 43.655247443814361 ], [ -79.377556154538738, 43.65557320223585 ], [ -79.377213010229809, 43.655488320741526 ], [ -79.376854397145948, 43.653933398157321 ], [ -79.376993478293272, 43.653849813194228 ], [ -79.377973977709445, 43.653446200884446 ] ] ] } },
{ "type": "Feature", "properties": { "vor_id": 697, "theft_count": 22, "bike_trips": 0.0, "theft_per_1000_trips": "<NA>" }, "geometry": { "type": "Polygon", "coordinates": [ [ [ -79.475196482818518, 43.627452256780124 ], [ -79.469654552483178, 43.622234493670419 ], [ -79.479185357712439, 43.62507411719745 ], [ -79.478181681950034, 43.628388369665991 ], [ -79.475196482818518, 43.627452256780124 ] ] ] } },
{ "type": "Feature", "properties": { "vor_id": 698, "theft_count": 43, "bike_trips": 0.0, "theft_per_1000_trips": "<NA>" }, "geometry": { "type": "Polygon", "coordinates": [ [ [ -79.36708889402604, 43.64690036070121 ], [ -79.366580542993518, 43.646948789816285 ], [ -79.363386375944344, 43.646157444101767 ], [ -79.356761900323392, 43.640773901901127 ], [ -79.36333530079655, 43.635240626754921 ], [ -79.367383321893115, 43.64666940092561 ], [ -79.36708889402604, 43.64690036070121 ] ] ] } },
{ "type": "Feature", "properties": { "vor_id": 699, "theft_count": 9, "bike_trips": 0.0, "theft_per_1000_trips": "<NA>" }, "geometry": { "type": "Polygon", "coordinates": [ [ [ -79.419950417193292, 43.669738367437581 ], [ -79.419889947637728, 43.669694625968944 ], [ -79.41954116107496, 43.667946604991116 ], [ -79.421981324693547, 43.667009119435257 ], [ -79.421516383822976, 43.669136009194823 ], [ -79.419950417193292, 43.669738367437581 ] ] ] } },
{ "type": "Feature", "properties": { "vor_id": 700, "theft_count": 28, "bike_trips": 0.0, "theft_per_1000_trips": "<NA>" }, "geometry": { "type": "Polygon", "coordinates": [ [ [ -79.479857158836936, 43.702638864673887 ], [ -79.478842167180332, 43.716948545226245 ], [ -79.469812833210526, 43.720711513663595 ], [ -79.468368487074486, 43.721118279733545 ], [ -79.468283621845515, 43.721039967030727 ], [ -79.465282197939743, 43.716109174500993 ], [ -79.464325035779851, 43.71328880901531 ], [ -79.462528952865682, 43.705122373303077 ], [ -79.464199893020535, 43.703726746423193 ], [ -79.470920640859603, 43.70013191412216 ], [ -79.479857158836936, 43.702638864673887 ] ] ] } },
{ "type": "Feature", "properties": { "vor_id": 701, "theft_count": 37, "bike_trips": 0.0, "theft_per_1000_trips": "<NA>" }, "geometry": { "type": "Polygon", "coordinates": [ [ [ -79.399250754041432, 43.668448731122112 ], [ -79.398875782663595, 43.666683032168109 ], [ -79.399859612686654, 43.666281479410635 ], [ -79.400571089962753, 43.666832121678063 ], [ -79.400779591110762, 43.667837897677252 ], [ -79.399250754041432, 43.668448731122112 ] ] ] } },
{ "type": "Feature", "properties": { "vor_id": 702, "theft_count": 18, "bike_trips": 0.0, "theft_per_1000_trips": "<NA>" }, "geometry": { "type": "Polygon", "coordinates": [ [ [ -79.317107159568309, 43.722850197240597 ], [ -79.319765176946021, 43.719345658208248 ], [ -79.32548186485991, 43.720399705161284 ], [ -79.333222283183289, 43.725166460093895 ], [ -79.322519070193607, 43.742696915583693 ], [ -79.321706506583851, 43.742376335820445 ], [ -79.321299299996113, 43.742128896420581 ], [ -79.315044096268579, 43.733491249296669 ], [ -79.317107159568309, 43.722850197240597 ] ] ] } },
{ "type": "Feature", "properties": { "vor_id": 703, "theft_count": 12, "bike_trips": 0.0, "theft_per_1000_trips": "<NA>" }, "geometry": { "type": "Polygon", "coordinates": [ [ [ -79.421685067232573, 43.665488172509811 ], [ -79.422258660985264, 43.666355097186504 ], [ -79.421981324693547, 43.667009119435257 ], [ -79.41954116107496, 43.667946604991116 ], [ -79.419028686656802, 43.667457348451535 ], [ -79.419821419605, 43.665303645455012 ], [ -79.420281969325714, 43.665176181117182 ], [ -79.421685067232573, 43.665488172509811 ] ] ] } },
{ "type": "Feature", "properties": { "vor_id": 704, "theft_count": 16, "bike_trips": 0.0, "theft_per_1000_trips": "<NA>" }, "geometry": { "type": "Polygon", "coordinates": [ [ [ -79.406586057058504, 43.763428628882274 ], [ -79.403192684102876, 43.762605035801982 ], [ -79.402845370569437, 43.761611025584301 ], [ -79.404671471958935, 43.759470974949302 ], [ -79.407551927822865, 43.759763517005936 ], [ -79.408296786632548, 43.761397438802454 ], [ -79.406586057058504, 43.763428628882274 ] ] ] } },
{ "type": "Feature", "properties": { "vor_id": 705, "theft_count": 16, "bike_trips": 0.0, "theft_per_1000_trips": "<NA>" }, "geometry": { "type": "Polygon", "coordinates": [ [ [ -79.402769613121308, 43.656403962862754 ], [ -79.403178052951134, 43.658455709953266 ], [ -79.402461019830056, 43.658338259057814 ], [ -79.402172566874725, 43.656937703612563 ], [ -79.402769613121308, 43.656403962862754 ] ] ] } },
{ "type": "Feature", "properties": { "vor_id": 706, "theft_count": 2, "bike_trips": 0.0, "theft_per_1000_trips": "<NA>" }, "geometry": { "type": "Polygon", "coordinates": [ [ [ -79.365952153422725, 43.77040429246577 ], [ -79.365643047227437, 43.772841112254483 ], [ -79.36356529170429, 43.771294758430756 ], [ -79.365224376332534, 43.770180013976727 ], [ -79.365952153422725, 43.77040429246577 ] ] ] } },
{ "type": "Feature", "properties": { "vor_id": 707, "theft_count": 24, "bike_trips": 0.0, "theft_per_1000_trips": "<NA>" }, "geometry": { "type": "Polygon", "coordinates": [ [ [ -79.299760822009333, 43.679275754845939 ], [ -79.298671624878907, 43.67469227162286 ], [ -79.299334599571026, 43.674418446913187 ], [ -79.300952339954932, 43.673957153960004 ], [ -79.302377728138111, 43.674981979009388 ], [ -79.302941859298301, 43.677749107503203 ], [ -79.300374458525496, 43.679841395560658 ], [ -79.299760822009333, 43.679275754845939 ] ] ] } },
{ "type": "Feature", "properties": { "vor_id": 708, "theft_count": 13, "bike_trips": 0.0, "theft_per_1000_trips": "<NA>" }, "geometry": { "type": "Polygon", "coordinates": [ [ [ -79.383441381755134, 43.794264715431531 ], [ -79.383074403464207, 43.784374507316514 ], [ -79.385725026644565, 43.783785660084334 ], [ -79.400050362841, 43.788527277343299 ], [ -79.40396799796315, 43.793415668396293 ], [ -79.403922384481547, 43.801579595373184 ], [ -79.4028856, 43.8018106 ], [ -79.4025524, 43.8018796 ], [ -79.4020572, 43.8019798 ], [ -79.4016609, 43.8020696 ], [ -79.40097, 43.8022162 ], [ -79.4008678, 43.8022355 ], [ -79.4007618, 43.8022595 ], [ -79.4003372, 43.8023545 ], [ -79.3999689, 43.8024384 ], [ -79.3994527, 43.8025488 ], [ -79.3986397, 43.8027456 ], [ -79.3983148, 43.8028093 ], [ -79.3973504, 43.8030344 ], [ -79.3972709, 43.8030529 ], [ -79.397218099999989, 43.8030654 ], [ -79.3971324, 43.8030857 ], [ -79.3962919, 43.8032482 ], [ -79.3946365, 43.8036282 ], [ -79.394276599999984, 43.8037109 ], [ -79.39289, 43.804023 ], [ -79.392732, 43.8040512 ], [ -79.3925621, 43.8040912 ], [ -79.391852499999985, 43.804240299999982 ], [ -79.3915574, 43.8043058 ], [ -79.3912441, 43.8043774 ], [ -79.3910612, 43.8044156 ], [ -79.3909614, 43.8044364 ], [ -79.3906979, 43.804496 ], [ -79.3906021, 43.8045176 ], [ -79.390424699999983, 43.8045577 ], [ -79.3902236, 43.8046032 ], [ -79.389998399999982, 43.8046542 ], [ -79.3897702, 43.8047058 ], [ -79.3897002, 43.8047216 ], [ -79.389467905455803, 43.804774090085644 ], [ -79.383441381755134, 43.794264715431531 ] ] ] } },
{ "type": "Feature", "properties": { "vor_id": 709, "theft_count": 12, "bike_trips": 0.0, "theft_per_1000_trips": "<NA>" }, "geometry": { "type": "Polygon", "coordinates": [ [ [ -79.408637275190657, 43.765642977326891 ], [ -79.406586057058504, 43.763428628882274 ], [ -79.408296786632548, 43.761397438802454 ], [ -79.409471835229567, 43.761813981671892 ], [ -79.40974065897359, 43.762300008705949 ], [ -79.409904751434908, 43.763141965414015 ], [ -79.40972941987404, 43.764482981232931 ], [ -79.409147017998734, 43.765481329533451 ], [ -79.408637275190657, 43.765642977326891 ] ] ] } },
{ "type": "Feature", "properties": { "vor_id": 710, "theft_count": 0, "bike_trips": 0.0, "theft_per_1000_trips": "<NA>" }, "geometry": { "type": "Polygon", "coordinates": [ [ [ -79.479392757809265, 43.609502648530338 ], [ -79.482170667142071, 43.609905826453875 ], [ -79.482507349357292, 43.610617681188941 ], [ -79.479392757809265, 43.609502648530338 ] ] ] } },
{ "type": "Feature", "properties": { "vor_id": 711, "theft_count": 9, "bike_trips": 0.0, "theft_per_1000_trips": "<NA>" }, "geometry": { "type": "Polygon", "coordinates": [ [ [ -79.522240623135104, 43.735118577024281 ], [ -79.50494759483378, 43.739421783571864 ], [ -79.50234814672082, 43.727957594062133 ], [ -79.516780097397159, 43.731029776955758 ], [ -79.522240623135104, 43.735118577024281 ] ] ] } },
{ "type": "Feature", "properties": { "vor_id": 712, "theft_count": 14, "bike_trips": 0.0, "theft_per_1000_trips": "<NA>" }, "geometry": { "type": "Polygon", "coordinates": [ [ [ -79.358798711025244, 43.65746446532345 ], [ -79.358594628443086, 43.656534056488319 ], [ -79.359338952657794, 43.655751032809022 ], [ -79.361127086953132, 43.655799315557076 ], [ -79.361051631536327, 43.657572605441551 ], [ -79.358798711025244, 43.65746446532345 ] ] ] } },
{ "type": "Feature", "properties": { "vor_id": 713, "theft_count": 33, "bike_trips": 0.0, "theft_per_1000_trips": "<NA>" }, "geometry": { "type": "Polygon", "coordinates": [ [ [ -79.397520175986173, 43.666331087450018 ], [ -79.39709805764852, 43.666074679722762 ], [ -79.397264152594374, 43.665351124631975 ], [ -79.399377806476537, 43.664495112093029 ], [ -79.400084437332865, 43.665361974628446 ], [ -79.399859612686654, 43.666281479410635 ], [ -79.398875782663595, 43.666683032168109 ], [ -79.397520175986173, 43.666331087450018 ] ] ] } },
{ "type": "Feature", "properties": { "vor_id": 714, "theft_count": 12, "bike_trips": 0.0, "theft_per_1000_trips": "<NA>" }, "geometry": { "type": "Polygon", "coordinates": [ [ [ -79.363152099734009, 43.798042516035515 ], [ -79.358482622636487, 43.811721278344613 ], [ -79.357568, 43.8119376 ], [ -79.3566656, 43.812141 ], [ -79.355289899999988, 43.8124353 ], [ -79.3550305, 43.812489 ], [ -79.3549064, 43.8125147 ], [ -79.353702499999983, 43.8128065 ], [ -79.3522993, 43.8131009 ], [ -79.351944799999984, 43.8131911 ], [ -79.3509332, 43.8134484 ], [ -79.350428199999982, 43.8135529 ], [ -79.350148686973085, 43.813617217729856 ], [ -79.3487455, 43.8139401 ], [ -79.348496199999985, 43.8139985 ], [ -79.347024122320718, 43.814321510539436 ], [ -79.345488354780869, 43.801717347894808 ], [ -79.345699456957064, 43.801600256054407 ], [ -79.356523681650629, 43.795596393787186 ], [ -79.36250596445511, 43.7971724965428 ], [ -79.363152099734009, 43.798042516035515 ] ] ] } },
{ "type": "Feature", "properties": { "vor_id": 715, "theft_count": 11, "bike_trips": 0.0, "theft_per_1000_trips": "<NA>" }, "geometry": { "type": "Polygon", "coordinates": [ [ [ -79.422785448361353, 43.685855294916976 ], [ -79.422930882032261, 43.685557380634719 ], [ -79.425946815114912, 43.684340020199912 ], [ -79.426619403065402, 43.684650163107115 ], [ -79.426958971916548, 43.685507212887622 ], [ -79.426862424198191, 43.685953383805924 ], [ -79.42386063000481, 43.687142859002861 ], [ -79.42280432914427, 43.686380626128383 ], [ -79.422785448361353, 43.685855294916976 ] ] ] } },
{ "type": "Feature", "properties": { "vor_id": 716, "theft_count": 24, "bike_trips": 0.0, "theft_per_1000_trips": "<NA>" }, "geometry": { "type": "Polygon", "coordinates": [ [ [ -79.381670794694031, 43.650173069428597 ], [ -79.383252357036696, 43.649542427049944 ], [ -79.383551316391163, 43.649792194868859 ], [ -79.383529076695226, 43.65010946402375 ], [ -79.381947439534571, 43.650832880539497 ], [ -79.381767029998045, 43.650615770042812 ], [ -79.381670794694031, 43.650173069428597 ] ] ] } },
{ "type": "Feature", "properties": { "vor_id": 717, "theft_count": 18, "bike_trips": 0.0, "theft_per_1000_trips": "<NA>" }, "geometry": { "type": "Polygon", "coordinates": [ [ [ -79.432360980273927, 43.659342002901532 ], [ -79.432886987730129, 43.661802379291153 ], [ -79.430865291223682, 43.661356394740046 ], [ -79.430510421596566, 43.659765175732595 ], [ -79.432013049508811, 43.659167575715976 ], [ -79.432360980273927, 43.659342002901532 ] ] ] } },
{ "type": "Feature", "properties": { "vor_id": 718, "theft_count": 9, "bike_trips": 0.0, "theft_per_1000_trips": "<NA>" }, "geometry": { "type": "Polygon", "coordinates": [ [ [ -79.422208617416572, 43.647589703052134 ], [ -79.424902536234001, 43.64654878593695 ], [ -79.42542532489874, 43.648027303645975 ], [ -79.425356218651601, 43.648228472015035 ], [ -79.42370954667085, 43.648891158730571 ], [ -79.42220779401471, 43.647592481831794 ], [ -79.422208617416572, 43.647589703052134 ] ] ] } },
{ "type": "Feature", "properties": { "vor_id": 719, "theft_count": 29, "bike_trips": 0.0, "theft_per_1000_trips": "<NA>" }, "geometry": { "type": "Polygon", "coordinates": [ [ [ -79.442875612147162, 43.700201676154286 ], [ -79.448373031986932, 43.697909676335641 ], [ -79.448603385260526, 43.697977105642543 ], [ -79.448554457896776, 43.701710770199938 ], [ -79.444554170150752, 43.703471927584211 ], [ -79.442875612147162, 43.700201676154286 ] ] ] } },
{ "type": "Feature", "properties": { "vor_id": 720, "theft_count": 10, "bike_trips": 0.0, "theft_per_1000_trips": "<NA>" }, "geometry": { "type": "Polygon", "coordinates": [ [ [ -79.358210250572469, 43.6583081871267 ], [ -79.356673122386923, 43.65717867973261 ], [ -79.356828379376324, 43.656638253240644 ], [ -79.358431977626424, 43.656467112585311 ], [ -79.358594628443086, 43.656534056488319 ], [ -79.358798711025244, 43.65746446532345 ], [ -79.358210250572469, 43.6583081871267 ] ] ] } },
{ "type": "Feature", "properties": { "vor_id": 721, "theft_count": 39, "bike_trips": 0.0, "theft_per_1000_trips": "<NA>" }, "geometry": { "type": "Polygon", "coordinates": [ [ [ -79.45637182260262, 43.740706684168778 ], [ -79.457194716027786, 43.740768322748174 ], [ -79.457664264442769, 43.740803494128052 ], [ -79.460257782826972, 43.753494957788668 ], [ -79.460103622600073, 43.763094740933319 ], [ -79.450729010630681, 43.756043916506286 ], [ -79.448711971665219, 43.746602368386029 ], [ -79.448403227498986, 43.745157169283637 ], [ -79.45637182260262, 43.740706684168778 ] ] ] } },
{ "type": "Feature", "properties": { "vor_id": 722, "theft_count": 48, "bike_trips": 0.0, "theft_per_1000_trips": "<NA>" }, "geometry": { "type": "Polygon", "coordinates": [ [ [ -79.350688324138531, 43.687118858530738 ], [ -79.35499352043071, 43.687536198458929 ], [ -79.354228283943371, 43.691338409026244 ], [ -79.351181511171504, 43.689606441301869 ], [ -79.350688324138531, 43.687118858530738 ] ] ] } },
{ "type": "Feature", "properties": { "vor_id": 723, "theft_count": 40, "bike_trips": 0.0, "theft_per_1000_trips": "<NA>" }, "geometry": { "type": "Polygon", "coordinates": [ [ [ -79.39488688751247, 43.662804686310068 ], [ -79.392931269627468, 43.66226538839561 ], [ -79.392979316688127, 43.660911648598834 ], [ -79.39395260302291, 43.660114297702577 ], [ -79.395496581436177, 43.659479322250391 ], [ -79.396123229369664, 43.661557604503606 ], [ -79.395631913451311, 43.66262662367231 ], [ -79.39488688751247, 43.662804686310068 ] ] ] } },
{ "type": "Feature", "properties": { "vor_id": 724, "theft_count": 24, "bike_trips": 0.0, "theft_per_1000_trips": "<NA>" }, "geometry": { "type": "Polygon", "coordinates": [ [ [ -79.345267842749308, 43.77461743038824 ], [ -79.342258365843193, 43.773604684595547 ], [ -79.340567072664271, 43.771819371808114 ], [ -79.339789726135137, 43.769546511980714 ], [ -79.351679411210085, 43.762115790114848 ], [ -79.352581507082292, 43.763551691269733 ], [ -79.352393336273352, 43.767771026303457 ], [ -79.345267842749308, 43.77461743038824 ] ] ] } },
{ "type": "Feature", "properties": { "vor_id": 725, "theft_count": 9, "bike_trips": 0.0, "theft_per_1000_trips": "<NA>" }, "geometry": { "type": "Polygon", "coordinates": [ [ [ -79.330809286139768, 43.66120047297693 ], [ -79.331505373823646, 43.661369520802516 ], [ -79.332354395052107, 43.66521916172244 ], [ -79.331221349340666, 43.665011322773076 ], [ -79.330456570581035, 43.661541961350395 ], [ -79.330809286139768, 43.66120047297693 ] ] ] } },
{ "type": "Feature", "properties": { "vor_id": 726, "theft_count": 13, "bike_trips": 0.0, "theft_per_1000_trips": "<NA>" }, "geometry": { "type": "Polygon", "coordinates": [ [ [ -79.391912715321055, 43.650751527531796 ], [ -79.393143520956301, 43.650239901686447 ], [ -79.393503866333702, 43.651680713151748 ], [ -79.392370459394016, 43.652685712922882 ], [ -79.391540107902685, 43.651534187196006 ], [ -79.391912715321055, 43.650751527531796 ] ] ] } },
{ "type": "Feature", "properties": { "vor_id": 727, "theft_count": 4, "bike_trips": 0.0, "theft_per_1000_trips": "<NA>" }, "geometry": { "type": "Polygon", "coordinates": [ [ [ -79.424008269091019, 43.638714178377711 ], [ -79.424906111403928, 43.638367776697152 ], [ -79.425258623215299, 43.638450214986662 ], [ -79.4255570860972, 43.639982070975357 ], [ -79.424342427110005, 43.640375163063794 ], [ -79.424008269091019, 43.638714178377711 ] ] ] } },
{ "type": "Feature", "properties": { "vor_id": 728, "theft_count": 17, "bike_trips": 0.0, "theft_per_1000_trips": "<NA>" }, "geometry": { "type": "Polygon", "coordinates": [ [ [ -79.366643041992802, 43.652029611766203 ], [ -79.36684416700713, 43.652138871233916 ], [ -79.367340709179075, 43.654303468431181 ], [ -79.366962110306773, 43.654204804584204 ], [ -79.364928453672874, 43.652773654979029 ], [ -79.366643041992802, 43.652029611766203 ] ] ] } },
{ "type": "Feature", "properties": { "vor_id": 729, "theft_count": 8, "bike_trips": 0.0, "theft_per_1000_trips": "<NA>" }, "geometry": { "type": "Polygon", "coordinates": [ [ [ -79.388773572649896, 43.686804588099989 ], [ -79.385512787945103, 43.679491126288795 ], [ -79.386212091907652, 43.679215043612658 ], [ -79.389109962383202, 43.680451760628969 ], [ -79.390234378126621, 43.683369499616411 ], [ -79.389530333869558, 43.685742033143839 ], [ -79.389144581692008, 43.68651229126155 ], [ -79.388773572649896, 43.686804588099989 ] ] ] } },
{ "type": "Feature", "properties": { "vor_id": 730, "theft_count": 6, "bike_trips": 0.0, "theft_per_1000_trips": "<NA>" }, "geometry": { "type": "Polygon", "coordinates": [ [ [ -79.465282197939743, 43.716109174500993 ], [ -79.452503997713862, 43.719039192148514 ], [ -79.452200955355835, 43.717634292605446 ], [ -79.453699266138798, 43.715368760237062 ], [ -79.464325035779851, 43.71328880901531 ], [ -79.465282197939743, 43.716109174500993 ] ] ] } },
{ "type": "Feature", "properties": { "vor_id": 731, "theft_count": 88, "bike_trips": 0.0, "theft_per_1000_trips": "<NA>" }, "geometry": { "type": "Polygon", "coordinates": [ [ [ -79.374905872477328, 43.656141256442254 ], [ -79.375456694332271, 43.658630527960185 ], [ -79.375446289727918, 43.658653156085933 ], [ -79.374605984168298, 43.658985232637235 ], [ -79.374050202955146, 43.6587866996719 ], [ -79.373121659969797, 43.656965713904789 ], [ -79.373512159660393, 43.656488490500159 ], [ -79.374579020109522, 43.656070960922577 ], [ -79.374905872477328, 43.656141256442254 ] ] ] } },
{ "type": "Feature", "properties": { "vor_id": 732, "theft_count": 9, "bike_trips": 0.0, "theft_per_1000_trips": "<NA>" }, "geometry": { "type": "Polygon", "coordinates": [ [ [ -79.464400623926551, 43.644229638363242 ], [ -79.463923776987912, 43.643701259227079 ], [ -79.461702510721679, 43.633815882782649 ], [ -79.46662929999998, 43.6327187 ], [ -79.4669045, 43.6303281 ], [ -79.467043531470949, 43.629120471597865 ], [ -79.46900266195621, 43.631977233383111 ], [ -79.468407128435828, 43.634420198518434 ], [ -79.464400623926551, 43.644229638363242 ] ] ] } },
{ "type": "Feature", "properties": { "vor_id": 733, "theft_count": 26, "bike_trips": 0.0, "theft_per_1000_trips": "<NA>" }, "geometry": { "type": "Polygon", "coordinates": [ [ [ -79.43569914085549, 43.640784811945522 ], [ -79.438422033430072, 43.642496450123751 ], [ -79.436968346514604, 43.645656283111506 ], [ -79.433920310497456, 43.644074818292495 ], [ -79.433875986467285, 43.643674920493801 ], [ -79.435413603972393, 43.640761274519178 ], [ -79.43569914085549, 43.640784811945522 ] ] ] } },
{ "type": "Feature", "properties": { "vor_id": 734, "theft_count": 6, "bike_trips": 0.0, "theft_per_1000_trips": "<NA>" }, "geometry": { "type": "Polygon", "coordinates": [ [ [ -79.339605317364885, 43.66307331770912 ], [ -79.33709270011903, 43.664109330980089 ], [ -79.33662445759829, 43.663665848291423 ], [ -79.337641546009337, 43.66201827972619 ], [ -79.339123422902816, 43.662399696148313 ], [ -79.339370024582735, 43.662475768955545 ], [ -79.339605317364885, 43.66307331770912 ] ] ] } },
{ "type": "Feature", "properties": { "vor_id": 735, "theft_count": 5, "bike_trips": 0.0, "theft_per_1000_trips": "<NA>" }, "geometry": { "type": "Polygon", "coordinates": [ [ [ -79.444397888738337, 43.695656299984229 ], [ -79.443627216683794, 43.695756703843585 ], [ -79.443152040220312, 43.693019364662049 ], [ -79.447069572368974, 43.691638374861022 ], [ -79.444397888738337, 43.695656299984229 ] ] ] } },
{ "type": "Feature", "properties": { "vor_id": 736, "theft_count": 64, "bike_trips": 0.0, "theft_per_1000_trips": "<NA>" }, "geometry": { "type": "Polygon", "coordinates": [ [ [ -79.385121382343385, 43.662985011841243 ], [ -79.383753089273426, 43.663553743236001 ], [ -79.383435840750877, 43.66345429979264 ], [ -79.383427986170787, 43.662652093048024 ], [ -79.384800356500349, 43.662088771206321 ], [ -79.384992720756287, 43.662391143435052 ], [ -79.385121382343385, 43.662985011841243 ] ] ] } },
{ "type": "Feature", "properties": { "vor_id": 737, "theft_count": 17, "bike_trips": 0.0, "theft_per_1000_trips": "<NA>" }, "geometry": { "type": "Polygon", "coordinates": [ [ [ -79.404159579030434, 43.661773927822232 ], [ -79.404478346392963, 43.663359427642241 ], [ -79.403405449605245, 43.663790140328082 ], [ -79.403059584837436, 43.663577543978299 ], [ -79.402750782622363, 43.662102439979833 ], [ -79.403747695585722, 43.661712711525894 ], [ -79.404159579030434, 43.661773927822232 ] ] ] } },
{ "type": "Feature", "properties": { "vor_id": 738, "theft_count": 27, "bike_trips": 0.0, "theft_per_1000_trips": "<NA>" }, "geometry": { "type": "Polygon", "coordinates": [ [ [ -79.340655319699181, 43.663729950576382 ], [ -79.340116365172847, 43.66368211307514 ], [ -79.339605317364885, 43.66307331770912 ], [ -79.339370024582735, 43.662475768955545 ], [ -79.339664821361012, 43.661948743173632 ], [ -79.340440305789954, 43.661621467705231 ], [ -79.34089937512141, 43.661949644489908 ], [ -79.341224447347301, 43.663502019229796 ], [ -79.340655319699181, 43.663729950576382 ] ] ] } },
{ "type": "Feature", "properties": { "vor_id": 739, "theft_count": 11, "bike_trips": 0.0, "theft_per_1000_trips": "<NA>" }, "geometry": { "type": "Polygon", "coordinates": [ [ [ -79.431587518621384, 43.699129098879439 ], [ -79.431401596138855, 43.701506192018464 ], [ -79.430720330317399, 43.703756719148565 ], [ -79.42992451429177, 43.704165608769536 ], [ -79.427336677844835, 43.70101019639656 ], [ -79.429336627898934, 43.697482216036136 ], [ -79.431587518621384, 43.699129098879439 ] ] ] } },
{ "type": "Feature", "properties": { "vor_id": 740, "theft_count": 2, "bike_trips": 0.0, "theft_per_1000_trips": "<NA>" }, "geometry": { "type": "Polygon", "coordinates": [ [ [ -79.348586269874929, 43.779883170646286 ], [ -79.348763917518312, 43.779901150248797 ], [ -79.347090386403863, 43.788531452031002 ], [ -79.341845322360115, 43.789977702565125 ], [ -79.345603954810727, 43.782181227169339 ], [ -79.347960691075443, 43.78023702445352 ], [ -79.348586269874929, 43.779883170646286 ] ] ] } },
{ "type": "Feature", "properties": { "vor_id": 741, "theft_count": 0, "bike_trips": 0.0, "theft_per_1000_trips": "<NA>" }, "geometry": { "type": "Polygon", "coordinates": [ [ [ -79.333955358987751, 43.681274168777882 ], [ -79.334016369807586, 43.681248327403232 ], [ -79.335017563052588, 43.682187602811162 ], [ -79.332930554040573, 43.685940029171164 ], [ -79.332893570562604, 43.685779850838472 ], [ -79.333858319020152, 43.681928359100908 ], [ -79.333955358987751, 43.681274168777882 ] ] ] } },
{ "type": "Feature", "properties": { "vor_id": 742, "theft_count": 6, "bike_trips": 0.0, "theft_per_1000_trips": "<NA>" }, "geometry": { "type": "Polygon", "coordinates": [ [ [ -79.364803111806026, 43.710679422882919 ], [ -79.365010872276585, 43.710322355497745 ], [ -79.366452708908696, 43.70973456318093 ], [ -79.367365652996853, 43.710406022606193 ], [ -79.364795479338852, 43.711481896716961 ], [ -79.364803111806026, 43.710679422882919 ] ] ] } },
{ "type": "Feature", "properties": { "vor_id": 743, "theft_count": 21, "bike_trips": 0.0, "theft_per_1000_trips": "<NA>" }, "geometry": { "type": "Polygon", "coordinates": [ [ [ -79.309490325076922, 43.669322779816376 ], [ -79.308846962590607, 43.666478386635937 ], [ -79.311678295487809, 43.665307561911568 ], [ -79.312145048630654, 43.665239473613894 ], [ -79.312869013527319, 43.668494857906126 ], [ -79.309490325076922, 43.669322779816376 ] ] ] } },
{ "type": "Feature", "properties": { "vor_id": 744, "theft_count": 9, "bike_trips": 0.0, "theft_per_1000_trips": "<NA>" }, "geometry": { "type": "Polygon", "coordinates": [ [ [ -79.398198679191566, 43.696756142660313 ], [ -79.398474565852197, 43.697438908826491 ], [ -79.393696502379228, 43.698412262757238 ], [ -79.392791770887769, 43.697535496923159 ], [ -79.397503049730361, 43.696479414594222 ], [ -79.398198679191566, 43.696756142660313 ] ] ] } },
{ "type": "Feature", "properties": { "vor_id": 745, "theft_count": 23, "bike_trips": 0.0, "theft_per_1000_trips": "<NA>" }, "geometry": { "type": "Polygon", "coordinates": [ [ [ -79.383148875145267, 43.659834864365671 ], [ -79.38058866068107, 43.660884605157221 ], [ -79.380582549988617, 43.660870400647703 ], [ -79.381482270112386, 43.659467192938955 ], [ -79.383148875145267, 43.659834864365671 ] ] ] } },
{ "type": "Feature", "properties": { "vor_id": 746, "theft_count": 17, "bike_trips": 0.0, "theft_per_1000_trips": "<NA>" }, "geometry": { "type": "Polygon", "coordinates": [ [ [ -79.430674087173244, 43.656215238899755 ], [ -79.432013049508811, 43.659167575715976 ], [ -79.430510421596566, 43.659765175732595 ], [ -79.429582011940298, 43.659830572229261 ], [ -79.429033748726511, 43.657149372930185 ], [ -79.429985014907999, 43.656037545178698 ], [ -79.430674087173244, 43.656215238899755 ] ] ] } },
{ "type": "Feature", "properties": { "vor_id": 747, "theft_count": 15, "bike_trips": 0.0, "theft_per_1000_trips": "<NA>" }, "geometry": { "type": "Polygon", "coordinates": [ [ [ -79.39974661784521, 43.708323786517497 ], [ -79.399652146894383, 43.707396398140361 ], [ -79.401853736970821, 43.706569472235081 ], [ -79.402205789405528, 43.708266129699879 ], [ -79.399954602324939, 43.708627142297601 ], [ -79.39974661784521, 43.708323786517497 ] ] ] } },
{ "type": "Feature", "properties": { "vor_id": 748, "theft_count": 16, "bike_trips": 0.0, "theft_per_1000_trips": "<NA>" }, "geometry": { "type": "Polygon", "coordinates": [ [ [ -79.416386701111094, 43.628545074910789 ], [ -79.415150505535266, 43.635382626229315 ], [ -79.412250405523025, 43.636706648688019 ], [ -79.41140989987187, 43.636629538793962 ], [ -79.408334060217044, 43.625158188111413 ], [ -79.415935982806985, 43.625449294462697 ], [ -79.416386701111094, 43.628545074910789 ] ] ] } },
{ "type": "Feature", "properties": { "vor_id": 749, "theft_count": 15, "bike_trips": 0.0, "theft_per_1000_trips": "<NA>" }, "geometry": { "type": "Polygon", "coordinates": [ [ [ -79.427702341030141, 43.784360749269219 ], [ -79.422157820914876, 43.788154783515523 ], [ -79.419559238450432, 43.78794190853835 ], [ -79.419262984105998, 43.787600316004905 ], [ -79.418510417128317, 43.783890257717069 ], [ -79.419780780848967, 43.782589969306969 ], [ -79.419931192053568, 43.782522331943362 ], [ -79.423971606292909, 43.782420308024747 ], [ -79.427702341030141, 43.784360749269219 ] ] ] } },
{ "type": "Feature", "properties": { "vor_id": 750, "theft_count": 70, "bike_trips": 0.0, "theft_per_1000_trips": "<NA>" }, "geometry": { "type": "Polygon", "coordinates": [ [ [ -79.380892217786041, 43.646042475010155 ], [ -79.378459200687786, 43.647117175291811 ], [ -79.377717844179614, 43.646920526881566 ], [ -79.377751487480595, 43.646586010833587 ], [ -79.380718264454188, 43.645274263464778 ], [ -79.380892217786041, 43.646042475010155 ] ] ] } },
{ "type": "Feature", "properties": { "vor_id": 751, "theft_count": 15, "bike_trips": 0.0, "theft_per_1000_trips": "<NA>" }, "geometry": { "type": "Polygon", "coordinates": [ [ [ -79.342129685373905, 43.66342219240984 ], [ -79.34280526676875, 43.662745175250976 ], [ -79.345020807926502, 43.661850047467482 ], [ -79.345542855347404, 43.662124770348328 ], [ -79.345686688857, 43.662299585227629 ], [ -79.345919514319476, 43.663674911784284 ], [ -79.344077906936832, 43.666048460662417 ], [ -79.342129685373905, 43.66342219240984 ] ] ] } },
{ "type": "Feature", "properties": { "vor_id": 752, "theft_count": 67, "bike_trips": 0.0, "theft_per_1000_trips": "<NA>" }, "geometry": { "type": "Polygon", "coordinates": [ [ [ -79.373212587313191, 43.646484144559487 ], [ -79.372654904256109, 43.648061001482269 ], [ -79.371493983440047, 43.648538668856105 ], [ -79.370906684600641, 43.648503043369608 ], [ -79.369385265824278, 43.646323169114304 ], [ -79.370189872283234, 43.645411937277821 ], [ -79.372805445453693, 43.645326467877211 ], [ -79.373212587313191, 43.646484144559487 ] ] ] } },
{ "type": "Feature", "properties": { "vor_id": 753, "theft_count": 33, "bike_trips": 0.0, "theft_per_1000_trips": "<NA>" }, "geometry": { "type": "Polygon", "coordinates": [ [ [ -79.387683529492136, 43.667579804572696 ], [ -79.386740012986976, 43.668445570238021 ], [ -79.386736436488832, 43.668443187543424 ], [ -79.386152400398103, 43.667991162459749 ], [ -79.386304414096486, 43.667222017489088 ], [ -79.387173059218526, 43.666819597034561 ], [ -79.387683529492136, 43.667579804572696 ] ] ] } },
{ "type": "Feature", "properties": { "vor_id": 754, "theft_count": 18, "bike_trips": 0.0, "theft_per_1000_trips": "<NA>" }, "geometry": { "type": "Polygon", "coordinates": [ [ [ -79.38692787462908, 43.646272395303455 ], [ -79.387218975706404, 43.647655919640215 ], [ -79.385963975813652, 43.648174182783812 ], [ -79.385477434641331, 43.647671744479048 ], [ -79.385327244049407, 43.646925400263001 ], [ -79.38692787462908, 43.646272395303455 ] ] ] } },
{ "type": "Feature", "properties": { "vor_id": 755, "theft_count": 8, "bike_trips": 0.0, "theft_per_1000_trips": "<NA>" }, "geometry": { "type": "Polygon", "coordinates": [ [ [ -79.402750782622363, 43.662102439979833 ], [ -79.40238873269935, 43.66190943636817 ], [ -79.402116520326899, 43.660634500738162 ], [ -79.403528298836349, 43.660041881496632 ], [ -79.403747695585722, 43.661712711525894 ], [ -79.402750782622363, 43.662102439979833 ] ] ] } },
{ "type": "Feature", "properties": { "vor_id": 756, "theft_count": 4, "bike_trips": 0.0, "theft_per_1000_trips": "<NA>" }, "geometry": { "type": "Polygon", "coordinates": [ [ [ -79.397614955830633, 43.65188979230026 ], [ -79.397614345287707, 43.651953938959636 ], [ -79.396988210797119, 43.652912948701136 ], [ -79.396242329996369, 43.652664870444866 ], [ -79.39600038132437, 43.651566552089477 ], [ -79.396227742855359, 43.651191177860859 ], [ -79.397394117180738, 43.65174899065893 ], [ -79.397614955830633, 43.65188979230026 ] ] ] } },
{ "type": "Feature", "properties": { "vor_id": 757, "theft_count": 10, "bike_trips": 0.0, "theft_per_1000_trips": "<NA>" }, "geometry": { "type": "Polygon", "coordinates": [ [ [ -79.286406377007822, 43.688012712593363 ], [ -79.284948035186673, 43.689389249901559 ], [ -79.279469415658994, 43.687593432295046 ], [ -79.279530593274288, 43.686610305480201 ], [ -79.285894473068836, 43.683904918986173 ], [ -79.286608534691297, 43.684266831594051 ], [ -79.286406377007822, 43.688012712593363 ] ] ] } },
{ "type": "Feature", "properties": { "vor_id": 758, "theft_count": 2, "bike_trips": 0.0, "theft_per_1000_trips": "<NA>" }, "geometry": { "type": "Polygon", "coordinates": [ [ [ -79.415426011623879, 43.6794833075108 ], [ -79.419913619357416, 43.677729449732297 ], [ -79.419734850596996, 43.679117679710117 ], [ -79.415943975161838, 43.680587345936019 ], [ -79.415426011623879, 43.6794833075108 ] ] ] } },
{ "type": "Feature", "properties": { "vor_id": 759, "theft_count": 8, "bike_trips": 0.0, "theft_per_1000_trips": "<NA>" }, "geometry": { "type": "Polygon", "coordinates": [ [ [ -79.36765602279921, 43.668099132896671 ], [ -79.367112671417203, 43.668263678360432 ], [ -79.367054698174385, 43.668009934814606 ], [ -79.366939577917009, 43.667506064047963 ], [ -79.368319896930046, 43.666944000873663 ], [ -79.368497967417312, 43.66744580642483 ], [ -79.368576817869553, 43.667820284518065 ], [ -79.36765602279921, 43.668099132896671 ] ] ] } },
{ "type": "Feature", "properties": { "vor_id": 760, "theft_count": 70, "bike_trips": 0.0, "theft_per_1000_trips": "<NA>" }, "geometry": { "type": "Polygon", "coordinates": [ [ [ -79.380143888736072, 43.653031036187933 ], [ -79.380139408093697, 43.653029300668486 ], [ -79.379872935441057, 43.651750732498712 ], [ -79.380024315645414, 43.651153874011875 ], [ -79.380344465272657, 43.651226528305052 ], [ -79.381571321269405, 43.651999709055559 ], [ -79.38166392190297, 43.652417342322451 ], [ -79.380143888736072, 43.653031036187933 ] ] ] } },
{ "type": "Feature", "properties": { "vor_id": 761, "theft_count": 12, "bike_trips": 0.0, "theft_per_1000_trips": "<NA>" }, "geometry": { "type": "Polygon", "coordinates": [ [ [ -79.567886826189223, 43.747596193881769 ], [ -79.573298166024074, 43.749368535035714 ], [ -79.575664153192548, 43.764133069824886 ], [ -79.574782699999986, 43.764326 ], [ -79.5731249, 43.7647397 ], [ -79.563898599999987, 43.766712 ], [ -79.563428, 43.7668097 ], [ -79.562970599999986, 43.7669046 ], [ -79.562263, 43.7670514 ], [ -79.5621019, 43.7670849 ], [ -79.5614242, 43.7672255 ], [ -79.560924199999988, 43.7673532 ], [ -79.560804675359464, 43.767359823339952 ], [ -79.56659342338591, 43.748010122298652 ], [ -79.567886826189223, 43.747596193881769 ] ] ] } },
{ "type": "Feature", "properties": { "vor_id": 762, "theft_count": 21, "bike_trips": 0.0, "theft_per_1000_trips": "<NA>" }, "geometry": { "type": "Polygon", "coordinates": [ [ [ -79.336426196579438, 43.67491148453928 ], [ -79.337857981381816, 43.677864920559394 ], [ -79.336405104892989, 43.679979574685269 ], [ -79.334323242561993, 43.678794099171554 ], [ -79.3345782913336, 43.677074700016583 ], [ -79.334675825013761, 43.675089356347641 ], [ -79.33581592346988, 43.674568547095696 ], [ -79.336426196579438, 43.67491148453928 ] ] ] } },
{ "type": "Feature", "properties": { "vor_id": 763, "theft_count": 16, "bike_trips": 0.0, "theft_per_1000_trips": "<NA>" }, "geometry": { "type": "Polygon", "coordinates": [ [ [ -79.37702340581184, 43.657416073678377 ], [ -79.376642228031074, 43.655723566026893 ], [ -79.377213010229809, 43.655488320741526 ], [ -79.377556154538738, 43.65557320223585 ], [ -79.377918554665087, 43.657360901383193 ], [ -79.37702340581184, 43.657416073678377 ] ] ] } },
{ "type": "Feature", "properties": { "vor_id": 764, "theft_count": 10, "bike_trips": 0.0, "theft_per_1000_trips": "<NA>" }, "geometry": { "type": "Polygon", "coordinates": [ [ [ -79.417718071412736, 43.667975532886238 ], [ -79.416418433749968, 43.6677716325528 ], [ -79.418181154681193, 43.665191761316009 ], [ -79.419012050830716, 43.665198629016778 ], [ -79.419821419605, 43.665303645455012 ], [ -79.419028686656802, 43.667457348451535 ], [ -79.417718071412736, 43.667975532886238 ] ] ] } },
{ "type": "Feature", "properties": { "vor_id": 765, "theft_count": 4, "bike_trips": 0.0, "theft_per_1000_trips": "<NA>" }, "geometry": { "type": "Polygon", "coordinates": [ [ [ -79.183564323087623, 43.775639912860932 ], [ -79.185457655305342, 43.774869293995053 ], [ -79.199585199442694, 43.776117626499897 ], [ -79.200379306938828, 43.779184685851689 ], [ -79.195568886382503, 43.782211029987366 ], [ -79.185837627051683, 43.781266232055579 ], [ -79.1800908426261, 43.780708282682831 ], [ -79.180048691866943, 43.779850284269266 ], [ -79.181891704446571, 43.776320697494583 ], [ -79.183564323087623, 43.775639912860932 ] ] ] } },
{ "type": "Feature", "properties": { "vor_id": 766, "theft_count": 12, "bike_trips": 0.0, "theft_per_1000_trips": "<NA>" }, "geometry": { "type": "Polygon", "coordinates": [ [ [ -79.481046695143945, 43.67244424289369 ], [ -79.480580318508572, 43.678889346698526 ], [ -79.479752849160775, 43.679558330138043 ], [ -79.476661205504897, 43.678227639656576 ], [ -79.472343603149298, 43.668768389834398 ], [ -79.472849708545738, 43.668378213284313 ], [ -79.479847635661784, 43.668966421799546 ], [ -79.480502855959188, 43.670014831158873 ], [ -79.481046695143945, 43.67244424289369 ] ] ] } },
{ "type": "Feature", "properties": { "vor_id": 767, "theft_count": 14, "bike_trips": 0.0, "theft_per_1000_trips": "<NA>" }, "geometry": { "type": "Polygon", "coordinates": [ [ [ -79.368775096893557, 43.664505743055983 ], [ -79.369715887475252, 43.665401757687007 ], [ -79.369765821113347, 43.665640875169679 ], [ -79.368430458371392, 43.666178806151578 ], [ -79.368343126351121, 43.666142188718148 ], [ -79.367724859091396, 43.665566227667107 ], [ -79.367546017075455, 43.665010104813597 ], [ -79.368775096893557, 43.664505743055983 ] ] ] } },
{ "type": "Feature", "properties": { "vor_id": 768, "theft_count": 35, "bike_trips": 0.0, "theft_per_1000_trips": "<NA>" }, "geometry": { "type": "Polygon", "coordinates": [ [ [ -79.436080247941064, 43.657494797026672 ], [ -79.437602427597255, 43.656526239043657 ], [ -79.439806274166671, 43.655682216526849 ], [ -79.440694079201634, 43.656295397282101 ], [ -79.439423021182421, 43.660383203145095 ], [ -79.438374997672796, 43.660727624477254 ], [ -79.436080247941064, 43.657494797026672 ] ] ] } },
{ "type": "Feature", "properties": { "vor_id": 769, "theft_count": 57, "bike_trips": 0.0, "theft_per_1000_trips": "<NA>" }, "geometry": { "type": "Polygon", "coordinates": [ [ [ -79.399452221099963, 43.663682547947097 ], [ -79.399377806476537, 43.664495112093029 ], [ -79.397264152594374, 43.665351124631975 ], [ -79.396890661436345, 43.663554199546631 ], [ -79.398506568580061, 43.662895649327972 ], [ -79.399452221099963, 43.663682547947097 ] ] ] } },
{ "type": "Feature", "properties": { "vor_id": 770, "theft_count": 71, "bike_trips": 0.0, "theft_per_1000_trips": "<NA>" }, "geometry": { "type": "Polygon", "coordinates": [ [ [ -79.379845437366654, 43.655086165106958 ], [ -79.379247881305901, 43.655117105543937 ], [ -79.378864577473436, 43.653337980676852 ], [ -79.37950168586012, 43.653299871760559 ], [ -79.379845437366654, 43.655086165106958 ] ] ] } },
{ "type": "Feature", "properties": { "vor_id": 771, "theft_count": 37, "bike_trips": 0.0, "theft_per_1000_trips": "<NA>" }, "geometry": { "type": "Polygon", "coordinates": [ [ [ -79.334144810944679, 43.785752389368916 ], [ -79.339617808646508, 43.791055558584013 ], [ -79.339834019489672, 43.792893639430879 ], [ -79.340000197556705, 43.794306374877984 ], [ -79.329622903838768, 43.802859693233422 ], [ -79.31938486622019, 43.803198001740213 ], [ -79.322801493963865, 43.787012615146864 ], [ -79.326729091580418, 43.785211421253145 ], [ -79.33144056163907, 43.784996460498739 ], [ -79.332096923556776, 43.784966513995577 ], [ -79.334144810944679, 43.785752389368916 ] ] ] } },
{ "type": "Feature", "properties": { "vor_id": 772, "theft_count": 22, "bike_trips": 0.0, "theft_per_1000_trips": "<NA>" }, "geometry": { "type": "Polygon", "coordinates": [ [ [ -79.384975857868781, 43.720912278523294 ], [ -79.384911308331709, 43.720959608510249 ], [ -79.379080247768727, 43.713361818119594 ], [ -79.382442172994516, 43.707440018035115 ], [ -79.384908118197998, 43.706804702990965 ], [ -79.386499788335399, 43.708604381185737 ], [ -79.384975857868781, 43.720912278523294 ] ] ] } },
{ "type": "Feature", "properties": { "vor_id": 773, "theft_count": 69, "bike_trips": 0.0, "theft_per_1000_trips": "<NA>" }, "geometry": { "type": "Polygon", "coordinates": [ [ [ -79.412233166908322, 43.785449352539665 ], [ -79.414018730785287, 43.781098046063491 ], [ -79.416813498235101, 43.780463748159995 ], [ -79.419780780848967, 43.782589969306969 ], [ -79.418510417128317, 43.783890257717069 ], [ -79.412233166908322, 43.785449352539665 ] ] ] } },
{ "type": "Feature", "properties": { "vor_id": 774, "theft_count": 12, "bike_trips": 0.0, "theft_per_1000_trips": "<NA>" }, "geometry": { "type": "Polygon", "coordinates": [ [ [ -79.286821821847823, 43.742384007068068 ], [ -79.289928927804269, 43.735688704296905 ], [ -79.296592705607821, 43.729693515487554 ], [ -79.305814354607392, 43.730734878548141 ], [ -79.309956295611386, 43.733155995719947 ], [ -79.302008373356941, 43.738852370874746 ], [ -79.288935294059797, 43.742703269081176 ], [ -79.287119558739562, 43.742561135610643 ], [ -79.286821821847823, 43.742384007068068 ] ] ] } },
{ "type": "Feature", "properties": { "vor_id": 775, "theft_count": 26, "bike_trips": 0.0, "theft_per_1000_trips": "<NA>" }, "geometry": { "type": "Polygon", "coordinates": [ [ [ -79.382640872540719, 43.643966328507901 ], [ -79.383637552226475, 43.643736664116418 ], [ -79.385093554468, 43.644083412039024 ], [ -79.384788827744146, 43.644789744158658 ], [ -79.383245035644649, 43.645666297474612 ], [ -79.382970830833003, 43.64548092512657 ], [ -79.382640872540719, 43.643966328507901 ] ] ] } },
{ "type": "Feature", "properties": { "vor_id": 776, "theft_count": 15, "bike_trips": 0.0, "theft_per_1000_trips": "<NA>" }, "geometry": { "type": "Polygon", "coordinates": [ [ [ -79.258850578241905, 43.748933999345326 ], [ -79.26078419870862, 43.74982824858742 ], [ -79.25924899177096, 43.767709736300304 ], [ -79.257927381086745, 43.771223997633129 ], [ -79.255818010629952, 43.770515511538804 ], [ -79.246992186840686, 43.7610478805274 ], [ -79.251600532881156, 43.751171738152514 ], [ -79.25515801649469, 43.749620852962856 ], [ -79.258850578241905, 43.748933999345326 ] ] ] } },
{ "type": "Feature", "properties": { "vor_id": 777, "theft_count": 2, "bike_trips": 0.0, "theft_per_1000_trips": "<NA>" }, "geometry": { "type": "Polygon", "coordinates": [ [ [ -79.425160983861488, 43.645040554072303 ], [ -79.421946875911047, 43.64628240200517 ], [ -79.421441399076699, 43.645366487650477 ], [ -79.422000192652646, 43.644708540677989 ], [ -79.423172411851255, 43.644253678460551 ], [ -79.424478945602317, 43.644556654406479 ], [ -79.425160983861488, 43.645040554072303 ] ] ] } },
{ "type": "Feature", "properties": { "vor_id": 778, "theft_count": 28, "bike_trips": 0.0, "theft_per_1000_trips": "<NA>" }, "geometry": { "type": "Polygon", "coordinates": [ [ [ -79.411697585492462, 43.640711650069363 ], [ -79.411321906654251, 43.640571809994618 ], [ -79.410765757729166, 43.636871233900656 ], [ -79.41140989987187, 43.636629538793962 ], [ -79.412250405523025, 43.636706648688019 ], [ -79.412788991519918, 43.639406167641035 ], [ -79.412790910804233, 43.640199762335463 ], [ -79.411697585492462, 43.640711650069363 ] ] ] } },
{ "type": "Feature", "properties": { "vor_id": 779, "theft_count": 30, "bike_trips": 0.0, "theft_per_1000_trips": "<NA>" }, "geometry": { "type": "Polygon", "coordinates": [ [ [ -79.211183483958749, 43.738944308813323 ], [ -79.219439305144675, 43.741637428140223 ], [ -79.225431376579451, 43.751748811298846 ], [ -79.222044717561673, 43.754662275326474 ], [ -79.208689896083271, 43.753777120911174 ], [ -79.208287789162696, 43.753655912731745 ], [ -79.211183483958749, 43.738944308813323 ] ] ] } },
{ "type": "Feature", "properties": { "vor_id": 780, "theft_count": 17, "bike_trips": 0.0, "theft_per_1000_trips": "<NA>" }, "geometry": { "type": "Polygon", "coordinates": [ [ [ -79.453698590002688, 43.659847626229933 ], [ -79.455841730778104, 43.660891405179569 ], [ -79.456084907046773, 43.662967090161473 ], [ -79.455547657230198, 43.66295769221697 ], [ -79.453564042904418, 43.660698054735597 ], [ -79.453698590002688, 43.659847626229933 ] ] ] } },
{ "type": "Feature", "properties": { "vor_id": 781, "theft_count": 45, "bike_trips": 0.0, "theft_per_1000_trips": "<NA>" }, "geometry": { "type": "Polygon", "coordinates": [ [ [ -79.403983171742908, 43.64366040241034 ], [ -79.403968149053426, 43.643656769389331 ], [ -79.403814008765536, 43.643240215662338 ], [ -79.406375737374759, 43.642196066348653 ], [ -79.406399648085895, 43.642749008942509 ], [ -79.403983171742908, 43.64366040241034 ] ] ] } },
{ "type": "Feature", "properties": { "vor_id": 782, "theft_count": 32, "bike_trips": 0.0, "theft_per_1000_trips": "<NA>" }, "geometry": { "type": "Polygon", "coordinates": [ [ [ -79.364091627666284, 43.659265844456741 ], [ -79.364370800645943, 43.658707855231739 ], [ -79.365682822516831, 43.660298575896924 ], [ -79.365365939256904, 43.66257272272675 ], [ -79.364298100000028, 43.661841816154819 ], [ -79.363921658550069, 43.660100981103959 ], [ -79.364091627666284, 43.659265844456741 ] ] ] } },
{ "type": "Feature", "properties": { "vor_id": 783, "theft_count": 8, "bike_trips": 0.0, "theft_per_1000_trips": "<NA>" }, "geometry": { "type": "Polygon", "coordinates": [ [ [ -79.40212534463646, 43.6936339109701 ], [ -79.402948043108935, 43.694268444544669 ], [ -79.398438155855416, 43.696055754526405 ], [ -79.398447010409143, 43.695396754009401 ], [ -79.40212534463646, 43.6936339109701 ] ] ] } },
{ "type": "Feature", "properties": { "vor_id": 784, "theft_count": 25, "bike_trips": 0.0, "theft_per_1000_trips": "<NA>" }, "geometry": { "type": "Polygon", "coordinates": [ [ [ -79.400591451040526, 43.655958910444149 ], [ -79.400464225822247, 43.655891881651691 ], [ -79.399714445984031, 43.654924082835507 ], [ -79.399699110626699, 43.654732194888425 ], [ -79.401248231130864, 43.654136676312277 ], [ -79.401264218699893, 43.654146354373324 ], [ -79.401463439659082, 43.655166783312417 ], [ -79.40139693064863, 43.65540137754568 ], [ -79.400591451040526, 43.655958910444149 ] ] ] } },
{ "type": "Feature", "properties": { "vor_id": 785, "theft_count": 34, "bike_trips": 0.0, "theft_per_1000_trips": "<NA>" }, "geometry": { "type": "Polygon", "coordinates": [ [ [ -79.470207333990345, 43.632749903238391 ], [ -79.475168108108207, 43.635023465009468 ], [ -79.470911874510335, 43.642286064634185 ], [ -79.47066701369161, 43.640898939049009 ], [ -79.470207333990345, 43.632749903238391 ] ] ] } },
{ "type": "Feature", "properties": { "vor_id": 786, "theft_count": 6, "bike_trips": 0.0, "theft_per_1000_trips": "<NA>" }, "geometry": { "type": "Polygon", "coordinates": [ [ [ -79.339370024582735, 43.662475768955545 ], [ -79.339123422902816, 43.662399696148313 ], [ -79.338517393845862, 43.660023111611437 ], [ -79.338988455793981, 43.659021782557765 ], [ -79.339664821361012, 43.661948743173632 ], [ -79.339370024582735, 43.662475768955545 ] ] ] } },
{ "type": "Feature", "properties": { "vor_id": 787, "theft_count": 30, "bike_trips": 0.0, "theft_per_1000_trips": "<NA>" }, "geometry": { "type": "Polygon", "coordinates": [ [ [ -79.389109962383202, 43.680451760628969 ], [ -79.392353534538813, 43.679153148038488 ], [ -79.393317026614227, 43.679817255281769 ], [ -79.394396844944382, 43.681614826634018 ], [ -79.390234378126621, 43.683369499616411 ], [ -79.389109962383202, 43.680451760628969 ] ] ] } },
{ "type": "Feature", "properties": { "vor_id": 788, "theft_count": 9, "bike_trips": 0.0, "theft_per_1000_trips": "<NA>" }, "geometry": { "type": "Polygon", "coordinates": [ [ [ -79.366835267259034, 43.714832575590606 ], [ -79.364934452756984, 43.715231793782998 ], [ -79.363924513708298, 43.714327430540706 ], [ -79.364795479338852, 43.711481896716961 ], [ -79.367365652996853, 43.710406022606193 ], [ -79.369781193100636, 43.710965553324321 ], [ -79.36973527527411, 43.71112968385745 ], [ -79.366835267259034, 43.714832575590606 ] ] ] } },
{ "type": "Feature", "properties": { "vor_id": 789, "theft_count": 4, "bike_trips": 0.0, "theft_per_1000_trips": "<NA>" }, "geometry": { "type": "Polygon", "coordinates": [ [ [ -79.293837332285662, 43.771672061137259 ], [ -79.290444317251541, 43.774293478130176 ], [ -79.276461496341668, 43.764935607197337 ], [ -79.279987186406601, 43.762737545411497 ], [ -79.292713103946042, 43.769876258598444 ], [ -79.293837332285662, 43.771672061137259 ] ] ] } },
{ "type": "Feature", "properties": { "vor_id": 790, "theft_count": 5, "bike_trips": 0.0, "theft_per_1000_trips": "<NA>" }, "geometry": { "type": "Polygon", "coordinates": [ [ [ -79.424380519299731, 43.635895835337003 ], [ -79.423143049758565, 43.635132823160966 ], [ -79.423575450912168, 43.634467520354868 ], [ -79.426058007763785, 43.633465805548418 ], [ -79.426647042271952, 43.636059918621164 ], [ -79.426605427601643, 43.636320924796266 ], [ -79.424380519299731, 43.635895835337003 ] ] ] } },
{ "type": "Feature", "properties": { "vor_id": 791, "theft_count": 13, "bike_trips": 0.0, "theft_per_1000_trips": "<NA>" }, "geometry": { "type": "Polygon", "coordinates": [ [ [ -79.403146453587098, 43.638792527726665 ], [ -79.403457142857036, 43.639576889500724 ], [ -79.402846915674388, 43.640120859747093 ], [ -79.401804497730708, 43.640155005442189 ], [ -79.400898126528361, 43.637880647943255 ], [ -79.401752814008049, 43.637525234980146 ], [ -79.403146453587098, 43.638792527726665 ] ] ] } },
{ "type": "Feature", "properties": { "vor_id": 792, "theft_count": 26, "bike_trips": 0.0, "theft_per_1000_trips": "<NA>" }, "geometry": { "type": "Polygon", "coordinates": [ [ [ -79.450376223199299, 43.72048080203114 ], [ -79.449183948731147, 43.729120426257538 ], [ -79.442092536580716, 43.728258752420317 ], [ -79.445430452573532, 43.720231867793096 ], [ -79.450376223199299, 43.72048080203114 ] ] ] } },
{ "type": "Feature", "properties": { "vor_id": 793, "theft_count": 19, "bike_trips": 0.0, "theft_per_1000_trips": "<NA>" }, "geometry": { "type": "Polygon", "coordinates": [ [ [ -79.393120703365682, 43.644487411788873 ], [ -79.393097959359693, 43.644528376507843 ], [ -79.391245509865641, 43.645343107222089 ], [ -79.391008935799448, 43.64426719624155 ], [ -79.392658126304028, 43.643642334109735 ], [ -79.3930761540784, 43.644067150798534 ], [ -79.393120703365682, 43.644487411788873 ] ] ] } },
{ "type": "Feature", "properties": { "vor_id": 794, "theft_count": 30, "bike_trips": 0.0, "theft_per_1000_trips": "<NA>" }, "geometry": { "type": "Polygon", "coordinates": [ [ [ -79.403140309754107, 43.666281762568801 ], [ -79.402072900926598, 43.666066847830656 ], [ -79.401941057514591, 43.66543532510611 ], [ -79.4036186588703, 43.664783571512736 ], [ -79.404142437038814, 43.665411122029738 ], [ -79.403993341919318, 43.665642785177624 ], [ -79.403140309754107, 43.666281762568801 ] ] ] } },
{ "type": "Feature", "properties": { "vor_id": 795, "theft_count": 13, "bike_trips": 0.0, "theft_per_1000_trips": "<NA>" }, "geometry": { "type": "Polygon", "coordinates": [ [ [ -79.41338195781023, 43.666226772052937 ], [ -79.412548422119244, 43.665467383685524 ], [ -79.412313230888387, 43.664394067430401 ], [ -79.414069385313283, 43.663700064591424 ], [ -79.414632036248733, 43.666244902286941 ], [ -79.41338195781023, 43.666226772052937 ] ] ] } },
{ "type": "Feature", "properties": { "vor_id": 796, "theft_count": 9, "bike_trips": 0.0, "theft_per_1000_trips": "<NA>" }, "geometry": { "type": "Polygon", "coordinates": [ [ [ -79.494069009894076, 43.705800718835533 ], [ -79.48212201220467, 43.701734863204848 ], [ -79.484868057874081, 43.692177818026174 ], [ -79.490894864296351, 43.690562695653433 ], [ -79.498036073834612, 43.697402561199851 ], [ -79.494069009894076, 43.705800718835533 ] ] ] } },
{ "type": "Feature", "properties": { "vor_id": 797, "theft_count": 34, "bike_trips": 0.0, "theft_per_1000_trips": "<NA>" }, "geometry": { "type": "Polygon", "coordinates": [ [ [ -79.356459131346298, 43.667732185071749 ], [ -79.354367162594087, 43.668118797104782 ], [ -79.353174429391899, 43.667685880602939 ], [ -79.350987739454482, 43.663873784117222 ], [ -79.352060687934014, 43.663422100601522 ], [ -79.354863076381747, 43.664747531625665 ], [ -79.356473589661988, 43.665323782491583 ], [ -79.356459131346298, 43.667732185071749 ] ] ] } },
{ "type": "Feature", "properties": { "vor_id": 798, "theft_count": 36, "bike_trips": 0.0, "theft_per_1000_trips": "<NA>" }, "geometry": { "type": "Polygon", "coordinates": [ [ [ -79.41294306201064, 43.657034439138513 ], [ -79.411770314080201, 43.657509519647554 ], [ -79.411101737268382, 43.657531895533467 ], [ -79.410335040397868, 43.653719170673973 ], [ -79.41073980162237, 43.653557328468501 ], [ -79.412000975842631, 43.653421847512611 ], [ -79.412207171041942, 43.653457442075158 ], [ -79.41294306201064, 43.657034439138513 ] ] ] } },
{ "type": "Feature", "properties": { "vor_id": 799, "theft_count": 69, "bike_trips": 0.0, "theft_per_1000_trips": "<NA>" }, "geometry": { "type": "Polygon", "coordinates": [ [ [ -79.521790066157038, 43.661776921689352 ], [ -79.517449377525153, 43.657141399522295 ], [ -79.515467303976337, 43.654520153257103 ], [ -79.517518825050601, 43.64492155498862 ], [ -79.522333138970239, 43.644827089030237 ], [ -79.526270025588829, 43.647755543584985 ], [ -79.531214154176766, 43.655916103729368 ], [ -79.521790066157038, 43.661776921689352 ] ] ] } },
{ "type": "Feature", "properties": { "vor_id": 800, "theft_count": 8, "bike_trips": 0.0, "theft_per_1000_trips": "<NA>" }, "geometry": { "type": "Polygon", "coordinates": [ [ [ -79.351455459664777, 43.65951576638048 ], [ -79.350934543991428, 43.657212012288824 ], [ -79.351451326480401, 43.65655604951268 ], [ -79.352085856477075, 43.659206194407922 ], [ -79.351455459664777, 43.65951576638048 ] ] ] } },
{ "type": "Feature", "properties": { "vor_id": 801, "theft_count": 33, "bike_trips": 0.0, "theft_per_1000_trips": "<NA>" }, "geometry": { "type": "Polygon", "coordinates": [ [ [ -79.381334077759917, 43.658712659390616 ], [ -79.381482270112386, 43.659467192938955 ], [ -79.380582549988617, 43.660870400647703 ], [ -79.38013404742523, 43.660472999595846 ], [ -79.379355070918379, 43.659333806338239 ], [ -79.379795116600178, 43.658777491552698 ], [ -79.380778510536288, 43.658410414912098 ], [ -79.381334077759917, 43.658712659390616 ] ] ] } },
{ "type": "Feature", "properties": { "vor_id": 802, "theft_count": 40, "bike_trips": 0.0, "theft_per_1000_trips": "<NA>" }, "geometry": { "type": "Polygon", "coordinates": [ [ [ -79.391996855193099, 43.648139089514437 ], [ -79.392510229940498, 43.64817764041365 ], [ -79.392798666451355, 43.64896298347751 ], [ -79.392697851288332, 43.649220786644065 ], [ -79.391490789191479, 43.649272048272877 ], [ -79.391305352585519, 43.64841824297357 ], [ -79.391996855193099, 43.648139089514437 ] ] ] } },
{ "type": "Feature", "properties": { "vor_id": 803, "theft_count": 6, "bike_trips": 0.0, "theft_per_1000_trips": "<NA>" }, "geometry": { "type": "Polygon", "coordinates": [ [ [ -79.312149112525418, 43.685109998315177 ], [ -79.313611024496382, 43.681135639259914 ], [ -79.315958911554873, 43.679140770003841 ], [ -79.316554814965272, 43.679722641196157 ], [ -79.316381377081612, 43.683615786091231 ], [ -79.312669408080495, 43.685184028558609 ], [ -79.312149112525418, 43.685109998315177 ] ] ] } },
{ "type": "Feature", "properties": { "vor_id": 804, "theft_count": 6, "bike_trips": 0.0, "theft_per_1000_trips": "<NA>" }, "geometry": { "type": "Polygon", "coordinates": [ [ [ -79.533391182213379, 43.644507869862721 ], [ -79.535044222374438, 43.64912780761825 ], [ -79.536133885363228, 43.651431706437648 ], [ -79.53714213578256, 43.653563472841299 ], [ -79.537853515636613, 43.654750338424655 ], [ -79.537611546515578, 43.654814978286637 ], [ -79.534550167884902, 43.655632797896324 ], [ -79.531346582978017, 43.642181755451993 ], [ -79.533239278244139, 43.643901435223839 ], [ -79.533391182213379, 43.644507869862721 ] ] ] } },
{ "type": "Feature", "properties": { "vor_id": 805, "theft_count": 111, "bike_trips": 0.0, "theft_per_1000_trips": "<NA>" }, "geometry": { "type": "Polygon", "coordinates": [ [ [ -79.381285483661784, 43.670589304954966 ], [ -79.379703293935037, 43.671269137989128 ], [ -79.379699175861475, 43.67126639390348 ], [ -79.379305668702543, 43.670332452213252 ], [ -79.379368721285985, 43.669802059418402 ], [ -79.380857620403461, 43.669213816120497 ], [ -79.38103607402445, 43.66938448642675 ], [ -79.3813996747581, 43.670257105024035 ], [ -79.381285483661784, 43.670589304954966 ] ] ] } },
{ "type": "Feature", "properties": { "vor_id": 806, "theft_count": 12, "bike_trips": 0.0, "theft_per_1000_trips": "<NA>" }, "geometry": { "type": "Polygon", "coordinates": [ [ [ -79.382078375694803, 43.694816532892084 ], [ -79.387136789900822, 43.695622441480744 ], [ -79.387765937374255, 43.698472506166624 ], [ -79.386396271900196, 43.698782078558764 ], [ -79.383781065840935, 43.698459700172464 ], [ -79.382078375694803, 43.694816532892084 ] ] ] } },
{ "type": "Feature", "properties": { "vor_id": 807, "theft_count": 5, "bike_trips": 0.0, "theft_per_1000_trips": "<NA>" }, "geometry": { "type": "Polygon", "coordinates": [ [ [ -79.438457851025632, 43.703222954521635 ], [ -79.43981391080699, 43.70545368228241 ], [ -79.436232848706567, 43.707121660512179 ], [ -79.435280644087968, 43.702849926505735 ], [ -79.435839244834568, 43.702438729557521 ], [ -79.438457851025632, 43.703222954521635 ] ] ] } },
{ "type": "Feature", "properties": { "vor_id": 808, "theft_count": 35, "bike_trips": 0.0, "theft_per_1000_trips": "<NA>" }, "geometry": { "type": "Polygon", "coordinates": [ [ [ -79.393097959359693, 43.644528376507843 ], [ -79.392669741132764, 43.646253828908911 ], [ -79.392312861939544, 43.646398853319617 ], [ -79.392076101079738, 43.64641293250088 ], [ -79.391212227333625, 43.64548400440264 ], [ -79.391245509865641, 43.645343107222089 ], [ -79.393097959359693, 43.644528376507843 ] ] ] } },
{ "type": "Feature", "properties": { "vor_id": 809, "theft_count": 14, "bike_trips": 0.0, "theft_per_1000_trips": "<NA>" }, "geometry": { "type": "Polygon", "coordinates": [ [ [ -79.400050362841, 43.788527277343299 ], [ -79.385725026644565, 43.783785660084334 ], [ -79.387737860363544, 43.781249577950774 ], [ -79.392672384244875, 43.777259228863251 ], [ -79.397990717898068, 43.775054619115636 ], [ -79.402255151162862, 43.781690344573484 ], [ -79.400050362841, 43.788527277343299 ] ] ] } },
{ "type": "Feature", "properties": { "vor_id": 810, "theft_count": 20, "bike_trips": 0.0, "theft_per_1000_trips": "<NA>" }, "geometry": { "type": "Polygon", "coordinates": [ [ [ -79.396536966850206, 43.686587390153818 ], [ -79.396068406976454, 43.689026858316069 ], [ -79.393019017764772, 43.69021968730587 ], [ -79.394021661897412, 43.687635059263805 ], [ -79.396536966850206, 43.686587390153818 ] ] ] } },
{ "type": "Feature", "properties": { "vor_id": 811, "theft_count": 13, "bike_trips": 0.0, "theft_per_1000_trips": "<NA>" }, "geometry": { "type": "Polygon", "coordinates": [ [ [ -79.191506696274587, 43.769712694657343 ], [ -79.191082451664286, 43.768976544293317 ], [ -79.190685216490124, 43.768108635471755 ], [ -79.190261104489963, 43.766177307884668 ], [ -79.190239123638264, 43.764422415945724 ], [ -79.196770627829864, 43.764266567216367 ], [ -79.199336134878919, 43.775367151796878 ], [ -79.191506696274587, 43.769712694657343 ] ] ] } },
{ "type": "Feature", "properties": { "vor_id": 812, "theft_count": 10, "bike_trips": 0.0, "theft_per_1000_trips": "<NA>" }, "geometry": { "type": "Polygon", "coordinates": [ [ [ -79.436843138545257, 43.667548721259678 ], [ -79.438150638237801, 43.66697950936188 ], [ -79.43868553738119, 43.670350298179045 ], [ -79.437195116940757, 43.669239336923539 ], [ -79.436843138545257, 43.667548721259678 ] ] ] } },
{ "type": "Feature", "properties": { "vor_id": 813, "theft_count": 4, "bike_trips": 0.0, "theft_per_1000_trips": "<NA>" }, "geometry": { "type": "Polygon", "coordinates": [ [ [ -79.472288758441749, 43.659123317875185 ], [ -79.470951459765757, 43.655605312817386 ], [ -79.471047222326945, 43.655295895088663 ], [ -79.471620267575091, 43.655123396594561 ], [ -79.473935240787142, 43.657124159318265 ], [ -79.47405933937749, 43.659595517382151 ], [ -79.473409853126938, 43.659752223436719 ], [ -79.472288758441749, 43.659123317875185 ] ] ] } },
{ "type": "Feature", "properties": { "vor_id": 814, "theft_count": 4, "bike_trips": 0.0, "theft_per_1000_trips": "<NA>" }, "geometry": { "type": "Polygon", "coordinates": [ [ [ -79.420061629728991, 43.70510527229181 ], [ -79.419204124741995, 43.701006294340729 ], [ -79.421567099413338, 43.700875707137492 ], [ -79.420779563240444, 43.703862938549349 ], [ -79.420061629728991, 43.70510527229181 ] ] ] } },
{ "type": "Feature", "properties": { "vor_id": 815, "theft_count": 8, "bike_trips": 0.0, "theft_per_1000_trips": "<NA>" }, "geometry": { "type": "Polygon", "coordinates": [ [ [ -79.47170872647159, 43.66310649563178 ], [ -79.471600517132259, 43.662653813740462 ], [ -79.473409853126938, 43.659752223436719 ], [ -79.47405933937749, 43.659595517382151 ], [ -79.477227880402353, 43.660582200521986 ], [ -79.477513800053487, 43.661284142478074 ], [ -79.473992989808707, 43.664335145799207 ], [ -79.473576488535855, 43.664497007640151 ], [ -79.47170872647159, 43.66310649563178 ] ] ] } },
{ "type": "Feature", "properties": { "vor_id": 816, "theft_count": 4, "bike_trips": 0.0, "theft_per_1000_trips": "<NA>" }, "geometry": { "type": "Polygon", "coordinates": [ [ [ -79.519279025816701, 43.752513335178371 ], [ -79.529024070197352, 43.749989924876836 ], [ -79.532235734354288, 43.754990711083813 ], [ -79.522702167369516, 43.757052396438326 ], [ -79.522620688615007, 43.756916457349014 ], [ -79.519697730668028, 43.752975304791811 ], [ -79.519279025816701, 43.752513335178371 ] ] ] } },
{ "type": "Feature", "properties": { "vor_id": 817, "theft_count": 21, "bike_trips": 0.0, "theft_per_1000_trips": "<NA>" }, "geometry": { "type": "Polygon", "coordinates": [ [ [ -79.386815593763885, 43.668817043590174 ], [ -79.387241129599687, 43.669288249626049 ], [ -79.386976999058334, 43.66964314656434 ], [ -79.385420583607612, 43.670269273447602 ], [ -79.384988335288327, 43.669600646979852 ], [ -79.386815593763885, 43.668817043590174 ] ] ] } },
{ "type": "Feature", "properties": { "vor_id": 818, "theft_count": 15, "bike_trips": 0.0, "theft_per_1000_trips": "<NA>" }, "geometry": { "type": "Polygon", "coordinates": [ [ [ -79.433672180687921, 43.6983427811737 ], [ -79.431587518621384, 43.699129098879439 ], [ -79.429336627898934, 43.697482216036136 ], [ -79.429239898180484, 43.697028315327515 ], [ -79.431969105116735, 43.694045829860293 ], [ -79.433298440003057, 43.69484536361491 ], [ -79.433616415604462, 43.69557229924537 ], [ -79.433672180687921, 43.6983427811737 ] ] ] } },
{ "type": "Feature", "properties": { "vor_id": 819, "theft_count": 62, "bike_trips": 0.0, "theft_per_1000_trips": "<NA>" }, "geometry": { "type": "Polygon", "coordinates": [ [ [ -79.418977066929671, 43.766775745258052 ], [ -79.411467148066066, 43.768675918009926 ], [ -79.411057362121454, 43.766853925127357 ], [ -79.419203559130764, 43.764805568044295 ], [ -79.418977066929671, 43.766775745258052 ] ] ] } },
{ "type": "Feature", "properties": { "vor_id": 820, "theft_count": 16, "bike_trips": 0.0, "theft_per_1000_trips": "<NA>" }, "geometry": { "type": "Polygon", "coordinates": [ [ [ -79.401746154614031, 43.636648660387642 ], [ -79.401828104776271, 43.637317804070861 ], [ -79.401752814008049, 43.637525234980146 ], [ -79.400898126528361, 43.637880647943255 ], [ -79.400874135017361, 43.637874150612866 ], [ -79.400426433718337, 43.636756087005914 ], [ -79.400583552544845, 43.63599347553933 ], [ -79.401255700039314, 43.636065024986223 ], [ -79.401746154614031, 43.636648660387642 ] ] ] } },
{ "type": "Feature", "properties": { "vor_id": 821, "theft_count": 4, "bike_trips": 0.0, "theft_per_1000_trips": "<NA>" }, "geometry": { "type": "Polygon", "coordinates": [ [ [ -79.541212937244666, 43.738711762555305 ], [ -79.543197313031271, 43.741894753765123 ], [ -79.542054483213263, 43.745088749137274 ], [ -79.541763151838282, 43.746251809181466 ], [ -79.532379395660854, 43.755187415415364 ], [ -79.532235734354288, 43.754990711083813 ], [ -79.529024070197352, 43.749989924876836 ], [ -79.526951814475879, 43.74202639324713 ], [ -79.541212937244666, 43.738711762555305 ] ] ] } },
{ "type": "Feature", "properties": { "vor_id": 822, "theft_count": 53, "bike_trips": 0.0, "theft_per_1000_trips": "<NA>" }, "geometry": { "type": "Polygon", "coordinates": [ [ [ -79.377030701481004, 43.66392637544417 ], [ -79.37660175734095, 43.664106908187868 ], [ -79.375633324282845, 43.663202913376431 ], [ -79.375525554911761, 43.662694612704122 ], [ -79.377216773203969, 43.661990513697631 ], [ -79.377429721185464, 43.662972954203987 ], [ -79.377030701481004, 43.66392637544417 ] ] ] } },
{ "type": "Feature", "properties": { "vor_id": 823, "theft_count": 9, "bike_trips": 0.0, "theft_per_1000_trips": "<NA>" }, "geometry": { "type": "Polygon", "coordinates": [ [ [ -79.395029142409413, 43.647561361660912 ], [ -79.394506840134369, 43.647770550447412 ], [ -79.394496471138368, 43.647756846509466 ], [ -79.394661301519861, 43.646769735006636 ], [ -79.395515324557067, 43.64642949261615 ], [ -79.395614657300086, 43.647117085622661 ], [ -79.395029142409413, 43.647561361660912 ] ] ] } },
{ "type": "Feature", "properties": { "vor_id": 824, "theft_count": 0, "bike_trips": 0.0, "theft_per_1000_trips": "<NA>" }, "geometry": { "type": "Polygon", "coordinates": [ [ [ -79.532094638541835, 43.639045042628112 ], [ -79.532198934979832, 43.639748152100807 ], [ -79.532224160157398, 43.639848856654652 ], [ -79.531018907269029, 43.639840447942774 ], [ -79.529312681707893, 43.638161706245413 ], [ -79.531050425137266, 43.638783480786614 ], [ -79.532094638541835, 43.639045042628112 ] ] ] } },
{ "type": "Feature", "properties": { "vor_id": 825, "theft_count": 7, "bike_trips": 0.0, "theft_per_1000_trips": "<NA>" }, "geometry": { "type": "Polygon", "coordinates": [ [ [ -79.322285094212603, 43.683809361196239 ], [ -79.322547039970189, 43.684272428278355 ], [ -79.323751858377634, 43.690055309352822 ], [ -79.322410952412937, 43.691025036670055 ], [ -79.319559669456396, 43.687399377533502 ], [ -79.319987957195565, 43.685519843782693 ], [ -79.320634332754111, 43.684508342467005 ], [ -79.322285094212603, 43.683809361196239 ] ] ] } },
{ "type": "Feature", "properties": { "vor_id": 826, "theft_count": 21, "bike_trips": 0.0, "theft_per_1000_trips": "<NA>" }, "geometry": { "type": "Polygon", "coordinates": [ [ [ -79.428536739966304, 43.654904939290759 ], [ -79.428045251960199, 43.652618074509 ], [ -79.429943766191499, 43.651875306303488 ], [ -79.430121567495647, 43.652210231226981 ], [ -79.429498989292426, 43.655171328930329 ], [ -79.428536739966304, 43.654904939290759 ] ] ] } },
{ "type": "Feature", "properties": { "vor_id": 827, "theft_count": 58, "bike_trips": 1627.0, "theft_per_1000_trips": "35.64843269821758" }, "geometry": { "type": "Polygon", "coordinates": [ [ [ -79.296562065095657, 43.805038986420094 ], [ -79.299957780885762, 43.793264818243472 ], [ -79.302330469293096, 43.788838794432273 ], [ -79.307884167359603, 43.780317417094096 ], [ -79.308079761576266, 43.780276726562612 ], [ -79.322801493963865, 43.787012615146864 ], [ -79.31938486622019, 43.803198001740213 ], [ -79.312174811856138, 43.810484099739774 ], [ -79.296562065095657, 43.805038986420094 ] ] ] } },
{ "type": "Feature", "properties": { "vor_id": 828, "theft_count": 12, "bike_trips": 0.0, "theft_per_1000_trips": "<NA>" }, "geometry": { "type": "Polygon", "coordinates": [ [ [ -79.311661333672404, 43.709850778063284 ], [ -79.311352157919202, 43.701066531964571 ], [ -79.319554179303069, 43.699060031400236 ], [ -79.323060234935383, 43.703701775128799 ], [ -79.322824195215176, 43.704605577014455 ], [ -79.321436568709657, 43.709918832983156 ], [ -79.320351714713325, 43.711883796479704 ], [ -79.316367107337911, 43.710951641705556 ], [ -79.311661333672404, 43.709850778063284 ] ] ] } },
{ "type": "Feature", "properties": { "vor_id": 829, "theft_count": 3, "bike_trips": 0.0, "theft_per_1000_trips": "<NA>" }, "geometry": { "type": "Polygon", "coordinates": [ [ [ -79.447909927505833, 43.6571588243119 ], [ -79.449415405379597, 43.658291033278623 ], [ -79.44878099460945, 43.659156454972255 ], [ -79.446934658015877, 43.658759291537201 ], [ -79.447909927505833, 43.6571588243119 ] ] ] } },
{ "type": "Feature", "properties": { "vor_id": 830, "theft_count": 24, "bike_trips": 0.0, "theft_per_1000_trips": "<NA>" }, "geometry": { "type": "Polygon", "coordinates": [ [ [ -79.434896436966, 43.63248772198601 ], [ -79.434007683454681, 43.634383467026296 ], [ -79.431501177426583, 43.636546519190681 ], [ -79.429521550735998, 43.636424671572904 ], [ -79.428740935989651, 43.632756635853873 ], [ -79.428736513395293, 43.630754482768282 ], [ -79.429628498841524, 43.628212191925726 ], [ -79.435312073194112, 43.629956497474566 ], [ -79.434896436966, 43.63248772198601 ] ] ] } },
{ "type": "Feature", "properties": { "vor_id": 831, "theft_count": 10, "bike_trips": 0.0, "theft_per_1000_trips": "<NA>" }, "geometry": { "type": "Polygon", "coordinates": [ [ [ -79.334397747993322, 43.666055861647877 ], [ -79.33638515587883, 43.667014607340882 ], [ -79.336625491029977, 43.667294082349144 ], [ -79.334730361133921, 43.66990654657225 ], [ -79.334701317766857, 43.669777246562496 ], [ -79.333800727836604, 43.66576785307749 ], [ -79.334397747993322, 43.666055861647877 ] ] ] } },
{ "type": "Feature", "properties": { "vor_id": 832, "theft_count": 11, "bike_trips": 0.0, "theft_per_1000_trips": "<NA>" }, "geometry": { "type": "Polygon", "coordinates": [ [ [ -79.39314957526571, 43.650223460059969 ], [ -79.392780633418596, 43.649612950568326 ], [ -79.392697851288332, 43.649220786644065 ], [ -79.392798666451355, 43.64896298347751 ], [ -79.393422064156866, 43.648876355091446 ], [ -79.393680550957129, 43.650014280694869 ], [ -79.39314957526571, 43.650223460059969 ] ] ] } },
{ "type": "Feature", "properties": { "vor_id": 833, "theft_count": 23, "bike_trips": 0.0, "theft_per_1000_trips": "<NA>" }, "geometry": { "type": "Polygon", "coordinates": [ [ [ -79.359036608771532, 43.678222535096374 ], [ -79.365111815486841, 43.680003945758223 ], [ -79.363049764057777, 43.683544040273325 ], [ -79.359318166729025, 43.681392463437938 ], [ -79.357577138611347, 43.679283585322132 ], [ -79.359036608771532, 43.678222535096374 ] ] ] } },
{ "type": "Feature", "properties": { "vor_id": 834, "theft_count": 5, "bike_trips": 0.0, "theft_per_1000_trips": "<NA>" }, "geometry": { "type": "Polygon", "coordinates": [ [ [ -79.345971646476102, 43.685696640695518 ], [ -79.347323052349424, 43.687222930746252 ], [ -79.344895043371721, 43.692154355104464 ], [ -79.341257913944503, 43.685553607738953 ], [ -79.345971646476102, 43.685696640695518 ] ] ] } },
{ "type": "Feature", "properties": { "vor_id": 835, "theft_count": 29, "bike_trips": 0.0, "theft_per_1000_trips": "<NA>" }, "geometry": { "type": "Polygon", "coordinates": [ [ [ -79.344066925763727, 43.681036921497508 ], [ -79.343333619135095, 43.682682527487167 ], [ -79.3405380464703, 43.685052360745459 ], [ -79.340482257985997, 43.68504332076882 ], [ -79.339638271256973, 43.683391543821372 ], [ -79.340016679870587, 43.681028286677147 ], [ -79.34256252161785, 43.680109469836687 ], [ -79.343888510695592, 43.680671172481652 ], [ -79.344066925763727, 43.681036921497508 ] ] ] } },
{ "type": "Feature", "properties": { "vor_id": 836, "theft_count": 37, "bike_trips": 0.0, "theft_per_1000_trips": "<NA>" }, "geometry": { "type": "Polygon", "coordinates": [ [ [ -79.506174110231044, 43.77207493018512 ], [ -79.503204650830781, 43.779490421592499 ], [ -79.4946323, 43.7814805 ], [ -79.4944922, 43.7815153 ], [ -79.493444820208182, 43.781771930291605 ], [ -79.491653356190596, 43.778904010876317 ], [ -79.49797075458487, 43.772511172996879 ], [ -79.503150167879966, 43.770300097602266 ], [ -79.504597512637091, 43.770810593528054 ], [ -79.506174110231044, 43.77207493018512 ] ] ] } },
{ "type": "Feature", "properties": { "vor_id": 837, "theft_count": 8, "bike_trips": 0.0, "theft_per_1000_trips": "<NA>" }, "geometry": { "type": "Polygon", "coordinates": [ [ [ -79.381862215906466, 43.673290784745774 ], [ -79.381285483661784, 43.670589304954966 ], [ -79.3813996747581, 43.670257105024035 ], [ -79.381524415301087, 43.670264072118222 ], [ -79.382660928559886, 43.670718078549903 ], [ -79.3828959344048, 43.671739118908654 ], [ -79.381862215906466, 43.673290784745774 ] ] ] } },
{ "type": "Feature", "properties": { "vor_id": 838, "theft_count": 24, "bike_trips": 0.0, "theft_per_1000_trips": "<NA>" }, "geometry": { "type": "Polygon", "coordinates": [ [ [ -79.309177770112896, 43.68297917203865 ], [ -79.312081894966354, 43.685138169344214 ], [ -79.309758901232371, 43.690835315195869 ], [ -79.309369761846327, 43.690828425594908 ], [ -79.306944107961485, 43.684556479558118 ], [ -79.308669473029738, 43.682937509778426 ], [ -79.309177770112896, 43.68297917203865 ] ] ] } },
{ "type": "Feature", "properties": { "vor_id": 839, "theft_count": 26, "bike_trips": 0.0, "theft_per_1000_trips": "<NA>" }, "geometry": { "type": "Polygon", "coordinates": [ [ [ -79.403713294330259, 43.635807091815742 ], [ -79.401746154614031, 43.636648660387642 ], [ -79.401255700039314, 43.636065024986223 ], [ -79.403781586131018, 43.633835704069917 ], [ -79.403713294330259, 43.635807091815742 ] ] ] } },
{ "type": "Feature", "properties": { "vor_id": 840, "theft_count": 26, "bike_trips": 0.0, "theft_per_1000_trips": "<NA>" }, "geometry": { "type": "Polygon", "coordinates": [ [ [ -79.430121567495647, 43.652210231226981 ], [ -79.430138524463786, 43.65221381058155 ], [ -79.432026081682807, 43.652886978545595 ], [ -79.432339706627118, 43.65444152086301 ], [ -79.431787402320694, 43.655807070001615 ], [ -79.430674087173244, 43.656215238899755 ], [ -79.429985014907999, 43.656037545178698 ], [ -79.429498989292426, 43.655171328930329 ], [ -79.430121567495647, 43.652210231226981 ] ] ] } },
{ "type": "Feature", "properties": { "vor_id": 841, "theft_count": 6, "bike_trips": 0.0, "theft_per_1000_trips": "<NA>" }, "geometry": { "type": "Polygon", "coordinates": [ [ [ -79.38341422569458, 43.776479580856979 ], [ -79.382021154233712, 43.769686537822778 ], [ -79.382397747208316, 43.769120588445212 ], [ -79.385131297391936, 43.768439505811969 ], [ -79.385984519301658, 43.768661063650569 ], [ -79.386065001376949, 43.769122278576212 ], [ -79.38341422569458, 43.776479580856979 ] ] ] } },
{ "type": "Feature", "properties": { "vor_id": 842, "theft_count": 34, "bike_trips": 0.0, "theft_per_1000_trips": "<NA>" }, "geometry": { "type": "Polygon", "coordinates": [ [ [ -79.381511211914443, 43.649997253722248 ], [ -79.381670794694031, 43.650173069428597 ], [ -79.381767029998045, 43.650615770042812 ], [ -79.380344465272657, 43.651226528305052 ], [ -79.380024315645414, 43.651153874011875 ], [ -79.379902997191337, 43.650927094068251 ], [ -79.379846984256005, 43.650652939722086 ], [ -79.381511211914443, 43.649997253722248 ] ] ] } },
{ "type": "Feature", "properties": { "vor_id": 843, "theft_count": 47, "bike_trips": 0.0, "theft_per_1000_trips": "<NA>" }, "geometry": { "type": "Polygon", "coordinates": [ [ [ -79.339592226363791, 43.678891280384804 ], [ -79.340016679870587, 43.681028286677147 ], [ -79.339638271256973, 43.683391543821372 ], [ -79.336105297025142, 43.681883538399376 ], [ -79.336405104892989, 43.679979574685269 ], [ -79.337857981381816, 43.677864920559394 ], [ -79.339592226363791, 43.678891280384804 ] ] ] } },
{ "type": "Feature", "properties": { "vor_id": 844, "theft_count": 17, "bike_trips": 0.0, "theft_per_1000_trips": "<NA>" }, "geometry": { "type": "Polygon", "coordinates": [ [ [ -79.281631489176775, 43.72294816136187 ], [ -79.285361302613978, 43.742443649881551 ], [ -79.283484205333323, 43.742807376466402 ], [ -79.274831668589883, 43.732923565203954 ], [ -79.273912538396317, 43.72882990460154 ], [ -79.280154293007726, 43.722830085738913 ], [ -79.281631489176775, 43.72294816136187 ] ] ] } },
{ "type": "Feature", "properties": { "vor_id": 845, "theft_count": 8, "bike_trips": 0.0, "theft_per_1000_trips": "<NA>" }, "geometry": { "type": "Polygon", "coordinates": [ [ [ -79.3821524031314, 43.641131898541381 ], [ -79.380063879788338, 43.642050848813788 ], [ -79.379856945567596, 43.641682480790308 ], [ -79.381950806125104, 43.640783932985258 ], [ -79.3821524031314, 43.641131898541381 ] ] ] } },
{ "type": "Feature", "properties": { "vor_id": 846, "theft_count": 24, "bike_trips": 0.0, "theft_per_1000_trips": "<NA>" }, "geometry": { "type": "Polygon", "coordinates": [ [ [ -79.427455355879488, 43.641676396193979 ], [ -79.427674646215408, 43.641959338774285 ], [ -79.428225790606305, 43.642994450362998 ], [ -79.426723720358666, 43.643558286392661 ], [ -79.426405524257575, 43.642032966729268 ], [ -79.427455355879488, 43.641676396193979 ] ] ] } },
{ "type": "Feature", "properties": { "vor_id": 847, "theft_count": 29, "bike_trips": 0.0, "theft_per_1000_trips": "<NA>" }, "geometry": { "type": "Polygon", "coordinates": [ [ [ -79.511089643200819, 43.607633777687354 ], [ -79.509266818147466, 43.604900868593283 ], [ -79.508363400600075, 43.60078183181588 ], [ -79.510813817111128, 43.598292091900134 ], [ -79.512311998449263, 43.598068732844837 ], [ -79.512782050668207, 43.606523543569118 ], [ -79.511089643200819, 43.607633777687354 ] ] ] } },
{ "type": "Feature", "properties": { "vor_id": 848, "theft_count": 33, "bike_trips": 0.0, "theft_per_1000_trips": "<NA>" }, "geometry": { "type": "Polygon", "coordinates": [ [ [ -79.511897353933733, 43.701580566593336 ], [ -79.514741115732875, 43.697048549650887 ], [ -79.517720889710574, 43.69846658095166 ], [ -79.516563168637973, 43.705376517569817 ], [ -79.516454881316136, 43.705453467418401 ], [ -79.514084131524768, 43.705188370835295 ], [ -79.511897353933733, 43.701580566593336 ] ] ] } },
{ "type": "Feature", "properties": { "vor_id": 849, "theft_count": 13, "bike_trips": 0.0, "theft_per_1000_trips": "<NA>" }, "geometry": { "type": "Polygon", "coordinates": [ [ [ -79.3809655085212, 43.680110100064788 ], [ -79.380989184471446, 43.680116418446346 ], [ -79.384371215011527, 43.686373307830181 ], [ -79.378971499825511, 43.688470166779354 ], [ -79.3809655085212, 43.680110100064788 ] ] ] } },
{ "type": "Feature", "properties": { "vor_id": 850, "theft_count": 31, "bike_trips": 0.0, "theft_per_1000_trips": "<NA>" }, "geometry": { "type": "Polygon", "coordinates": [ [ [ -79.374962058461193, 43.653086517949731 ], [ -79.375989340413483, 43.652657636939672 ], [ -79.376142668007859, 43.65276029361511 ], [ -79.376384175490273, 43.653880452070034 ], [ -79.375984915167578, 43.654044971562726 ], [ -79.375198680470348, 43.654089346490061 ], [ -79.3751902227974, 43.654085860660317 ], [ -79.374962058461193, 43.653086517949731 ] ] ] } },
{ "type": "Feature", "properties": { "vor_id": 851, "theft_count": 36, "bike_trips": 0.0, "theft_per_1000_trips": "<NA>" }, "geometry": { "type": "Polygon", "coordinates": [ [ [ -79.382442172994516, 43.707440018035115 ], [ -79.379080247768727, 43.713361818119594 ], [ -79.377143342708024, 43.712697401501217 ], [ -79.373366928167513, 43.707643358084432 ], [ -79.376132361835346, 43.703181388940081 ], [ -79.382442172994516, 43.707440018035115 ] ] ] } },
{ "type": "Feature", "properties": { "vor_id": 852, "theft_count": 16, "bike_trips": 0.0, "theft_per_1000_trips": "<NA>" }, "geometry": { "type": "Polygon", "coordinates": [ [ [ -79.404478346392963, 43.663359427642241 ], [ -79.406685201455034, 43.663780889958225 ], [ -79.40662424256854, 43.6638926451852 ], [ -79.406115979306108, 43.664508422198551 ], [ -79.405536148850203, 43.665056739257494 ], [ -79.404712886306044, 43.665399800999687 ], [ -79.404142437038814, 43.665411122029738 ], [ -79.4036186588703, 43.664783571512736 ], [ -79.403405449605245, 43.663790140328082 ], [ -79.404478346392963, 43.663359427642241 ] ] ] } },
{ "type": "Feature", "properties": { "vor_id": 853, "theft_count": 22, "bike_trips": 0.0, "theft_per_1000_trips": "<NA>" }, "geometry": { "type": "Polygon", "coordinates": [ [ [ -79.362894548507398, 43.684960558025743 ], [ -79.355199590501911, 43.682936845119926 ], [ -79.355331684892931, 43.682510269128684 ], [ -79.359318166729025, 43.681392463437938 ], [ -79.363049764057777, 43.683544040273325 ], [ -79.362894548507398, 43.684960558025743 ] ] ] } },
{ "type": "Feature", "properties": { "vor_id": 854, "theft_count": 23, "bike_trips": 0.0, "theft_per_1000_trips": "<NA>" }, "geometry": { "type": "Polygon", "coordinates": [ [ [ -79.434264622777178, 43.681698410193697 ], [ -79.433396391678102, 43.679614165516838 ], [ -79.436481014269319, 43.675944811360992 ], [ -79.437667991206766, 43.676613695717066 ], [ -79.437568634606919, 43.685054184419648 ], [ -79.436104638561332, 43.684319893832686 ], [ -79.435635235873491, 43.683979014786516 ], [ -79.434264622777178, 43.681698410193697 ] ] ] } },
{ "type": "Feature", "properties": { "vor_id": 855, "theft_count": 16, "bike_trips": 0.0, "theft_per_1000_trips": "<NA>" }, "geometry": { "type": "Polygon", "coordinates": [ [ [ -79.408980891136963, 43.663936154847654 ], [ -79.410343999509081, 43.664051759703128 ], [ -79.410780954238945, 43.666162547931364 ], [ -79.410222958356741, 43.666981230478484 ], [ -79.409607740605963, 43.666941124869787 ], [ -79.408980891136963, 43.663936154847654 ] ] ] } },
{ "type": "Feature", "properties": { "vor_id": 856, "theft_count": 9, "bike_trips": 0.0, "theft_per_1000_trips": "<NA>" }, "geometry": { "type": "Polygon", "coordinates": [ [ [ -79.331315236135083, 43.668830465845453 ], [ -79.33140929171671, 43.668999378313679 ], [ -79.330933874058118, 43.670826856656902 ], [ -79.327628766116717, 43.672010643249003 ], [ -79.32761100336549, 43.67195926428537 ], [ -79.327474409033684, 43.67040715866532 ], [ -79.331315236135083, 43.668830465845453 ] ] ] } },
{ "type": "Feature", "properties": { "vor_id": 857, "theft_count": 10, "bike_trips": 0.0, "theft_per_1000_trips": "<NA>" }, "geometry": { "type": "Polygon", "coordinates": [ [ [ -79.337641546009337, 43.66201827972619 ], [ -79.337594804280016, 43.661805808372961 ], [ -79.338517393845862, 43.660023111611437 ], [ -79.339123422902816, 43.662399696148313 ], [ -79.337641546009337, 43.66201827972619 ] ] ] } },
{ "type": "Feature", "properties": { "vor_id": 858, "theft_count": 36, "bike_trips": 0.0, "theft_per_1000_trips": "<NA>" }, "geometry": { "type": "Polygon", "coordinates": [ [ [ -79.543841877354438, 43.707029071009792 ], [ -79.533726700775816, 43.698278492872973 ], [ -79.54651572993825, 43.684138894341778 ], [ -79.554411425003579, 43.687650754809589 ], [ -79.565537213209808, 43.701719853798835 ], [ -79.543841877354438, 43.707029071009792 ] ] ] } },
{ "type": "Feature", "properties": { "vor_id": 859, "theft_count": 16, "bike_trips": 0.0, "theft_per_1000_trips": "<NA>" }, "geometry": { "type": "Polygon", "coordinates": [ [ [ -79.51042267578724, 43.671869729154409 ], [ -79.504107309322521, 43.674744149769907 ], [ -79.500148465697364, 43.672785893434437 ], [ -79.499493652688173, 43.671557018516957 ], [ -79.497965190880493, 43.660154289853494 ], [ -79.498859079474613, 43.659737895627394 ], [ -79.509797368833688, 43.670456796170242 ], [ -79.51042267578724, 43.671869729154409 ] ] ] } },
{ "type": "Feature", "properties": { "vor_id": 860, "theft_count": 25, "bike_trips": 0.0, "theft_per_1000_trips": "<NA>" }, "geometry": { "type": "Polygon", "coordinates": [ [ [ -79.330367074953102, 43.659121938576867 ], [ -79.330809286139768, 43.66120047297693 ], [ -79.330456570581035, 43.661541961350395 ], [ -79.328636832401742, 43.662324510544074 ], [ -79.326966810986264, 43.660718112781019 ], [ -79.330367074953102, 43.659121938576867 ] ] ] } },
{ "type": "Feature", "properties": { "vor_id": 861, "theft_count": 10, "bike_trips": 0.0, "theft_per_1000_trips": "<NA>" }, "geometry": { "type": "Polygon", "coordinates": [ [ [ -79.420320375136995, 43.683903210807117 ], [ -79.419609198702872, 43.684812640067726 ], [ -79.419321898095021, 43.684929504567812 ], [ -79.418871194504007, 43.682855331793142 ], [ -79.419522819695018, 43.682320658634929 ], [ -79.420320375136995, 43.683903210807117 ] ] ] } },
{ "type": "Feature", "properties": { "vor_id": 862, "theft_count": 28, "bike_trips": 0.0, "theft_per_1000_trips": "<NA>" }, "geometry": { "type": "Polygon", "coordinates": [ [ [ -79.319765176946021, 43.719345658208248 ], [ -79.320351714713325, 43.711883796479704 ], [ -79.321436568709657, 43.709918832983156 ], [ -79.332806065979398, 43.713839836231159 ], [ -79.333071572036062, 43.715811661809369 ], [ -79.33278600814397, 43.716254817181586 ], [ -79.32548186485991, 43.720399705161284 ], [ -79.319765176946021, 43.719345658208248 ] ] ] } },
{ "type": "Feature", "properties": { "vor_id": 863, "theft_count": 33, "bike_trips": 0.0, "theft_per_1000_trips": "<NA>" }, "geometry": { "type": "Polygon", "coordinates": [ [ [ -79.384697811670947, 43.661601256934262 ], [ -79.386311341944264, 43.661078168007641 ], [ -79.386899100056482, 43.661438273655087 ], [ -79.386979266720743, 43.661797598927684 ], [ -79.384992720756287, 43.662391143435052 ], [ -79.384800356500349, 43.662088771206321 ], [ -79.384697811670947, 43.661601256934262 ] ] ] } },
{ "type": "Feature", "properties": { "vor_id": 864, "theft_count": 7, "bike_trips": 0.0, "theft_per_1000_trips": "<NA>" }, "geometry": { "type": "Polygon", "coordinates": [ [ [ -79.392899354591449, 43.654769221916176 ], [ -79.392930002679108, 43.654836180192206 ], [ -79.392802720192464, 43.655754336465861 ], [ -79.391585223328576, 43.656291055748248 ], [ -79.391314457764111, 43.654986856435059 ], [ -79.392052343868514, 43.654014968896135 ], [ -79.392899354591449, 43.654769221916176 ] ] ] } },
{ "type": "Feature", "properties": { "vor_id": 865, "theft_count": 6, "bike_trips": 0.0, "theft_per_1000_trips": "<NA>" }, "geometry": { "type": "Polygon", "coordinates": [ [ [ -79.266565551786442, 43.720073997754781 ], [ -79.267024899953583, 43.718847285221727 ], [ -79.270304821137273, 43.720020859786707 ], [ -79.275064538899201, 43.721213107020247 ], [ -79.279499816946256, 43.721871018369377 ], [ -79.280154293007726, 43.722830085738913 ], [ -79.273912538396317, 43.72882990460154 ], [ -79.271902488905553, 43.727693426168095 ], [ -79.266565551786442, 43.720073997754781 ] ] ] } },
{ "type": "Feature", "properties": { "vor_id": 866, "theft_count": 5, "bike_trips": 0.0, "theft_per_1000_trips": "<NA>" }, "geometry": { "type": "Polygon", "coordinates": [ [ [ -79.38058866068107, 43.660884605157221 ], [ -79.380614071572438, 43.660996024077654 ], [ -79.378572513406738, 43.661832378780538 ], [ -79.378177710654057, 43.661299473418957 ], [ -79.38013404742523, 43.660472999595846 ], [ -79.380582549988617, 43.660870400647703 ], [ -79.38058866068107, 43.660884605157221 ] ] ] } },
{ "type": "Feature", "properties": { "vor_id": 867, "theft_count": 72, "bike_trips": 0.0, "theft_per_1000_trips": "<NA>" }, "geometry": { "type": "MultiPolygon", "coordinates": [ [ [ [ -79.168017691078717, 43.754011204686684 ], [ -79.1694352, 43.7537057 ], [ -79.17136757920845, 43.752837694573088 ], [ -79.171680529615031, 43.753259659349006 ], [ -79.174203112217327, 43.757468334158702 ], [ -79.174385616862935, 43.75785420781127 ], [ -79.176301025625463, 43.761903999381737 ], [ -79.177923360175001, 43.766438120702034 ], [ -79.177954065786508, 43.766523937137265 ], [ -79.178164990607186, 43.76736599622302 ], [ -79.176009110397786, 43.770887390912485 ], [ -79.175519068786585, 43.768931035137271 ], [ -79.174122468526619, 43.76502779889266 ], [ -79.17386602862554, 43.764311097381743 ], [ -79.171768115217418, 43.759875432158701 ], [ -79.171723770582091, 43.759801447604339 ], [ -79.169245532615108, 43.755666757349026 ], [ -79.168017691078717, 43.754011204686684 ] ] ], [ [ [ -79.1517117, 43.8139659 ], [ -79.1514583, 43.8139877 ], [ -79.1512609, 43.8139505 ], [ -79.1511279, 43.8138586 ], [ -79.1510074, 43.8137006 ], [ -79.1509401, 43.8136124 ], [ -79.1508425, 43.813511099999985 ], [ -79.150710599999982, 43.8134176 ], [ -79.150477699999982, 43.8133177 ], [ -79.1500164, 43.8130153 ], [ -79.1495443, 43.8125569 ], [ -79.149407, 43.81244550000001 ], [ -79.1491838, 43.8123835 ], [ -79.1490122, 43.8123587 ], [ -79.1487976, 43.8123773 ], [ -79.1484629, 43.8123773 ], [ -79.1480766, 43.812334 ], [ -79.147905, 43.8122225 ], [ -79.1478326, 43.8120944 ], [ -79.1478105, 43.8120553 ], [ -79.147630299999989, 43.8119066 ], [ -79.147252599999987, 43.8117208 ], [ -79.1468664, 43.8114669 ], [ -79.146463, 43.8112377 ], [ -79.1463085, 43.8112005 ], [ -79.1461883, 43.8112129 ], [ -79.146059599999987, 43.8111634 ], [ -79.1459652, 43.811089 ], [ -79.145948, 43.810928 ], [ -79.1459757, 43.8106464 ], [ -79.1460253, 43.8101414 ], [ -79.1459995, 43.8100237 ], [ -79.1459223, 43.8099803 ], [ -79.145700199999979, 43.8099853 ], [ -79.1449438, 43.8099803 ], [ -79.1445146, 43.8099246 ], [ -79.144163, 43.8098539 ], [ -79.1440682, 43.8098248 ], [ -79.143767899999986, 43.8097326 ], [ -79.143141299999982, 43.8095823 ], [ -79.1426178, 43.8094229 ], [ -79.142188599999983, 43.8093548 ], [ -79.1416221, 43.8091627 ], [ -79.1411415, 43.8089088 ], [ -79.1410112, 43.8088617 ], [ -79.140686599999981, 43.8087849 ], [ -79.1405321, 43.8087292 ], [ -79.1404548, 43.8084195 ], [ -79.1404034, 43.8083637 ], [ -79.140246799999986, 43.8083695 ], [ -79.139957, 43.8083761 ], [ -79.1396223, 43.8083513 ], [ -79.139364799999981, 43.8083451 ], [ -79.1391588, 43.8082398 ], [ -79.138928299999989, 43.8080735 ], [ -79.138901299999986, 43.808054 ], [ -79.1387897, 43.8080045 ], [ -79.1386696, 43.8079797 ], [ -79.1385837, 43.8079921 ], [ -79.1384807, 43.8079549 ], [ -79.1384121, 43.807967299999987 ], [ -79.1383434, 43.8080045 ], [ -79.138274699999982, 43.807998299999987 ], [ -79.1382205, 43.8079311 ], [ -79.1382147, 43.8079239 ], [ -79.1381803, 43.8078001 ], [ -79.1382746, 43.807662 ], [ -79.1382061, 43.8075585 ], [ -79.13809449999998, 43.8074656 ], [ -79.1379915, 43.8074098 ], [ -79.137871299999986, 43.8074222 ], [ -79.1377306, 43.8075656 ], [ -79.1375943, 43.8078012 ], [ -79.1375109, 43.8079103 ], [ -79.13727369999998, 43.8078771 ], [ -79.137056499999986, 43.8077418 ], [ -79.136799, 43.8077913 ], [ -79.1366016, 43.8078904 ], [ -79.13649, 43.8080205 ], [ -79.1364213, 43.8081134 ], [ -79.136249699999979, 43.80814440000001 ], [ -79.136078, 43.808163 ], [ -79.1357148, 43.8080227 ], [ -79.1354334, 43.8078983 ], [ -79.1350297, 43.8075748 ], [ -79.134824399999985, 43.8073851 ], [ -79.134584, 43.8073045 ], [ -79.134326499999986, 43.8070134 ], [ -79.1339231, 43.806778 ], [ -79.1337515, 43.8064807 ], [ -79.1337193, 43.8063179 ], [ -79.1337086, 43.8062639 ], [ -79.133773500000018, 43.8059774 ], [ -79.1340309, 43.8054942 ], [ -79.1341769, 43.8051783 ], [ -79.134297, 43.8045589 ], [ -79.1341571, 43.8040062 ], [ -79.1336234, 43.8032559 ], [ -79.133516, 43.8030102 ], [ -79.1336099, 43.8028365 ], [ -79.1340171, 43.8024285 ], [ -79.1345459, 43.8018023 ], [ -79.134817199999986, 43.8016114 ], [ -79.1352326, 43.8013191 ], [ -79.135404200000011, 43.8010589 ], [ -79.1354128, 43.8008978 ], [ -79.1352412, 43.800712 ], [ -79.134992199999985, 43.8007244 ], [ -79.1347176, 43.8007739 ], [ -79.1331297, 43.8012509 ], [ -79.1316426, 43.8018146 ], [ -79.1312243, 43.801858 ], [ -79.1307694, 43.8018147 ], [ -79.130243, 43.8016579 ], [ -79.1296448, 43.8013857 ], [ -79.12825, 43.8005791 ], [ -79.127732199999983, 43.8003337 ], [ -79.12704429999998, 43.8001421 ], [ -79.1267096, 43.8001359 ], [ -79.126357699999986, 43.800204 ], [ -79.125585199999989, 43.8003031 ], [ -79.125259, 43.8002412 ], [ -79.124658200000013, 43.7998261 ], [ -79.1241776, 43.7990517 ], [ -79.124085099999988, 43.7986789 ], [ -79.124169, 43.798246399999989 ], [ -79.1243664, 43.797726 ], [ -79.1243063, 43.7975649 ], [ -79.1241175, 43.7974286 ], [ -79.1235339, 43.7972118 ], [ -79.12318089999998, 43.7972374 ], [ -79.1224953, 43.7974162 ], [ -79.1221005, 43.7974782 ], [ -79.121894499999982, 43.7974596 ], [ -79.1216284, 43.7973667 ], [ -79.121422399999986, 43.7972675 ], [ -79.1201756, 43.796078 ], [ -79.120109200000016, 43.795886 ], [ -79.120135, 43.79575590000001 ], [ -79.120341, 43.7955515 ], [ -79.1205984, 43.7954523 ], [ -79.120950300000018, 43.795384199999987 ], [ -79.121156299999981, 43.7952603 ], [ -79.121225, 43.7950868 ], [ -79.121164899999982, 43.7949009 ], [ -79.1209933, 43.794746 ], [ -79.1207615, 43.7946903 ], [ -79.1204263, 43.7947212 ], [ -79.1195256, 43.794777 ], [ -79.1189762, 43.7946841 ], [ -79.1187155, 43.7946635 ], [ -79.117963399999979, 43.7944115 ], [ -79.1176888, 43.7943743 ], [ -79.1175, 43.7943743 ], [ -79.1170536, 43.7944734 ], [ -79.1166931, 43.7946655 ], [ -79.11648719999998, 43.7948018 ], [ -79.1160752, 43.7949319 ], [ -79.1157269, 43.7949284 ], [ -79.1155081, 43.794902 ], [ -79.1153291, 43.7948709 ], [ -79.115294099999986, 43.7948018 ], [ -79.113219299999983, 43.7930746 ], [ -79.1244154, 43.7797378 ], [ -79.131886126805796, 43.773344548965049 ], [ -79.134201600830281, 43.783906970902436 ], [ -79.132737306224953, 43.786134072387284 ], [ -79.131126673317013, 43.791767642509747 ], [ -79.14515084093847, 43.791793623367042 ], [ -79.155615147347504, 43.806430873788038 ], [ -79.156111674116673, 43.823674878286702 ], [ -79.156070310109399, 43.823699670918543 ], [ -79.1555612, 43.8226163 ], [ -79.152051, 43.8145644 ], [ -79.1517117, 43.8139659 ] ] ] ] } },
{ "type": "Feature", "properties": { "vor_id": 868, "theft_count": 2, "bike_trips": 0.0, "theft_per_1000_trips": "<NA>" }, "geometry": { "type": "Polygon", "coordinates": [ [ [ -79.443152040220312, 43.693019364662049 ], [ -79.442708293911821, 43.6915765123996 ], [ -79.447769011809882, 43.689507283680918 ], [ -79.448026582292925, 43.6902598533336 ], [ -79.44798027247532, 43.690395183310685 ], [ -79.447069572368974, 43.691638374861022 ], [ -79.443152040220312, 43.693019364662049 ] ] ] } },
{ "type": "Feature", "properties": { "vor_id": 869, "theft_count": 5, "bike_trips": 0.0, "theft_per_1000_trips": "<NA>" }, "geometry": { "type": "Polygon", "coordinates": [ [ [ -79.347735427912028, 43.661036105553606 ], [ -79.347822071990265, 43.661421310065464 ], [ -79.345686688857, 43.662299585227629 ], [ -79.345542855347404, 43.662124770348328 ], [ -79.346279788968531, 43.660163629147114 ], [ -79.347735427912028, 43.661036105553606 ] ] ] } },
{ "type": "Feature", "properties": { "vor_id": 870, "theft_count": 30, "bike_trips": 0.0, "theft_per_1000_trips": "<NA>" }, "geometry": { "type": "Polygon", "coordinates": [ [ [ -79.358778769923831, 43.652631841471198 ], [ -79.358908190897523, 43.653090592111873 ], [ -79.358387420399822, 43.654102858404798 ], [ -79.357395189468178, 43.654744797617383 ], [ -79.356885861906846, 43.654861432902287 ], [ -79.356485532061001, 43.653205743099939 ], [ -79.356727069273731, 43.652358964431734 ], [ -79.358778769923831, 43.652631841471198 ] ] ] } },
{ "type": "Feature", "properties": { "vor_id": 871, "theft_count": 23, "bike_trips": 0.0, "theft_per_1000_trips": "<NA>" }, "geometry": { "type": "Polygon", "coordinates": [ [ [ -79.498878823130426, 43.64643788871517 ], [ -79.504242876959182, 43.654778408668903 ], [ -79.503086441571469, 43.656804155568629 ], [ -79.498859079474613, 43.659737895627394 ], [ -79.497965190880493, 43.660154289853494 ], [ -79.496204808348736, 43.659759458644174 ], [ -79.49562766697764, 43.659371102585169 ], [ -79.491385098109831, 43.654167709568675 ], [ -79.498682306172554, 43.646315950952697 ], [ -79.498878823130426, 43.64643788871517 ] ] ] } },
{ "type": "Feature", "properties": { "vor_id": 872, "theft_count": 5, "bike_trips": 0.0, "theft_per_1000_trips": "<NA>" }, "geometry": { "type": "Polygon", "coordinates": [ [ [ -79.230944831002276, 43.741622969526539 ], [ -79.239749620600733, 43.741535107839255 ], [ -79.241580352015461, 43.74591521099709 ], [ -79.228569712508943, 43.751387476646848 ], [ -79.230944831002276, 43.741622969526539 ] ] ] } },
{ "type": "Feature", "properties": { "vor_id": 873, "theft_count": 23, "bike_trips": 0.0, "theft_per_1000_trips": "<NA>" }, "geometry": { "type": "Polygon", "coordinates": [ [ [ -79.32557410614271, 43.68701982546785 ], [ -79.330360704329152, 43.685018191931462 ], [ -79.33138707604526, 43.685371274815367 ], [ -79.332305830659735, 43.68598647390268 ], [ -79.327965050077268, 43.690305755059804 ], [ -79.324151122070006, 43.689893047059961 ], [ -79.32557410614271, 43.68701982546785 ] ] ] } },
{ "type": "Feature", "properties": { "vor_id": 874, "theft_count": 15, "bike_trips": 0.0, "theft_per_1000_trips": "<NA>" }, "geometry": { "type": "Polygon", "coordinates": [ [ [ -79.400834060386444, 43.651062026895247 ], [ -79.400797489542796, 43.650989053754181 ], [ -79.400899778277036, 43.649915381148077 ], [ -79.401331660348362, 43.649417774252434 ], [ -79.4019716506713, 43.648972934421622 ], [ -79.403198405072828, 43.648464166176034 ], [ -79.403275792644408, 43.648493200957986 ], [ -79.404587246493691, 43.650818860169537 ], [ -79.404059614194935, 43.651172354349001 ], [ -79.402648825121076, 43.651783228737131 ], [ -79.402593042019987, 43.651785345531316 ], [ -79.400834060386444, 43.651062026895247 ] ] ] } },
{ "type": "Feature", "properties": { "vor_id": 875, "theft_count": 2, "bike_trips": 0.0, "theft_per_1000_trips": "<NA>" }, "geometry": { "type": "Polygon", "coordinates": [ [ [ -79.185457655305342, 43.774869293995053 ], [ -79.191506696274587, 43.769712694657343 ], [ -79.199336134878919, 43.775367151796878 ], [ -79.199517054481305, 43.775579510954763 ], [ -79.199585199442694, 43.776117626499897 ], [ -79.185457655305342, 43.774869293995053 ] ] ] } },
{ "type": "Feature", "properties": { "vor_id": 876, "theft_count": 16, "bike_trips": 0.0, "theft_per_1000_trips": "<NA>" }, "geometry": { "type": "Polygon", "coordinates": [ [ [ -79.44767254459849, 43.683493957527496 ], [ -79.448818873143153, 43.683327147890736 ], [ -79.45848882971562, 43.687231734324634 ], [ -79.457452161894551, 43.689125161813671 ], [ -79.453507066909225, 43.693450781292533 ], [ -79.448026582292925, 43.6902598533336 ], [ -79.447769011809882, 43.689507283680918 ], [ -79.447621977262415, 43.683539938863575 ], [ -79.44767254459849, 43.683493957527496 ] ] ] } },
{ "type": "Feature", "properties": { "vor_id": 877, "theft_count": 22, "bike_trips": 0.0, "theft_per_1000_trips": "<NA>" }, "geometry": { "type": "Polygon", "coordinates": [ [ [ -79.426468053647469, 43.662875758924478 ], [ -79.425978942954103, 43.660566562422282 ], [ -79.426715822079515, 43.659777764508782 ], [ -79.427109513087288, 43.6600131301049 ], [ -79.427582614784498, 43.662246115757839 ], [ -79.42722820755921, 43.662979717026744 ], [ -79.426468053647469, 43.662875758924478 ] ] ] } },
{ "type": "Feature", "properties": { "vor_id": 878, "theft_count": 24, "bike_trips": 0.0, "theft_per_1000_trips": "<NA>" }, "geometry": { "type": "Polygon", "coordinates": [ [ [ -79.365387007235384, 43.662606344336481 ], [ -79.365365939256904, 43.66257272272675 ], [ -79.365682822516831, 43.660298575896924 ], [ -79.36697692194862, 43.659772732765674 ], [ -79.367375988091425, 43.6597673190413 ], [ -79.367696144391573, 43.659961803632235 ], [ -79.368134689323725, 43.660450334512959 ], [ -79.367172614689011, 43.661886691363826 ], [ -79.365387007235384, 43.662606344336481 ] ] ] } },
{ "type": "Feature", "properties": { "vor_id": 879, "theft_count": 10, "bike_trips": 0.0, "theft_per_1000_trips": "<NA>" }, "geometry": { "type": "Polygon", "coordinates": [ [ [ -79.397934753482843, 43.655582975643945 ], [ -79.397750863330273, 43.654685495467369 ], [ -79.399640446700005, 43.654619664820601 ], [ -79.399699110626699, 43.654732194888425 ], [ -79.399714445984031, 43.654924082835507 ], [ -79.399100997432413, 43.655324676617056 ], [ -79.398072076715138, 43.655694178950263 ], [ -79.397934753482843, 43.655582975643945 ] ] ] } },
{ "type": "Feature", "properties": { "vor_id": 880, "theft_count": 3, "bike_trips": 0.0, "theft_per_1000_trips": "<NA>" }, "geometry": { "type": "Polygon", "coordinates": [ [ [ -79.41764091451536, 43.70063959758248 ], [ -79.416023598100224, 43.701953486503911 ], [ -79.415838691269414, 43.701960401856148 ], [ -79.411431351993286, 43.69914255148074 ], [ -79.411176432088837, 43.698387221527312 ], [ -79.411206519618133, 43.69489264905436 ], [ -79.411801651898003, 43.69468459296629 ], [ -79.417329474573009, 43.693505124142867 ], [ -79.418892841450713, 43.695653819551829 ], [ -79.41764091451536, 43.70063959758248 ] ] ] } },
{ "type": "Feature", "properties": { "vor_id": 881, "theft_count": 3, "bike_trips": 0.0, "theft_per_1000_trips": "<NA>" }, "geometry": { "type": "Polygon", "coordinates": [ [ [ -79.357167792113913, 43.781318899964674 ], [ -79.357002595970158, 43.781021201189986 ], [ -79.361875327797435, 43.773010717618966 ], [ -79.372006152396807, 43.780628692618492 ], [ -79.372080460244575, 43.780796428002489 ], [ -79.364820422436267, 43.783720143974492 ], [ -79.357167792113913, 43.781318899964674 ] ] ] } },
{ "type": "Feature", "properties": { "vor_id": 882, "theft_count": 30, "bike_trips": 0.0, "theft_per_1000_trips": "<NA>" }, "geometry": { "type": "Polygon", "coordinates": [ [ [ -79.332930554040573, 43.685940029171164 ], [ -79.335017563052588, 43.682187602811162 ], [ -79.336105297025142, 43.681883538399376 ], [ -79.339638271256973, 43.683391543821372 ], [ -79.340482257985997, 43.68504332076882 ], [ -79.336332573442505, 43.688864286408617 ], [ -79.332919567974443, 43.685970907341733 ], [ -79.332930554040573, 43.685940029171164 ] ] ] } },
{ "type": "Feature", "properties": { "vor_id": 883, "theft_count": 30, "bike_trips": 0.0, "theft_per_1000_trips": "<NA>" }, "geometry": { "type": "Polygon", "coordinates": [ [ [ -79.44692840981061, 43.711827288906093 ], [ -79.447574334537393, 43.710982476992335 ], [ -79.452904628781795, 43.708364112655019 ], [ -79.453699266138798, 43.715368760237062 ], [ -79.452200955355835, 43.717634292605446 ], [ -79.44692840981061, 43.711827288906093 ] ] ] } },
{ "type": "Feature", "properties": { "vor_id": 884, "theft_count": 11, "bike_trips": 0.0, "theft_per_1000_trips": "<NA>" }, "geometry": { "type": "Polygon", "coordinates": [ [ [ -79.42758927893469, 43.696220398653757 ], [ -79.425281495463878, 43.696522568487403 ], [ -79.42460662421999, 43.694239272432952 ], [ -79.427544273835565, 43.693387751180992 ], [ -79.42758927893469, 43.696220398653757 ] ] ] } },
{ "type": "Feature", "properties": { "vor_id": 885, "theft_count": 33, "bike_trips": 0.0, "theft_per_1000_trips": "<NA>" }, "geometry": { "type": "Polygon", "coordinates": [ [ [ -79.484814046395641, 43.622811367010627 ], [ -79.486181560178679, 43.622139491115682 ], [ -79.487489280883011, 43.625380572258251 ], [ -79.488022323437889, 43.62923857421513 ], [ -79.487763887339042, 43.630846548461982 ], [ -79.483499753015565, 43.631822936839278 ], [ -79.483458488853785, 43.631748465130585 ], [ -79.482522699125397, 43.625868162779348 ], [ -79.483881688718796, 43.623417109456675 ], [ -79.484814046395641, 43.622811367010627 ] ] ] } },
{ "type": "Feature", "properties": { "vor_id": 886, "theft_count": 27, "bike_trips": 0.0, "theft_per_1000_trips": "<NA>" }, "geometry": { "type": "Polygon", "coordinates": [ [ [ -79.381834193183266, 43.647899042121153 ], [ -79.381287206001119, 43.648948293823359 ], [ -79.379716070959432, 43.649611609666572 ], [ -79.379432218493889, 43.648286178518561 ], [ -79.37944176251699, 43.648221438825857 ], [ -79.381538191227179, 43.647327804530043 ], [ -79.381751970285109, 43.647526966448304 ], [ -79.381834193183266, 43.647899042121153 ] ] ] } },
{ "type": "Feature", "properties": { "vor_id": 887, "theft_count": 22, "bike_trips": 0.0, "theft_per_1000_trips": "<NA>" }, "geometry": { "type": "Polygon", "coordinates": [ [ [ -79.367199373653165, 43.648743012837791 ], [ -79.36708889402604, 43.64690036070121 ], [ -79.367383321893115, 43.64666940092561 ], [ -79.369225468135724, 43.646397624414284 ], [ -79.369149321642382, 43.649700389456562 ], [ -79.369035785282264, 43.649898359542021 ], [ -79.367322840032756, 43.649281822432471 ], [ -79.367199373653165, 43.648743012837791 ] ] ] } },
{ "type": "Feature", "properties": { "vor_id": 888, "theft_count": 7, "bike_trips": 0.0, "theft_per_1000_trips": "<NA>" }, "geometry": { "type": "Polygon", "coordinates": [ [ [ -79.399907183714774, 43.691627341205809 ], [ -79.40212534463646, 43.6936339109701 ], [ -79.398447010409143, 43.695396754009401 ], [ -79.398310710889206, 43.694677875816431 ], [ -79.398366206797661, 43.69221548421519 ], [ -79.399907183714774, 43.691627341205809 ] ] ] } },
{ "type": "Feature", "properties": { "vor_id": 889, "theft_count": 17, "bike_trips": 0.0, "theft_per_1000_trips": "<NA>" }, "geometry": { "type": "Polygon", "coordinates": [ [ [ -79.186683417045643, 43.757222814685633 ], [ -79.190239123638264, 43.764422415945724 ], [ -79.190261104489963, 43.766177307884668 ], [ -79.181727274687233, 43.76881017064531 ], [ -79.179821248085744, 43.764660680656839 ], [ -79.176009525436399, 43.750752578722341 ], [ -79.176787099999984, 43.7504033 ], [ -79.178584873454966, 43.74959572212974 ], [ -79.186683417045643, 43.757222814685633 ] ] ] } },
{ "type": "Feature", "properties": { "vor_id": 890, "theft_count": 29, "bike_trips": 0.0, "theft_per_1000_trips": "<NA>" }, "geometry": { "type": "Polygon", "coordinates": [ [ [ -79.406641140445927, 43.735529497061094 ], [ -79.411020016636328, 43.741314370705645 ], [ -79.410083625893918, 43.743998493128423 ], [ -79.404828116187886, 43.7447105294737 ], [ -79.404499198693273, 43.744698297307608 ], [ -79.401497317425765, 43.741101642332097 ], [ -79.405745020163579, 43.735380113913436 ], [ -79.406641140445927, 43.735529497061094 ] ] ] } },
{ "type": "Feature", "properties": { "vor_id": 891, "theft_count": 0, "bike_trips": 0.0, "theft_per_1000_trips": "<NA>" }, "geometry": { "type": "Polygon", "coordinates": [ [ [ -79.356459131346298, 43.667732185071749 ], [ -79.356473589661988, 43.665323782491583 ], [ -79.358832610369475, 43.666167853597429 ], [ -79.35759550399392, 43.668231471538483 ], [ -79.356459131346298, 43.667732185071749 ] ] ] } },
{ "type": "Feature", "properties": { "vor_id": 892, "theft_count": 17, "bike_trips": 0.0, "theft_per_1000_trips": "<NA>" }, "geometry": { "type": "Polygon", "coordinates": [ [ [ -79.402458515244291, 43.67349920970819 ], [ -79.401890069531447, 43.670793220746958 ], [ -79.402588566352961, 43.670191908380502 ], [ -79.403984225462139, 43.67114058234457 ], [ -79.40456291193594, 43.673921985484967 ], [ -79.402458515244291, 43.67349920970819 ] ] ] } },
{ "type": "Feature", "properties": { "vor_id": 893, "theft_count": 31, "bike_trips": 0.0, "theft_per_1000_trips": "<NA>" }, "geometry": { "type": "Polygon", "coordinates": [ [ [ -79.405898755699653, 43.67453444405654 ], [ -79.407859009674894, 43.672748283191616 ], [ -79.408293074546819, 43.672931101452839 ], [ -79.409341407524948, 43.676086624656072 ], [ -79.406411948918802, 43.675921764825262 ], [ -79.405779128376807, 43.675298656650625 ], [ -79.405764518405348, 43.674741774716395 ], [ -79.405898755699653, 43.67453444405654 ] ] ] } },
{ "type": "Feature", "properties": { "vor_id": 894, "theft_count": 0, "bike_trips": 0.0, "theft_per_1000_trips": "<NA>" }, "geometry": { "type": "Polygon", "coordinates": [ [ [ -79.540120262107465, 43.771609683159596 ], [ -79.541030443112547, 43.770029019617134 ], [ -79.5413640123802, 43.771360702780925 ], [ -79.540120262107465, 43.771609683159596 ] ] ] } },
{ "type": "Feature", "properties": { "vor_id": 895, "theft_count": 26, "bike_trips": 0.0, "theft_per_1000_trips": "<NA>" }, "geometry": { "type": "Polygon", "coordinates": [ [ [ -79.384911308331709, 43.720959608510249 ], [ -79.379290868495843, 43.733970790140098 ], [ -79.373918058304554, 43.733846195684848 ], [ -79.371827810637058, 43.717891509757372 ], [ -79.372898446508742, 43.715931061670908 ], [ -79.377143342708024, 43.712697401501217 ], [ -79.379080247768727, 43.713361818119594 ], [ -79.384911308331709, 43.720959608510249 ] ] ] } },
{ "type": "Feature", "properties": { "vor_id": 896, "theft_count": 14, "bike_trips": 0.0, "theft_per_1000_trips": "<NA>" }, "geometry": { "type": "Polygon", "coordinates": [ [ [ -79.375608088166913, 43.672500785772641 ], [ -79.374594449748102, 43.6723541613515 ], [ -79.374534462169308, 43.670244268447235 ], [ -79.375461412814985, 43.670442242113396 ], [ -79.376219239819946, 43.671691129672304 ], [ -79.375608088166913, 43.672500785772641 ] ] ] } },
{ "type": "Feature", "properties": { "vor_id": 897, "theft_count": 5, "bike_trips": 0.0, "theft_per_1000_trips": "<NA>" }, "geometry": { "type": "Polygon", "coordinates": [ [ [ -79.256561723049259, 43.725767571210206 ], [ -79.266565551786442, 43.720073997754781 ], [ -79.271902488905553, 43.727693426168095 ], [ -79.265877855232148, 43.730267508809433 ], [ -79.257861617728281, 43.728237904185626 ], [ -79.256561723049259, 43.725767571210206 ] ] ] } },
{ "type": "Feature", "properties": { "vor_id": 898, "theft_count": 57, "bike_trips": 0.0, "theft_per_1000_trips": "<NA>" }, "geometry": { "type": "Polygon", "coordinates": [ [ [ -79.385542640547968, 43.670818668220086 ], [ -79.385841498108377, 43.671223911990396 ], [ -79.386028385631221, 43.672133562752812 ], [ -79.3860059112952, 43.672665914062996 ], [ -79.385950584029331, 43.673127851097796 ], [ -79.385865330998513, 43.673432386252472 ], [ -79.385542645070558, 43.673488973830239 ], [ -79.384386345530459, 43.673297567444706 ], [ -79.384009944271071, 43.671477105106469 ], [ -79.385542640547968, 43.670818668220086 ] ] ] } },
{ "type": "Feature", "properties": { "vor_id": 899, "theft_count": 8, "bike_trips": 0.0, "theft_per_1000_trips": "<NA>" }, "geometry": { "type": "Polygon", "coordinates": [ [ [ -79.426436994690903, 43.650380916076742 ], [ -79.42429772067392, 43.651239841483189 ], [ -79.424085289767575, 43.650182615784033 ], [ -79.425814048512152, 43.6494277912836 ], [ -79.426531060230602, 43.650170152837283 ], [ -79.426436994690903, 43.650380916076742 ] ] ] } },
{ "type": "Feature", "properties": { "vor_id": 900, "theft_count": 7, "bike_trips": 0.0, "theft_per_1000_trips": "<NA>" }, "geometry": { "type": "Polygon", "coordinates": [ [ [ -79.399031690027911, 43.634292232663718 ], [ -79.399856305164903, 43.634171361524423 ], [ -79.400486335121457, 43.635346340933161 ], [ -79.400416958852801, 43.635801539140459 ], [ -79.399829359452838, 43.63579399533122 ], [ -79.399031690027911, 43.634292232663718 ] ] ] } },
{ "type": "Feature", "properties": { "vor_id": 901, "theft_count": 18, "bike_trips": 0.0, "theft_per_1000_trips": "<NA>" }, "geometry": { "type": "Polygon", "coordinates": [ [ [ -79.34825935279558, 43.664887920798641 ], [ -79.346028883504488, 43.663714268634862 ], [ -79.349728494254165, 43.662230703546378 ], [ -79.350427411158691, 43.6626496182175 ], [ -79.350663418197172, 43.662761241233568 ], [ -79.350904426109153, 43.663799896895881 ], [ -79.34825935279558, 43.664887920798641 ] ] ] } },
{ "type": "Feature", "properties": { "vor_id": 902, "theft_count": 16, "bike_trips": 0.0, "theft_per_1000_trips": "<NA>" }, "geometry": { "type": "Polygon", "coordinates": [ [ [ -79.300408270994666, 43.662696260125948 ], [ -79.303849009763397, 43.666509433171484 ], [ -79.30465175018341, 43.668538212684496 ], [ -79.304154013686983, 43.669861421159162 ], [ -79.303032287742411, 43.670252781826477 ], [ -79.300408270994666, 43.662696260125948 ] ] ] } },
{ "type": "Feature", "properties": { "vor_id": 903, "theft_count": 38, "bike_trips": 0.0, "theft_per_1000_trips": "<NA>" }, "geometry": { "type": "Polygon", "coordinates": [ [ [ -79.446238246506894, 43.677078719289092 ], [ -79.44767254459849, 43.683493957527496 ], [ -79.447621977262415, 43.683539938863575 ], [ -79.442436075187928, 43.684015154915159 ], [ -79.440192674396371, 43.676003402127009 ], [ -79.441706327895048, 43.675222811553823 ], [ -79.446238246506894, 43.677078719289092 ] ] ] } },
{ "type": "Feature", "properties": { "vor_id": 904, "theft_count": 7, "bike_trips": 0.0, "theft_per_1000_trips": "<NA>" }, "geometry": { "type": "Polygon", "coordinates": [ [ [ -79.434007683454681, 43.634383467026296 ], [ -79.434855138634248, 43.638499013324889 ], [ -79.434573637326935, 43.639446059927288 ], [ -79.43185751469106, 43.638280986662345 ], [ -79.431501177426583, 43.636546519190681 ], [ -79.434007683454681, 43.634383467026296 ] ] ] } },
{ "type": "Feature", "properties": { "vor_id": 905, "theft_count": 16, "bike_trips": 0.0, "theft_per_1000_trips": "<NA>" }, "geometry": { "type": "Polygon", "coordinates": [ [ [ -79.316780433205281, 43.656466199482608 ], [ -79.321183343498532, 43.666700741041652 ], [ -79.319113384972496, 43.667560022851319 ], [ -79.317477820475986, 43.666308101882798 ], [ -79.316171593976307, 43.659086848226195 ], [ -79.316780433205281, 43.656466199482608 ] ] ] } },
{ "type": "Feature", "properties": { "vor_id": 906, "theft_count": 18, "bike_trips": 0.0, "theft_per_1000_trips": "<NA>" }, "geometry": { "type": "Polygon", "coordinates": [ [ [ -79.4517863153702, 43.66357605941711 ], [ -79.451963972417531, 43.661895262667393 ], [ -79.453564042904418, 43.660698054735597 ], [ -79.455547657230198, 43.66295769221697 ], [ -79.4517863153702, 43.66357605941711 ] ] ] } },
{ "type": "Feature", "properties": { "vor_id": 907, "theft_count": 22, "bike_trips": 0.0, "theft_per_1000_trips": "<NA>" }, "geometry": { "type": "Polygon", "coordinates": [ [ [ -79.464832151378957, 43.644967993391255 ], [ -79.464400623926551, 43.644229638363242 ], [ -79.468407128435828, 43.634420198518434 ], [ -79.47066701369161, 43.640898939049009 ], [ -79.470911874510335, 43.642286064634185 ], [ -79.470044994953184, 43.644856398724031 ], [ -79.466580200025888, 43.645370103366034 ], [ -79.464832151378957, 43.644967993391255 ] ] ] } },
{ "type": "Feature", "properties": { "vor_id": 908, "theft_count": 20, "bike_trips": 0.0, "theft_per_1000_trips": "<NA>" }, "geometry": { "type": "Polygon", "coordinates": [ [ [ -79.279924579123573, 43.681263125462777 ], [ -79.284785733295266, 43.679227563078491 ], [ -79.284890117461742, 43.679301483468478 ], [ -79.285241190100976, 43.683328876392686 ], [ -79.279924579123573, 43.681263125462777 ] ] ] } },
{ "type": "Feature", "properties": { "vor_id": 909, "theft_count": 15, "bike_trips": 0.0, "theft_per_1000_trips": "<NA>" }, "geometry": { "type": "Polygon", "coordinates": [ [ [ -79.429161133145996, 43.641376230930639 ], [ -79.42920937089049, 43.641233940095489 ], [ -79.429317455371518, 43.641176321769329 ], [ -79.431148279868779, 43.640934108313935 ], [ -79.43130280903371, 43.641116132197048 ], [ -79.431429385843643, 43.641743531121833 ], [ -79.429561461438752, 43.643874031905838 ], [ -79.428862000001971, 43.643204920253794 ], [ -79.429161133145996, 43.641376230930639 ] ] ] } },
{ "type": "Feature", "properties": { "vor_id": 910, "theft_count": 14, "bike_trips": 0.0, "theft_per_1000_trips": "<NA>" }, "geometry": { "type": "Polygon", "coordinates": [ [ [ -79.343151117381581, 43.65940763184075 ], [ -79.343709496889062, 43.658266056799022 ], [ -79.346218736349002, 43.660127035615226 ], [ -79.346279788968531, 43.660163629147114 ], [ -79.345542855347404, 43.662124770348328 ], [ -79.345020807926502, 43.661850047467482 ], [ -79.343151117381581, 43.65940763184075 ] ] ] } },
{ "type": "Feature", "properties": { "vor_id": 911, "theft_count": 21, "bike_trips": 0.0, "theft_per_1000_trips": "<NA>" }, "geometry": { "type": "Polygon", "coordinates": [ [ [ -79.437568634606919, 43.685054184419648 ], [ -79.437667991206766, 43.676613695717066 ], [ -79.439752991816491, 43.676023506161712 ], [ -79.440192674396371, 43.676003402127009 ], [ -79.442436075187928, 43.684015154915159 ], [ -79.437878515569182, 43.685364997418702 ], [ -79.437568634606919, 43.685054184419648 ] ] ] } },
{ "type": "Feature", "properties": { "vor_id": 912, "theft_count": 17, "bike_trips": 0.0, "theft_per_1000_trips": "<NA>" }, "geometry": { "type": "Polygon", "coordinates": [ [ [ -79.373147746642445, 43.665155341042905 ], [ -79.373318021492253, 43.665404202512619 ], [ -79.372817202341352, 43.666718989229828 ], [ -79.370801716278706, 43.667554901056072 ], [ -79.370554973423566, 43.667231430561237 ], [ -79.370388800643113, 43.666670700282175 ], [ -79.370230988822414, 43.665960669503633 ], [ -79.372635100223093, 43.664952347895742 ], [ -79.373147746642445, 43.665155341042905 ] ] ] } },
{ "type": "Feature", "properties": { "vor_id": 913, "theft_count": 26, "bike_trips": 0.0, "theft_per_1000_trips": "<NA>" }, "geometry": { "type": "Polygon", "coordinates": [ [ [ -79.367349293080025, 43.650891376180191 ], [ -79.366468564191521, 43.651269003341028 ], [ -79.365102799065554, 43.65054003247559 ], [ -79.367078332527797, 43.64968994148456 ], [ -79.367349293080025, 43.650891376180191 ] ] ] } },
{ "type": "Feature", "properties": { "vor_id": 914, "theft_count": 44, "bike_trips": 0.0, "theft_per_1000_trips": "<NA>" }, "geometry": { "type": "Polygon", "coordinates": [ [ [ -79.385176136794414, 43.657432789615939 ], [ -79.38324669368545, 43.65822681438511 ], [ -79.383049278393557, 43.657975241124724 ], [ -79.382924864506947, 43.65738706952645 ], [ -79.384816770696617, 43.656612853246273 ], [ -79.385053887755731, 43.656833474476343 ], [ -79.385176136794414, 43.657432789615939 ] ] ] } },
{ "type": "Feature", "properties": { "vor_id": 915, "theft_count": 51, "bike_trips": 0.0, "theft_per_1000_trips": "<NA>" }, "geometry": { "type": "Polygon", "coordinates": [ [ [ -79.396610121409893, 43.705738669078684 ], [ -79.396466248163179, 43.705633455777004 ], [ -79.396064608632628, 43.704106466137638 ], [ -79.39874391786509, 43.702608999379734 ], [ -79.399255060625435, 43.705009211648544 ], [ -79.399032647596641, 43.705259391280592 ], [ -79.396610121409893, 43.705738669078684 ] ] ] } },
{ "type": "Feature", "properties": { "vor_id": 916, "theft_count": 7, "bike_trips": 0.0, "theft_per_1000_trips": "<NA>" }, "geometry": { "type": "Polygon", "coordinates": [ [ [ -79.42109057873472, 43.683278721379466 ], [ -79.420320375136995, 43.683903210807117 ], [ -79.419522819695018, 43.682320658634929 ], [ -79.420383481971982, 43.680475065450359 ], [ -79.42080992387109, 43.68087479106002 ], [ -79.42109057873472, 43.683278721379466 ] ] ] } },
{ "type": "Feature", "properties": { "vor_id": 917, "theft_count": 43, "bike_trips": 0.0, "theft_per_1000_trips": "<NA>" }, "geometry": { "type": "Polygon", "coordinates": [ [ [ -79.386100197387051, 43.659949802448693 ], [ -79.38574782700384, 43.659922983379154 ], [ -79.385473247873563, 43.658672982784807 ], [ -79.38563445743776, 43.658350534940752 ], [ -79.387809315823731, 43.658652773641336 ], [ -79.388012871637955, 43.659115545012277 ], [ -79.387952672536926, 43.659180714006666 ], [ -79.386100197387051, 43.659949802448693 ] ] ] } },
{ "type": "Feature", "properties": { "vor_id": 918, "theft_count": 9, "bike_trips": 0.0, "theft_per_1000_trips": "<NA>" }, "geometry": { "type": "Polygon", "coordinates": [ [ [ -79.34573396302234, 43.776775861910764 ], [ -79.345267842749308, 43.77461743038824 ], [ -79.352393336273352, 43.767771026303457 ], [ -79.353310641699807, 43.774063448997737 ], [ -79.34573396302234, 43.776775861910764 ] ] ] } },
{ "type": "Feature", "properties": { "vor_id": 919, "theft_count": 10, "bike_trips": 0.0, "theft_per_1000_trips": "<NA>" }, "geometry": { "type": "Polygon", "coordinates": [ [ [ -79.491842057634003, 43.666360691763053 ], [ -79.499493652688173, 43.671557018516957 ], [ -79.500148465697364, 43.672785893434437 ], [ -79.491328850923409, 43.675153333650186 ], [ -79.488846621424614, 43.669016646750528 ], [ -79.489330224116301, 43.666503831443315 ], [ -79.491842057634003, 43.666360691763053 ] ] ] } },
{ "type": "Feature", "properties": { "vor_id": 920, "theft_count": 5, "bike_trips": 0.0, "theft_per_1000_trips": "<NA>" }, "geometry": { "type": "Polygon", "coordinates": [ [ [ -79.439998929520897, 43.705551269557105 ], [ -79.440675118616667, 43.708732718270049 ], [ -79.434093592032653, 43.71137754064199 ], [ -79.43541146584549, 43.707851856947038 ], [ -79.436232848706567, 43.707121660512179 ], [ -79.43981391080699, 43.70545368228241 ], [ -79.439998929520897, 43.705551269557105 ] ] ] } },
{ "type": "Feature", "properties": { "vor_id": 921, "theft_count": 28, "bike_trips": 0.0, "theft_per_1000_trips": "<NA>" }, "geometry": { "type": "Polygon", "coordinates": [ [ [ -79.316554814965272, 43.679722641196157 ], [ -79.318867422127354, 43.68018901334348 ], [ -79.319987957195565, 43.685519843782693 ], [ -79.319559669456396, 43.687399377533502 ], [ -79.316819181925624, 43.68562835236137 ], [ -79.316381377081612, 43.683615786091231 ], [ -79.316554814965272, 43.679722641196157 ] ] ] } },
{ "type": "Feature", "properties": { "vor_id": 922, "theft_count": 55, "bike_trips": 0.0, "theft_per_1000_trips": "<NA>" }, "geometry": { "type": "Polygon", "coordinates": [ [ [ -79.401890069531447, 43.670793220746958 ], [ -79.400459056444433, 43.671011065351692 ], [ -79.399183409287559, 43.669385540491518 ], [ -79.399067432877274, 43.668843743033399 ], [ -79.399250754041432, 43.668448731122112 ], [ -79.400779591110762, 43.667837897677252 ], [ -79.402593575909265, 43.669241818160309 ], [ -79.402802716388635, 43.669513797521653 ], [ -79.402588566352961, 43.670191908380502 ], [ -79.401890069531447, 43.670793220746958 ] ] ] } },
{ "type": "Feature", "properties": { "vor_id": 923, "theft_count": 2, "bike_trips": 0.0, "theft_per_1000_trips": "<NA>" }, "geometry": { "type": "Polygon", "coordinates": [ [ [ -79.321796295759029, 43.658553913502651 ], [ -79.322303399556958, 43.658938048611944 ], [ -79.325129659830537, 43.663293317051483 ], [ -79.324587385294606, 43.665687020687372 ], [ -79.323365611414829, 43.665743909320739 ], [ -79.321796295759029, 43.658553913502651 ] ] ] } },
{ "type": "Feature", "properties": { "vor_id": 924, "theft_count": 14, "bike_trips": 0.0, "theft_per_1000_trips": "<NA>" }, "geometry": { "type": "Polygon", "coordinates": [ [ [ -79.350663478915607, 43.687082062796271 ], [ -79.350688324138531, 43.687118858530738 ], [ -79.351181511171504, 43.689606441301869 ], [ -79.344897124045431, 43.695776532954383 ], [ -79.344895043371721, 43.692154355104464 ], [ -79.347323052349424, 43.687222930746252 ], [ -79.349041557048778, 43.686856503039429 ], [ -79.350663478915607, 43.687082062796271 ] ] ] } },
{ "type": "Feature", "properties": { "vor_id": 925, "theft_count": 38, "bike_trips": 0.0, "theft_per_1000_trips": "<NA>" }, "geometry": { "type": "Polygon", "coordinates": [ [ [ -79.417969149314345, 43.661259652374994 ], [ -79.418126155582257, 43.66130354765145 ], [ -79.419012050830716, 43.665198629016778 ], [ -79.418181154681193, 43.665191761316009 ], [ -79.418117996227039, 43.665134188023409 ], [ -79.417379719005226, 43.66172437869561 ], [ -79.417969149314345, 43.661259652374994 ] ] ] } },
{ "type": "Feature", "properties": { "vor_id": 926, "theft_count": 15, "bike_trips": 0.0, "theft_per_1000_trips": "<NA>" }, "geometry": { "type": "Polygon", "coordinates": [ [ [ -79.393485339801757, 43.676332069916086 ], [ -79.394105142810787, 43.67325043251217 ], [ -79.395407784462378, 43.674877858806404 ], [ -79.395255044477949, 43.6760602795176 ], [ -79.393485339801757, 43.676332069916086 ] ] ] } },
{ "type": "Feature", "properties": { "vor_id": 927, "theft_count": 25, "bike_trips": 0.0, "theft_per_1000_trips": "<NA>" }, "geometry": { "type": "Polygon", "coordinates": [ [ [ -79.290582909599593, 43.676124023263291 ], [ -79.291605066949316, 43.676628364985248 ], [ -79.292250064065541, 43.681450600593514 ], [ -79.290930210559935, 43.682832281475953 ], [ -79.287390260917519, 43.683743376581099 ], [ -79.286984812238316, 43.679358885792134 ], [ -79.290582909599593, 43.676124023263291 ] ] ] } },
{ "type": "Feature", "properties": { "vor_id": 928, "theft_count": 4, "bike_trips": 0.0, "theft_per_1000_trips": "<NA>" }, "geometry": { "type": "Polygon", "coordinates": [ [ [ -79.516454881316136, 43.705453467418401 ], [ -79.519735467765912, 43.71666153446477 ], [ -79.513633677767558, 43.71629261504043 ], [ -79.509943428982908, 43.713782720101477 ], [ -79.507862148789116, 43.71023036663113 ], [ -79.514084131524768, 43.705188370835295 ], [ -79.516454881316136, 43.705453467418401 ] ] ] } },
{ "type": "Feature", "properties": { "vor_id": 929, "theft_count": 24, "bike_trips": 0.0, "theft_per_1000_trips": "<NA>" }, "geometry": { "type": "Polygon", "coordinates": [ [ [ -79.387030325283149, 43.701584177201035 ], [ -79.385555551379952, 43.70313151181648 ], [ -79.384540755401915, 43.702061073795313 ], [ -79.383781065840935, 43.698459700172464 ], [ -79.386396271900196, 43.698782078558764 ], [ -79.387030325283149, 43.701584177201035 ] ] ] } },
{ "type": "Feature", "properties": { "vor_id": 930, "theft_count": 0, "bike_trips": 0.0, "theft_per_1000_trips": "<NA>" }, "geometry": { "type": "Polygon", "coordinates": [ [ [ -79.364995906661278, 43.668001151447442 ], [ -79.364327921210943, 43.667640191919517 ], [ -79.364341582818042, 43.667607482168926 ], [ -79.365533600306421, 43.667784301260227 ], [ -79.364995906661278, 43.668001151447442 ] ] ] } },
{ "type": "Feature", "properties": { "vor_id": 931, "theft_count": 56, "bike_trips": 0.0, "theft_per_1000_trips": "<NA>" }, "geometry": { "type": "Polygon", "coordinates": [ [ [ -79.379255746989386, 43.644223902859501 ], [ -79.38007313326743, 43.644250491552562 ], [ -79.380607647422579, 43.644673094537332 ], [ -79.380718264454188, 43.645274263464778 ], [ -79.377751487480595, 43.646586010833587 ], [ -79.377843931383737, 43.644825915541738 ], [ -79.379255746989386, 43.644223902859501 ] ] ] } },
{ "type": "Feature", "properties": { "vor_id": 932, "theft_count": 31, "bike_trips": 0.0, "theft_per_1000_trips": "<NA>" }, "geometry": { "type": "Polygon", "coordinates": [ [ [ -79.413198997397757, 43.647923627986387 ], [ -79.412558317544025, 43.647846953043 ], [ -79.4113762600293, 43.647027719088953 ], [ -79.410981322655616, 43.645055008320568 ], [ -79.41234769746616, 43.645210325658319 ], [ -79.412748994806975, 43.645598342374782 ], [ -79.413204118739998, 43.647908329316202 ], [ -79.413198997397757, 43.647923627986387 ] ] ] } },
{ "type": "Feature", "properties": { "vor_id": 933, "theft_count": 18, "bike_trips": 0.0, "theft_per_1000_trips": "<NA>" }, "geometry": { "type": "Polygon", "coordinates": [ [ [ -79.428202123999441, 43.72367376017538 ], [ -79.429688396276546, 43.72082461630557 ], [ -79.436919324789187, 43.725083222163512 ], [ -79.437923960584811, 43.728239322049987 ], [ -79.432825651188764, 43.730517710346469 ], [ -79.428202123999441, 43.72367376017538 ] ] ] } },
{ "type": "Feature", "properties": { "vor_id": 934, "theft_count": 15, "bike_trips": 0.0, "theft_per_1000_trips": "<NA>" }, "geometry": { "type": "Polygon", "coordinates": [ [ [ -79.354576024380108, 43.722906393688987 ], [ -79.359851620272394, 43.71296949957253 ], [ -79.363924513708298, 43.714327430540706 ], [ -79.364934452756984, 43.715231793782998 ], [ -79.362886382902715, 43.729442794265616 ], [ -79.354576024380108, 43.722906393688987 ] ] ] } },
{ "type": "Feature", "properties": { "vor_id": 935, "theft_count": 10, "bike_trips": 0.0, "theft_per_1000_trips": "<NA>" }, "geometry": { "type": "Polygon", "coordinates": [ [ [ -79.28887050938981, 43.674375524421272 ], [ -79.290582909599593, 43.676124023263291 ], [ -79.286984812238316, 43.679358885792134 ], [ -79.284890117461742, 43.679301483468478 ], [ -79.284785733295266, 43.679227563078491 ], [ -79.284124800279358, 43.676115955593218 ], [ -79.284338449713218, 43.67599599215378 ], [ -79.287705576609596, 43.674619210089304 ], [ -79.28887050938981, 43.674375524421272 ] ] ] } },
{ "type": "Feature", "properties": { "vor_id": 936, "theft_count": 33, "bike_trips": 0.0, "theft_per_1000_trips": "<NA>" }, "geometry": { "type": "Polygon", "coordinates": [ [ [ -79.303631014535952, 43.696760352498046 ], [ -79.301602824096733, 43.692127965695938 ], [ -79.303353180518897, 43.689598447238922 ], [ -79.303741459416926, 43.689426380670128 ], [ -79.308652110060947, 43.691250593964924 ], [ -79.30456045136178, 43.697289768329888 ], [ -79.303631014535952, 43.696760352498046 ] ] ] } },
{ "type": "Feature", "properties": { "vor_id": 937, "theft_count": 7, "bike_trips": 0.0, "theft_per_1000_trips": "<NA>" }, "geometry": { "type": "Polygon", "coordinates": [ [ [ -79.400084437332865, 43.665361974628446 ], [ -79.40144548876485, 43.664812475309816 ], [ -79.401941057514591, 43.66543532510611 ], [ -79.402072900926598, 43.666066847830656 ], [ -79.401946066372943, 43.666282760785521 ], [ -79.400571089962753, 43.666832121678063 ], [ -79.399859612686654, 43.666281479410635 ], [ -79.400084437332865, 43.665361974628446 ] ] ] } },
{ "type": "Feature", "properties": { "vor_id": 938, "theft_count": 20, "bike_trips": 0.0, "theft_per_1000_trips": "<NA>" }, "geometry": { "type": "Polygon", "coordinates": [ [ [ -79.367236237184869, 43.664680003554459 ], [ -79.368629290366727, 43.664122634454841 ], [ -79.368775096893557, 43.664505743055983 ], [ -79.367546017075455, 43.665010104813597 ], [ -79.367236237184869, 43.664680003554459 ] ] ] } },
{ "type": "Feature", "properties": { "vor_id": 939, "theft_count": 25, "bike_trips": 0.0, "theft_per_1000_trips": "<NA>" }, "geometry": { "type": "Polygon", "coordinates": [ [ [ -79.36973527527411, 43.71112968385745 ], [ -79.369781193100636, 43.710965553324321 ], [ -79.371851490170997, 43.707943386461437 ], [ -79.373366928167513, 43.707643358084432 ], [ -79.377143342708024, 43.712697401501217 ], [ -79.372898446508742, 43.715931061670908 ], [ -79.36973527527411, 43.71112968385745 ] ] ] } },
{ "type": "Feature", "properties": { "vor_id": 940, "theft_count": 20, "bike_trips": 0.0, "theft_per_1000_trips": "<NA>" }, "geometry": { "type": "Polygon", "coordinates": [ [ [ -79.415775313907687, 43.662187292766824 ], [ -79.416237532934659, 43.662158943306203 ], [ -79.416787468898335, 43.664673030468009 ], [ -79.415645137315607, 43.665057181797806 ], [ -79.415160384170719, 43.662814005008904 ], [ -79.415775313907687, 43.662187292766824 ] ] ] } },
{ "type": "Feature", "properties": { "vor_id": 941, "theft_count": 25, "bike_trips": 0.0, "theft_per_1000_trips": "<NA>" }, "geometry": { "type": "Polygon", "coordinates": [ [ [ -79.396780732051354, 43.684962979824064 ], [ -79.396602726520527, 43.686508856183863 ], [ -79.396536966850206, 43.686587390153818 ], [ -79.394021661897412, 43.687635059263805 ], [ -79.390679397454235, 43.686598064988281 ], [ -79.396463711134899, 43.68424450014588 ], [ -79.39656375559511, 43.684418556314512 ], [ -79.396780732051354, 43.684962979824064 ] ] ] } },
{ "type": "Feature", "properties": { "vor_id": 942, "theft_count": 46, "bike_trips": 0.0, "theft_per_1000_trips": "<NA>" }, "geometry": { "type": "Polygon", "coordinates": [ [ [ -79.378189155376376, 43.653167623687494 ], [ -79.377973977709445, 43.653446200884446 ], [ -79.376993478293272, 43.653849813194228 ], [ -79.376706390603616, 43.652533875593633 ], [ -79.377099657274925, 43.652195564781067 ], [ -79.378189155376376, 43.653167623687494 ] ] ] } },
{ "type": "Feature", "properties": { "vor_id": 943, "theft_count": 15, "bike_trips": 0.0, "theft_per_1000_trips": "<NA>" }, "geometry": { "type": "Polygon", "coordinates": [ [ [ -79.347594369596877, 43.679413939106183 ], [ -79.348326577166389, 43.67802966604448 ], [ -79.348451296448275, 43.678022742738541 ], [ -79.351295730231314, 43.680000777365635 ], [ -79.350309964874555, 43.681825294757815 ], [ -79.348426856173958, 43.681936101796708 ], [ -79.347594369596877, 43.679413939106183 ] ] ] } },
{ "type": "Feature", "properties": { "vor_id": 944, "theft_count": 24, "bike_trips": 0.0, "theft_per_1000_trips": "<NA>" }, "geometry": { "type": "Polygon", "coordinates": [ [ [ -79.405536148850203, 43.665056739257494 ], [ -79.406115979306108, 43.664508422198551 ], [ -79.406699376535727, 43.667267801235113 ], [ -79.406028363056436, 43.667305525999552 ], [ -79.405536148850203, 43.665056739257494 ] ] ] } },
{ "type": "Feature", "properties": { "vor_id": 945, "theft_count": 3, "bike_trips": 0.0, "theft_per_1000_trips": "<NA>" }, "geometry": { "type": "Polygon", "coordinates": [ [ [ -79.3742099738934, 43.693009755967154 ], [ -79.377867576549065, 43.698805507578541 ], [ -79.376042809591866, 43.701292635597937 ], [ -79.37377848587407, 43.699880885767385 ], [ -79.372479081802453, 43.695602694382657 ], [ -79.372072229781494, 43.692220641150286 ], [ -79.3742099738934, 43.693009755967154 ] ] ] } },
{ "type": "Feature", "properties": { "vor_id": 946, "theft_count": 10, "bike_trips": 0.0, "theft_per_1000_trips": "<NA>" }, "geometry": { "type": "Polygon", "coordinates": [ [ [ -79.331466409568932, 43.654106549908576 ], [ -79.331811564326117, 43.651649292075106 ], [ -79.334031628224324, 43.661090193084632 ], [ -79.333530119939226, 43.661109082722582 ], [ -79.332956175149477, 43.661130700728918 ], [ -79.331570688208743, 43.654598217123237 ], [ -79.331438123179126, 43.654227722685235 ], [ -79.331466409568932, 43.654106549908576 ] ] ] } },
{ "type": "Feature", "properties": { "vor_id": 947, "theft_count": 16, "bike_trips": 0.0, "theft_per_1000_trips": "<NA>" }, "geometry": { "type": "Polygon", "coordinates": [ [ [ -79.327628766116717, 43.672010643249003 ], [ -79.327582350459124, 43.673186773901023 ], [ -79.323684558334449, 43.673046137940645 ], [ -79.323149229098433, 43.670667806608506 ], [ -79.32761100336549, 43.67195926428537 ], [ -79.327628766116717, 43.672010643249003 ] ] ] } },
{ "type": "Feature", "properties": { "vor_id": 948, "theft_count": 9, "bike_trips": 0.0, "theft_per_1000_trips": "<NA>" }, "geometry": { "type": "Polygon", "coordinates": [ [ [ -79.39008066750533, 43.669803247629311 ], [ -79.390372184378876, 43.670130612272722 ], [ -79.38872991789016, 43.670892183216921 ], [ -79.388828857684217, 43.670273515913884 ], [ -79.39008066750533, 43.669803247629311 ] ] ] } },
{ "type": "Feature", "properties": { "vor_id": 949, "theft_count": 12, "bike_trips": 0.0, "theft_per_1000_trips": "<NA>" }, "geometry": { "type": "Polygon", "coordinates": [ [ [ -79.306501882306321, 43.717162395259329 ], [ -79.317107159568309, 43.722850197240597 ], [ -79.315044096268579, 43.733491249296669 ], [ -79.309956295611386, 43.733155995719947 ], [ -79.305814354607392, 43.730734878548141 ], [ -79.301099850355826, 43.719388773977421 ], [ -79.303953226618248, 43.718367819625669 ], [ -79.306501882306321, 43.717162395259329 ] ] ] } },
{ "type": "Feature", "properties": { "vor_id": 950, "theft_count": 3, "bike_trips": 0.0, "theft_per_1000_trips": "<NA>" }, "geometry": { "type": "Polygon", "coordinates": [ [ [ -79.435635235873491, 43.683979014786516 ], [ -79.436104638561332, 43.684319893832686 ], [ -79.4300448434212, 43.686710516563863 ], [ -79.429249032193752, 43.685683979250562 ], [ -79.430800184735062, 43.683458645624754 ], [ -79.435635235873491, 43.683979014786516 ] ] ] } },
{ "type": "Feature", "properties": { "vor_id": 951, "theft_count": 100, "bike_trips": 0.0, "theft_per_1000_trips": "<NA>" }, "geometry": { "type": "MultiPolygon", "coordinates": [ [ [ [ -79.582143932844701, 43.706115480034015 ], [ -79.590965052519451, 43.701542146804222 ], [ -79.593687406983406, 43.701138323666385 ], [ -79.598588263999901, 43.70089756 ], [ -79.603489121016381, 43.701138323666385 ], [ -79.608342780100713, 43.701858295979832 ], [ -79.611015304121366, 43.70252772839779 ], [ -79.6140194, 43.707634 ], [ -79.616061, 43.7113019 ], [ -79.616852, 43.7127231 ], [ -79.6180198, 43.7146886 ], [ -79.6203851, 43.7186692 ], [ -79.621962491791322, 43.721261821620651 ], [ -79.621621164208051, 43.720952460331858 ], [ -79.617680011650862, 43.718029502384866 ], [ -79.613471336841187, 43.715506919782584 ], [ -79.60903567161813, 43.713409006374434 ], [ -79.604415733862609, 43.711755966213381 ], [ -79.599656016100695, 43.710563718979834 ], [ -79.594802357016363, 43.709843746666394 ], [ -79.589901499999883, 43.709602983000011 ], [ -79.585000642983402, 43.709843746666394 ], [ -79.582155463196941, 43.71026578921974 ], [ -79.588008966088879, 43.738784453841618 ], [ -79.579839229494993, 43.740082082311886 ], [ -79.574572283021652, 43.749099937303548 ], [ -79.578355685023624, 43.749768679764877 ], [ -79.585217108795135, 43.75652149532192 ], [ -79.58385030261249, 43.762280765272287 ], [ -79.5806472, 43.7630265 ], [ -79.5775231, 43.7636975 ], [ -79.577015, 43.7638374 ], [ -79.575664153192548, 43.764133069824886 ], [ -79.573298166024074, 43.749368535035714 ], [ -79.567886826189223, 43.747596193881769 ], [ -79.56659342338591, 43.748010122298652 ], [ -79.560804675359464, 43.767359823339952 ], [ -79.5607672, 43.7673619 ], [ -79.560574699999989, 43.7674018 ], [ -79.5603482, 43.7674499 ], [ -79.5601007, 43.7674957 ], [ -79.560058899999987, 43.7675143 ], [ -79.5592124, 43.7676742 ], [ -79.5590226, 43.767724 ], [ -79.558824699999988, 43.7677474 ], [ -79.558571799999982, 43.7677952 ], [ -79.558129099999988, 43.7678787 ], [ -79.557728399999988, 43.7679544 ], [ -79.5575199, 43.7680007 ], [ -79.5571498, 43.7680829 ], [ -79.5554234, 43.7684662 ], [ -79.55410790000002, 43.7687249 ], [ -79.553978199999989, 43.7687501 ], [ -79.553633099999985, 43.7688173 ], [ -79.5531201, 43.7689171 ], [ -79.5528867, 43.7689668 ], [ -79.5521854, 43.7691057 ], [ -79.55207169015253, 43.769130132782365 ], [ -79.550741247213296, 43.765411793862718 ], [ -79.54954899997972, 43.76065207610079 ], [ -79.548910084796091, 43.756344859799285 ], [ -79.553819644399738, 43.747818685520116 ], [ -79.558709969126738, 43.745891217 ], [ -79.556439789588154, 43.73333798507516 ], [ -79.570806185750214, 43.730395277195022 ], [ -79.572309415961215, 43.728586903922746 ], [ -79.580646281266311, 43.710489655211795 ], [ -79.581722086892967, 43.708154350360623 ], [ -79.582143932844701, 43.706115480034015 ] ] ], [ [ [ -79.597032897683306, 43.747565580640547 ], [ -79.596538415576347, 43.75753888917027 ], [ -79.590538131244642, 43.753986922884856 ], [ -79.590386452192647, 43.747370376689979 ], [ -79.588640765431578, 43.744856110630835 ], [ -79.589021999174122, 43.740002952523426 ], [ -79.625571543198888, 43.733535630739013 ], [ -79.597032897683306, 43.747565580640547 ] ] ], [ [ [ -79.638940764020035, 43.749848466899195 ], [ -79.638834501575545, 43.749424243440949 ], [ -79.6392832, 43.7498436 ], [ -79.638963910063524, 43.750004504849613 ], [ -79.638940764020035, 43.749848466899195 ] ] ] ] } },
{ "type": "Feature", "properties": { "vor_id": 952, "theft_count": 18, "bike_trips": 0.0, "theft_per_1000_trips": "<NA>" }, "geometry": { "type": "Polygon", "coordinates": [ [ [ -79.315010434126634, 43.676525718108422 ], [ -79.312666913848773, 43.675188470159142 ], [ -79.311759703830234, 43.672880977362453 ], [ -79.312922010431762, 43.668551647503392 ], [ -79.315214705116034, 43.669147827362629 ], [ -79.316580989461514, 43.671707976067175 ], [ -79.315010434126634, 43.676525718108422 ] ] ] } },
{ "type": "Feature", "properties": { "vor_id": 953, "theft_count": 7, "bike_trips": 0.0, "theft_per_1000_trips": "<NA>" }, "geometry": { "type": "Polygon", "coordinates": [ [ [ -79.341232496506137, 43.670528573713845 ], [ -79.34475861361129, 43.669016677120958 ], [ -79.344969128819216, 43.66989208350779 ], [ -79.341586338678454, 43.671226843245343 ], [ -79.341232496506137, 43.670528573713845 ] ] ] } },
{ "type": "Feature", "properties": { "vor_id": 954, "theft_count": 28, "bike_trips": 0.0, "theft_per_1000_trips": "<NA>" }, "geometry": { "type": "Polygon", "coordinates": [ [ [ -79.440557080526176, 43.728916757660024 ], [ -79.443247453373701, 43.741851173876285 ], [ -79.429950779315135, 43.737017426512423 ], [ -79.43162798332817, 43.731579617357994 ], [ -79.432825651188764, 43.730517710346469 ], [ -79.437923960584811, 43.728239322049987 ], [ -79.440557080526176, 43.728916757660024 ] ] ] } },
{ "type": "Feature", "properties": { "vor_id": 955, "theft_count": 5, "bike_trips": 0.0, "theft_per_1000_trips": "<NA>" }, "geometry": { "type": "Polygon", "coordinates": [ [ [ -79.40144548876485, 43.664812475309816 ], [ -79.401552727339151, 43.664185770538012 ], [ -79.403059584837436, 43.663577543978299 ], [ -79.403405449605245, 43.663790140328082 ], [ -79.4036186588703, 43.664783571512736 ], [ -79.401941057514591, 43.66543532510611 ], [ -79.40144548876485, 43.664812475309816 ] ] ] } },
{ "type": "Feature", "properties": { "vor_id": 956, "theft_count": 9, "bike_trips": 0.0, "theft_per_1000_trips": "<NA>" }, "geometry": { "type": "Polygon", "coordinates": [ [ [ -79.453507066909225, 43.693450781292533 ], [ -79.457452161894551, 43.689125161813671 ], [ -79.460601892005656, 43.703091183250258 ], [ -79.453620885601168, 43.696225944440492 ], [ -79.453507066909225, 43.693450781292533 ] ] ] } },
{ "type": "Feature", "properties": { "vor_id": 957, "theft_count": 14, "bike_trips": 0.0, "theft_per_1000_trips": "<NA>" }, "geometry": { "type": "Polygon", "coordinates": [ [ [ -79.442799486820746, 43.638349548798587 ], [ -79.442701480263452, 43.639422373959249 ], [ -79.441338588615523, 43.641130180198822 ], [ -79.440751358056801, 43.638196830415083 ], [ -79.440788583732868, 43.63809162375712 ], [ -79.442799486820746, 43.638349548798587 ] ] ] } },
{ "type": "Feature", "properties": { "vor_id": 958, "theft_count": 17, "bike_trips": 0.0, "theft_per_1000_trips": "<NA>" }, "geometry": { "type": "Polygon", "coordinates": [ [ [ -79.423127994251502, 43.725235579407077 ], [ -79.417696506081597, 43.730845042787124 ], [ -79.417109599353438, 43.7311702682846 ], [ -79.415780889172638, 43.727976106851479 ], [ -79.415936433253677, 43.722180810033997 ], [ -79.422292012886402, 43.719921672502238 ], [ -79.423524182941293, 43.723702223324892 ], [ -79.423127994251502, 43.725235579407077 ] ] ] } },
{ "type": "Feature", "properties": { "vor_id": 959, "theft_count": 38, "bike_trips": 0.0, "theft_per_1000_trips": "<NA>" }, "geometry": { "type": "Polygon", "coordinates": [ [ [ -79.40380019326895, 43.655672232915421 ], [ -79.40609189597744, 43.656531151245822 ], [ -79.40526242122526, 43.657541151153985 ], [ -79.404147274041989, 43.65889899664564 ], [ -79.404103863410128, 43.658874738895967 ], [ -79.40387547722537, 43.658704962109447 ], [ -79.403752476090816, 43.658661002787795 ], [ -79.403852482449636, 43.658586833017146 ], [ -79.403359658876994, 43.656055092678017 ], [ -79.40380019326895, 43.655672232915421 ] ] ] } },
{ "type": "Feature", "properties": { "vor_id": 960, "theft_count": 17, "bike_trips": 0.0, "theft_per_1000_trips": "<NA>" }, "geometry": { "type": "Polygon", "coordinates": [ [ [ -79.427188367536772, 43.637712675450288 ], [ -79.427371540548222, 43.637216266454139 ], [ -79.429217447651737, 43.636670253914616 ], [ -79.429749292031573, 43.639238052718127 ], [ -79.428998568551009, 43.639526980002294 ], [ -79.428215274306581, 43.639528009355921 ], [ -79.427493811604748, 43.639205770329177 ], [ -79.427188367536772, 43.637712675450288 ] ] ] } },
{ "type": "Feature", "properties": { "vor_id": 961, "theft_count": 12, "bike_trips": 0.0, "theft_per_1000_trips": "<NA>" }, "geometry": { "type": "Polygon", "coordinates": [ [ [ -79.356761900323392, 43.640773901901127 ], [ -79.356366779978501, 43.640977145710508 ], [ -79.329130535501079, 43.614979504213188 ], [ -79.3321994, 43.61425890000001 ], [ -79.343918400000021, 43.6113153 ], [ -79.347625799999989, 43.610384 ], [ -79.353939299999979, 43.6102291 ], [ -79.354587627502582, 43.610213197831236 ], [ -79.367383302227864, 43.630259647908161 ], [ -79.365756346023019, 43.632668933882648 ], [ -79.36333530079655, 43.635240626754921 ], [ -79.356761900323392, 43.640773901901127 ] ] ] } },
{ "type": "Feature", "properties": { "vor_id": 962, "theft_count": 12, "bike_trips": 0.0, "theft_per_1000_trips": "<NA>" }, "geometry": { "type": "Polygon", "coordinates": [ [ [ -79.468238414994701, 43.723755069294569 ], [ -79.468368487074486, 43.721118279733545 ], [ -79.469812833210526, 43.720711513663595 ], [ -79.487983942381604, 43.732671024334188 ], [ -79.487453608746861, 43.73515905898244 ], [ -79.486762654545174, 43.738400637267539 ], [ -79.48359153768223, 43.74087848829307 ], [ -79.481752711507411, 43.74100476484346 ], [ -79.476966359429071, 43.734895448234667 ], [ -79.468238414994701, 43.723755069294569 ] ] ] } },
{ "type": "Feature", "properties": { "vor_id": 963, "theft_count": 10, "bike_trips": 0.0, "theft_per_1000_trips": "<NA>" }, "geometry": { "type": "Polygon", "coordinates": [ [ [ -79.355321158652345, 43.658775886816649 ], [ -79.357876368053752, 43.65941344993999 ], [ -79.357644147194648, 43.661152967225682 ], [ -79.355016912377749, 43.66052664026423 ], [ -79.354857870603354, 43.659833687028261 ], [ -79.355321158652345, 43.658775886816649 ] ] ] } },
{ "type": "Feature", "properties": { "vor_id": 964, "theft_count": 10, "bike_trips": 0.0, "theft_per_1000_trips": "<NA>" }, "geometry": { "type": "Polygon", "coordinates": [ [ [ -79.463923776987912, 43.643701259227079 ], [ -79.456570731883687, 43.640929991940176 ], [ -79.455869274453548, 43.635114928883262 ], [ -79.45685513506838, 43.634895380363609 ], [ -79.461702510721679, 43.633815882782649 ], [ -79.463923776987912, 43.643701259227079 ] ] ] } },
{ "type": "Feature", "properties": { "vor_id": 965, "theft_count": 13, "bike_trips": 0.0, "theft_per_1000_trips": "<NA>" }, "geometry": { "type": "Polygon", "coordinates": [ [ [ -79.390318226386952, 43.645844108748364 ], [ -79.389402561580638, 43.644822173069315 ], [ -79.389490006886348, 43.644664421159526 ], [ -79.390754077691497, 43.644145358666478 ], [ -79.391008935799448, 43.64426719624155 ], [ -79.391245509865641, 43.645343107222089 ], [ -79.391212227333625, 43.64548400440264 ], [ -79.390318226386952, 43.645844108748364 ] ] ] } },
{ "type": "Feature", "properties": { "vor_id": 966, "theft_count": 16, "bike_trips": 0.0, "theft_per_1000_trips": "<NA>" }, "geometry": { "type": "Polygon", "coordinates": [ [ [ -79.416342853350841, 43.652540260672751 ], [ -79.419279789907975, 43.653057062718297 ], [ -79.418639834010122, 43.654762542178943 ], [ -79.416995159085019, 43.654446230921664 ], [ -79.416292777892679, 43.654119038956232 ], [ -79.416044505760965, 43.653742089460223 ], [ -79.416342853350841, 43.652540260672751 ] ] ] } },
{ "type": "Feature", "properties": { "vor_id": 967, "theft_count": 13, "bike_trips": 0.0, "theft_per_1000_trips": "<NA>" }, "geometry": { "type": "Polygon", "coordinates": [ [ [ -79.490395908747544, 43.76730519025255 ], [ -79.489022082030772, 43.760788277719136 ], [ -79.4925463887662, 43.759871164644139 ], [ -79.494620020823376, 43.76101028880889 ], [ -79.490395908747544, 43.76730519025255 ] ] ] } },
{ "type": "Feature", "properties": { "vor_id": 968, "theft_count": 11, "bike_trips": 0.0, "theft_per_1000_trips": "<NA>" }, "geometry": { "type": "Polygon", "coordinates": [ [ [ -79.444751221358629, 43.665938723656758 ], [ -79.445128305362473, 43.666190492505457 ], [ -79.445598632502126, 43.66825923135049 ], [ -79.444916133694946, 43.66961423263551 ], [ -79.444695289948157, 43.669680026417446 ], [ -79.442144961278245, 43.666947027855102 ], [ -79.444751221358629, 43.665938723656758 ] ] ] } },
{ "type": "Feature", "properties": { "vor_id": 969, "theft_count": 16, "bike_trips": 0.0, "theft_per_1000_trips": "<NA>" }, "geometry": { "type": "Polygon", "coordinates": [ [ [ -79.409314622153161, 43.642517405475594 ], [ -79.411098090593683, 43.643098750205489 ], [ -79.410493996936296, 43.644740690869646 ], [ -79.409977575415752, 43.645003704054858 ], [ -79.408704591578015, 43.644881732291907 ], [ -79.409314622153161, 43.642517405475594 ] ] ] } },
{ "type": "Feature", "properties": { "vor_id": 970, "theft_count": 8, "bike_trips": 0.0, "theft_per_1000_trips": "<NA>" }, "geometry": { "type": "Polygon", "coordinates": [ [ [ -79.421946875911047, 43.64628240200517 ], [ -79.422208617416572, 43.647589703052134 ], [ -79.42220779401471, 43.647592481831794 ], [ -79.420615037351681, 43.648894046729019 ], [ -79.420079749511885, 43.646347559217986 ], [ -79.420793576232157, 43.645261144230318 ], [ -79.42086833491517, 43.645246418477278 ], [ -79.421441399076699, 43.645366487650477 ], [ -79.421946875911047, 43.64628240200517 ] ] ] } },
{ "type": "Feature", "properties": { "vor_id": 971, "theft_count": 10, "bike_trips": 0.0, "theft_per_1000_trips": "<NA>" }, "geometry": { "type": "Polygon", "coordinates": [ [ [ -79.34767766617172, 43.682970510825882 ], [ -79.347898359157796, 43.682397614478731 ], [ -79.348426856173958, 43.681936101796708 ], [ -79.350309964874555, 43.681825294757815 ], [ -79.351032276060508, 43.683308061112967 ], [ -79.348618505200349, 43.684230424446454 ], [ -79.34767766617172, 43.682970510825882 ] ] ] } },
{ "type": "Feature", "properties": { "vor_id": 972, "theft_count": 5, "bike_trips": 0.0, "theft_per_1000_trips": "<NA>" }, "geometry": { "type": "Polygon", "coordinates": [ [ [ -79.383542324175409, 43.670372195976363 ], [ -79.383764580445614, 43.671354132232466 ], [ -79.3828959344048, 43.671739118908654 ], [ -79.382660928559886, 43.670718078549903 ], [ -79.383542324175409, 43.670372195976363 ] ] ] } },
{ "type": "Feature", "properties": { "vor_id": 973, "theft_count": 29, "bike_trips": 0.0, "theft_per_1000_trips": "<NA>" }, "geometry": { "type": "Polygon", "coordinates": [ [ [ -79.410343999509081, 43.664051759703128 ], [ -79.411541654649497, 43.663569171233064 ], [ -79.412313230888387, 43.664394067430401 ], [ -79.412548422119244, 43.665467383685524 ], [ -79.410780954238945, 43.666162547931364 ], [ -79.410343999509081, 43.664051759703128 ] ] ] } },
{ "type": "Feature", "properties": { "vor_id": 974, "theft_count": 29, "bike_trips": 0.0, "theft_per_1000_trips": "<NA>" }, "geometry": { "type": "Polygon", "coordinates": [ [ [ -79.390211034826748, 43.708619133828137 ], [ -79.39323291803548, 43.710129005342004 ], [ -79.393042045102305, 43.710784834527423 ], [ -79.390024402679714, 43.711909868905273 ], [ -79.389413281394525, 43.708924575697338 ], [ -79.390211034826748, 43.708619133828137 ] ] ] } },
{ "type": "Feature", "properties": { "vor_id": 975, "theft_count": 25, "bike_trips": 0.0, "theft_per_1000_trips": "<NA>" }, "geometry": { "type": "Polygon", "coordinates": [ [ [ -79.36933320413462, 43.662847003236095 ], [ -79.368618255814667, 43.663128741522435 ], [ -79.367172614689011, 43.661886691363826 ], [ -79.368134689323725, 43.660450334512959 ], [ -79.368793026544949, 43.660455336277074 ], [ -79.36933320413462, 43.662847003236095 ] ] ] } },
{ "type": "Feature", "properties": { "vor_id": 976, "theft_count": 16, "bike_trips": 0.0, "theft_per_1000_trips": "<NA>" }, "geometry": { "type": "Polygon", "coordinates": [ [ [ -79.341684416968292, 43.661664012545899 ], [ -79.342065117926651, 43.663408856060144 ], [ -79.341224447347301, 43.663502019229796 ], [ -79.34089937512141, 43.661949644489908 ], [ -79.341684416968292, 43.661664012545899 ] ] ] } },
{ "type": "Feature", "properties": { "vor_id": 977, "theft_count": 7, "bike_trips": 0.0, "theft_per_1000_trips": "<NA>" }, "geometry": { "type": "Polygon", "coordinates": [ [ [ -79.427187060191272, 43.673781645669187 ], [ -79.427393433306761, 43.676041185548335 ], [ -79.422282501179225, 43.674635596501126 ], [ -79.42311530213982, 43.673623458096856 ], [ -79.423495809638666, 43.673420873530198 ], [ -79.427187060191272, 43.673781645669187 ] ] ] } },
{ "type": "Feature", "properties": { "vor_id": 978, "theft_count": 6, "bike_trips": 0.0, "theft_per_1000_trips": "<NA>" }, "geometry": { "type": "Polygon", "coordinates": [ [ [ -79.394396844944382, 43.681614826634018 ], [ -79.393317026614227, 43.679817255281769 ], [ -79.395894830703099, 43.677031687947448 ], [ -79.398269108571668, 43.677923818978179 ], [ -79.398350814789836, 43.678085405965057 ], [ -79.395790309497144, 43.682515325796096 ], [ -79.394396844944382, 43.681614826634018 ] ] ] } },
{ "type": "Feature", "properties": { "vor_id": 979, "theft_count": 52, "bike_trips": 0.0, "theft_per_1000_trips": "<NA>" }, "geometry": { "type": "Polygon", "coordinates": [ [ [ -79.397808109313502, 43.659425593342661 ], [ -79.398357301821818, 43.659821912240254 ], [ -79.398418152028214, 43.660397374582317 ], [ -79.398226735930578, 43.660702174305136 ], [ -79.396123229369664, 43.661557604503606 ], [ -79.395496581436177, 43.659479322250391 ], [ -79.39561620935433, 43.659170146823975 ], [ -79.397808109313502, 43.659425593342661 ] ] ] } },
{ "type": "Feature", "properties": { "vor_id": 980, "theft_count": 6, "bike_trips": 0.0, "theft_per_1000_trips": "<NA>" }, "geometry": { "type": "Polygon", "coordinates": [ [ [ -79.352143917591505, 43.676387870055237 ], [ -79.352553652392643, 43.678392450012765 ], [ -79.352135323851513, 43.679793915602019 ], [ -79.351755742030335, 43.679826514191802 ], [ -79.35110139456998, 43.676414967743014 ], [ -79.352143917591505, 43.676387870055237 ] ] ] } },
{ "type": "Feature", "properties": { "vor_id": 981, "theft_count": 8, "bike_trips": 0.0, "theft_per_1000_trips": "<NA>" }, "geometry": { "type": "Polygon", "coordinates": [ [ [ -79.528342869637584, 43.673407338179373 ], [ -79.534105455792343, 43.676885747010239 ], [ -79.524295535022318, 43.688811471655072 ], [ -79.520921684801266, 43.687368054273499 ], [ -79.518792700667248, 43.683139779419321 ], [ -79.528342869637584, 43.673407338179373 ] ] ] } },
{ "type": "Feature", "properties": { "vor_id": 982, "theft_count": 49, "bike_trips": 0.0, "theft_per_1000_trips": "<NA>" }, "geometry": { "type": "Polygon", "coordinates": [ [ [ -79.445128305362473, 43.666190492505457 ], [ -79.446501699499663, 43.665648345589901 ], [ -79.448159168178535, 43.665962835307589 ], [ -79.448318761747245, 43.666734557663652 ], [ -79.447665787443754, 43.667451768537916 ], [ -79.445598632502126, 43.66825923135049 ], [ -79.445128305362473, 43.666190492505457 ] ] ] } },
{ "type": "Feature", "properties": { "vor_id": 983, "theft_count": 20, "bike_trips": 0.0, "theft_per_1000_trips": "<NA>" }, "geometry": { "type": "Polygon", "coordinates": [ [ [ -79.352492184160567, 43.661129705607621 ], [ -79.353271502436385, 43.659696198161207 ], [ -79.354857870603354, 43.659833687028261 ], [ -79.355016912377749, 43.66052664026423 ], [ -79.354554252929461, 43.661766287179972 ], [ -79.352492184160567, 43.661129705607621 ] ] ] } },
{ "type": "Feature", "properties": { "vor_id": 984, "theft_count": 7, "bike_trips": 0.0, "theft_per_1000_trips": "<NA>" }, "geometry": { "type": "Polygon", "coordinates": [ [ [ -79.349105471104991, 43.671559852545968 ], [ -79.345588440830355, 43.673026793572831 ], [ -79.345717874197717, 43.672111378672788 ], [ -79.348740044033036, 43.670762503917125 ], [ -79.34894571081378, 43.670818348077589 ], [ -79.349105471104991, 43.671559852545968 ] ] ] } },
{ "type": "Feature", "properties": { "vor_id": 985, "theft_count": 16, "bike_trips": 0.0, "theft_per_1000_trips": "<NA>" }, "geometry": { "type": "Polygon", "coordinates": [ [ [ -79.298671624878907, 43.67469227162286 ], [ -79.297041651693547, 43.674695680750972 ], [ -79.294736435458645, 43.663800444821035 ], [ -79.297734572821497, 43.667103100396005 ], [ -79.299334599571026, 43.674418446913187 ], [ -79.298671624878907, 43.67469227162286 ] ] ] } },
{ "type": "Feature", "properties": { "vor_id": 986, "theft_count": 29, "bike_trips": 0.0, "theft_per_1000_trips": "<NA>" }, "geometry": { "type": "Polygon", "coordinates": [ [ [ -79.445346581212434, 43.661792162761181 ], [ -79.444252570818193, 43.663519384006477 ], [ -79.442153007850536, 43.664377064790415 ], [ -79.441446044183593, 43.660756150879983 ], [ -79.442656573009089, 43.660570134055938 ], [ -79.444756456763741, 43.660735942031771 ], [ -79.445346581212434, 43.661792162761181 ] ] ] } },
{ "type": "Feature", "properties": { "vor_id": 987, "theft_count": 13, "bike_trips": 0.0, "theft_per_1000_trips": "<NA>" }, "geometry": { "type": "Polygon", "coordinates": [ [ [ -79.131886126805796, 43.773344548965049 ], [ -79.13314819999998, 43.7722645 ], [ -79.143087799999989, 43.7637574 ], [ -79.149658190831872, 43.758133265534141 ], [ -79.152328686117642, 43.767229088285923 ], [ -79.145624269367772, 43.781046957332741 ], [ -79.134201600830281, 43.783906970902436 ], [ -79.131886126805796, 43.773344548965049 ] ] ] } },
{ "type": "Feature", "properties": { "vor_id": 988, "theft_count": 16, "bike_trips": 0.0, "theft_per_1000_trips": "<NA>" }, "geometry": { "type": "Polygon", "coordinates": [ [ [ -79.431302348427053, 43.646542568862088 ], [ -79.433920310497456, 43.644074818292495 ], [ -79.436968346514604, 43.645656283111506 ], [ -79.437240090602629, 43.646296374534202 ], [ -79.437101642673341, 43.646494823582792 ], [ -79.432873841424509, 43.648112745887438 ], [ -79.43131556406658, 43.646614141941107 ], [ -79.431295305012284, 43.646590815240891 ], [ -79.431302348427053, 43.646542568862088 ] ] ] } },
{ "type": "Feature", "properties": { "vor_id": 989, "theft_count": 25, "bike_trips": 0.0, "theft_per_1000_trips": "<NA>" }, "geometry": { "type": "Polygon", "coordinates": [ [ [ -79.480502855959188, 43.670014831158873 ], [ -79.479847635661784, 43.668966421799546 ], [ -79.47976020370271, 43.668008951865303 ], [ -79.484212491618067, 43.662607572262338 ], [ -79.484184191196789, 43.66736773103321 ], [ -79.480502855959188, 43.670014831158873 ] ] ] } },
{ "type": "Feature", "properties": { "vor_id": 990, "theft_count": 15, "bike_trips": 0.0, "theft_per_1000_trips": "<NA>" }, "geometry": { "type": "Polygon", "coordinates": [ [ [ -79.353915589207077, 43.67566148212039 ], [ -79.354619245933847, 43.675991332422889 ], [ -79.352553652392643, 43.678392450012765 ], [ -79.352143917591505, 43.676387870055237 ], [ -79.353915589207077, 43.67566148212039 ] ] ] } },
{ "type": "Feature", "properties": { "vor_id": 991, "theft_count": 25, "bike_trips": 0.0, "theft_per_1000_trips": "<NA>" }, "geometry": { "type": "Polygon", "coordinates": [ [ [ -79.418525320204807, 43.776195748067195 ], [ -79.416974582869585, 43.776934914660345 ], [ -79.413461861495506, 43.776690370592782 ], [ -79.414472739564829, 43.772926340099296 ], [ -79.419279438478881, 43.770163253375785 ], [ -79.42096621110278, 43.772882943228922 ], [ -79.418525320204807, 43.776195748067195 ] ] ] } },
{ "type": "Feature", "properties": { "vor_id": 992, "theft_count": 7, "bike_trips": 0.0, "theft_per_1000_trips": "<NA>" }, "geometry": { "type": "Polygon", "coordinates": [ [ [ -79.376660726185534, 43.781918632719936 ], [ -79.379019176742048, 43.783219868707249 ], [ -79.367809880480863, 43.798611760014673 ], [ -79.363152099734009, 43.798042516035515 ], [ -79.36250596445511, 43.7971724965428 ], [ -79.364820422436267, 43.783720143974492 ], [ -79.372080460244575, 43.780796428002489 ], [ -79.376660726185534, 43.781918632719936 ] ] ] } },
{ "type": "Feature", "properties": { "vor_id": 993, "theft_count": 8, "bike_trips": 0.0, "theft_per_1000_trips": "<NA>" }, "geometry": { "type": "Polygon", "coordinates": [ [ [ -79.416064372285618, 43.667909118660042 ], [ -79.416069794124525, 43.66821729037779 ], [ -79.41447126681372, 43.670763215605682 ], [ -79.413844633930296, 43.670718411290167 ], [ -79.413414299287766, 43.668778814606419 ], [ -79.415902701010054, 43.667805316775485 ], [ -79.416064372285618, 43.667909118660042 ] ] ] } },
{ "type": "Feature", "properties": { "vor_id": 994, "theft_count": 16, "bike_trips": 0.0, "theft_per_1000_trips": "<NA>" }, "geometry": { "type": "Polygon", "coordinates": [ [ [ -79.431194647307223, 43.675890981738057 ], [ -79.428744210065787, 43.673307652761281 ], [ -79.428875224576188, 43.673025077326805 ], [ -79.431713939644339, 43.671863934118456 ], [ -79.433363477937533, 43.674055469560955 ], [ -79.431194647307223, 43.675890981738057 ] ] ] } },
{ "type": "Feature", "properties": { "vor_id": 995, "theft_count": 6, "bike_trips": 0.0, "theft_per_1000_trips": "<NA>" }, "geometry": { "type": "Polygon", "coordinates": [ [ [ -79.412331664530868, 43.66200432406086 ], [ -79.414407086773892, 43.663116180606224 ], [ -79.414069385313283, 43.663700064591424 ], [ -79.412313230888387, 43.664394067430401 ], [ -79.411541654649497, 43.663569171233064 ], [ -79.411765300137219, 43.662593854305591 ], [ -79.412331664530868, 43.66200432406086 ] ] ] } },
{ "type": "Feature", "properties": { "vor_id": 996, "theft_count": 16, "bike_trips": 0.0, "theft_per_1000_trips": "<NA>" }, "geometry": { "type": "Polygon", "coordinates": [ [ [ -79.395656308079282, 43.654680746818627 ], [ -79.395552122182295, 43.654546034630009 ], [ -79.395247225756236, 43.653069965716128 ], [ -79.396242329996369, 43.652664870444866 ], [ -79.396988210797119, 43.652912948701136 ], [ -79.397221347339169, 43.654030447161517 ], [ -79.395656308079282, 43.654680746818627 ] ] ] } },
{ "type": "Feature", "properties": { "vor_id": 997, "theft_count": 4, "bike_trips": 0.0, "theft_per_1000_trips": "<NA>" }, "geometry": { "type": "Polygon", "coordinates": [ [ [ -79.178366911527732, 43.767036180468814 ], [ -79.178164990607186, 43.76736599622302 ], [ -79.177954065786508, 43.766523937137265 ], [ -79.177923360175001, 43.766438120702034 ], [ -79.176301025625463, 43.761903999381737 ], [ -79.174385616862935, 43.75785420781127 ], [ -79.174623283474602, 43.751375264756511 ], [ -79.176009525436399, 43.750752578722341 ], [ -79.179821248085744, 43.764660680656839 ], [ -79.178366911527732, 43.767036180468814 ] ] ] } },
{ "type": "Feature", "properties": { "vor_id": 998, "theft_count": 15, "bike_trips": 0.0, "theft_per_1000_trips": "<NA>" }, "geometry": { "type": "Polygon", "coordinates": [ [ [ -79.403711044048791, 43.643080507018254 ], [ -79.403527410453634, 43.64242483715617 ], [ -79.406528637563085, 43.641168896013845 ], [ -79.406375737374759, 43.642196066348653 ], [ -79.403814008765536, 43.643240215662338 ], [ -79.403711044048791, 43.643080507018254 ] ] ] } },
{ "type": "Feature", "properties": { "vor_id": 999, "theft_count": 34, "bike_trips": 0.0, "theft_per_1000_trips": "<NA>" }, "geometry": { "type": "Polygon", "coordinates": [ [ [ -79.400565117112961, 43.644990746349251 ], [ -79.4017904120156, 43.64518368788378 ], [ -79.402026134680455, 43.645859028533486 ], [ -79.400257747851995, 43.64659626161577 ], [ -79.39998456561716, 43.645227845574667 ], [ -79.400565117112961, 43.644990746349251 ] ] ] } },
{ "type": "Feature", "properties": { "vor_id": 1000, "theft_count": 0, "bike_trips": 0.0, "theft_per_1000_trips": "<NA>" }, "geometry": { "type": "Polygon", "coordinates": [ [ [ -79.398506568580061, 43.662895649327972 ], [ -79.396890661436345, 43.663554199546631 ], [ -79.396407421346083, 43.663198098202628 ], [ -79.397567084841299, 43.6626496182175 ], [ -79.398509711190854, 43.6620846297265 ], [ -79.398600189830304, 43.662526656656716 ], [ -79.398506568580061, 43.662895649327972 ] ] ] } },
{ "type": "Feature", "properties": { "vor_id": 1001, "theft_count": 12, "bike_trips": 0.0, "theft_per_1000_trips": "<NA>" }, "geometry": { "type": "Polygon", "coordinates": [ [ [ -79.409327527096991, 43.705898733356605 ], [ -79.403588476635349, 43.701758969323997 ], [ -79.403571958488158, 43.701693362892378 ], [ -79.411176432088837, 43.698387221527312 ], [ -79.411431351993286, 43.69914255148074 ], [ -79.409327527096991, 43.705898733356605 ] ] ] } },
{ "type": "Feature", "properties": { "vor_id": 1002, "theft_count": 44, "bike_trips": 0.0, "theft_per_1000_trips": "<NA>" }, "geometry": { "type": "Polygon", "coordinates": [ [ [ -79.602740264473937, 43.65187524288622 ], [ -79.5888158, 43.6646011 ], [ -79.59124629999998, 43.6685053 ], [ -79.5921675, 43.6701045 ], [ -79.593342510757495, 43.672131450636357 ], [ -79.560594755441059, 43.658231921543177 ], [ -79.560304403798824, 43.65798697118128 ], [ -79.5676237523612, 43.647335388745525 ], [ -79.571828754286528, 43.643306886672406 ], [ -79.573780074266381, 43.642037377790821 ], [ -79.580768389505138, 43.642624182518418 ], [ -79.602740264473937, 43.65187524288622 ] ] ] } },
{ "type": "Feature", "properties": { "vor_id": 1003, "theft_count": 7, "bike_trips": 0.0, "theft_per_1000_trips": "<NA>" }, "geometry": { "type": "Polygon", "coordinates": [ [ [ -79.493633872996355, 43.626375250395164 ], [ -79.491264991875397, 43.6319371247967 ], [ -79.487763887339042, 43.630846548461982 ], [ -79.488022323437889, 43.62923857421513 ], [ -79.491076605223483, 43.624524786716755 ], [ -79.49218204145474, 43.624948256677627 ], [ -79.49274620394057, 43.625570714059421 ], [ -79.493633872996355, 43.626375250395164 ] ] ] } },
{ "type": "Feature", "properties": { "vor_id": 1004, "theft_count": 22, "bike_trips": 0.0, "theft_per_1000_trips": "<NA>" }, "geometry": { "type": "Polygon", "coordinates": [ [ [ -79.276298105335371, 43.77059588795818 ], [ -79.275556849090506, 43.765268265576204 ], [ -79.276461496341668, 43.764935607197337 ], [ -79.290444317251541, 43.774293478130176 ], [ -79.289113372844952, 43.776015354726979 ], [ -79.287974447554333, 43.77651989088352 ], [ -79.276298105335371, 43.77059588795818 ] ] ] } },
{ "type": "Feature", "properties": { "vor_id": 1005, "theft_count": 5, "bike_trips": 0.0, "theft_per_1000_trips": "<NA>" }, "geometry": { "type": "Polygon", "coordinates": [ [ [ -79.423258306283529, 43.698925470829799 ], [ -79.419658744870574, 43.696069193494203 ], [ -79.424495652632515, 43.69409345960625 ], [ -79.42460662421999, 43.694239272432952 ], [ -79.425281495463878, 43.696522568487403 ], [ -79.423258306283529, 43.698925470829799 ] ] ] } },
{ "type": "Feature", "properties": { "vor_id": 1006, "theft_count": 26, "bike_trips": 0.0, "theft_per_1000_trips": "<NA>" }, "geometry": { "type": "Polygon", "coordinates": [ [ [ -79.350987739454482, 43.663873784117222 ], [ -79.353174429391899, 43.667685880602939 ], [ -79.350606385597516, 43.668512352260578 ], [ -79.347971053799355, 43.66716370704939 ], [ -79.34825935279558, 43.664887920798641 ], [ -79.350904426109153, 43.663799896895881 ], [ -79.350987739454482, 43.663873784117222 ] ] ] } },
{ "type": "Feature", "properties": { "vor_id": 1007, "theft_count": 45, "bike_trips": 0.0, "theft_per_1000_trips": "<NA>" }, "geometry": { "type": "Polygon", "coordinates": [ [ [ -79.407126179345283, 43.639874496602928 ], [ -79.407590827227381, 43.639661112071849 ], [ -79.408155990684264, 43.6401445274021 ], [ -79.409040199749043, 43.642174531364674 ], [ -79.406728148770142, 43.644394003700349 ], [ -79.406399648085895, 43.642749008942509 ], [ -79.406375737374759, 43.642196066348653 ], [ -79.406528637563085, 43.641168896013845 ], [ -79.407126179345283, 43.639874496602928 ] ] ] } },
{ "type": "Feature", "properties": { "vor_id": 1008, "theft_count": 0, "bike_trips": 0.0, "theft_per_1000_trips": "<NA>" }, "geometry": { "type": "Polygon", "coordinates": [ [ [ -79.411596292664598, 43.65143334640841 ], [ -79.412000975842631, 43.653421847512611 ], [ -79.41073980162237, 43.653557328468501 ], [ -79.410543776182692, 43.652594619392822 ], [ -79.411596292664598, 43.65143334640841 ] ] ] } },
{ "type": "Feature", "properties": { "vor_id": 1009, "theft_count": 23, "bike_trips": 0.0, "theft_per_1000_trips": "<NA>" }, "geometry": { "type": "Polygon", "coordinates": [ [ [ -79.358431977626424, 43.656467112585311 ], [ -79.356828379376324, 43.656638253240644 ], [ -79.356411243552017, 43.655184017516568 ], [ -79.356885861906846, 43.654861432902287 ], [ -79.357395189468178, 43.654744797617383 ], [ -79.358431977626424, 43.656467112585311 ] ] ] } },
{ "type": "Feature", "properties": { "vor_id": 1010, "theft_count": 23, "bike_trips": 0.0, "theft_per_1000_trips": "<NA>" }, "geometry": { "type": "Polygon", "coordinates": [ [ [ -79.392069519775518, 43.668092941815708 ], [ -79.392772339237268, 43.668933407483856 ], [ -79.391980642920188, 43.670121383467013 ], [ -79.390970140271591, 43.670282817573138 ], [ -79.390625003437222, 43.668674994816286 ], [ -79.392069519775518, 43.668092941815708 ] ] ] } },
{ "type": "Feature", "properties": { "vor_id": 1011, "theft_count": 17, "bike_trips": 0.0, "theft_per_1000_trips": "<NA>" }, "geometry": { "type": "Polygon", "coordinates": [ [ [ -79.4376671325155, 43.637441943379514 ], [ -79.434896436966, 43.63248772198601 ], [ -79.435312073194112, 43.629956497474566 ], [ -79.439786166545531, 43.631329609775868 ], [ -79.44096985980417, 43.631692888689983 ], [ -79.439715917774478, 43.637196593289346 ], [ -79.43819537379936, 43.637759163366745 ], [ -79.4376671325155, 43.637441943379514 ] ] ] } },
{ "type": "Feature", "properties": { "vor_id": 1012, "theft_count": 21, "bike_trips": 0.0, "theft_per_1000_trips": "<NA>" }, "geometry": { "type": "Polygon", "coordinates": [ [ [ -79.37614618517037, 43.651066599128477 ], [ -79.37609709551576, 43.651067499638593 ], [ -79.373950108324635, 43.650462402244173 ], [ -79.375311800351938, 43.649190218609554 ], [ -79.376605616876589, 43.650196777459712 ], [ -79.376288915189676, 43.650975470841622 ], [ -79.37614618517037, 43.651066599128477 ] ] ] } },
{ "type": "Feature", "properties": { "vor_id": 1013, "theft_count": 11, "bike_trips": 0.0, "theft_per_1000_trips": "<NA>" }, "geometry": { "type": "Polygon", "coordinates": [ [ [ -79.48212201220467, 43.701734863204848 ], [ -79.479857158836936, 43.702638864673887 ], [ -79.470920640859603, 43.70013191412216 ], [ -79.471125761819181, 43.691874856420135 ], [ -79.473059093140279, 43.688444621246191 ], [ -79.478746159919723, 43.684297311282407 ], [ -79.484868057874081, 43.692177818026174 ], [ -79.48212201220467, 43.701734863204848 ] ] ] } },
{ "type": "Feature", "properties": { "vor_id": 1014, "theft_count": 14, "bike_trips": 0.0, "theft_per_1000_trips": "<NA>" }, "geometry": { "type": "Polygon", "coordinates": [ [ [ -79.404147274041989, 43.65889899664564 ], [ -79.404213779884657, 43.659108760566731 ], [ -79.403528298836349, 43.660041881496632 ], [ -79.402116520326899, 43.660634500738162 ], [ -79.401616987105683, 43.660222200216573 ], [ -79.40177575965096, 43.660127035615226 ], [ -79.402717485685116, 43.659428603987557 ], [ -79.404103863410128, 43.658874738895967 ], [ -79.404147274041989, 43.65889899664564 ] ] ] } },
{ "type": "Feature", "properties": { "vor_id": 1015, "theft_count": 14, "bike_trips": 0.0, "theft_per_1000_trips": "<NA>" }, "geometry": { "type": "Polygon", "coordinates": [ [ [ -79.438150638237801, 43.66697950936188 ], [ -79.439403517250312, 43.665731786162276 ], [ -79.440621217135771, 43.66604792681634 ], [ -79.440998634071505, 43.666586832064489 ], [ -79.440335267957366, 43.670782645326938 ], [ -79.439067116118878, 43.670910849763615 ], [ -79.43868553738119, 43.670350298179045 ], [ -79.438150638237801, 43.66697950936188 ] ] ] } },
{ "type": "Feature", "properties": { "vor_id": 1016, "theft_count": 0, "bike_trips": 0.0, "theft_per_1000_trips": "<NA>" }, "geometry": { "type": "Polygon", "coordinates": [ [ [ -79.216902582791931, 43.786030531104466 ], [ -79.21354776915868, 43.787617239782669 ], [ -79.209339094349019, 43.790139822384958 ], [ -79.205397941791816, 43.793062780331958 ], [ -79.205008574532471, 43.793415682245161 ], [ -79.205503694117894, 43.790986820759279 ], [ -79.210084106211696, 43.784745357707678 ], [ -79.216789646969787, 43.784847960980422 ], [ -79.216902582791931, 43.786030531104466 ] ] ] } },
{ "type": "Feature", "properties": { "vor_id": 1017, "theft_count": 18, "bike_trips": 0.0, "theft_per_1000_trips": "<NA>" }, "geometry": { "type": "Polygon", "coordinates": [ [ [ -79.302244088302302, 43.670854882535615 ], [ -79.297734572821497, 43.667103100396005 ], [ -79.294736435458645, 43.663800444821035 ], [ -79.293431618748357, 43.661369174304355 ], [ -79.295555392272803, 43.660180096947535 ], [ -79.298087624243081, 43.658762328214955 ], [ -79.300408270994666, 43.662696260125948 ], [ -79.303032287742411, 43.670252781826477 ], [ -79.302244088302302, 43.670854882535615 ] ] ] } },
{ "type": "Feature", "properties": { "vor_id": 1018, "theft_count": 28, "bike_trips": 0.0, "theft_per_1000_trips": "<NA>" }, "geometry": { "type": "Polygon", "coordinates": [ [ [ -79.385841498108377, 43.671223911990396 ], [ -79.387182437665842, 43.670672422832617 ], [ -79.387834765324214, 43.67078937501114 ], [ -79.388416663177068, 43.671159660531195 ], [ -79.386028385631221, 43.672133562752812 ], [ -79.385841498108377, 43.671223911990396 ] ] ] } },
{ "type": "Feature", "properties": { "vor_id": 1019, "theft_count": 9, "bike_trips": 0.0, "theft_per_1000_trips": "<NA>" }, "geometry": { "type": "Polygon", "coordinates": [ [ [ -79.387504358326424, 43.764293401074177 ], [ -79.388040708806514, 43.765501725176321 ], [ -79.385984519301658, 43.768661063650569 ], [ -79.385131297391936, 43.768439505811969 ], [ -79.383228945753828, 43.766473273951519 ], [ -79.387504358326424, 43.764293401074177 ] ] ] } },
{ "type": "Feature", "properties": { "vor_id": 1020, "theft_count": 16, "bike_trips": 0.0, "theft_per_1000_trips": "<NA>" }, "geometry": { "type": "Polygon", "coordinates": [ [ [ -79.448603385260526, 43.697977105642543 ], [ -79.448750169538613, 43.697853555380206 ], [ -79.453620885601168, 43.696225944440492 ], [ -79.460601892005656, 43.703091183250258 ], [ -79.462135217086839, 43.705027594111627 ], [ -79.455231972529234, 43.706579372198036 ], [ -79.448554457896776, 43.701710770199938 ], [ -79.448603385260526, 43.697977105642543 ] ] ] } },
{ "type": "Feature", "properties": { "vor_id": 1021, "theft_count": 9, "bike_trips": 0.0, "theft_per_1000_trips": "<NA>" }, "geometry": { "type": "Polygon", "coordinates": [ [ [ -79.433298440003057, 43.69484536361491 ], [ -79.431969105116735, 43.694045829860293 ], [ -79.431737598790122, 43.693275281123547 ], [ -79.437720299502189, 43.687451033561153 ], [ -79.438292048212404, 43.689243538351825 ], [ -79.436656175909746, 43.693495654663195 ], [ -79.433298440003057, 43.69484536361491 ] ] ] } },
{ "type": "Feature", "properties": { "vor_id": 1022, "theft_count": 12, "bike_trips": 0.0, "theft_per_1000_trips": "<NA>" }, "geometry": { "type": "Polygon", "coordinates": [ [ [ -79.289620807678602, 43.71921127792784 ], [ -79.289455692509605, 43.719102181538481 ], [ -79.289388802990601, 43.718727478177442 ], [ -79.294804751685803, 43.71078385469589 ], [ -79.299352150438239, 43.709736233879063 ], [ -79.302167650710331, 43.716712026255315 ], [ -79.300716012847232, 43.718465016085133 ], [ -79.294410826798369, 43.720764025509887 ], [ -79.289620807678602, 43.71921127792784 ] ] ] } },
{ "type": "Feature", "properties": { "vor_id": 1023, "theft_count": 13, "bike_trips": 0.0, "theft_per_1000_trips": "<NA>" }, "geometry": { "type": "Polygon", "coordinates": [ [ [ -79.4303383147396, 43.663533791524735 ], [ -79.430515164371343, 43.663332510788088 ], [ -79.433128389396643, 43.662231594802684 ], [ -79.433309051766116, 43.662341950534405 ], [ -79.43288963348293, 43.666375367451614 ], [ -79.430815903142985, 43.6656396490757 ], [ -79.4303383147396, 43.663533791524735 ] ] ] } },
{ "type": "Feature", "properties": { "vor_id": 1024, "theft_count": 14, "bike_trips": 0.0, "theft_per_1000_trips": "<NA>" }, "geometry": { "type": "Polygon", "coordinates": [ [ [ -79.234306542821471, 43.776053168245397 ], [ -79.239743894140076, 43.766288404343712 ], [ -79.246992186840686, 43.7610478805274 ], [ -79.255818010629952, 43.770515511538804 ], [ -79.24963394128757, 43.777172654507638 ], [ -79.238338913112003, 43.778928116054757 ], [ -79.234306542821471, 43.776053168245397 ] ] ] } },
{ "type": "Feature", "properties": { "vor_id": 1025, "theft_count": 4, "bike_trips": 0.0, "theft_per_1000_trips": "<NA>" }, "geometry": { "type": "Polygon", "coordinates": [ [ [ -79.418813789893662, 43.644484596110814 ], [ -79.419482472193508, 43.644962981380921 ], [ -79.418743487756586, 43.646849679791181 ], [ -79.417913163363622, 43.64766050820139 ], [ -79.417520447900714, 43.646887629292159 ], [ -79.418813789893662, 43.644484596110814 ] ] ] } },
{ "type": "Feature", "properties": { "vor_id": 1026, "theft_count": 8, "bike_trips": 0.0, "theft_per_1000_trips": "<NA>" }, "geometry": { "type": "Polygon", "coordinates": [ [ [ -79.424902536234001, 43.64654878593695 ], [ -79.425299179836742, 43.645099016511637 ], [ -79.425714576419139, 43.644935157312617 ], [ -79.426769672135748, 43.645423139745503 ], [ -79.427360110758215, 43.646375732596745 ], [ -79.426527478013455, 43.647839789219802 ], [ -79.42542532489874, 43.648027303645975 ], [ -79.424902536234001, 43.64654878593695 ] ] ] } },
{ "type": "Feature", "properties": { "vor_id": 1027, "theft_count": 313, "bike_trips": 1321.0, "theft_per_1000_trips": "236.94171082513247" }, "geometry": { "type": "MultiPolygon", "coordinates": [ [ [ [ -79.5406949, 43.57960820000001 ], [ -79.543582500000014, 43.5805217 ], [ -79.5437978, 43.5807511 ], [ -79.5443211, 43.5813074 ], [ -79.5448114, 43.58183 ], [ -79.544852799999987, 43.581969 ], [ -79.544713, 43.5835621 ], [ -79.544562699999986, 43.5847282 ], [ -79.5445377, 43.5850852 ], [ -79.5457497, 43.585802299999983 ], [ -79.5473997, 43.586748799999988 ], [ -79.547902199999982, 43.5869005 ], [ -79.5480821, 43.5869562 ], [ -79.5482222, 43.5869706 ], [ -79.5478817, 43.5873289 ], [ -79.5476348, 43.5875993 ], [ -79.5474901, 43.5877523 ], [ -79.5473764, 43.5878753 ], [ -79.5472556, 43.5879978 ], [ -79.5466512, 43.5886872 ], [ -79.5463559, 43.588960899999989 ], [ -79.546506, 43.5890624 ], [ -79.5466188, 43.589228 ], [ -79.5467971, 43.5893368 ], [ -79.546948299999983, 43.5894122 ], [ -79.5471767, 43.589532 ], [ -79.547434199999984, 43.5896059 ], [ -79.5478465, 43.5898319 ], [ -79.548318599999988, 43.590037 ], [ -79.548467499999987, 43.5901289 ], [ -79.5486532, 43.590211 ], [ -79.5490825, 43.590323 ], [ -79.549172199999987, 43.5903567 ], [ -79.549242, 43.5903946 ], [ -79.549304799999987, 43.5904547 ], [ -79.549368, 43.5905549 ], [ -79.54942579999998, 43.590696 ], [ -79.549442, 43.590943299999985 ], [ -79.5494753, 43.5912125 ], [ -79.549485616081896, 43.59137294911141 ], [ -79.549495, 43.5915189 ], [ -79.549511699999982, 43.5919828 ], [ -79.549415899999985, 43.592408399999989 ], [ -79.5490757, 43.5928793 ], [ -79.5488718, 43.5931687 ], [ -79.548870828024135, 43.593171784566927 ], [ -79.5488084, 43.5933699 ], [ -79.548791399999985, 43.5936563 ], [ -79.5486193, 43.594140099999983 ], [ -79.548578099999986, 43.5944333 ], [ -79.548601599999984, 43.5947749 ], [ -79.5486988, 43.5949326 ], [ -79.548847, 43.5950983 ], [ -79.5490567, 43.5952339 ], [ -79.5491293, 43.5952744 ], [ -79.5492366, 43.5953026 ], [ -79.5493977, 43.5953255 ], [ -79.549597399999982, 43.5953298 ], [ -79.550291093238016, 43.595343217413827 ], [ -79.548185338003776, 43.59725176270905 ], [ -79.547353159940656, 43.598006004940672 ], [ -79.544057976331842, 43.601641679791825 ], [ -79.541288894933587, 43.605375353841126 ], [ -79.541135018384864, 43.605582832349022 ], [ -79.538612435782568, 43.609791507158697 ], [ -79.536846533983422, 43.613525192813874 ], [ -79.534487446706521, 43.61707432845192 ], [ -79.535066250842476, 43.618274820157239 ], [ -79.534861482213387, 43.618847110137267 ], [ -79.533669234979826, 43.623606827899195 ], [ -79.533559876338302, 43.624344063976068 ], [ -79.532949262666378, 43.628460486983521 ], [ -79.532708499, 43.633361344 ], [ -79.532936457234285, 43.638001540458077 ], [ -79.531917427325936, 43.637850381650296 ], [ -79.532058590200407, 43.638802024450008 ], [ -79.530407228137165, 43.638388379786612 ], [ -79.529049201359697, 43.637902470035925 ], [ -79.526227125963032, 43.636892715313031 ], [ -79.525787290381658, 43.636735339625574 ], [ -79.524082208755004, 43.635928896076145 ], [ -79.521351625158601, 43.634637426217417 ], [ -79.517718787322409, 43.632459987014606 ], [ -79.517786147349014, 43.632509944615123 ], [ -79.521994822158675, 43.635032527217419 ], [ -79.523292939727639, 43.635646491102499 ], [ -79.520765709381749, 43.634742233625651 ], [ -79.516330044158678, 43.632644320217494 ], [ -79.516216324320922, 43.632576159169858 ], [ -79.517394049550191, 43.632265346684434 ], [ -79.517142950348912, 43.632114843615135 ], [ -79.513201797791723, 43.629191885668142 ], [ -79.509566122940569, 43.625896702059336 ], [ -79.5067182497977, 43.622754558253732 ], [ -79.506270939331756, 43.622261027208189 ], [ -79.503347981384778, 43.618319874650986 ], [ -79.501448088697302, 43.615150095200498 ], [ -79.500200966278555, 43.614772800804275 ], [ -79.497964444201557, 43.615722881242377 ], [ -79.497091776862746, 43.614266923747572 ], [ -79.495803817782573, 43.612118093841381 ], [ -79.49530326422223, 43.611059762257611 ], [ -79.49484085462818, 43.610082079314545 ], [ -79.495348102221726, 43.609963387263726 ], [ -79.496322326609885, 43.609009155334491 ], [ -79.495671227988367, 43.606092148167484 ], [ -79.491991040468776, 43.602815676639096 ], [ -79.491425247406241, 43.600556904118285 ], [ -79.495364178659983, 43.596803676511612 ], [ -79.495882197979739, 43.600295879100813 ], [ -79.4970744452133, 43.605055596862734 ], [ -79.497141427413695, 43.605242799571933 ], [ -79.497599307184814, 43.604978277947268 ], [ -79.497827328962558, 43.604846547534812 ], [ -79.500311404712022, 43.603802989571179 ], [ -79.503054721767668, 43.605024287359136 ], [ -79.505330823169231, 43.60969327982977 ], [ -79.499172511084922, 43.609516783967187 ], [ -79.499370682374433, 43.610070635618257 ], [ -79.501468595782569, 43.614506300841292 ], [ -79.501944482742019, 43.615300270266381 ], [ -79.507794738891803, 43.61707015975648 ], [ -79.507625576885161, 43.611371538444807 ], [ -79.511089643200819, 43.607633777687354 ], [ -79.512782050668207, 43.606523543569118 ], [ -79.512311998449263, 43.598068732844837 ], [ -79.514763845777964, 43.594390410884202 ], [ -79.514952473434221, 43.589574692007353 ], [ -79.523862335339203, 43.59540394163475 ], [ -79.525371036934089, 43.59565256810842 ], [ -79.526514264787963, 43.592589168006342 ], [ -79.522762940027988, 43.586069230879311 ], [ -79.5277013, 43.5869834 ], [ -79.533020106489786, 43.585397591319285 ], [ -79.532647382961315, 43.586727459477395 ], [ -79.533998580920041, 43.592595249984583 ], [ -79.532183395123539, 43.593415232545766 ], [ -79.530539601469627, 43.592886076985423 ], [ -79.530191397102584, 43.600963235759274 ], [ -79.531846730294646, 43.60027092970769 ], [ -79.538643762977259, 43.598724973246682 ], [ -79.536784204615003, 43.594193185928333 ], [ -79.533291287012332, 43.595010268309089 ], [ -79.533097696323082, 43.594174714585947 ], [ -79.53485018320201, 43.593376424066939 ], [ -79.53673025124229, 43.593959030314466 ], [ -79.537506243503415, 43.590599118025217 ], [ -79.533810819720557, 43.585161839199387 ], [ -79.541716, 43.5828049 ], [ -79.5406949, 43.57960820000001 ] ], [ [ -79.54574534694477, 43.592165337537551 ], [ -79.544699426475134, 43.591623911953349 ], [ -79.543956342603352, 43.591527428891403 ], [ -79.543422473192692, 43.593879010331392 ], [ -79.54574534694477, 43.592165337537551 ] ] ], [ [ [ -79.575504899999984, 43.6255359 ], [ -79.576937799999982, 43.6263376 ], [ -79.579271790060417, 43.626807590932941 ], [ -79.576641126208088, 43.629191885668142 ], [ -79.576549065150047, 43.629260162802112 ], [ -79.573581928853599, 43.626030553362575 ], [ -79.573815300000021, 43.6259723 ], [ -79.574065099999984, 43.6258616 ], [ -79.5743553, 43.6256369 ], [ -79.574668, 43.6255147 ], [ -79.5751135, 43.6254756 ], [ -79.575504899999984, 43.6255359 ] ] ], [ [ [ -79.563658299999986, 43.6270405 ], [ -79.5638166, 43.6274287 ], [ -79.56389919999998, 43.6278415 ], [ -79.564137, 43.6280194 ], [ -79.564417899999981, 43.6281312 ], [ -79.5651388, 43.6282227 ], [ -79.565775499999987, 43.628257599999984 ], [ -79.5664066, 43.6282704 ], [ -79.5669164, 43.6282337 ], [ -79.567216499999986, 43.6281586 ], [ -79.5674129, 43.6280452 ], [ -79.567560799999981, 43.6278225 ], [ -79.567882, 43.6272253 ], [ -79.568148899999983, 43.6269881 ], [ -79.568381400000021, 43.6268198 ], [ -79.568515600000012, 43.6267927 ], [ -79.5686544, 43.6267927 ], [ -79.5691522, 43.6268695 ], [ -79.569220020038529, 43.626884495034261 ], [ -79.569735172278257, 43.628596325881084 ], [ -79.567678392650961, 43.630121737615205 ], [ -79.563469717841301, 43.632644320217494 ], [ -79.5607542953245, 43.633928619419621 ], [ -79.559912157038497, 43.633215465130377 ], [ -79.560225609258424, 43.634178669306372 ], [ -79.55903405261823, 43.634742233625651 ], [ -79.554414114862709, 43.636395273786704 ], [ -79.554273446684476, 43.63643050933107 ], [ -79.55497566022585, 43.632330928772532 ], [ -79.555880054650871, 43.631788855615234 ], [ -79.558174070095475, 43.63008749780758 ], [ -79.559821207208074, 43.628865897668234 ], [ -79.563456882059214, 43.625570714059421 ], [ -79.563598900848916, 43.625414020471638 ], [ -79.5636038, 43.6255577 ], [ -79.5634671, 43.6259023 ], [ -79.5634661, 43.626421299999983 ], [ -79.5635318, 43.6267219 ], [ -79.5635563, 43.6267901 ], [ -79.563658299999986, 43.6270405 ] ] ], [ [ [ -79.501665798299584, 43.59513129515021 ], [ -79.504503786140106, 43.597222355106929 ], [ -79.505526910510198, 43.601851283131182 ], [ -79.503556152823421, 43.603747844207554 ], [ -79.501665798299584, 43.59513129515021 ] ] ], [ [ [ -79.507208708825573, 43.601260544758212 ], [ -79.506467597205258, 43.597882578039979 ], [ -79.510813817111128, 43.598292091900134 ], [ -79.508363400600075, 43.60078183181588 ], [ -79.509266818147466, 43.604900868593283 ], [ -79.506781044034526, 43.601911614592517 ], [ -79.507208708825573, 43.601260544758212 ] ] ], [ [ [ -79.505932739333375, 43.624606363016909 ], [ -79.506044936320592, 43.625263474258077 ], [ -79.505053619843324, 43.624364997375302 ], [ -79.505932739333375, 43.624606363016909 ] ] ] ] } },
{ "type": "Feature", "properties": { "vor_id": 1028, "theft_count": 8, "bike_trips": 0.0, "theft_per_1000_trips": "<NA>" }, "geometry": { "type": "Polygon", "coordinates": [ [ [ -79.395218136019693, 43.767000927162385 ], [ -79.395603854542117, 43.758985139251919 ], [ -79.395745408262897, 43.758622581688499 ], [ -79.402845370569437, 43.761611025584301 ], [ -79.403192684102876, 43.762605035801982 ], [ -79.40169274197055, 43.770052791234534 ], [ -79.400654439279549, 43.770249896646924 ], [ -79.395218136019693, 43.767000927162385 ] ] ] } },
{ "type": "Feature", "properties": { "vor_id": 1029, "theft_count": 11, "bike_trips": 0.0, "theft_per_1000_trips": "<NA>" }, "geometry": { "type": "Polygon", "coordinates": [ [ [ -79.495689440649386, 43.710476974029916 ], [ -79.494315448111777, 43.706375134647459 ], [ -79.505693101457908, 43.703208057175651 ], [ -79.506717080365163, 43.704068794735051 ], [ -79.50723669734586, 43.709988595751774 ], [ -79.495689440649386, 43.710476974029916 ] ] ] } },
{ "type": "Feature", "properties": { "vor_id": 1030, "theft_count": 21, "bike_trips": 0.0, "theft_per_1000_trips": "<NA>" }, "geometry": { "type": "Polygon", "coordinates": [ [ [ -79.366580542993518, 43.646948789816285 ], [ -79.364605501854371, 43.649578026362036 ], [ -79.36419509213664, 43.649990521264918 ], [ -79.363386375944344, 43.646157444101767 ], [ -79.366580542993518, 43.646948789816285 ] ] ] } },
{ "type": "Feature", "properties": { "vor_id": 1031, "theft_count": 16, "bike_trips": 0.0, "theft_per_1000_trips": "<NA>" }, "geometry": { "type": "Polygon", "coordinates": [ [ [ -79.396428775131795, 43.692132819807171 ], [ -79.398366206797661, 43.69221548421519 ], [ -79.398310710889206, 43.694677875816431 ], [ -79.396253139794752, 43.695059470371035 ], [ -79.394003944899978, 43.693375874166662 ], [ -79.396428775131795, 43.692132819807171 ] ] ] } },
{ "type": "Feature", "properties": { "vor_id": 1032, "theft_count": 14, "bike_trips": 0.0, "theft_per_1000_trips": "<NA>" }, "geometry": { "type": "Polygon", "coordinates": [ [ [ -79.415943975161838, 43.680587345936019 ], [ -79.419734850596996, 43.679117679710117 ], [ -79.419823067459021, 43.679539360248413 ], [ -79.417720430848135, 43.682199889282352 ], [ -79.416916831549983, 43.682512480057433 ], [ -79.415671586406319, 43.681775489861025 ], [ -79.415943975161838, 43.680587345936019 ] ] ] } },
{ "type": "Feature", "properties": { "vor_id": 1033, "theft_count": 4, "bike_trips": 0.0, "theft_per_1000_trips": "<NA>" }, "geometry": { "type": "Polygon", "coordinates": [ [ [ -79.443263911350257, 43.7112164946722 ], [ -79.445583216009453, 43.712313452645624 ], [ -79.435641798469504, 43.716372963869311 ], [ -79.434357274072227, 43.714951183698162 ], [ -79.443263911350257, 43.7112164946722 ] ] ] } },
{ "type": "Feature", "properties": { "vor_id": 1034, "theft_count": 21, "bike_trips": 0.0, "theft_per_1000_trips": "<NA>" }, "geometry": { "type": "Polygon", "coordinates": [ [ [ -79.432628191542662, 43.752282872980643 ], [ -79.426281219104965, 43.747341694988094 ], [ -79.426598434231806, 43.741212346380436 ], [ -79.429950779315135, 43.737017426512423 ], [ -79.443247453373701, 43.741851173876285 ], [ -79.444704571967819, 43.744451140383781 ], [ -79.432628191542662, 43.752282872980643 ] ] ] } },
{ "type": "Feature", "properties": { "vor_id": 1035, "theft_count": 5, "bike_trips": 0.0, "theft_per_1000_trips": "<NA>" }, "geometry": { "type": "Polygon", "coordinates": [ [ [ -79.296179928659868, 43.682522076708509 ], [ -79.296621008857826, 43.681575778403456 ], [ -79.297430724010923, 43.680214093540314 ], [ -79.299760822009333, 43.679275754845939 ], [ -79.300374458525496, 43.679841395560658 ], [ -79.300707790953254, 43.680691279088457 ], [ -79.297038368615432, 43.682520929421308 ], [ -79.296179928659868, 43.682522076708509 ] ] ] } },
{ "type": "Feature", "properties": { "vor_id": 1036, "theft_count": 7, "bike_trips": 0.0, "theft_per_1000_trips": "<NA>" }, "geometry": { "type": "Polygon", "coordinates": [ [ [ -79.381744332117222, 43.765944769139693 ], [ -79.383228945753828, 43.766473273951519 ], [ -79.385131297391936, 43.768439505811969 ], [ -79.382397747208316, 43.769120588445212 ], [ -79.381744332117222, 43.765944769139693 ] ] ] } },
{ "type": "Feature", "properties": { "vor_id": 1037, "theft_count": 24, "bike_trips": 0.0, "theft_per_1000_trips": "<NA>" }, "geometry": { "type": "Polygon", "coordinates": [ [ [ -79.182121985670292, 43.770561189020384 ], [ -79.181727274687233, 43.76881017064531 ], [ -79.190261104489963, 43.766177307884668 ], [ -79.190685216490124, 43.768108635471755 ], [ -79.182121985670292, 43.770561189020384 ] ] ] } },
{ "type": "Feature", "properties": { "vor_id": 1038, "theft_count": 20, "bike_trips": 0.0, "theft_per_1000_trips": "<NA>" }, "geometry": { "type": "Polygon", "coordinates": [ [ [ -79.502274120857351, 43.741907888078998 ], [ -79.503215076655493, 43.747678437319792 ], [ -79.502916185530012, 43.752072358522291 ], [ -79.502412238898529, 43.752857745997005 ], [ -79.491512340023164, 43.752812080225965 ], [ -79.486879898696088, 43.749867788417561 ], [ -79.48359153768223, 43.74087848829307 ], [ -79.486762654545174, 43.738400637267539 ], [ -79.502274120857351, 43.741907888078998 ] ] ] } },
{ "type": "Feature", "properties": { "vor_id": 1039, "theft_count": 9, "bike_trips": 0.0, "theft_per_1000_trips": "<NA>" }, "geometry": { "type": "Polygon", "coordinates": [ [ [ -79.42484187725448, 43.666964411997697 ], [ -79.424564109010817, 43.669051269811987 ], [ -79.422396333490028, 43.669969517963601 ], [ -79.421516383822976, 43.669136009194823 ], [ -79.421981324693547, 43.667009119435257 ], [ -79.422258660985264, 43.666355097186504 ], [ -79.42484187725448, 43.666964411997697 ] ] ] } },
{ "type": "Feature", "properties": { "vor_id": 1040, "theft_count": 30, "bike_trips": 0.0, "theft_per_1000_trips": "<NA>" }, "geometry": { "type": "Polygon", "coordinates": [ [ [ -79.419493032031298, 43.66155281738402 ], [ -79.421070218593925, 43.660948633014954 ], [ -79.422345397607373, 43.661263366751768 ], [ -79.422780167317825, 43.663252705200883 ], [ -79.421685067232573, 43.665488172509811 ], [ -79.420281969325714, 43.665176181117182 ], [ -79.419493032031298, 43.66155281738402 ] ] ] } },
{ "type": "Feature", "properties": { "vor_id": 1041, "theft_count": 1, "bike_trips": 0.0, "theft_per_1000_trips": "<NA>" }, "geometry": { "type": "Polygon", "coordinates": [ [ [ -79.476459283515098, 43.649854743660057 ], [ -79.477280509024851, 43.650002085922402 ], [ -79.47816981533677, 43.654745747310209 ], [ -79.477552630652838, 43.654399740175293 ], [ -79.476459283515098, 43.649854743660057 ] ] ] } },
{ "type": "Feature", "properties": { "vor_id": 1042, "theft_count": 0, "bike_trips": 0.0, "theft_per_1000_trips": "<NA>" }, "geometry": { "type": "Polygon", "coordinates": [ [ [ -79.326810264767403, 43.639226157122529 ], [ -79.318903086078109, 43.631956275153314 ], [ -79.3205509, 43.616994099999985 ], [ -79.32411497262045, 43.616157215299701 ], [ -79.323997248, 43.618553555000098 ], [ -79.324238011666381, 43.623454412016578 ], [ -79.324957983979829, 43.628308071100903 ], [ -79.32615023121339, 43.633067788862824 ], [ -79.327803271374435, 43.637687726618353 ], [ -79.328994805709641, 43.640207014303066 ], [ -79.326810264767403, 43.639226157122529 ] ] ] } },
{ "type": "Feature", "properties": { "vor_id": 1043, "theft_count": 13, "bike_trips": 0.0, "theft_per_1000_trips": "<NA>" }, "geometry": { "type": "Polygon", "coordinates": [ [ [ -79.396028661896551, 43.683016512426548 ], [ -79.396039013823142, 43.683070503148919 ], [ -79.389530333869558, 43.685742033143839 ], [ -79.390234378126621, 43.683369499616411 ], [ -79.394396844944382, 43.681614826634018 ], [ -79.395790309497144, 43.682515325796096 ], [ -79.396028661896551, 43.683016512426548 ] ] ] } },
{ "type": "Feature", "properties": { "vor_id": 1044, "theft_count": 30, "bike_trips": 0.0, "theft_per_1000_trips": "<NA>" }, "geometry": { "type": "Polygon", "coordinates": [ [ [ -79.380406908786853, 43.656938258144216 ], [ -79.382346805741733, 43.656144297724076 ], [ -79.382574474667734, 43.656587344544853 ], [ -79.38258800385897, 43.656651801339848 ], [ -79.380734150672296, 43.657441112136382 ], [ -79.380406908786853, 43.656938258144216 ] ] ] } },
{ "type": "Feature", "properties": { "vor_id": 1045, "theft_count": 28, "bike_trips": 0.0, "theft_per_1000_trips": "<NA>" }, "geometry": { "type": "Polygon", "coordinates": [ [ [ -79.397098340440579, 43.71282748182378 ], [ -79.401989845161481, 43.711793459584605 ], [ -79.406143428939828, 43.712966976826593 ], [ -79.408294216516651, 43.71417138831719 ], [ -79.405594886012565, 43.717308804477007 ], [ -79.396621133064173, 43.719187308333836 ], [ -79.395527432969075, 43.718641358994425 ], [ -79.397098340440579, 43.71282748182378 ] ] ] } },
{ "type": "Feature", "properties": { "vor_id": 1046, "theft_count": 11, "bike_trips": 0.0, "theft_per_1000_trips": "<NA>" }, "geometry": { "type": "Polygon", "coordinates": [ [ [ -79.512609512137928, 43.69089975397798 ], [ -79.507984987492392, 43.686874039499827 ], [ -79.516713112146633, 43.680607237467406 ], [ -79.518792700667248, 43.683139779419321 ], [ -79.520921684801266, 43.687368054273499 ], [ -79.51375954520671, 43.691145034828565 ], [ -79.512609512137928, 43.69089975397798 ] ] ] } },
{ "type": "Feature", "properties": { "vor_id": 1047, "theft_count": 14, "bike_trips": 0.0, "theft_per_1000_trips": "<NA>" }, "geometry": { "type": "Polygon", "coordinates": [ [ [ -79.366841809930179, 43.656997087987577 ], [ -79.367840314655723, 43.657337195539554 ], [ -79.368152602767495, 43.658782542315322 ], [ -79.367696144391573, 43.659961803632235 ], [ -79.367375988091425, 43.6597673190413 ], [ -79.366788342870038, 43.657088975659804 ], [ -79.366841809930179, 43.656997087987577 ] ] ] } },
{ "type": "Feature", "properties": { "vor_id": 1048, "theft_count": 20, "bike_trips": 0.0, "theft_per_1000_trips": "<NA>" }, "geometry": { "type": "Polygon", "coordinates": [ [ [ -79.483115074803564, 43.661768196045934 ], [ -79.4843170949393, 43.662410235104367 ], [ -79.484212491618067, 43.662607572262338 ], [ -79.47976020370271, 43.668008951865303 ], [ -79.47972728004838, 43.667933262255822 ], [ -79.478397074858478, 43.661898426826255 ], [ -79.478985643516381, 43.661790765474848 ], [ -79.483115074803564, 43.661768196045934 ] ] ] } },
{ "type": "Feature", "properties": { "vor_id": 1049, "theft_count": 9, "bike_trips": 0.0, "theft_per_1000_trips": "<NA>" }, "geometry": { "type": "Polygon", "coordinates": [ [ [ -79.369613527126646, 43.671806961216916 ], [ -79.370580754822299, 43.67526433124798 ], [ -79.367120856398813, 43.679794594699523 ], [ -79.365242462248489, 43.679812087352239 ], [ -79.364948356398884, 43.678830166924634 ], [ -79.364058802059091, 43.67430892754809 ], [ -79.365147142792111, 43.673338690843543 ], [ -79.367173861530347, 43.672040201106874 ], [ -79.369509834016398, 43.671796083850396 ], [ -79.369613527126646, 43.671806961216916 ] ] ] } },
{ "type": "Feature", "properties": { "vor_id": 1050, "theft_count": 53, "bike_trips": 0.0, "theft_per_1000_trips": "<NA>" }, "geometry": { "type": "Polygon", "coordinates": [ [ [ -79.260003251839692, 43.743565920928241 ], [ -79.258850578241905, 43.748933999345326 ], [ -79.25515801649469, 43.749620852962856 ], [ -79.245124111874929, 43.725362551567272 ], [ -79.248993002888398, 43.722639474847881 ], [ -79.256561723049259, 43.725767571210206 ], [ -79.257861617728281, 43.728237904185626 ], [ -79.260003251839692, 43.743565920928241 ] ] ] } },
{ "type": "Feature", "properties": { "vor_id": 1051, "theft_count": 4, "bike_trips": 0.0, "theft_per_1000_trips": "<NA>" }, "geometry": { "type": "Polygon", "coordinates": [ [ [ -79.45848882971562, 43.687231734324634 ], [ -79.459789876391696, 43.686828323985985 ], [ -79.460683326976337, 43.687689128944214 ], [ -79.464199893020535, 43.703726746423193 ], [ -79.462528952865682, 43.705122373303077 ], [ -79.462135217086839, 43.705027594111627 ], [ -79.460601892005656, 43.703091183250258 ], [ -79.457452161894551, 43.689125161813671 ], [ -79.45848882971562, 43.687231734324634 ] ] ] } },
{ "type": "Feature", "properties": { "vor_id": 1052, "theft_count": 23, "bike_trips": 0.0, "theft_per_1000_trips": "<NA>" }, "geometry": { "type": "Polygon", "coordinates": [ [ [ -79.309080265266729, 43.709884141484025 ], [ -79.305146511091962, 43.716435485166556 ], [ -79.302167650710331, 43.716712026255315 ], [ -79.299352150438239, 43.709736233879063 ], [ -79.300513001026431, 43.705517111056388 ], [ -79.304189443335389, 43.703647033462019 ], [ -79.309080265266729, 43.709884141484025 ] ] ] } },
{ "type": "Feature", "properties": { "vor_id": 1053, "theft_count": 8, "bike_trips": 0.0, "theft_per_1000_trips": "<NA>" }, "geometry": { "type": "Polygon", "coordinates": [ [ [ -79.416386701111094, 43.628545074910789 ], [ -79.415935982806985, 43.625449294462697 ], [ -79.4212947, 43.6256545 ], [ -79.42333714851398, 43.6262813444865 ], [ -79.423618945266668, 43.626367830260584 ], [ -79.423575450912168, 43.634467520354868 ], [ -79.423143049758565, 43.635132823160966 ], [ -79.42172311207726, 43.635650790414019 ], [ -79.42117919464836, 43.634926535379769 ], [ -79.416386701111094, 43.628545074910789 ] ] ] } },
{ "type": "Feature", "properties": { "vor_id": 1054, "theft_count": 7, "bike_trips": 0.0, "theft_per_1000_trips": "<NA>" }, "geometry": { "type": "Polygon", "coordinates": [ [ [ -79.497969800760984, 43.594320746871368 ], [ -79.498203941325542, 43.59409763065571 ], [ -79.500311404712022, 43.603802989571179 ], [ -79.497827328962558, 43.604846547534812 ], [ -79.49704834560734, 43.595198815937209 ], [ -79.497167153782911, 43.595085601763614 ], [ -79.49737260269967, 43.594889826269025 ], [ -79.497522528878804, 43.59474695926184 ], [ -79.497969800760984, 43.594320746871368 ] ] ] } },
{ "type": "Feature", "properties": { "vor_id": 1055, "theft_count": 9, "bike_trips": 0.0, "theft_per_1000_trips": "<NA>" }, "geometry": { "type": "Polygon", "coordinates": [ [ [ -79.407632146186444, 43.776887444354728 ], [ -79.412015387013639, 43.785608684354571 ], [ -79.41033823961854, 43.789238769228454 ], [ -79.40396799796315, 43.793415668396293 ], [ -79.400050362841, 43.788527277343299 ], [ -79.402255151162862, 43.781690344573484 ], [ -79.407632146186444, 43.776887444354728 ] ] ] } },
{ "type": "Feature", "properties": { "vor_id": 1056, "theft_count": 5, "bike_trips": 0.0, "theft_per_1000_trips": "<NA>" }, "geometry": { "type": "Polygon", "coordinates": [ [ [ -79.430515164371343, 43.663332510788088 ], [ -79.430149326355277, 43.661657715057203 ], [ -79.430865291223682, 43.661356394740046 ], [ -79.432886987730129, 43.661802379291153 ], [ -79.433128389396643, 43.662231594802684 ], [ -79.430515164371343, 43.663332510788088 ] ] ] } },
{ "type": "Feature", "properties": { "vor_id": 1057, "theft_count": 27, "bike_trips": 0.0, "theft_per_1000_trips": "<NA>" }, "geometry": { "type": "Polygon", "coordinates": [ [ [ -79.430149326355277, 43.661657715057203 ], [ -79.429200689432022, 43.661106126911299 ], [ -79.42903229080018, 43.660363583808405 ], [ -79.429582011940298, 43.659830572229261 ], [ -79.430510421596566, 43.659765175732595 ], [ -79.430865291223682, 43.661356394740046 ], [ -79.430149326355277, 43.661657715057203 ] ] ] } },
{ "type": "Feature", "properties": { "vor_id": 1058, "theft_count": 17, "bike_trips": 0.0, "theft_per_1000_trips": "<NA>" }, "geometry": { "type": "Polygon", "coordinates": [ [ [ -79.351295730231314, 43.680000777365635 ], [ -79.348451296448275, 43.678022742738541 ], [ -79.350439715698684, 43.676114508543868 ], [ -79.35110139456998, 43.676414967743014 ], [ -79.351755742030335, 43.679826514191802 ], [ -79.351295730231314, 43.680000777365635 ] ] ] } },
{ "type": "Feature", "properties": { "vor_id": 1059, "theft_count": 8, "bike_trips": 0.0, "theft_per_1000_trips": "<NA>" }, "geometry": { "type": "Polygon", "coordinates": [ [ [ -79.396008496531465, 43.647617815540208 ], [ -79.395029142409413, 43.647561361660912 ], [ -79.395614657300086, 43.647117085622661 ], [ -79.397045714059516, 43.646578773769079 ], [ -79.397155834443154, 43.647117255290247 ], [ -79.396008496531465, 43.647617815540208 ] ] ] } },
{ "type": "Feature", "properties": { "vor_id": 1060, "theft_count": 5, "bike_trips": 0.0, "theft_per_1000_trips": "<NA>" }, "geometry": { "type": "Polygon", "coordinates": [ [ [ -79.429106549822919, 43.67093025872893 ], [ -79.431559690109964, 43.671513091206037 ], [ -79.431713939644339, 43.671863934118456 ], [ -79.428875224576188, 43.673025077326805 ], [ -79.429106549822919, 43.67093025872893 ] ] ] } },
{ "type": "Feature", "properties": { "vor_id": 1061, "theft_count": 8, "bike_trips": 0.0, "theft_per_1000_trips": "<NA>" }, "geometry": { "type": "Polygon", "coordinates": [ [ [ -79.315404275790144, 43.769452272886703 ], [ -79.311040079100451, 43.775901853503335 ], [ -79.308079761576266, 43.780276726562612 ], [ -79.307884167359603, 43.780317417094096 ], [ -79.302284310120555, 43.77501253890803 ], [ -79.298755010200949, 43.771669149004254 ], [ -79.303015150766228, 43.759600647603222 ], [ -79.309764454489184, 43.76116819738089 ], [ -79.316238226182463, 43.76650590649016 ], [ -79.315404275790144, 43.769452272886703 ] ] ] } },
{ "type": "Feature", "properties": { "vor_id": 1062, "theft_count": 3, "bike_trips": 0.0, "theft_per_1000_trips": "<NA>" }, "geometry": { "type": "Polygon", "coordinates": [ [ [ -79.426647042271952, 43.636059918621164 ], [ -79.426058007763785, 43.633465805548418 ], [ -79.428736513395293, 43.630754482768282 ], [ -79.428740935989651, 43.632756635853873 ], [ -79.426647042271952, 43.636059918621164 ] ] ] } },
{ "type": "Feature", "properties": { "vor_id": 1063, "theft_count": 15, "bike_trips": 0.0, "theft_per_1000_trips": "<NA>" }, "geometry": { "type": "Polygon", "coordinates": [ [ [ -79.400804240435264, 43.699837746873463 ], [ -79.394962377271952, 43.701214820627364 ], [ -79.39465263847795, 43.699701358661493 ], [ -79.399441923078086, 43.698805439987105 ], [ -79.400872573343776, 43.699771288746945 ], [ -79.400804240435264, 43.699837746873463 ] ] ] } },
{ "type": "Feature", "properties": { "vor_id": 1064, "theft_count": 7, "bike_trips": 0.0, "theft_per_1000_trips": "<NA>" }, "geometry": { "type": "Polygon", "coordinates": [ [ [ -79.184139670557073, 43.747100451548761 ], [ -79.188167299999989, 43.7452912 ], [ -79.197051106205322, 43.738009646074609 ], [ -79.205219437643649, 43.753261624446104 ], [ -79.184139670557073, 43.747100451548761 ] ] ] } },
{ "type": "Feature", "properties": { "vor_id": 1065, "theft_count": 17, "bike_trips": 0.0, "theft_per_1000_trips": "<NA>" }, "geometry": { "type": "Polygon", "coordinates": [ [ [ -79.382185433139654, 43.73614788741537 ], [ -79.386489147595853, 43.735701540226671 ], [ -79.398475525912929, 43.738124494515432 ], [ -79.401497317425765, 43.741101642332097 ], [ -79.404499198693273, 43.744698297307608 ], [ -79.398092986383745, 43.751509808651768 ], [ -79.39760111013581, 43.751849692659704 ], [ -79.394821533152964, 43.75318347045679 ], [ -79.385937068521997, 43.749262162711702 ], [ -79.382185433139654, 43.73614788741537 ] ] ] } },
{ "type": "Feature", "properties": { "vor_id": 1066, "theft_count": 11, "bike_trips": 0.0, "theft_per_1000_trips": "<NA>" }, "geometry": { "type": "Polygon", "coordinates": [ [ [ -79.416418433749968, 43.6677716325528 ], [ -79.416064372285618, 43.667909118660042 ], [ -79.415902701010054, 43.667805316775485 ], [ -79.414755073931957, 43.666289295873717 ], [ -79.415645137315607, 43.665057181797806 ], [ -79.416787468898335, 43.664673030468009 ], [ -79.418117996227039, 43.665134188023409 ], [ -79.418181154681193, 43.665191761316009 ], [ -79.416418433749968, 43.6677716325528 ] ] ] } },
{ "type": "Feature", "properties": { "vor_id": 1067, "theft_count": 70, "bike_trips": 0.0, "theft_per_1000_trips": "<NA>" }, "geometry": { "type": "Polygon", "coordinates": [ [ [ -79.358871479089089, 43.652361572691802 ], [ -79.358778769923831, 43.652631841471198 ], [ -79.356727069273731, 43.652358964431734 ], [ -79.354762084992146, 43.650704723826053 ], [ -79.350982575083449, 43.646069461420716 ], [ -79.355898778472152, 43.641776769293472 ], [ -79.356696494869382, 43.643328537657489 ], [ -79.358871479089089, 43.652361572691802 ] ] ] } },
{ "type": "Feature", "properties": { "vor_id": 1068, "theft_count": 5, "bike_trips": 0.0, "theft_per_1000_trips": "<NA>" }, "geometry": { "type": "Polygon", "coordinates": [ [ [ -79.402969013982087, 43.654536708081572 ], [ -79.401463439659082, 43.655166783312417 ], [ -79.401264218699893, 43.654146354373324 ], [ -79.402280339612716, 43.65372447720636 ], [ -79.402969013982087, 43.654536708081572 ] ] ] } },
{ "type": "Feature", "properties": { "vor_id": 1069, "theft_count": 12, "bike_trips": 0.0, "theft_per_1000_trips": "<NA>" }, "geometry": { "type": "Polygon", "coordinates": [ [ [ -79.442701480263452, 43.639422373959249 ], [ -79.445165363755223, 43.642791576797123 ], [ -79.441060266056823, 43.64153726003817 ], [ -79.441338588615523, 43.641130180198822 ], [ -79.442701480263452, 43.639422373959249 ] ] ] } },
{ "type": "Feature", "properties": { "vor_id": 1070, "theft_count": 12, "bike_trips": 0.0, "theft_per_1000_trips": "<NA>" }, "geometry": { "type": "Polygon", "coordinates": [ [ [ -79.542587676331863, 43.661713300208184 ], [ -79.545882859940676, 43.665348975059331 ], [ -79.548437833426561, 43.667664668045191 ], [ -79.553417733213792, 43.65713385463475 ], [ -79.560214888185769, 43.657969693857822 ], [ -79.560304403798824, 43.65798697118128 ], [ -79.560594755441059, 43.658231921543177 ], [ -79.560410576967627, 43.675386670229983 ], [ -79.562104027381736, 43.676187612625569 ], [ -79.566004871233318, 43.677583356873612 ], [ -79.566723965137271, 43.677840652786607 ], [ -79.571483682899185, 43.679032900020154 ], [ -79.576337341983532, 43.679752872333609 ], [ -79.581238199, 43.679993636 ], [ -79.586139056016464, 43.679752872333609 ], [ -79.590992715100811, 43.679032900020154 ], [ -79.595752432862724, 43.677840652786607 ], [ -79.596515596026762, 43.677567588640223 ], [ -79.598408899112712, 43.680783943715923 ], [ -79.597222732862704, 43.681208360786606 ], [ -79.59246301510079, 43.68240060802016 ], [ -79.587609356016472, 43.6831205803336 ], [ -79.582708498999978, 43.683361344 ], [ -79.577807641983497, 43.6831205803336 ], [ -79.572953982899165, 43.68240060802016 ], [ -79.568194265137251, 43.681208360786606 ], [ -79.563574327381744, 43.679555320625568 ], [ -79.56059304661369, 43.678145279835235 ], [ -79.560380723022945, 43.678167325911986 ], [ -79.560382031229111, 43.678045476991159 ], [ -79.559138662158688, 43.677457407217418 ], [ -79.554929987348999, 43.674934824615121 ], [ -79.550988834791795, 43.672011866668136 ], [ -79.547764182840055, 43.669089212500602 ], [ -79.547353159940656, 43.66871668305933 ], [ -79.544057976331842, 43.66508100820819 ], [ -79.541135018384864, 43.661139855650973 ], [ -79.538612435782568, 43.656931180841298 ], [ -79.537611546515578, 43.654814978286637 ], [ -79.537853515636613, 43.654750338424655 ], [ -79.539664718384856, 43.657772147650981 ], [ -79.542587676331863, 43.661713300208184 ] ] ] } },
{ "type": "Feature", "properties": { "vor_id": 1071, "theft_count": 3, "bike_trips": 0.0, "theft_per_1000_trips": "<NA>" }, "geometry": { "type": "Polygon", "coordinates": [ [ [ -79.312666913848773, 43.675188470159142 ], [ -79.310303417783203, 43.67543725588051 ], [ -79.308043134740259, 43.67287832382555 ], [ -79.308820059348221, 43.670719697020424 ], [ -79.311759703830234, 43.672880977362453 ], [ -79.312666913848773, 43.675188470159142 ] ] ] } },
{ "type": "Feature", "properties": { "vor_id": 1072, "theft_count": 36, "bike_trips": 0.0, "theft_per_1000_trips": "<NA>" }, "geometry": { "type": "Polygon", "coordinates": [ [ [ -79.375577932842162, 43.655864222422764 ], [ -79.374905872477328, 43.656141256442254 ], [ -79.374579020109522, 43.656070960922577 ], [ -79.37423885961114, 43.65447351295149 ], [ -79.3751902227974, 43.654085860660317 ], [ -79.375198680470348, 43.654089346490061 ], [ -79.375577932842162, 43.655864222422764 ] ] ] } },
{ "type": "Feature", "properties": { "vor_id": 1073, "theft_count": 7, "bike_trips": 0.0, "theft_per_1000_trips": "<NA>" }, "geometry": { "type": "Polygon", "coordinates": [ [ [ -79.335417353478377, 43.722770858252822 ], [ -79.347553743788737, 43.719369891525623 ], [ -79.348794909215158, 43.721400253286902 ], [ -79.342826973459182, 43.730078669806964 ], [ -79.342059482192198, 43.730159465325642 ], [ -79.333928089600633, 43.725011357523762 ], [ -79.334570925014731, 43.723665017698288 ], [ -79.335417353478377, 43.722770858252822 ] ] ] } },
{ "type": "Feature", "properties": { "vor_id": 1074, "theft_count": 70, "bike_trips": 0.0, "theft_per_1000_trips": "<NA>" }, "geometry": { "type": "Polygon", "coordinates": [ [ [ -79.38544594544976, 43.658016746489047 ], [ -79.385360899126084, 43.657633530670267 ], [ -79.387140674264444, 43.656951776081314 ], [ -79.387732462715846, 43.657308034801055 ], [ -79.387809315823731, 43.658652773641336 ], [ -79.38563445743776, 43.658350534940752 ], [ -79.38544594544976, 43.658016746489047 ] ] ] } },
{ "type": "Feature", "properties": { "vor_id": 1075, "theft_count": 35, "bike_trips": 0.0, "theft_per_1000_trips": "<NA>" }, "geometry": { "type": "Polygon", "coordinates": [ [ [ -79.448750169538613, 43.697853555380206 ], [ -79.44798027247532, 43.690395183310685 ], [ -79.448026582292925, 43.6902598533336 ], [ -79.453507066909225, 43.693450781292533 ], [ -79.453620885601168, 43.696225944440492 ], [ -79.448750169538613, 43.697853555380206 ] ] ] } },
{ "type": "Feature", "properties": { "vor_id": 1076, "theft_count": 27, "bike_trips": 0.0, "theft_per_1000_trips": "<NA>" }, "geometry": { "type": "Polygon", "coordinates": [ [ [ -79.409904227356719, 43.657772950607622 ], [ -79.409128954446516, 43.654111582844926 ], [ -79.409352587059303, 43.653908894059427 ], [ -79.40940871621433, 43.653846965080184 ], [ -79.40952775997728, 43.653799252183532 ], [ -79.410335040397868, 43.653719170673973 ], [ -79.411101737268382, 43.657531895533467 ], [ -79.410562220818562, 43.657749331579325 ], [ -79.409904227356719, 43.657772950607622 ] ] ] } },
{ "type": "Feature", "properties": { "vor_id": 1077, "theft_count": 34, "bike_trips": 0.0, "theft_per_1000_trips": "<NA>" }, "geometry": { "type": "Polygon", "coordinates": [ [ [ -79.408611268727199, 43.669562144035702 ], [ -79.408450618604547, 43.669625462882365 ], [ -79.407475546678484, 43.66891705095788 ], [ -79.407156594414872, 43.667321030394277 ], [ -79.407311208528384, 43.66719195385776 ], [ -79.408264784879307, 43.666822428527006 ], [ -79.409458472753656, 43.667000378561184 ], [ -79.408611268727199, 43.669562144035702 ] ] ] } },
{ "type": "Feature", "properties": { "vor_id": 1078, "theft_count": 4, "bike_trips": 0.0, "theft_per_1000_trips": "<NA>" }, "geometry": { "type": "Polygon", "coordinates": [ [ [ -79.419171348479225, 43.669519948179513 ], [ -79.417718071412736, 43.667975532886238 ], [ -79.419028686656802, 43.667457348451535 ], [ -79.41954116107496, 43.667946604991116 ], [ -79.419889947637728, 43.669694625968944 ], [ -79.419171348479225, 43.669519948179513 ] ] ] } },
{ "type": "Feature", "properties": { "vor_id": 1079, "theft_count": 15, "bike_trips": 0.0, "theft_per_1000_trips": "<NA>" }, "geometry": { "type": "Polygon", "coordinates": [ [ [ -79.284964911031395, 43.696923436594624 ], [ -79.285142525622874, 43.696930382978557 ], [ -79.291094061602948, 43.700224977249398 ], [ -79.29049330158179, 43.705988545690808 ], [ -79.289869342800287, 43.706861745764229 ], [ -79.284085198662282, 43.709368960482671 ], [ -79.282959359449109, 43.708862027360588 ], [ -79.278890874674318, 43.701775244957986 ], [ -79.280253431880581, 43.699489031031966 ], [ -79.284964911031395, 43.696923436594624 ] ] ] } },
{ "type": "Feature", "properties": { "vor_id": 1080, "theft_count": 16, "bike_trips": 0.0, "theft_per_1000_trips": "<NA>" }, "geometry": { "type": "Polygon", "coordinates": [ [ [ -79.466705366096349, 43.65555905582908 ], [ -79.468177775337679, 43.657759130121768 ], [ -79.467150557241567, 43.659366304499706 ], [ -79.465516808776556, 43.658192482454531 ], [ -79.464998004486731, 43.655838759395031 ], [ -79.465870990047833, 43.655465595784939 ], [ -79.466705366096349, 43.65555905582908 ] ] ] } },
{ "type": "Feature", "properties": { "vor_id": 1081, "theft_count": 3, "bike_trips": 0.0, "theft_per_1000_trips": "<NA>" }, "geometry": { "type": "Polygon", "coordinates": [ [ [ -79.426058007763785, 43.633465805548418 ], [ -79.423575450912168, 43.634467520354868 ], [ -79.423618945266668, 43.626367830260584 ], [ -79.4258573, 43.6270548 ], [ -79.429628498841524, 43.628212191925726 ], [ -79.428736513395293, 43.630754482768282 ], [ -79.426058007763785, 43.633465805548418 ] ] ] } },
{ "type": "Feature", "properties": { "vor_id": 1082, "theft_count": 6, "bike_trips": 0.0, "theft_per_1000_trips": "<NA>" }, "geometry": { "type": "Polygon", "coordinates": [ [ [ -79.411770314080201, 43.657509519647554 ], [ -79.412406012777666, 43.660612613794207 ], [ -79.411041505032841, 43.660238471322032 ], [ -79.410562220818562, 43.657749331579325 ], [ -79.411101737268382, 43.657531895533467 ], [ -79.411770314080201, 43.657509519647554 ] ] ] } },
{ "type": "Feature", "properties": { "vor_id": 1083, "theft_count": 17, "bike_trips": 0.0, "theft_per_1000_trips": "<NA>" }, "geometry": { "type": "Polygon", "coordinates": [ [ [ -79.456051046239722, 43.641147360919888 ], [ -79.454845857428808, 43.644006833718407 ], [ -79.450840474781245, 43.644187753083493 ], [ -79.450636947945341, 43.643679429178199 ], [ -79.450593706996472, 43.640861625814686 ], [ -79.456051046239722, 43.641147360919888 ] ] ] } },
{ "type": "Feature", "properties": { "vor_id": 1084, "theft_count": 16, "bike_trips": 0.0, "theft_per_1000_trips": "<NA>" }, "geometry": { "type": "Polygon", "coordinates": [ [ [ -79.408760526721835, 43.646849124655098 ], [ -79.408384397066229, 43.645043625308745 ], [ -79.408704591578015, 43.644881732291907 ], [ -79.409977575415752, 43.645003704054858 ], [ -79.41031129313771, 43.646654656620164 ], [ -79.409438335504419, 43.64699678303468 ], [ -79.408760526721835, 43.646849124655098 ] ] ] } },
{ "type": "Feature", "properties": { "vor_id": 1085, "theft_count": 13, "bike_trips": 0.0, "theft_per_1000_trips": "<NA>" }, "geometry": { "type": "Polygon", "coordinates": [ [ [ -79.513129964204637, 43.76782252673231 ], [ -79.506174110231044, 43.77207493018512 ], [ -79.504597512637091, 43.770810593528054 ], [ -79.503355537855498, 43.765065265029612 ], [ -79.50559853144658, 43.762886618759651 ], [ -79.513129964204637, 43.76782252673231 ] ] ] } },
{ "type": "Feature", "properties": { "vor_id": 1086, "theft_count": 16, "bike_trips": 0.0, "theft_per_1000_trips": "<NA>" }, "geometry": { "type": "Polygon", "coordinates": [ [ [ -79.262420560746563, 43.702649049331974 ], [ -79.268794531224458, 43.700831239922572 ], [ -79.272343323863339, 43.702462667033295 ], [ -79.271073159682359, 43.710025788054303 ], [ -79.266462193376029, 43.715398382951186 ], [ -79.257646445372288, 43.707646582263337 ], [ -79.257654366850133, 43.707363376778979 ], [ -79.262420560746563, 43.702649049331974 ] ] ] } },
{ "type": "Feature", "properties": { "vor_id": 1087, "theft_count": 5, "bike_trips": 0.0, "theft_per_1000_trips": "<NA>" }, "geometry": { "type": "Polygon", "coordinates": [ [ [ -79.223313064708194, 43.774709808658692 ], [ -79.225071206942559, 43.778125023680815 ], [ -79.224324253610504, 43.77912303111286 ], [ -79.216789646969787, 43.784847960980422 ], [ -79.210084106211696, 43.784745357707678 ], [ -79.200379306938828, 43.779184685851689 ], [ -79.199585199442694, 43.776117626499897 ], [ -79.199517054481305, 43.775579510954763 ], [ -79.203296858096365, 43.769735649981598 ], [ -79.208938256409368, 43.76734236530055 ], [ -79.21791277763883, 43.770760397823324 ], [ -79.223313064708194, 43.774709808658692 ] ] ] } },
{ "type": "Feature", "properties": { "vor_id": 1088, "theft_count": 3, "bike_trips": 0.0, "theft_per_1000_trips": "<NA>" }, "geometry": { "type": "Polygon", "coordinates": [ [ [ -79.319977674219984, 43.656778816132395 ], [ -79.321796295759029, 43.658553913502651 ], [ -79.323365611414829, 43.665743909320739 ], [ -79.322650816370853, 43.666447441733517 ], [ -79.322104168658768, 43.666437023167035 ], [ -79.319977674219984, 43.656778816132395 ] ] ] } },
{ "type": "Feature", "properties": { "vor_id": 1089, "theft_count": 4, "bike_trips": 0.0, "theft_per_1000_trips": "<NA>" }, "geometry": { "type": "Polygon", "coordinates": [ [ [ -79.382021154233712, 43.769686537822778 ], [ -79.378952801816496, 43.768885605982994 ], [ -79.377402658148071, 43.761584791569305 ], [ -79.381744332117222, 43.765944769139693 ], [ -79.382397747208316, 43.769120588445212 ], [ -79.382021154233712, 43.769686537822778 ] ] ] } },
{ "type": "Feature", "properties": { "vor_id": 1090, "theft_count": 6, "bike_trips": 0.0, "theft_per_1000_trips": "<NA>" }, "geometry": { "type": "Polygon", "coordinates": [ [ [ -79.441446044183593, 43.660756150879983 ], [ -79.442153007850536, 43.664377064790415 ], [ -79.441280637899851, 43.665140082676771 ], [ -79.440392580571043, 43.66066380011155 ], [ -79.441446044183593, 43.660756150879983 ] ] ] } },
{ "type": "Feature", "properties": { "vor_id": 1091, "theft_count": 6, "bike_trips": 0.0, "theft_per_1000_trips": "<NA>" }, "geometry": { "type": "Polygon", "coordinates": [ [ [ -79.419522819695018, 43.682320658634929 ], [ -79.418871194504007, 43.682855331793142 ], [ -79.417720430848135, 43.682199889282352 ], [ -79.419823067459021, 43.679539360248413 ], [ -79.420383481971982, 43.680475065450359 ], [ -79.419522819695018, 43.682320658634929 ] ] ] } },
{ "type": "Feature", "properties": { "vor_id": 1092, "theft_count": 13, "bike_trips": 0.0, "theft_per_1000_trips": "<NA>" }, "geometry": { "type": "Polygon", "coordinates": [ [ [ -79.339033085416347, 43.658770973285883 ], [ -79.340284361067603, 43.659281335837882 ], [ -79.340699789065127, 43.661079246744784 ], [ -79.340440305789954, 43.661621467705231 ], [ -79.339664821361012, 43.661948743173632 ], [ -79.338988455793981, 43.659021782557765 ], [ -79.339033085416347, 43.658770973285883 ] ] ] } },
{ "type": "Feature", "properties": { "vor_id": 1093, "theft_count": 29, "bike_trips": 0.0, "theft_per_1000_trips": "<NA>" }, "geometry": { "type": "Polygon", "coordinates": [ [ [ -79.388920532010999, 43.648098503795957 ], [ -79.388931349868244, 43.648072435904645 ], [ -79.390817246794271, 43.647239374975605 ], [ -79.391036974414519, 43.648284158251528 ], [ -79.389867222436266, 43.648752809985083 ], [ -79.388920532010999, 43.648098503795957 ] ] ] } },
{ "type": "Feature", "properties": { "vor_id": 1094, "theft_count": 4, "bike_trips": 0.0, "theft_per_1000_trips": "<NA>" }, "geometry": { "type": "Polygon", "coordinates": [ [ [ -79.405140463615169, 43.681919590265451 ], [ -79.403962739921226, 43.682064562728392 ], [ -79.403293434211392, 43.681621265197478 ], [ -79.402091956705974, 43.68054584262471 ], [ -79.401228513466322, 43.679057433038615 ], [ -79.402483484344373, 43.676546423012255 ], [ -79.404193175162348, 43.67627171394971 ], [ -79.405140463615169, 43.681919590265451 ] ] ] } },
{ "type": "Feature", "properties": { "vor_id": 1095, "theft_count": 28, "bike_trips": 0.0, "theft_per_1000_trips": "<NA>" }, "geometry": { "type": "Polygon", "coordinates": [ [ [ -79.402091956705974, 43.68054584262471 ], [ -79.396028661896551, 43.683016512426548 ], [ -79.395790309497144, 43.682515325796096 ], [ -79.398350814789836, 43.678085405965057 ], [ -79.401228513466322, 43.679057433038615 ], [ -79.402091956705974, 43.68054584262471 ] ] ] } },
{ "type": "Feature", "properties": { "vor_id": 1096, "theft_count": 23, "bike_trips": 0.0, "theft_per_1000_trips": "<NA>" }, "geometry": { "type": "Polygon", "coordinates": [ [ [ -79.410563754516062, 43.711749732886297 ], [ -79.409327527096991, 43.705898733356605 ], [ -79.411431351993286, 43.69914255148074 ], [ -79.415838691269414, 43.701960401856148 ], [ -79.41145900244031, 43.712253292732058 ], [ -79.410816729844925, 43.712438482356752 ], [ -79.410563754516062, 43.711749732886297 ] ] ] } },
{ "type": "Feature", "properties": { "vor_id": 1097, "theft_count": 16, "bike_trips": 0.0, "theft_per_1000_trips": "<NA>" }, "geometry": { "type": "Polygon", "coordinates": [ [ [ -79.370032950302701, 43.664425074289014 ], [ -79.36971786114988, 43.662920000052814 ], [ -79.370406403463477, 43.662631703808344 ], [ -79.37081255043924, 43.662659875422477 ], [ -79.371084848368767, 43.663947185563941 ], [ -79.370032950302701, 43.664425074289014 ] ] ] } },
{ "type": "Feature", "properties": { "vor_id": 1098, "theft_count": 11, "bike_trips": 0.0, "theft_per_1000_trips": "<NA>" }, "geometry": { "type": "Polygon", "coordinates": [ [ [ -79.190132388944207, 43.79622072568479 ], [ -79.195568886382503, 43.782211029987366 ], [ -79.200379306938828, 43.779184685851689 ], [ -79.210084106211696, 43.784745357707678 ], [ -79.205503694117894, 43.790986820759279 ], [ -79.191343070841612, 43.796089721548341 ], [ -79.190132388944207, 43.79622072568479 ] ] ] } },
{ "type": "Feature", "properties": { "vor_id": 1099, "theft_count": 9, "bike_trips": 0.0, "theft_per_1000_trips": "<NA>" }, "geometry": { "type": "Polygon", "coordinates": [ [ [ -79.399754631779388, 43.729150766463498 ], [ -79.400658988589939, 43.729536903096417 ], [ -79.401215412735411, 43.730450242264823 ], [ -79.401313157767746, 43.734058967738953 ], [ -79.398475525912929, 43.738124494515432 ], [ -79.386489147595853, 43.735701540226671 ], [ -79.393985766352046, 43.729998446106286 ], [ -79.399754631779388, 43.729150766463498 ] ] ] } },
{ "type": "Feature", "properties": { "vor_id": 1100, "theft_count": 5, "bike_trips": 0.0, "theft_per_1000_trips": "<NA>" }, "geometry": { "type": "Polygon", "coordinates": [ [ [ -79.36874597458538, 43.667975244442886 ], [ -79.368576817869553, 43.667820284518065 ], [ -79.368497967417312, 43.66744580642483 ], [ -79.370388800643113, 43.666670700282175 ], [ -79.370554973423566, 43.667231430561237 ], [ -79.36874597458538, 43.667975244442886 ] ] ] } },
{ "type": "Feature", "properties": { "vor_id": 1101, "theft_count": 4, "bike_trips": 0.0, "theft_per_1000_trips": "<NA>" }, "geometry": { "type": "Polygon", "coordinates": [ [ [ -79.380308743579761, 43.665350736308113 ], [ -79.379725679234511, 43.666034929698057 ], [ -79.379295449390384, 43.664080743869746 ], [ -79.380073023931487, 43.664262684425381 ], [ -79.380308743579761, 43.665350736308113 ] ] ] } },
{ "type": "Feature", "properties": { "vor_id": 1102, "theft_count": 14, "bike_trips": 0.0, "theft_per_1000_trips": "<NA>" }, "geometry": { "type": "Polygon", "coordinates": [ [ [ -79.39709805764852, 43.666074679722762 ], [ -79.39562913937543, 43.66681611698948 ], [ -79.395176049938229, 43.666436839231814 ], [ -79.394639910459944, 43.665352605997782 ], [ -79.394773861090513, 43.66397071466281 ], [ -79.396407421346083, 43.663198098202628 ], [ -79.396890661436345, 43.663554199546631 ], [ -79.397264152594374, 43.665351124631975 ], [ -79.39709805764852, 43.666074679722762 ] ] ] } },
{ "type": "Feature", "properties": { "vor_id": 1103, "theft_count": 26, "bike_trips": 0.0, "theft_per_1000_trips": "<NA>" }, "geometry": { "type": "Polygon", "coordinates": [ [ [ -79.413836874846723, 43.65729657868733 ], [ -79.41294306201064, 43.657034439138513 ], [ -79.412207171041942, 43.653457442075158 ], [ -79.412589494372696, 43.653303341519894 ], [ -79.41461376090848, 43.654325371526973 ], [ -79.414998031201321, 43.656843569979401 ], [ -79.413836874846723, 43.65729657868733 ] ] ] } },
{ "type": "Feature", "properties": { "vor_id": 1104, "theft_count": 21, "bike_trips": 0.0, "theft_per_1000_trips": "<NA>" }, "geometry": { "type": "Polygon", "coordinates": [ [ [ -79.534184632563125, 43.655769223967994 ], [ -79.531214154176766, 43.655916103729368 ], [ -79.526270025588829, 43.647755543584985 ], [ -79.530817730487612, 43.640846543687275 ], [ -79.531346582978017, 43.642181755451993 ], [ -79.534550167884902, 43.655632797896324 ], [ -79.534184632563125, 43.655769223967994 ] ] ] } },
{ "type": "Feature", "properties": { "vor_id": 1105, "theft_count": 20, "bike_trips": 0.0, "theft_per_1000_trips": "<NA>" }, "geometry": { "type": "Polygon", "coordinates": [ [ [ -79.359338952657794, 43.655751032809022 ], [ -79.358594628443086, 43.656534056488319 ], [ -79.358431977626424, 43.656467112585311 ], [ -79.357395189468178, 43.654744797617383 ], [ -79.358387420399822, 43.654102858404798 ], [ -79.359338952657794, 43.655751032809022 ] ] ] } },
{ "type": "Feature", "properties": { "vor_id": 1106, "theft_count": 3, "bike_trips": 0.0, "theft_per_1000_trips": "<NA>" }, "geometry": { "type": "Polygon", "coordinates": [ [ [ -79.427682753310251, 43.673390698782285 ], [ -79.427187060191272, 43.673781645669187 ], [ -79.423495809638666, 43.673420873530198 ], [ -79.42507542126765, 43.671466580374712 ], [ -79.427077865901467, 43.671558572251207 ], [ -79.427682753310251, 43.673390698782285 ] ] ] } },
{ "type": "Feature", "properties": { "vor_id": 1107, "theft_count": 25, "bike_trips": 0.0, "theft_per_1000_trips": "<NA>" }, "geometry": { "type": "Polygon", "coordinates": [ [ [ -79.404413036727703, 43.668539403540848 ], [ -79.403697058922717, 43.66883028473346 ], [ -79.403140309754107, 43.666281762568801 ], [ -79.403993341919318, 43.665642785177624 ], [ -79.404490598374579, 43.668425769038365 ], [ -79.404413036727703, 43.668539403540848 ] ] ] } },
{ "type": "Feature", "properties": { "vor_id": 1108, "theft_count": 13, "bike_trips": 0.0, "theft_per_1000_trips": "<NA>" }, "geometry": { "type": "Polygon", "coordinates": [ [ [ -79.334016369807586, 43.681248327403232 ], [ -79.333970249890925, 43.681173782462984 ], [ -79.334323242561993, 43.678794099171554 ], [ -79.336405104892989, 43.679979574685269 ], [ -79.336105297025142, 43.681883538399376 ], [ -79.335017563052588, 43.682187602811162 ], [ -79.334016369807586, 43.681248327403232 ] ] ] } },
{ "type": "Feature", "properties": { "vor_id": 1109, "theft_count": 80, "bike_trips": 0.0, "theft_per_1000_trips": "<NA>" }, "geometry": { "type": "Polygon", "coordinates": [ [ [ -79.384354517383045, 43.660519875045935 ], [ -79.383603185023929, 43.659786510952216 ], [ -79.383617694080641, 43.659464883313973 ], [ -79.385473247873563, 43.658672982784807 ], [ -79.38574782700384, 43.659922983379154 ], [ -79.384354517383045, 43.660519875045935 ] ] ] } },
{ "type": "Feature", "properties": { "vor_id": 1110, "theft_count": 53, "bike_trips": 0.0, "theft_per_1000_trips": "<NA>" }, "geometry": { "type": "Polygon", "coordinates": [ [ [ -79.377306643404765, 43.670122925996814 ], [ -79.377525365501242, 43.671081734311727 ], [ -79.377520045626795, 43.671179831080977 ], [ -79.376219239819946, 43.671691129672304 ], [ -79.375461412814985, 43.670442242113396 ], [ -79.377015622041355, 43.669787895993288 ], [ -79.377306643404765, 43.670122925996814 ] ] ] } },
{ "type": "Feature", "properties": { "vor_id": 1111, "theft_count": 6, "bike_trips": 0.0, "theft_per_1000_trips": "<NA>" }, "geometry": { "type": "Polygon", "coordinates": [ [ [ -79.264896117650977, 43.790139822384958 ], [ -79.260687442841288, 43.787617239782669 ], [ -79.256251777618232, 43.785519326374526 ], [ -79.253147067259434, 43.78440844324512 ], [ -79.255721816346821, 43.780923065995744 ], [ -79.257725840111576, 43.780414640349044 ], [ -79.266223605103278, 43.78923585916781 ], [ -79.266054869816671, 43.789730307096036 ], [ -79.265709304571786, 43.790742922909004 ], [ -79.264538997762813, 43.79417229318932 ], [ -79.259224236581176, 43.798385915982507 ], [ -79.259937425384877, 43.797196032349014 ], [ -79.262860383331855, 43.79325487979181 ], [ -79.265367109457969, 43.790489133715923 ], [ -79.264896117650977, 43.790139822384958 ] ] ] } },
{ "type": "Feature", "properties": { "vor_id": 1112, "theft_count": 8, "bike_trips": 0.0, "theft_per_1000_trips": "<NA>" }, "geometry": { "type": "Polygon", "coordinates": [ [ [ -79.303849009763397, 43.666509433171484 ], [ -79.300408270994666, 43.662696260125948 ], [ -79.298087624243081, 43.658762328214955 ], [ -79.298828, 43.6583478 ], [ -79.303171092889002, 43.655729179029692 ], [ -79.305931886703178, 43.661953552844807 ], [ -79.306626425411977, 43.664697404379474 ], [ -79.303849009763397, 43.666509433171484 ] ] ] } },
{ "type": "Feature", "properties": { "vor_id": 1113, "theft_count": 9, "bike_trips": 0.0, "theft_per_1000_trips": "<NA>" }, "geometry": { "type": "Polygon", "coordinates": [ [ [ -79.493071176019399, 43.720859904290919 ], [ -79.495689440649386, 43.710476974029916 ], [ -79.50723669734586, 43.709988595751774 ], [ -79.507862148789116, 43.71023036663113 ], [ -79.509943428982908, 43.713782720101477 ], [ -79.500548549271286, 43.723475429942724 ], [ -79.500332579954502, 43.723534986274402 ], [ -79.493071176019399, 43.720859904290919 ] ] ] } },
{ "type": "Feature", "properties": { "vor_id": 1114, "theft_count": 8, "bike_trips": 0.0, "theft_per_1000_trips": "<NA>" }, "geometry": { "type": "Polygon", "coordinates": [ [ [ -79.457767251242316, 43.665118181102002 ], [ -79.458746184761736, 43.665599767346976 ], [ -79.459727885293262, 43.670719563977187 ], [ -79.459110311952642, 43.671278843951669 ], [ -79.455975763067386, 43.669585809868074 ], [ -79.455442461503637, 43.668196790413283 ], [ -79.457767251242316, 43.665118181102002 ] ] ] } },
{ "type": "Feature", "properties": { "vor_id": 1115, "theft_count": 9, "bike_trips": 0.0, "theft_per_1000_trips": "<NA>" }, "geometry": { "type": "Polygon", "coordinates": [ [ [ -79.462059744669276, 43.666523320082923 ], [ -79.462203427206688, 43.666412501647905 ], [ -79.468538742530086, 43.668734205757971 ], [ -79.468762249072483, 43.669293096784919 ], [ -79.467389871010681, 43.671792187405408 ], [ -79.464448218879554, 43.67097700163341 ], [ -79.462225883382487, 43.669366096275816 ], [ -79.462059744669276, 43.666523320082923 ] ] ] } },
{ "type": "Feature", "properties": { "vor_id": 1116, "theft_count": 25, "bike_trips": 0.0, "theft_per_1000_trips": "<NA>" }, "geometry": { "type": "Polygon", "coordinates": [ [ [ -79.388917584489036, 43.699932283066431 ], [ -79.387030325283149, 43.701584177201035 ], [ -79.386396271900196, 43.698782078558764 ], [ -79.387765937374255, 43.698472506166624 ], [ -79.388917584489036, 43.699932283066431 ] ] ] } },
{ "type": "Feature", "properties": { "vor_id": 1117, "theft_count": 24, "bike_trips": 0.0, "theft_per_1000_trips": "<NA>" }, "geometry": { "type": "Polygon", "coordinates": [ [ [ -79.395336708867219, 43.669589977721877 ], [ -79.397992844249558, 43.668497916091106 ], [ -79.399067432877274, 43.668843743033399 ], [ -79.399183409287559, 43.669385540491518 ], [ -79.395673139140143, 43.670675039646817 ], [ -79.395336708867219, 43.669589977721877 ] ] ] } },
{ "type": "Feature", "properties": { "vor_id": 1118, "theft_count": 22, "bike_trips": 0.0, "theft_per_1000_trips": "<NA>" }, "geometry": { "type": "Polygon", "coordinates": [ [ [ -79.361438478291419, 43.655337511507049 ], [ -79.362674730850145, 43.655068105828626 ], [ -79.362800046035716, 43.655106262731998 ], [ -79.363801048295514, 43.656655479469102 ], [ -79.363726142001042, 43.658061766620818 ], [ -79.361356241175656, 43.658197974817554 ], [ -79.361051631536327, 43.657572605441551 ], [ -79.361127086953132, 43.655799315557076 ], [ -79.361438478291419, 43.655337511507049 ] ] ] } },
{ "type": "Feature", "properties": { "vor_id": 1119, "theft_count": 12, "bike_trips": 0.0, "theft_per_1000_trips": "<NA>" }, "geometry": { "type": "Polygon", "coordinates": [ [ [ -79.366677100035616, 43.66979184261583 ], [ -79.367173861530347, 43.672040201106874 ], [ -79.365147142792111, 43.673338690843543 ], [ -79.363861112253574, 43.667851425312485 ], [ -79.364327921210943, 43.667640191919517 ], [ -79.364995906661278, 43.668001151447442 ], [ -79.366677100035616, 43.66979184261583 ] ] ] } },
{ "type": "Feature", "properties": { "vor_id": 1120, "theft_count": 11, "bike_trips": 0.0, "theft_per_1000_trips": "<NA>" }, "geometry": { "type": "Polygon", "coordinates": [ [ [ -79.406798425491601, 43.728642856593225 ], [ -79.41255912119523, 43.726329440858414 ], [ -79.415780889172638, 43.727976106851479 ], [ -79.417109599353438, 43.7311702682846 ], [ -79.4170713529425, 43.731270845159543 ], [ -79.408536465232942, 43.730563125415173 ], [ -79.4075245234269, 43.730283375477299 ], [ -79.406839430840293, 43.728977273895097 ], [ -79.406798425491601, 43.728642856593225 ] ] ] } },
{ "type": "Feature", "properties": { "vor_id": 1121, "theft_count": 26, "bike_trips": 0.0, "theft_per_1000_trips": "<NA>" }, "geometry": { "type": "Polygon", "coordinates": [ [ [ -79.345167172476351, 43.70785026296754 ], [ -79.345914714112922, 43.703918179372394 ], [ -79.350943965244127, 43.70319419041072 ], [ -79.356912415489234, 43.708835720187004 ], [ -79.352090426021917, 43.722156991573684 ], [ -79.348794909215158, 43.721400253286902 ], [ -79.347553743788737, 43.719369891525623 ], [ -79.345364101911358, 43.714153773350262 ], [ -79.345167172476351, 43.70785026296754 ] ] ] } },
{ "type": "Feature", "properties": { "vor_id": 1122, "theft_count": 0, "bike_trips": 0.0, "theft_per_1000_trips": "<NA>" }, "geometry": { "type": "Polygon", "coordinates": [ [ [ -79.289113372844952, 43.776015354726979 ], [ -79.289324371541156, 43.776544468865467 ], [ -79.287406791680041, 43.777024797615802 ], [ -79.287974447554333, 43.77651989088352 ], [ -79.289113372844952, 43.776015354726979 ] ] ] } },
{ "type": "Feature", "properties": { "vor_id": 1123, "theft_count": 32, "bike_trips": 0.0, "theft_per_1000_trips": "<NA>" }, "geometry": { "type": "Polygon", "coordinates": [ [ [ -79.371832182136686, 43.659726771086355 ], [ -79.37155375027551, 43.65680504667035 ], [ -79.371603664937993, 43.656748290879705 ], [ -79.373121659969797, 43.656965713904789 ], [ -79.374050202955146, 43.6587866996719 ], [ -79.371832182136686, 43.659726771086355 ] ] ] } },
{ "type": "Feature", "properties": { "vor_id": 1124, "theft_count": 2, "bike_trips": 0.0, "theft_per_1000_trips": "<NA>" }, "geometry": { "type": "Polygon", "coordinates": [ [ [ -79.366452708908696, 43.70973456318093 ], [ -79.365010872276585, 43.710322355497745 ], [ -79.36509196694341, 43.709262354137437 ], [ -79.366254736745134, 43.708795201754633 ], [ -79.366452708908696, 43.70973456318093 ] ] ] } },
{ "type": "Feature", "properties": { "vor_id": 1125, "theft_count": 6, "bike_trips": 0.0, "theft_per_1000_trips": "<NA>" }, "geometry": { "type": "Polygon", "coordinates": [ [ [ -79.305055375364788, 43.675129762828099 ], [ -79.306096641261178, 43.676032715906366 ], [ -79.305704611277733, 43.678896170920339 ], [ -79.305540394993145, 43.679255334199972 ], [ -79.304473770547389, 43.679715668174062 ], [ -79.302941859298301, 43.677749107503203 ], [ -79.302377728138111, 43.674981979009388 ], [ -79.305055375364788, 43.675129762828099 ] ] ] } },
{ "type": "Feature", "properties": { "vor_id": 1126, "theft_count": 5, "bike_trips": 0.0, "theft_per_1000_trips": "<NA>" }, "geometry": { "type": "Polygon", "coordinates": [ [ [ -79.322303399556958, 43.658938048611944 ], [ -79.326084280986962, 43.660335497926908 ], [ -79.326966810986264, 43.660718112781019 ], [ -79.328636832401742, 43.662324510544074 ], [ -79.328583013782094, 43.662717520017807 ], [ -79.326038018738544, 43.663815758273302 ], [ -79.325129659830537, 43.663293317051483 ], [ -79.322303399556958, 43.658938048611944 ] ] ] } },
{ "type": "Feature", "properties": { "vor_id": 1127, "theft_count": 8, "bike_trips": 0.0, "theft_per_1000_trips": "<NA>" }, "geometry": { "type": "Polygon", "coordinates": [ [ [ -79.459727885293262, 43.670719563977187 ], [ -79.462225883382487, 43.669366096275816 ], [ -79.464448218879554, 43.67097700163341 ], [ -79.461401521676493, 43.673458769088505 ], [ -79.459151785666322, 43.671653963237404 ], [ -79.459110311952642, 43.671278843951669 ], [ -79.459727885293262, 43.670719563977187 ] ] ] } },
{ "type": "Feature", "properties": { "vor_id": 1128, "theft_count": 9, "bike_trips": 0.0, "theft_per_1000_trips": "<NA>" }, "geometry": { "type": "Polygon", "coordinates": [ [ [ -79.36281353905099, 43.707975654699631 ], [ -79.363856984376696, 43.707574137698856 ], [ -79.36509196694341, 43.709262354137437 ], [ -79.365010872276585, 43.710322355497745 ], [ -79.364803111806026, 43.710679422882919 ], [ -79.362319508732611, 43.708372210818908 ], [ -79.36281353905099, 43.707975654699631 ] ] ] } },
{ "type": "Feature", "properties": { "vor_id": 1129, "theft_count": 7, "bike_trips": 0.0, "theft_per_1000_trips": "<NA>" }, "geometry": { "type": "Polygon", "coordinates": [ [ [ -79.504242876959182, 43.654778408668903 ], [ -79.50525247192158, 43.654649894602741 ], [ -79.509291837872468, 43.660185032073073 ], [ -79.508438187671018, 43.66634157325506 ], [ -79.503086441571469, 43.656804155568629 ], [ -79.504242876959182, 43.654778408668903 ] ] ] } },
{ "type": "Feature", "properties": { "vor_id": 1130, "theft_count": 34, "bike_trips": 0.0, "theft_per_1000_trips": "<NA>" }, "geometry": { "type": "Polygon", "coordinates": [ [ [ -79.402404733996903, 43.704913636637087 ], [ -79.410563754516062, 43.711749732886297 ], [ -79.410816729844925, 43.712438482356752 ], [ -79.410077588355207, 43.713362785362079 ], [ -79.408294216516651, 43.71417138831719 ], [ -79.406143428939828, 43.712966976826593 ], [ -79.402205789405528, 43.708266129699879 ], [ -79.401853736970821, 43.706569472235081 ], [ -79.402330456783091, 43.704976603148857 ], [ -79.402404733996903, 43.704913636637087 ] ] ] } },
{ "type": "Feature", "properties": { "vor_id": 1131, "theft_count": 43, "bike_trips": 0.0, "theft_per_1000_trips": "<NA>" }, "geometry": { "type": "Polygon", "coordinates": [ [ [ -79.40238873269935, 43.66190943636817 ], [ -79.400912986857804, 43.662490946769559 ], [ -79.400377388866133, 43.661821471017568 ], [ -79.400219117604038, 43.661060050952159 ], [ -79.401616987105683, 43.660222200216573 ], [ -79.402116520326899, 43.660634500738162 ], [ -79.40238873269935, 43.66190943636817 ] ] ] } },
{ "type": "Feature", "properties": { "vor_id": 1132, "theft_count": 20, "bike_trips": 0.0, "theft_per_1000_trips": "<NA>" }, "geometry": { "type": "Polygon", "coordinates": [ [ [ -79.428702065298168, 43.6494851676742 ], [ -79.426531060230602, 43.650170152837283 ], [ -79.425814048512152, 43.6494277912836 ], [ -79.425356218651601, 43.648228472015035 ], [ -79.42542532489874, 43.648027303645975 ], [ -79.426527478013455, 43.647839789219802 ], [ -79.428762285895615, 43.64920738329203 ], [ -79.428702065298168, 43.6494851676742 ] ] ] } },
{ "type": "Feature", "properties": { "vor_id": 1133, "theft_count": 10, "bike_trips": 0.0, "theft_per_1000_trips": "<NA>" }, "geometry": { "type": "Polygon", "coordinates": [ [ [ -79.271685963848469, 43.763751982075668 ], [ -79.263371454480051, 43.77265638056933 ], [ -79.260130855706393, 43.772842742576103 ], [ -79.257927381086745, 43.771223997633129 ], [ -79.25924899177096, 43.767709736300304 ], [ -79.26800961473036, 43.75853933944439 ], [ -79.271685963848469, 43.763751982075668 ] ] ] } },
{ "type": "Feature", "properties": { "vor_id": 1134, "theft_count": 31, "bike_trips": 0.0, "theft_per_1000_trips": "<NA>" }, "geometry": { "type": "Polygon", "coordinates": [ [ [ -79.362722953715789, 43.653437123523069 ], [ -79.362172097196677, 43.652486553482738 ], [ -79.364406469755366, 43.651538187273772 ], [ -79.364756160202035, 43.652569824637695 ], [ -79.362722953715789, 43.653437123523069 ] ] ] } },
{ "type": "Feature", "properties": { "vor_id": 1135, "theft_count": 12, "bike_trips": 0.0, "theft_per_1000_trips": "<NA>" }, "geometry": { "type": "Polygon", "coordinates": [ [ [ -79.503029205262123, 43.684849132208406 ], [ -79.501032778814434, 43.695813713177927 ], [ -79.498036073834612, 43.697402561199851 ], [ -79.490894864296351, 43.690562695653433 ], [ -79.492100984631804, 43.687509585072078 ], [ -79.496567348558983, 43.684359631521524 ], [ -79.502247162789672, 43.683167181800684 ], [ -79.503029205262123, 43.684849132208406 ] ] ] } },
{ "type": "Feature", "properties": { "vor_id": 1136, "theft_count": 26, "bike_trips": 0.0, "theft_per_1000_trips": "<NA>" }, "geometry": { "type": "Polygon", "coordinates": [ [ [ -79.461006655346409, 43.648527955079494 ], [ -79.460906131716868, 43.653969887565488 ], [ -79.458315952882714, 43.655245713777482 ], [ -79.454982267723921, 43.652593482150927 ], [ -79.455007182470311, 43.651928622937454 ], [ -79.45521611970787, 43.650820077016192 ], [ -79.455321715293465, 43.650438013696473 ], [ -79.456240643227986, 43.649534698965383 ], [ -79.461006655346409, 43.648527955079494 ] ] ] } },
{ "type": "Feature", "properties": { "vor_id": 1137, "theft_count": 11, "bike_trips": 0.0, "theft_per_1000_trips": "<NA>" }, "geometry": { "type": "Polygon", "coordinates": [ [ [ -79.390282028055651, 43.645998759951425 ], [ -79.390318226386952, 43.645844108748364 ], [ -79.391212227333625, 43.64548400440264 ], [ -79.392076101079738, 43.64641293250088 ], [ -79.391714115730409, 43.646774949039283 ], [ -79.39084070915419, 43.647134541804292 ], [ -79.390427325881817, 43.646666994829097 ], [ -79.390282028055651, 43.645998759951425 ] ] ] } },
{ "type": "Feature", "properties": { "vor_id": 1138, "theft_count": 12, "bike_trips": 0.0, "theft_per_1000_trips": "<NA>" }, "geometry": { "type": "Polygon", "coordinates": [ [ [ -79.336371983485435, 43.696946019896608 ], [ -79.330529174856011, 43.692331043804082 ], [ -79.33101303162556, 43.69130801461835 ], [ -79.332666071786591, 43.686688076862836 ], [ -79.332845241183918, 43.68597279253347 ], [ -79.332919567974443, 43.685970907341733 ], [ -79.336332573442505, 43.688864286408617 ], [ -79.336371983485435, 43.696946019896608 ] ] ] } },
{ "type": "Feature", "properties": { "vor_id": 1139, "theft_count": 13, "bike_trips": 0.0, "theft_per_1000_trips": "<NA>" }, "geometry": { "type": "Polygon", "coordinates": [ [ [ -79.332613996139941, 43.666452240843057 ], [ -79.331182823400596, 43.668174712958404 ], [ -79.328082936608297, 43.667283301842659 ], [ -79.327988294052673, 43.666547969256861 ], [ -79.32916598082177, 43.665271482805501 ], [ -79.331221349340666, 43.665011322773076 ], [ -79.332354395052107, 43.66521916172244 ], [ -79.333024022127375, 43.66547652067981 ], [ -79.332613996139941, 43.666452240843057 ] ] ] } },
{ "type": "Feature", "properties": { "vor_id": 1140, "theft_count": 483, "bike_trips": 1442.0, "theft_per_1000_trips": "334.95145631067965" }, "geometry": { "type": "MultiPolygon", "coordinates": [ [ [ [ -79.490801724100706, 43.735655704979841 ], [ -79.49556144186262, 43.736847952213381 ], [ -79.500181379618127, 43.738500992374433 ], [ -79.503997078333711, 43.740305683462317 ], [ -79.502274120857351, 43.741907888078998 ], [ -79.486762654545174, 43.738400637267539 ], [ -79.487453608746861, 43.73515905898244 ], [ -79.490801724100706, 43.735655704979841 ] ] ], [ [ [ -79.522620688615007, 43.756916457349014 ], [ -79.522702167369516, 43.757052396438326 ], [ -79.525143271217317, 43.761125132158703 ], [ -79.527241184625439, 43.765560797381738 ], [ -79.528894224786484, 43.770180735137274 ], [ -79.529783167028427, 43.773729591497847 ], [ -79.527618499999988, 43.7741782 ], [ -79.527583409137691, 43.774184350166443 ], [ -79.515333882540745, 43.767819858282962 ], [ -79.513129964204637, 43.76782252673231 ], [ -79.50559853144658, 43.762886618759651 ], [ -79.503355537855498, 43.765065265029612 ], [ -79.504597512637091, 43.770810593528054 ], [ -79.503150167879966, 43.770300097602266 ], [ -79.49797075458487, 43.772511172996879 ], [ -79.491653356190596, 43.778904010876317 ], [ -79.493444820208182, 43.781771930291605 ], [ -79.4934327, 43.781774899999988 ], [ -79.4907833, 43.7824072 ], [ -79.4906964, 43.782428 ], [ -79.489196299999989, 43.7827773 ], [ -79.489015099999989, 43.7828168 ], [ -79.4884194, 43.7829584 ], [ -79.4878561, 43.7830922 ], [ -79.4875255, 43.7831412 ], [ -79.483237299999985, 43.7841677 ], [ -79.4830056, 43.7842216 ], [ -79.4829926, 43.7842246 ], [ -79.4825637, 43.7843243 ], [ -79.482491, 43.7843412 ], [ -79.482366899999988, 43.7843697 ], [ -79.482255899999984, 43.7843953 ], [ -79.4821915, 43.7844092 ], [ -79.4820728, 43.7844374 ], [ -79.4815659, 43.784554 ], [ -79.4808651, 43.7847027 ], [ -79.4799454, 43.7849333 ], [ -79.4783577, 43.7853091 ], [ -79.477810199999979, 43.7854415 ], [ -79.477412799999982, 43.7855376 ], [ -79.477003399999987, 43.7856366 ], [ -79.4769985, 43.7856378 ], [ -79.476380700000021, 43.7857872 ], [ -79.4763686, 43.7857901 ], [ -79.4758368, 43.7859187 ], [ -79.475454352923393, 43.786011247966599 ], [ -79.4752938, 43.7860501 ], [ -79.475062899999983, 43.7860969 ], [ -79.472978399999988, 43.7866003 ], [ -79.472893499999984, 43.7866183 ], [ -79.4727378, 43.7866433 ], [ -79.4722374, 43.786752 ], [ -79.471881, 43.7868395 ], [ -79.471080699999987, 43.7870411 ], [ -79.4709552, 43.7870726 ], [ -79.470316499999981, 43.7872247 ], [ -79.4700891, 43.7872688 ], [ -79.469180899999984, 43.787445 ], [ -79.469039199999983, 43.7874741 ], [ -79.468612, 43.787562 ], [ -79.4685834, 43.7875679 ], [ -79.4684849, 43.7875882 ], [ -79.4683122, 43.7876237 ], [ -79.467449, 43.7878014 ], [ -79.4671431, 43.7878655 ], [ -79.467017899999988, 43.7878918 ], [ -79.4668788, 43.787923 ], [ -79.4667282, 43.7879567 ], [ -79.4659522, 43.788109 ], [ -79.4647621, 43.7883493 ], [ -79.459419610872018, 43.789483126736549 ], [ -79.457169799999988, 43.7899606 ], [ -79.456798897885363, 43.790040858604634 ], [ -79.4492516, 43.791674 ], [ -79.449109099999987, 43.791705299999983 ], [ -79.448928, 43.791745 ], [ -79.4486897, 43.791797099999989 ], [ -79.4483932, 43.7918622 ], [ -79.4481327, 43.7919195 ], [ -79.4476572, 43.7920142 ], [ -79.4469851, 43.7921745 ], [ -79.4467618, 43.7922246 ], [ -79.4465072, 43.7922818 ], [ -79.445756500000016, 43.7924485 ], [ -79.445000399999984, 43.7926014 ], [ -79.4444444, 43.7927223 ], [ -79.443749905973988, 43.792865639922972 ], [ -79.4424928, 43.7931251 ], [ -79.4411314, 43.7934082 ], [ -79.441018, 43.7934298 ], [ -79.4409079, 43.7934576 ], [ -79.4405507, 43.7935357 ], [ -79.440506099999979, 43.7935455 ], [ -79.4395528, 43.7937539 ], [ -79.439284823309976, 43.793818407929386 ], [ -79.438655499999982, 43.7939699 ], [ -79.4382415, 43.7940589 ], [ -79.4366898, 43.794376 ], [ -79.4365438, 43.7944059 ], [ -79.4363798, 43.7944457 ], [ -79.4361855, 43.79449060000001 ], [ -79.4360032, 43.7945328 ], [ -79.4356531, 43.7946137 ], [ -79.4355627, 43.7946348 ], [ -79.435449599999984, 43.7946611 ], [ -79.435304, 43.794695 ], [ -79.435032, 43.7947575 ], [ -79.4348348, 43.7948029 ], [ -79.434740199999979, 43.7948248 ], [ -79.4347357, 43.7948258 ], [ -79.4346197, 43.7948526 ], [ -79.4344004, 43.7949033 ], [ -79.4341224, 43.7949618 ], [ -79.4339018, 43.7950125 ], [ -79.4338929, 43.7950145 ], [ -79.4337836, 43.7950396 ], [ -79.433005014134665, 43.795211650120876 ], [ -79.432241138452, 43.795380449619273 ], [ -79.432007943979713, 43.794449485100799 ], [ -79.431775341580661, 43.792881407098257 ], [ -79.431617175757054, 43.79181513972614 ], [ -79.431287971666265, 43.78959582601648 ], [ -79.431047207999896, 43.784694969 ], [ -79.431228786356129, 43.780998856647919 ], [ -79.431287971666265, 43.779794111983513 ], [ -79.432007943979713, 43.774940452899187 ], [ -79.432044224806077, 43.774795611721288 ], [ -79.43527863932394, 43.775506639713527 ], [ -79.435353263427828, 43.775442793721169 ], [ -79.436493155671386, 43.775996000702627 ], [ -79.443500324107006, 43.78364107694405 ], [ -79.448318851678479, 43.777494191360049 ], [ -79.448295712798966, 43.77720060819447 ], [ -79.454181232544656, 43.770324007175233 ], [ -79.463580990872572, 43.767926870211852 ], [ -79.464473565588577, 43.768293456138302 ], [ -79.469823967734058, 43.76724058923358 ], [ -79.472722703130785, 43.748660073918948 ], [ -79.463263544611181, 43.751130297547412 ], [ -79.461081627666758, 43.740155401595082 ], [ -79.460952003052455, 43.74009652510221 ], [ -79.461532367977341, 43.738681035120962 ], [ -79.461913036381631, 43.738500992374433 ], [ -79.466532974137166, 43.736847952213381 ], [ -79.47129269189908, 43.735655704979841 ], [ -79.476146350983413, 43.734935732666386 ], [ -79.476966359429071, 43.734895448234667 ], [ -79.481752711507411, 43.74100476484346 ], [ -79.48359153768223, 43.74087848829307 ], [ -79.486879898696088, 43.749867788417561 ], [ -79.491512340023164, 43.752812080225965 ], [ -79.502412238898529, 43.752857745997005 ], [ -79.502916185530012, 43.752072358522291 ], [ -79.503215076655493, 43.747678437319792 ], [ -79.513182395228512, 43.7482977493476 ], [ -79.513994767832543, 43.747157346054969 ], [ -79.516402547059215, 43.749339629940678 ], [ -79.519279025816701, 43.752513335178371 ], [ -79.519697730668028, 43.752975304791811 ], [ -79.522620688615007, 43.756916457349014 ] ], [ [ -79.490395908747544, 43.76730519025255 ], [ -79.494620020823376, 43.76101028880889 ], [ -79.4925463887662, 43.759871164644139 ], [ -79.489022082030772, 43.760788277719136 ], [ -79.483535832365959, 43.75979875056094 ], [ -79.473122719322276, 43.768370355565011 ], [ -79.47660602161028, 43.771568438911181 ], [ -79.48855029130435, 43.775752182356335 ], [ -79.490395908747544, 43.76730519025255 ] ] ], [ [ [ -79.445691868940571, 43.749339629940678 ], [ -79.448711971665219, 43.746602368386029 ], [ -79.450729010630681, 43.756043916506286 ], [ -79.436897766736081, 43.763709293128855 ], [ -79.436125822789691, 43.762870128900197 ], [ -79.436951144782469, 43.761125132158703 ], [ -79.439473727384751, 43.756916457349014 ], [ -79.442396685331758, 43.752975304791811 ], [ -79.445691868940571, 43.749339629940678 ] ] ] ] } },
{ "type": "Feature", "properties": { "vor_id": 1141, "theft_count": 9, "bike_trips": 0.0, "theft_per_1000_trips": "<NA>" }, "geometry": { "type": "Polygon", "coordinates": [ [ [ -79.454845857428808, 43.644006833718407 ], [ -79.454508453755437, 43.646829529527508 ], [ -79.451178124358307, 43.645445674510377 ], [ -79.45101187982074, 43.645051306961783 ], [ -79.450840474781245, 43.644187753083493 ], [ -79.454845857428808, 43.644006833718407 ] ] ] } },
{ "type": "Feature", "properties": { "vor_id": 1142, "theft_count": 10, "bike_trips": 0.0, "theft_per_1000_trips": "<NA>" }, "geometry": { "type": "Polygon", "coordinates": [ [ [ -79.436104638561332, 43.684319893832686 ], [ -79.437568634606919, 43.685054184419648 ], [ -79.437878515569182, 43.685364997418702 ], [ -79.437679644487105, 43.68624398475756 ], [ -79.429682102478878, 43.68969636575401 ], [ -79.4300448434212, 43.686710516563863 ], [ -79.436104638561332, 43.684319893832686 ] ] ] } },
{ "type": "Feature", "properties": { "vor_id": 1143, "theft_count": 5, "bike_trips": 0.0, "theft_per_1000_trips": "<NA>" }, "geometry": { "type": "Polygon", "coordinates": [ [ [ -79.420793576232157, 43.645261144230318 ], [ -79.420079749511885, 43.646347559217986 ], [ -79.418743487756586, 43.646849679791181 ], [ -79.419482472193508, 43.644962981380921 ], [ -79.420793576232157, 43.645261144230318 ] ] ] } },
{ "type": "Feature", "properties": { "vor_id": 1144, "theft_count": 17, "bike_trips": 0.0, "theft_per_1000_trips": "<NA>" }, "geometry": { "type": "Polygon", "coordinates": [ [ [ -79.397451506882646, 43.649443742000351 ], [ -79.397743119773722, 43.649557129112978 ], [ -79.397843534808757, 43.649832312206286 ], [ -79.397866918977286, 43.649924007355125 ], [ -79.397134654446319, 43.650422227339867 ], [ -79.396144203586744, 43.650807757374544 ], [ -79.395631155522238, 43.650177114027798 ], [ -79.397451506882646, 43.649443742000351 ] ] ] } },
{ "type": "Feature", "properties": { "vor_id": 1145, "theft_count": 13, "bike_trips": 0.0, "theft_per_1000_trips": "<NA>" }, "geometry": { "type": "Polygon", "coordinates": [ [ [ -79.427674646215408, 43.641959338774285 ], [ -79.429161133145996, 43.641376230930639 ], [ -79.428862000001971, 43.643204920253794 ], [ -79.428225790606305, 43.642994450362998 ], [ -79.427674646215408, 43.641959338774285 ] ] ] } },
{ "type": "Feature", "properties": { "vor_id": 1146, "theft_count": 46, "bike_trips": 0.0, "theft_per_1000_trips": "<NA>" }, "geometry": { "type": "Polygon", "coordinates": [ [ [ -79.410077588355207, 43.713362785362079 ], [ -79.413345022858934, 43.719574758756529 ], [ -79.410581183732035, 43.724334387421841 ], [ -79.40680307327284, 43.723767115944227 ], [ -79.405695443077249, 43.718670640707188 ], [ -79.405594886012565, 43.717308804477007 ], [ -79.408294216516651, 43.71417138831719 ], [ -79.410077588355207, 43.713362785362079 ] ] ] } },
{ "type": "Feature", "properties": { "vor_id": 1147, "theft_count": 32, "bike_trips": 0.0, "theft_per_1000_trips": "<NA>" }, "geometry": { "type": "Polygon", "coordinates": [ [ [ -79.462528952865682, 43.705122373303077 ], [ -79.464325035779851, 43.71328880901531 ], [ -79.453699266138798, 43.715368760237062 ], [ -79.452904628781795, 43.708364112655019 ], [ -79.455231972529234, 43.706579372198036 ], [ -79.462135217086839, 43.705027594111627 ], [ -79.462528952865682, 43.705122373303077 ] ] ] } },
{ "type": "Feature", "properties": { "vor_id": 1148, "theft_count": 0, "bike_trips": 0.0, "theft_per_1000_trips": "<NA>" }, "geometry": { "type": "Polygon", "coordinates": [ [ [ -79.174385616862935, 43.75785420781127 ], [ -79.174203112217327, 43.757468334158702 ], [ -79.171680529615031, 43.753259659349006 ], [ -79.17136757920845, 43.752837694573088 ], [ -79.174623283474602, 43.751375264756511 ], [ -79.174385616862935, 43.75785420781127 ] ] ] } },
{ "type": "Feature", "properties": { "vor_id": 1149, "theft_count": 9, "bike_trips": 0.0, "theft_per_1000_trips": "<NA>" }, "geometry": { "type": "Polygon", "coordinates": [ [ [ -79.324434005703338, 43.681401987331988 ], [ -79.324417331288771, 43.681397449469564 ], [ -79.323520646865532, 43.676927595337887 ], [ -79.324702034510523, 43.676726867416839 ], [ -79.325467575381325, 43.680310622457 ], [ -79.324434005703338, 43.681401987331988 ] ] ] } },
{ "type": "Feature", "properties": { "vor_id": 1150, "theft_count": 31, "bike_trips": 0.0, "theft_per_1000_trips": "<NA>" }, "geometry": { "type": "Polygon", "coordinates": [ [ [ -79.378723455710428, 43.655333059649685 ], [ -79.378930868333143, 43.656387702280639 ], [ -79.378916956488453, 43.656995717037603 ], [ -79.377971371733665, 43.65738805684088 ], [ -79.377918554665087, 43.657360901383193 ], [ -79.377556154538738, 43.65557320223585 ], [ -79.378356180754338, 43.655247443814361 ], [ -79.378723455710428, 43.655333059649685 ] ] ] } },
{ "type": "Feature", "properties": { "vor_id": 1151, "theft_count": 6, "bike_trips": 0.0, "theft_per_1000_trips": "<NA>" }, "geometry": { "type": "Polygon", "coordinates": [ [ [ -79.411890138159322, 43.677473131571254 ], [ -79.413544744696694, 43.676839051117049 ], [ -79.415426011623879, 43.6794833075108 ], [ -79.415943975161838, 43.680587345936019 ], [ -79.415671586406319, 43.681775489861025 ], [ -79.413800864107756, 43.682622194963457 ], [ -79.410319528916929, 43.680857944497532 ], [ -79.411890138159322, 43.677473131571254 ] ] ] } },
{ "type": "Feature", "properties": { "vor_id": 1152, "theft_count": 16, "bike_trips": 0.0, "theft_per_1000_trips": "<NA>" }, "geometry": { "type": "Polygon", "coordinates": [ [ [ -79.426432229992713, 43.658457594729548 ], [ -79.423258499656029, 43.6596294787849 ], [ -79.422890478465419, 43.657798707801909 ], [ -79.424520096864654, 43.656162437679896 ], [ -79.425003876415261, 43.656252016031537 ], [ -79.426462411429057, 43.65816366009561 ], [ -79.426432229992713, 43.658457594729548 ] ] ] } },
{ "type": "Feature", "properties": { "vor_id": 1153, "theft_count": 36, "bike_trips": 0.0, "theft_per_1000_trips": "<NA>" }, "geometry": { "type": "Polygon", "coordinates": [ [ [ -79.452364438484324, 43.657081343424629 ], [ -79.452391688119491, 43.656964530110471 ], [ -79.453778103974741, 43.655942990248349 ], [ -79.457476178592046, 43.657547844187057 ], [ -79.457770805506627, 43.658049134525811 ], [ -79.4561199782882, 43.659799525276526 ], [ -79.452631954607796, 43.657541144079879 ], [ -79.452389653801305, 43.65722805203098 ], [ -79.452364438484324, 43.657081343424629 ] ] ] } },
{ "type": "Feature", "properties": { "vor_id": 1154, "theft_count": 27, "bike_trips": 0.0, "theft_per_1000_trips": "<NA>" }, "geometry": { "type": "Polygon", "coordinates": [ [ [ -79.273289627569412, 43.675371162577036 ], [ -79.272419652944876, 43.674814981474213 ], [ -79.275845799999985, 43.6712151 ], [ -79.2785104, 43.6697234 ], [ -79.280144614573089, 43.668808421296923 ], [ -79.283581630438249, 43.672252998371135 ], [ -79.284338449713218, 43.67599599215378 ], [ -79.284124800279358, 43.676115955593218 ], [ -79.273289627569412, 43.675371162577036 ] ] ] } },
{ "type": "Feature", "properties": { "vor_id": 1155, "theft_count": 10, "bike_trips": 0.0, "theft_per_1000_trips": "<NA>" }, "geometry": { "type": "Polygon", "coordinates": [ [ [ -79.434406797019577, 43.670602189576634 ], [ -79.434984668879991, 43.673529839662251 ], [ -79.434775584252847, 43.673890473517112 ], [ -79.433363477937533, 43.674055469560955 ], [ -79.431713939644339, 43.671863934118456 ], [ -79.431559690109964, 43.671513091206037 ], [ -79.432002259785747, 43.669139686278683 ], [ -79.434406797019577, 43.670602189576634 ] ] ] } },
{ "type": "Feature", "properties": { "vor_id": 1156, "theft_count": 10, "bike_trips": 0.0, "theft_per_1000_trips": "<NA>" }, "geometry": { "type": "Polygon", "coordinates": [ [ [ -79.447306502397765, 43.648994137854451 ], [ -79.44679185156896, 43.647690427934414 ], [ -79.450896957004218, 43.646104022815685 ], [ -79.45065405692479, 43.647709342481207 ], [ -79.447306502397765, 43.648994137854451 ] ] ] } },
{ "type": "Feature", "properties": { "vor_id": 1157, "theft_count": 10, "bike_trips": 0.0, "theft_per_1000_trips": "<NA>" }, "geometry": { "type": "Polygon", "coordinates": [ [ [ -79.400459056444433, 43.671011065351692 ], [ -79.398495702140693, 43.672843145102583 ], [ -79.395677855179059, 43.670732351535648 ], [ -79.395673139140143, 43.670675039646817 ], [ -79.399183409287559, 43.669385540491518 ], [ -79.400459056444433, 43.671011065351692 ] ] ] } },
{ "type": "Feature", "properties": { "vor_id": 1158, "theft_count": 22, "bike_trips": 0.0, "theft_per_1000_trips": "<NA>" }, "geometry": { "type": "Polygon", "coordinates": [ [ [ -79.319323265445689, 43.697152538013384 ], [ -79.319554179303069, 43.699060031400236 ], [ -79.311352157919202, 43.701066531964571 ], [ -79.305595600414676, 43.701288225625802 ], [ -79.30456045136178, 43.697289768329888 ], [ -79.308652110060947, 43.691250593964924 ], [ -79.309369761846327, 43.690828425594908 ], [ -79.309758901232371, 43.690835315195869 ], [ -79.312578791266446, 43.691691138024225 ], [ -79.319323265445689, 43.697152538013384 ] ] ] } },
{ "type": "Feature", "properties": { "vor_id": 1159, "theft_count": 44, "bike_trips": 0.0, "theft_per_1000_trips": "<NA>" }, "geometry": { "type": "Polygon", "coordinates": [ [ [ -79.445906799685346, 43.712407340510786 ], [ -79.44692840981061, 43.711827288906093 ], [ -79.452200955355835, 43.717634292605446 ], [ -79.452503997713862, 43.719039192148514 ], [ -79.452205606804526, 43.719767716764025 ], [ -79.450376223199299, 43.72048080203114 ], [ -79.445430452573532, 43.720231867793096 ], [ -79.444930135196032, 43.71871854302988 ], [ -79.445415966650273, 43.714202499893432 ], [ -79.445906799685346, 43.712407340510786 ] ] ] } },
{ "type": "Feature", "properties": { "vor_id": 1160, "theft_count": 31, "bike_trips": 0.0, "theft_per_1000_trips": "<NA>" }, "geometry": { "type": "Polygon", "coordinates": [ [ [ -79.381524415301087, 43.670264072118222 ], [ -79.384118796223703, 43.669133581170065 ], [ -79.383542324175409, 43.670372195976363 ], [ -79.382660928559886, 43.670718078549903 ], [ -79.381524415301087, 43.670264072118222 ] ] ] } },
{ "type": "Feature", "properties": { "vor_id": 1161, "theft_count": 10, "bike_trips": 0.0, "theft_per_1000_trips": "<NA>" }, "geometry": { "type": "Polygon", "coordinates": [ [ [ -79.206882557557464, 43.729643081992613 ], [ -79.211183483958749, 43.738944308813323 ], [ -79.208287789162696, 43.753655912731745 ], [ -79.207933246809446, 43.753806481654607 ], [ -79.206462229228691, 43.754010167836206 ], [ -79.205219437643649, 43.753261624446104 ], [ -79.197051106205322, 43.738009646074609 ], [ -79.2036788, 43.7325773 ], [ -79.204223299999981, 43.7320985 ], [ -79.206882557557464, 43.729643081992613 ] ] ] } },
{ "type": "Feature", "properties": { "vor_id": 1162, "theft_count": 26, "bike_trips": 0.0, "theft_per_1000_trips": "<NA>" }, "geometry": { "type": "Polygon", "coordinates": [ [ [ -79.37977611896973, 43.671629451234601 ], [ -79.381588523039895, 43.674043610501805 ], [ -79.379299538259716, 43.678401392313475 ], [ -79.378707490073566, 43.67801011632443 ], [ -79.378171400030581, 43.676095978483829 ], [ -79.378185340038797, 43.673314070193818 ], [ -79.37977611896973, 43.671629451234601 ] ] ] } },
{ "type": "Feature", "properties": { "vor_id": 1163, "theft_count": 5, "bike_trips": 0.0, "theft_per_1000_trips": "<NA>" }, "geometry": { "type": "Polygon", "coordinates": [ [ [ -79.445583216009453, 43.712313452645624 ], [ -79.445906799685346, 43.712407340510786 ], [ -79.445415966650273, 43.714202499893432 ], [ -79.436532711172021, 43.717793811506482 ], [ -79.435641798469504, 43.716372963869311 ], [ -79.445583216009453, 43.712313452645624 ] ] ] } },
{ "type": "Feature", "properties": { "vor_id": 1164, "theft_count": 22, "bike_trips": 0.0, "theft_per_1000_trips": "<NA>" }, "geometry": { "type": "Polygon", "coordinates": [ [ [ -79.447664700956267, 43.655996867961214 ], [ -79.447909927505833, 43.6571588243119 ], [ -79.446934658015877, 43.658759291537201 ], [ -79.445141385061788, 43.659378838666257 ], [ -79.444620563974198, 43.656908808311044 ], [ -79.447664700956267, 43.655996867961214 ] ] ] } },
{ "type": "Feature", "properties": { "vor_id": 1165, "theft_count": 19, "bike_trips": 0.0, "theft_per_1000_trips": "<NA>" }, "geometry": { "type": "Polygon", "coordinates": [ [ [ -79.283767715583053, 43.722122194006502 ], [ -79.28275769052874, 43.722658463456348 ], [ -79.281631489176775, 43.72294816136187 ], [ -79.280154293007726, 43.722830085738913 ], [ -79.279499816946256, 43.721871018369377 ], [ -79.27659522962486, 43.717614644323149 ], [ -79.277670730598558, 43.71416309214203 ], [ -79.282959359449109, 43.708862027360588 ], [ -79.284085198662282, 43.709368960482671 ], [ -79.289388802990601, 43.718727478177442 ], [ -79.289455692509605, 43.719102181538481 ], [ -79.283767715583053, 43.722122194006502 ] ] ] } },
{ "type": "Feature", "properties": { "vor_id": 1166, "theft_count": 22, "bike_trips": 0.0, "theft_per_1000_trips": "<NA>" }, "geometry": { "type": "Polygon", "coordinates": [ [ [ -79.419399166640829, 43.641819184625227 ], [ -79.419446263836932, 43.641819251704206 ], [ -79.420296543910496, 43.642382895380159 ], [ -79.42086833491517, 43.645246418477278 ], [ -79.420793576232157, 43.645261144230318 ], [ -79.419482472193508, 43.644962981380921 ], [ -79.418813789893662, 43.644484596110814 ], [ -79.418775937114475, 43.644422134267145 ], [ -79.418430010961416, 43.642675155843058 ], [ -79.419399166640829, 43.641819184625227 ] ] ] } },
{ "type": "Feature", "properties": { "vor_id": 1167, "theft_count": 23, "bike_trips": 0.0, "theft_per_1000_trips": "<NA>" }, "geometry": { "type": "Polygon", "coordinates": [ [ [ -79.393475862301031, 43.657599926666641 ], [ -79.394636512380785, 43.65738805820255 ], [ -79.395408081821728, 43.658118351628829 ], [ -79.39561620935433, 43.659170146823975 ], [ -79.395496581436177, 43.659479322250391 ], [ -79.39395260302291, 43.660114297702577 ], [ -79.393475862301031, 43.657599926666641 ] ] ] } },
{ "type": "Feature", "properties": { "vor_id": 1168, "theft_count": 14, "bike_trips": 0.0, "theft_per_1000_trips": "<NA>" }, "geometry": { "type": "Polygon", "coordinates": [ [ [ -79.403457142857036, 43.639576889500724 ], [ -79.40460784230126, 43.639408992371251 ], [ -79.4053326942729, 43.63952978859043 ], [ -79.407126179345283, 43.639874496602928 ], [ -79.406528637563085, 43.641168896013845 ], [ -79.403527410453634, 43.64242483715617 ], [ -79.403247553751328, 43.64210339314576 ], [ -79.402846915674388, 43.640120859747093 ], [ -79.403457142857036, 43.639576889500724 ] ] ] } },
{ "type": "Feature", "properties": { "vor_id": 1169, "theft_count": 33, "bike_trips": 0.0, "theft_per_1000_trips": "<NA>" }, "geometry": { "type": "Polygon", "coordinates": [ [ [ -79.400777535427721, 43.663138232933029 ], [ -79.399452221099963, 43.663682547947097 ], [ -79.398506568580061, 43.662895649327972 ], [ -79.398600189830304, 43.662526656656716 ], [ -79.400377388866133, 43.661821471017568 ], [ -79.400912986857804, 43.662490946769559 ], [ -79.400777535427721, 43.663138232933029 ] ] ] } },
{ "type": "Feature", "properties": { "vor_id": 1170, "theft_count": 0, "bike_trips": 0.0, "theft_per_1000_trips": "<NA>" }, "geometry": { "type": "Polygon", "coordinates": [ [ [ -79.18730709868511, 43.835570515217491 ], [ -79.18735836966637, 43.836614160016573 ], [ -79.188078341979818, 43.841467819100899 ], [ -79.189270589213379, 43.84622753686282 ], [ -79.190808579448017, 43.85052593161452 ], [ -79.1897403, 43.85078630000001 ], [ -79.1852763, 43.8518817 ], [ -79.1828452, 43.8524608 ], [ -79.1799911, 43.8531472 ], [ -79.177584, 43.8537859 ], [ -79.176436878668028, 43.85405311442333 ], [ -79.18730709868511, 43.835570515217491 ] ] ] } },
{ "type": "Feature", "properties": { "vor_id": 1171, "theft_count": 32, "bike_trips": 0.0, "theft_per_1000_trips": "<NA>" }, "geometry": { "type": "Polygon", "coordinates": [ [ [ -79.509943428982908, 43.713782720101477 ], [ -79.513633677767558, 43.71629261504043 ], [ -79.509049243844558, 43.723537710142892 ], [ -79.500548549271286, 43.723475429942724 ], [ -79.509943428982908, 43.713782720101477 ] ] ] } },
{ "type": "Feature", "properties": { "vor_id": 1172, "theft_count": 26, "bike_trips": 0.0, "theft_per_1000_trips": "<NA>" }, "geometry": { "type": "Polygon", "coordinates": [ [ [ -79.408581008388978, 43.663726831585805 ], [ -79.408980891136963, 43.663936154847654 ], [ -79.409607740605963, 43.666941124869787 ], [ -79.409458472753656, 43.667000378561184 ], [ -79.408264784879307, 43.666822428527006 ], [ -79.407642736309967, 43.663752351500904 ], [ -79.408581008388978, 43.663726831585805 ] ] ] } },
{ "type": "Feature", "properties": { "vor_id": 1173, "theft_count": 72, "bike_trips": 0.0, "theft_per_1000_trips": "<NA>" }, "geometry": { "type": "Polygon", "coordinates": [ [ [ -79.401072086649762, 43.642987486386033 ], [ -79.40019780830464, 43.64260058410791 ], [ -79.400513078806199, 43.640678088897999 ], [ -79.401804497730708, 43.640155005442189 ], [ -79.402846915674388, 43.640120859747093 ], [ -79.403247553751328, 43.64210339314576 ], [ -79.401072086649762, 43.642987486386033 ] ] ] } },
{ "type": "Feature", "properties": { "vor_id": 1174, "theft_count": 30, "bike_trips": 0.0, "theft_per_1000_trips": "<NA>" }, "geometry": { "type": "Polygon", "coordinates": [ [ [ -79.404671471958935, 43.759470974949302 ], [ -79.404730069876905, 43.758253772961623 ], [ -79.406442782285112, 43.755430465988518 ], [ -79.407124572687934, 43.755148652587508 ], [ -79.407287647340567, 43.755174675277182 ], [ -79.408178646305601, 43.759200995722132 ], [ -79.407551927822865, 43.759763517005936 ], [ -79.404671471958935, 43.759470974949302 ] ] ] } },
{ "type": "Feature", "properties": { "vor_id": 1175, "theft_count": 19, "bike_trips": 0.0, "theft_per_1000_trips": "<NA>" }, "geometry": { "type": "Polygon", "coordinates": [ [ [ -79.30439844633203, 43.750409466302095 ], [ -79.302008373356941, 43.738852370874746 ], [ -79.309956295611386, 43.733155995719947 ], [ -79.315044096268579, 43.733491249296669 ], [ -79.321299299996113, 43.742128896420581 ], [ -79.304537840848923, 43.750526638407131 ], [ -79.30439844633203, 43.750409466302095 ] ] ] } },
{ "type": "Feature", "properties": { "vor_id": 1176, "theft_count": 11, "bike_trips": 0.0, "theft_per_1000_trips": "<NA>" }, "geometry": { "type": "Polygon", "coordinates": [ [ [ -79.402948043108935, 43.694268444544669 ], [ -79.404107231281699, 43.694940054250573 ], [ -79.401938339322882, 43.699725772069087 ], [ -79.400872573343776, 43.699771288746945 ], [ -79.399441923078086, 43.698805439987105 ], [ -79.398474565852197, 43.697438908826491 ], [ -79.398198679191566, 43.696756142660313 ], [ -79.398438155855416, 43.696055754526405 ], [ -79.402948043108935, 43.694268444544669 ] ] ] } },
{ "type": "Feature", "properties": { "vor_id": 1177, "theft_count": 5, "bike_trips": 0.0, "theft_per_1000_trips": "<NA>" }, "geometry": { "type": "Polygon", "coordinates": [ [ [ -79.407225066920859, 43.733559915881116 ], [ -79.406641140445927, 43.735529497061094 ], [ -79.405745020163579, 43.735380113913436 ], [ -79.404156735390572, 43.733390730514841 ], [ -79.406775019242545, 43.731573298657459 ], [ -79.407225066920859, 43.733559915881116 ] ] ] } },
{ "type": "Feature", "properties": { "vor_id": 1178, "theft_count": 5, "bike_trips": 0.0, "theft_per_1000_trips": "<NA>" }, "geometry": { "type": "Polygon", "coordinates": [ [ [ -79.393647992400275, 43.767646691897525 ], [ -79.395218136019693, 43.767000927162385 ], [ -79.400654439279549, 43.770249896646924 ], [ -79.397990717898068, 43.775054619115636 ], [ -79.392672384244875, 43.777259228863251 ], [ -79.393647992400275, 43.767646691897525 ] ] ] } },
{ "type": "Feature", "properties": { "vor_id": 1179, "theft_count": 13, "bike_trips": 0.0, "theft_per_1000_trips": "<NA>" }, "geometry": { "type": "Polygon", "coordinates": [ [ [ -79.394972823311349, 43.656081719571205 ], [ -79.395512819450715, 43.655500199480713 ], [ -79.396765845241518, 43.656071006555287 ], [ -79.397044321390084, 43.657452533287653 ], [ -79.395408081821728, 43.658118351628829 ], [ -79.394636512380785, 43.65738805820255 ], [ -79.394972823311349, 43.656081719571205 ] ] ] } },
{ "type": "Feature", "properties": { "vor_id": 1180, "theft_count": 19, "bike_trips": 0.0, "theft_per_1000_trips": "<NA>" }, "geometry": { "type": "Polygon", "coordinates": [ [ [ -79.366700774204304, 43.70513165071538 ], [ -79.361625059716189, 43.702122309846594 ], [ -79.357298436569465, 43.698502634917354 ], [ -79.357921476788775, 43.697576495753317 ], [ -79.362028940203643, 43.694473709320967 ], [ -79.366496838580048, 43.697926577196476 ], [ -79.368718685314278, 43.700148568142943 ], [ -79.367140913203443, 43.705142531173159 ], [ -79.366700774204304, 43.70513165071538 ] ] ] } },
{ "type": "Feature", "properties": { "vor_id": 1181, "theft_count": 11, "bike_trips": 0.0, "theft_per_1000_trips": "<NA>" }, "geometry": { "type": "Polygon", "coordinates": [ [ [ -79.405338969410508, 43.650640006299348 ], [ -79.407394726159822, 43.652773409199952 ], [ -79.407418721739603, 43.652889619891994 ], [ -79.405714666873607, 43.653583205170165 ], [ -79.40491482767041, 43.650809622232821 ], [ -79.405338969410508, 43.650640006299348 ] ] ] } },
{ "type": "Feature", "properties": { "vor_id": 1182, "theft_count": 18, "bike_trips": 0.0, "theft_per_1000_trips": "<NA>" }, "geometry": { "type": "Polygon", "coordinates": [ [ [ -79.391504284718096, 43.703404402258158 ], [ -79.39044607359159, 43.699783839254543 ], [ -79.392581103716324, 43.697393416003095 ], [ -79.392791770887769, 43.697535496923159 ], [ -79.393696502379228, 43.698412262757238 ], [ -79.39465263847795, 43.699701358661493 ], [ -79.394962377271952, 43.701214820627364 ], [ -79.394964683360712, 43.701505177230629 ], [ -79.394571633725192, 43.702655450286542 ], [ -79.393510845000691, 43.703161331432256 ], [ -79.391504284718096, 43.703404402258158 ] ] ] } },
{ "type": "Feature", "properties": { "vor_id": 1183, "theft_count": 17, "bike_trips": 0.0, "theft_per_1000_trips": "<NA>" }, "geometry": { "type": "Polygon", "coordinates": [ [ [ -79.41875121753047, 43.656110463979346 ], [ -79.416889210838505, 43.657345664252141 ], [ -79.416588071872965, 43.657197225323728 ], [ -79.416995159085019, 43.654446230921664 ], [ -79.418639834010122, 43.654762542178943 ], [ -79.41875121753047, 43.656110463979346 ] ] ] } },
{ "type": "Feature", "properties": { "vor_id": 1184, "theft_count": 45, "bike_trips": 0.0, "theft_per_1000_trips": "<NA>" }, "geometry": { "type": "Polygon", "coordinates": [ [ [ -79.345914714112922, 43.703918179372394 ], [ -79.343459543462004, 43.701600086584648 ], [ -79.344897124045431, 43.695776532954383 ], [ -79.351181511171504, 43.689606441301869 ], [ -79.354228283943371, 43.691338409026244 ], [ -79.357921476788775, 43.697576495753317 ], [ -79.357298436569465, 43.698502634917354 ], [ -79.350943965244127, 43.70319419041072 ], [ -79.345914714112922, 43.703918179372394 ] ] ] } },
{ "type": "Feature", "properties": { "vor_id": 1185, "theft_count": 7, "bike_trips": 0.0, "theft_per_1000_trips": "<NA>" }, "geometry": { "type": "Polygon", "coordinates": [ [ [ -79.353353549570258, 43.684015662873072 ], [ -79.351936339790427, 43.684411952115575 ], [ -79.351032276060508, 43.683308061112967 ], [ -79.350309964874555, 43.681825294757815 ], [ -79.351295730231314, 43.680000777365635 ], [ -79.351755742030335, 43.679826514191802 ], [ -79.352135323851513, 43.679793915602019 ], [ -79.352547328029203, 43.679914789105531 ], [ -79.353353549570258, 43.684015662873072 ] ] ] } },
{ "type": "Feature", "properties": { "vor_id": 1186, "theft_count": 23, "bike_trips": 0.0, "theft_per_1000_trips": "<NA>" }, "geometry": { "type": "Polygon", "coordinates": [ [ [ -79.398357301821818, 43.659821912240254 ], [ -79.399196649451198, 43.658881956311518 ], [ -79.399938082817641, 43.658880573972901 ], [ -79.401090143698752, 43.65903640539392 ], [ -79.401280578679589, 43.659956158343228 ], [ -79.400195657656866, 43.660947188552043 ], [ -79.398418152028214, 43.660397374582317 ], [ -79.398357301821818, 43.659821912240254 ] ] ] } },
{ "type": "Feature", "properties": { "vor_id": 1187, "theft_count": 11, "bike_trips": 0.0, "theft_per_1000_trips": "<NA>" }, "geometry": { "type": "Polygon", "coordinates": [ [ [ -79.396466248163179, 43.705633455777004 ], [ -79.394184948470112, 43.706502290037392 ], [ -79.393510845000691, 43.703161331432256 ], [ -79.394571633725192, 43.702655450286542 ], [ -79.396064608632628, 43.704106466137638 ], [ -79.396466248163179, 43.705633455777004 ] ] ] } },
{ "type": "Feature", "properties": { "vor_id": 1188, "theft_count": 5, "bike_trips": 0.0, "theft_per_1000_trips": "<NA>" }, "geometry": { "type": "Polygon", "coordinates": [ [ [ -79.406104804668914, 43.726051219482649 ], [ -79.406070174487382, 43.726047627618762 ], [ -79.401660578697403, 43.724813325551906 ], [ -79.405695443077249, 43.718670640707188 ], [ -79.40680307327284, 43.723767115944227 ], [ -79.406104804668914, 43.726051219482649 ] ] ] } },
{ "type": "Feature", "properties": { "vor_id": 1189, "theft_count": 6, "bike_trips": 0.0, "theft_per_1000_trips": "<NA>" }, "geometry": { "type": "Polygon", "coordinates": [ [ [ -79.324587385294606, 43.665687020687372 ], [ -79.325308183654997, 43.666335922379304 ], [ -79.32398037843646, 43.66846813920295 ], [ -79.323946941337638, 43.668472119031328 ], [ -79.322650816370853, 43.666447441733517 ], [ -79.323365611414829, 43.665743909320739 ], [ -79.324587385294606, 43.665687020687372 ] ] ] } },
{ "type": "Feature", "properties": { "vor_id": 1190, "theft_count": 21, "bike_trips": 0.0, "theft_per_1000_trips": "<NA>" }, "geometry": { "type": "Polygon", "coordinates": [ [ [ -79.383479865497378, 43.658828058711833 ], [ -79.38544594544976, 43.658016746489047 ], [ -79.38563445743776, 43.658350534940752 ], [ -79.385473247873563, 43.658672982784807 ], [ -79.383617694080641, 43.659464883313973 ], [ -79.383479865497378, 43.658828058711833 ] ] ] } },
{ "type": "Feature", "properties": { "vor_id": 1191, "theft_count": 10, "bike_trips": 0.0, "theft_per_1000_trips": "<NA>" }, "geometry": { "type": "Polygon", "coordinates": [ [ [ -79.43541146584549, 43.707851856947038 ], [ -79.432930844879365, 43.703842680270633 ], [ -79.435280644087968, 43.702849926505735 ], [ -79.436232848706567, 43.707121660512179 ], [ -79.43541146584549, 43.707851856947038 ] ] ] } },
{ "type": "Feature", "properties": { "vor_id": 1192, "theft_count": 25, "bike_trips": 0.0, "theft_per_1000_trips": "<NA>" }, "geometry": { "type": "Polygon", "coordinates": [ [ [ -79.285142525622874, 43.696930382978557 ], [ -79.2913669309591, 43.692738399761829 ], [ -79.293363371401469, 43.693746051190892 ], [ -79.293414705963485, 43.699579307034874 ], [ -79.291094061602948, 43.700224977249398 ], [ -79.285142525622874, 43.696930382978557 ] ] ] } },
{ "type": "Feature", "properties": { "vor_id": 1193, "theft_count": 8, "bike_trips": 0.0, "theft_per_1000_trips": "<NA>" }, "geometry": { "type": "Polygon", "coordinates": [ [ [ -79.506467597205258, 43.597882578039979 ], [ -79.504503786140106, 43.597222355106929 ], [ -79.501665798299584, 43.59513129515021 ], [ -79.499490882386283, 43.592811611372767 ], [ -79.5057794, 43.5859559 ], [ -79.514088382756867, 43.58505309288379 ], [ -79.514952473434221, 43.589574692007353 ], [ -79.514763845777964, 43.594390410884202 ], [ -79.512311998449263, 43.598068732844837 ], [ -79.510813817111128, 43.598292091900134 ], [ -79.506467597205258, 43.597882578039979 ] ] ] } },
{ "type": "Feature", "properties": { "vor_id": 1194, "theft_count": 8, "bike_trips": 0.0, "theft_per_1000_trips": "<NA>" }, "geometry": { "type": "Polygon", "coordinates": [ [ [ -79.330846794399292, 43.702195950205947 ], [ -79.333386576126401, 43.713047944893688 ], [ -79.332806065979398, 43.713839836231159 ], [ -79.321436568709657, 43.709918832983156 ], [ -79.322824195215176, 43.704605577014455 ], [ -79.323469577668121, 43.703893507208278 ], [ -79.323704126765293, 43.703577254360724 ], [ -79.330846794399292, 43.702195950205947 ] ] ] } },
{ "type": "Feature", "properties": { "vor_id": 1195, "theft_count": 12, "bike_trips": 0.0, "theft_per_1000_trips": "<NA>" }, "geometry": { "type": "Polygon", "coordinates": [ [ [ -79.354704301097584, 43.67601092725647 ], [ -79.354395455780917, 43.679901166782997 ], [ -79.352547328029203, 43.679914789105531 ], [ -79.352135323851513, 43.679793915602019 ], [ -79.352553652392643, 43.678392450012765 ], [ -79.354619245933847, 43.675991332422889 ], [ -79.354704301097584, 43.67601092725647 ] ] ] } },
{ "type": "Feature", "properties": { "vor_id": 1196, "theft_count": 25, "bike_trips": 0.0, "theft_per_1000_trips": "<NA>" }, "geometry": { "type": "Polygon", "coordinates": [ [ [ -79.413877199361266, 43.779669160269599 ], [ -79.41274726681398, 43.777114368138328 ], [ -79.413461861495506, 43.776690370592782 ], [ -79.416974582869585, 43.776934914660345 ], [ -79.416487753170557, 43.778970886984709 ], [ -79.413877199361266, 43.779669160269599 ] ] ] } },
{ "type": "Feature", "properties": { "vor_id": 1197, "theft_count": 12, "bike_trips": 0.0, "theft_per_1000_trips": "<NA>" }, "geometry": { "type": "Polygon", "coordinates": [ [ [ -79.434984668879991, 43.673529839662251 ], [ -79.436659533870539, 43.672210913402594 ], [ -79.438273454025719, 43.671551431127767 ], [ -79.439752991816491, 43.676023506161712 ], [ -79.437667991206766, 43.676613695717066 ], [ -79.436481014269319, 43.675944811360992 ], [ -79.434775584252847, 43.673890473517112 ], [ -79.434984668879991, 43.673529839662251 ] ] ] } },
{ "type": "Feature", "properties": { "vor_id": 1198, "theft_count": 15, "bike_trips": 0.0, "theft_per_1000_trips": "<NA>" }, "geometry": { "type": "Polygon", "coordinates": [ [ [ -79.395552122182295, 43.654546034630009 ], [ -79.394281127393484, 43.654212740595497 ], [ -79.39407687439035, 43.653234337995237 ], [ -79.394989788724402, 43.652857291165802 ], [ -79.395247225756236, 43.653069965716128 ], [ -79.395552122182295, 43.654546034630009 ] ] ] } },
{ "type": "Feature", "properties": { "vor_id": 1199, "theft_count": 43, "bike_trips": 0.0, "theft_per_1000_trips": "<NA>" }, "geometry": { "type": "Polygon", "coordinates": [ [ [ -79.199958007261685, 43.759755261220043 ], [ -79.186683417045643, 43.757222814685633 ], [ -79.178584873454966, 43.74959572212974 ], [ -79.180141384437363, 43.74889652178237 ], [ -79.184139670557073, 43.747100451548761 ], [ -79.205219437643649, 43.753261624446104 ], [ -79.206462229228691, 43.754010167836206 ], [ -79.201864274407626, 43.759082251184822 ], [ -79.199958007261685, 43.759755261220043 ] ] ] } },
{ "type": "Feature", "properties": { "vor_id": 1200, "theft_count": 38, "bike_trips": 0.0, "theft_per_1000_trips": "<NA>" }, "geometry": { "type": "Polygon", "coordinates": [ [ [ -79.403928255540208, 43.645447634912188 ], [ -79.404727419274806, 43.64590313536111 ], [ -79.40449807290068, 43.646595280214093 ], [ -79.4029350513579, 43.64716037679019 ], [ -79.402318830543678, 43.646216571620201 ], [ -79.402299062967373, 43.646113537456593 ], [ -79.403928255540208, 43.645447634912188 ] ] ] } },
{ "type": "Feature", "properties": { "vor_id": 1201, "theft_count": 13, "bike_trips": 0.0, "theft_per_1000_trips": "<NA>" }, "geometry": { "type": "Polygon", "coordinates": [ [ [ -79.36971786114988, 43.662920000052814 ], [ -79.36933320413462, 43.662847003236095 ], [ -79.368793026544949, 43.660455336277074 ], [ -79.369352165978341, 43.660231029596972 ], [ -79.369884390586307, 43.660194054468896 ], [ -79.370406403463477, 43.662631703808344 ], [ -79.36971786114988, 43.662920000052814 ] ] ] } },
{ "type": "Feature", "properties": { "vor_id": 1202, "theft_count": 8, "bike_trips": 0.0, "theft_per_1000_trips": "<NA>" }, "geometry": { "type": "Polygon", "coordinates": [ [ [ -79.368497967417312, 43.66744580642483 ], [ -79.368319896930046, 43.666944000873663 ], [ -79.368430458371392, 43.666178806151578 ], [ -79.369765821113347, 43.665640875169679 ], [ -79.370230988822414, 43.665960669503633 ], [ -79.370388800643113, 43.666670700282175 ], [ -79.368497967417312, 43.66744580642483 ] ] ] } },
{ "type": "Feature", "properties": { "vor_id": 1203, "theft_count": 12, "bike_trips": 0.0, "theft_per_1000_trips": "<NA>" }, "geometry": { "type": "Polygon", "coordinates": [ [ [ -79.37343167012952, 43.661833768722651 ], [ -79.374591574454911, 43.661367636718985 ], [ -79.375134614784145, 43.661700735706575 ], [ -79.375525554911761, 43.662694612704122 ], [ -79.375633324282845, 43.663202913376431 ], [ -79.373876024133907, 43.663940665668676 ], [ -79.37343167012952, 43.661833768722651 ] ] ] } },
{ "type": "Feature", "properties": { "vor_id": 1204, "theft_count": 22, "bike_trips": 0.0, "theft_per_1000_trips": "<NA>" }, "geometry": { "type": "Polygon", "coordinates": [ [ [ -79.374984962006835, 43.648403738146996 ], [ -79.375176793676729, 43.648575380173774 ], [ -79.375311800351938, 43.649190218609554 ], [ -79.373950108324635, 43.650462402244173 ], [ -79.37326322984805, 43.650749916190641 ], [ -79.373051832381051, 43.650652299920779 ], [ -79.373143925577565, 43.649196017724762 ], [ -79.374984962006835, 43.648403738146996 ] ] ] } },
{ "type": "Feature", "properties": { "vor_id": 1205, "theft_count": 6, "bike_trips": 0.0, "theft_per_1000_trips": "<NA>" }, "geometry": { "type": "Polygon", "coordinates": [ [ [ -79.334578360609086, 43.661242263062135 ], [ -79.334031628224324, 43.661090193084632 ], [ -79.331811564326117, 43.651649292075106 ], [ -79.331841886593935, 43.651258999345245 ], [ -79.336905971677055, 43.656696087416215 ], [ -79.335576226074124, 43.660373937660971 ], [ -79.334578360609086, 43.661242263062135 ] ] ] } },
{ "type": "Feature", "properties": { "vor_id": 1206, "theft_count": 30, "bike_trips": 0.0, "theft_per_1000_trips": "<NA>" }, "geometry": { "type": "Polygon", "coordinates": [ [ [ -79.486181560178679, 43.622139491115682 ], [ -79.486568189289713, 43.621551970752982 ], [ -79.488671921742778, 43.62088454636784 ], [ -79.489451020331742, 43.621935039208282 ], [ -79.490576585223948, 43.62317690869348 ], [ -79.490690113282952, 43.623708953030565 ], [ -79.487489280883011, 43.625380572258251 ], [ -79.486181560178679, 43.622139491115682 ] ] ] } },
{ "type": "Feature", "properties": { "vor_id": 1207, "theft_count": 23, "bike_trips": 0.0, "theft_per_1000_trips": "<NA>" }, "geometry": { "type": "Polygon", "coordinates": [ [ [ -79.349129833252888, 43.671616737961514 ], [ -79.349105471104991, 43.671559852545968 ], [ -79.34894571081378, 43.670818348077589 ], [ -79.350606385597516, 43.668512352260578 ], [ -79.353174429391899, 43.667685880602939 ], [ -79.354367162594087, 43.668118797104782 ], [ -79.353192333643378, 43.671830404544082 ], [ -79.352959796641386, 43.672147437105444 ], [ -79.349129833252888, 43.671616737961514 ] ] ] } },
{ "type": "Feature", "properties": { "vor_id": 1208, "theft_count": 36, "bike_trips": 0.0, "theft_per_1000_trips": "<NA>" }, "geometry": { "type": "Polygon", "coordinates": [ [ [ -79.395134533838998, 43.669267004818707 ], [ -79.395336708867219, 43.669589977721877 ], [ -79.395673139140143, 43.670675039646817 ], [ -79.395677855179059, 43.670732351535648 ], [ -79.393817849280808, 43.672869901609403 ], [ -79.39343636971482, 43.672925308385572 ], [ -79.39245664183548, 43.672389107991478 ], [ -79.391980642920188, 43.670121383467013 ], [ -79.392772339237268, 43.668933407483856 ], [ -79.395134533838998, 43.669267004818707 ] ] ] } },
{ "type": "Feature", "properties": { "vor_id": 1209, "theft_count": 40, "bike_trips": 0.0, "theft_per_1000_trips": "<NA>" }, "geometry": { "type": "Polygon", "coordinates": [ [ [ -79.373887794565519, 43.665672469867992 ], [ -79.374382000633915, 43.667957311951639 ], [ -79.373460481362386, 43.668345834063487 ], [ -79.373141911843817, 43.668191037912464 ], [ -79.372817202341352, 43.666718989229828 ], [ -79.373318021492253, 43.665404202512619 ], [ -79.373823475870438, 43.665601877985289 ], [ -79.373887794565519, 43.665672469867992 ] ] ] } },
{ "type": "Feature", "properties": { "vor_id": 1210, "theft_count": 15, "bike_trips": 0.0, "theft_per_1000_trips": "<NA>" }, "geometry": { "type": "Polygon", "coordinates": [ [ [ -79.359851620272394, 43.71296949957253 ], [ -79.358374316455581, 43.709953970947943 ], [ -79.362319508732611, 43.708372210818908 ], [ -79.364803111806026, 43.710679422882919 ], [ -79.364795479338852, 43.711481896716961 ], [ -79.363924513708298, 43.714327430540706 ], [ -79.359851620272394, 43.71296949957253 ] ] ] } },
{ "type": "Feature", "properties": { "vor_id": 1211, "theft_count": 19, "bike_trips": 0.0, "theft_per_1000_trips": "<NA>" }, "geometry": { "type": "Polygon", "coordinates": [ [ [ -79.401705333775098, 43.727105387299481 ], [ -79.401038026591181, 43.724958117359293 ], [ -79.401660578697403, 43.724813325551906 ], [ -79.406070174487382, 43.726047627618762 ], [ -79.401705333775098, 43.727105387299481 ] ] ] } },
{ "type": "Feature", "properties": { "vor_id": 1212, "theft_count": 24, "bike_trips": 0.0, "theft_per_1000_trips": "<NA>" }, "geometry": { "type": "Polygon", "coordinates": [ [ [ -79.389861044558529, 43.668770453365866 ], [ -79.39008066750533, 43.669803247629311 ], [ -79.388828857684217, 43.670273515913884 ], [ -79.388613423409907, 43.669181390738686 ], [ -79.389750529406939, 43.668714577837413 ], [ -79.389861044558529, 43.668770453365866 ] ] ] } },
{ "type": "Feature", "properties": { "vor_id": 1213, "theft_count": 5, "bike_trips": 0.0, "theft_per_1000_trips": "<NA>" }, "geometry": { "type": "Polygon", "coordinates": [ [ [ -79.426862424198191, 43.685953383805924 ], [ -79.426958971916548, 43.685507212887622 ], [ -79.429249032193752, 43.685683979250562 ], [ -79.4300448434212, 43.686710516563863 ], [ -79.429682102478878, 43.68969636575401 ], [ -79.428863039784616, 43.690630577283194 ], [ -79.428660910342685, 43.690631626206958 ], [ -79.42734468409202, 43.690050982851588 ], [ -79.426862424198191, 43.685953383805924 ] ] ] } },
{ "type": "Feature", "properties": { "vor_id": 1214, "theft_count": 12, "bike_trips": 0.0, "theft_per_1000_trips": "<NA>" }, "geometry": { "type": "Polygon", "coordinates": [ [ [ -79.435966359822103, 43.651951299241027 ], [ -79.435451593249297, 43.653265979914018 ], [ -79.432339706627118, 43.65444152086301 ], [ -79.432026081682807, 43.652886978545595 ], [ -79.435569710925094, 43.651527730333576 ], [ -79.435593609425226, 43.651536727871999 ], [ -79.435966359822103, 43.651951299241027 ] ] ] } },
{ "type": "Feature", "properties": { "vor_id": 1215, "theft_count": 44, "bike_trips": 0.0, "theft_per_1000_trips": "<NA>" }, "geometry": { "type": "Polygon", "coordinates": [ [ [ -79.388844107352597, 43.671689487358087 ], [ -79.390736211618133, 43.672586949091638 ], [ -79.389743030039099, 43.674935292203799 ], [ -79.388556401274585, 43.674960334379499 ], [ -79.388657246590853, 43.672429540201726 ], [ -79.388721092749734, 43.671989545757384 ], [ -79.388844107352597, 43.671689487358087 ] ] ] } },
{ "type": "Feature", "properties": { "vor_id": 1216, "theft_count": 24, "bike_trips": 0.0, "theft_per_1000_trips": "<NA>" }, "geometry": { "type": "Polygon", "coordinates": [ [ [ -79.513994767832543, 43.747157346054969 ], [ -79.522553054112407, 43.735143280336565 ], [ -79.522857579889845, 43.735118633475842 ], [ -79.526951814475879, 43.74202639324713 ], [ -79.529024070197352, 43.749989924876836 ], [ -79.519279025816701, 43.752513335178371 ], [ -79.516402547059215, 43.749339629940678 ], [ -79.513994767832543, 43.747157346054969 ] ] ] } },
{ "type": "Feature", "properties": { "vor_id": 1217, "theft_count": 44, "bike_trips": 0.0, "theft_per_1000_trips": "<NA>" }, "geometry": { "type": "Polygon", "coordinates": [ [ [ -79.463174615700552, 43.665055209000521 ], [ -79.464235924312078, 43.665122883828481 ], [ -79.468429198967158, 43.668129649436899 ], [ -79.468538742530086, 43.668734205757971 ], [ -79.462203427206688, 43.666412501647905 ], [ -79.463174615700552, 43.665055209000521 ] ] ] } },
{ "type": "Feature", "properties": { "vor_id": 1218, "theft_count": 17, "bike_trips": 0.0, "theft_per_1000_trips": "<NA>" }, "geometry": { "type": "Polygon", "coordinates": [ [ [ -79.391869911027882, 43.676653744109892 ], [ -79.393485339801757, 43.676332069916086 ], [ -79.395255044477949, 43.6760602795176 ], [ -79.395894830703099, 43.677031687947448 ], [ -79.393317026614227, 43.679817255281769 ], [ -79.392353534538813, 43.679153148038488 ], [ -79.391863478506934, 43.676722426082129 ], [ -79.391869911027882, 43.676653744109892 ] ] ] } },
{ "type": "Feature", "properties": { "vor_id": 1219, "theft_count": 8, "bike_trips": 0.0, "theft_per_1000_trips": "<NA>" }, "geometry": { "type": "Polygon", "coordinates": [ [ [ -79.44679185156896, 43.647690427934414 ], [ -79.446293957632633, 43.646884050662891 ], [ -79.45101187982074, 43.645051306961783 ], [ -79.451178124358307, 43.645445674510377 ], [ -79.450896957004218, 43.646104022815685 ], [ -79.44679185156896, 43.647690427934414 ] ] ] } },
{ "type": "Feature", "properties": { "vor_id": 1220, "theft_count": 20, "bike_trips": 0.0, "theft_per_1000_trips": "<NA>" }, "geometry": { "type": "Polygon", "coordinates": [ [ [ -79.284948035186673, 43.689389249901559 ], [ -79.284964911031395, 43.696923436594624 ], [ -79.280253431880581, 43.699489031031966 ], [ -79.276634062010444, 43.69036937225227 ], [ -79.279469415658994, 43.687593432295046 ], [ -79.284948035186673, 43.689389249901559 ] ] ] } },
{ "type": "Feature", "properties": { "vor_id": 1221, "theft_count": 10, "bike_trips": 0.0, "theft_per_1000_trips": "<NA>" }, "geometry": { "type": "Polygon", "coordinates": [ [ [ -79.401038026591181, 43.724958117359293 ], [ -79.39871662598766, 43.724200414155625 ], [ -79.397696564224347, 43.723330570314587 ], [ -79.396621133064173, 43.719187308333836 ], [ -79.405594886012565, 43.717308804477007 ], [ -79.405695443077249, 43.718670640707188 ], [ -79.401660578697403, 43.724813325551906 ], [ -79.401038026591181, 43.724958117359293 ] ] ] } },
{ "type": "Feature", "properties": { "vor_id": 1222, "theft_count": 12, "bike_trips": 0.0, "theft_per_1000_trips": "<NA>" }, "geometry": { "type": "Polygon", "coordinates": [ [ [ -79.365223772725884, 43.656071280233711 ], [ -79.364996144494171, 43.655011035873038 ], [ -79.366962110306773, 43.654204804584204 ], [ -79.367340709179075, 43.654303468431181 ], [ -79.367442710725143, 43.654361504224624 ], [ -79.367490500551099, 43.654444157662482 ], [ -79.367549895208754, 43.654715338152741 ], [ -79.366809834255164, 43.65681066535879 ], [ -79.365223772725884, 43.656071280233711 ] ] ] } },
{ "type": "Feature", "properties": { "vor_id": 1223, "theft_count": 38, "bike_trips": 0.0, "theft_per_1000_trips": "<NA>" }, "geometry": { "type": "Polygon", "coordinates": [ [ [ -79.343459543462004, 43.701600086584648 ], [ -79.337345540207153, 43.699620417324589 ], [ -79.336371983485435, 43.696946019896608 ], [ -79.336332573442505, 43.688864286408617 ], [ -79.340482257985997, 43.68504332076882 ], [ -79.3405380464703, 43.685052360745459 ], [ -79.341257913944503, 43.685553607738953 ], [ -79.344895043371721, 43.692154355104464 ], [ -79.344897124045431, 43.695776532954383 ], [ -79.343459543462004, 43.701600086584648 ] ] ] } },
{ "type": "Feature", "properties": { "vor_id": 1224, "theft_count": 8, "bike_trips": 0.0, "theft_per_1000_trips": "<NA>" }, "geometry": { "type": "Polygon", "coordinates": [ [ [ -79.394989788724402, 43.652857291165802 ], [ -79.394817465161367, 43.652064484799872 ], [ -79.39600038132437, 43.651566552089477 ], [ -79.396242329996369, 43.652664870444866 ], [ -79.395247225756236, 43.653069965716128 ], [ -79.394989788724402, 43.652857291165802 ] ] ] } },
{ "type": "Feature", "properties": { "vor_id": 1225, "theft_count": 15, "bike_trips": 0.0, "theft_per_1000_trips": "<NA>" }, "geometry": { "type": "Polygon", "coordinates": [ [ [ -79.416580378453702, 43.751185556439474 ], [ -79.416369931173804, 43.754677344066749 ], [ -79.411152540374033, 43.758372296119639 ], [ -79.41060158590281, 43.758502252198213 ], [ -79.410568105706147, 43.758499079010889 ], [ -79.407306847599529, 43.75517271509306 ], [ -79.416580378453702, 43.751185556439474 ] ] ] } },
{ "type": "Feature", "properties": { "vor_id": 1226, "theft_count": 3, "bike_trips": 0.0, "theft_per_1000_trips": "<NA>" }, "geometry": { "type": "Polygon", "coordinates": [ [ [ -79.337901655053713, 43.717266902988925 ], [ -79.335417353478377, 43.722770858252822 ], [ -79.334570925014731, 43.723665017698288 ], [ -79.33278600814397, 43.716254817181586 ], [ -79.333071572036062, 43.715811661809369 ], [ -79.337901655053713, 43.717266902988925 ] ] ] } },
{ "type": "Feature", "properties": { "vor_id": 1227, "theft_count": 15, "bike_trips": 0.0, "theft_per_1000_trips": "<NA>" }, "geometry": { "type": "Polygon", "coordinates": [ [ [ -79.423952712015137, 43.641954966110951 ], [ -79.424478945602317, 43.644556654406479 ], [ -79.423172411851255, 43.644253678460551 ], [ -79.422789404250352, 43.642403254808983 ], [ -79.423952712015137, 43.641954966110951 ] ] ] } },
{ "type": "Feature", "properties": { "vor_id": 1228, "theft_count": 18, "bike_trips": 0.0, "theft_per_1000_trips": "<NA>" }, "geometry": { "type": "Polygon", "coordinates": [ [ [ -79.414216624293275, 43.643653227193603 ], [ -79.414777699201579, 43.646354213244962 ], [ -79.413204118739998, 43.647908329316202 ], [ -79.412748994806975, 43.645598342374782 ], [ -79.414216624293275, 43.643653227193603 ] ] ] } },
{ "type": "Feature", "properties": { "vor_id": 1229, "theft_count": 6, "bike_trips": 0.0, "theft_per_1000_trips": "<NA>" }, "geometry": { "type": "Polygon", "coordinates": [ [ [ -79.414236689294015, 43.643583622344494 ], [ -79.414216624293275, 43.643653227193603 ], [ -79.412748994806975, 43.645598342374782 ], [ -79.41234769746616, 43.645210325658319 ], [ -79.411998264467584, 43.643364733180597 ], [ -79.414236689294015, 43.643583622344494 ] ] ] } },
{ "type": "Feature", "properties": { "vor_id": 1230, "theft_count": 1, "bike_trips": 0.0, "theft_per_1000_trips": "<NA>" }, "geometry": { "type": "Polygon", "coordinates": [ [ [ -79.42920937089049, 43.641233940095489 ], [ -79.428502867584271, 43.640933242873416 ], [ -79.428215274306581, 43.639528009355921 ], [ -79.428998568551009, 43.639526980002294 ], [ -79.429317455371518, 43.641176321769329 ], [ -79.42920937089049, 43.641233940095489 ] ] ] } },
{ "type": "Feature", "properties": { "vor_id": 1231, "theft_count": 43, "bike_trips": 0.0, "theft_per_1000_trips": "<NA>" }, "geometry": { "type": "Polygon", "coordinates": [ [ [ -79.382307816972741, 43.64135530029008 ], [ -79.3821524031314, 43.641131898541381 ], [ -79.381950806125104, 43.640783932985258 ], [ -79.381873422021201, 43.64052258260093 ], [ -79.384642995036245, 43.639035546166426 ], [ -79.385137753754449, 43.64023304220683 ], [ -79.382332639487672, 43.641359046941218 ], [ -79.382307816972741, 43.64135530029008 ] ] ] } },
{ "type": "Feature", "properties": { "vor_id": 1232, "theft_count": 10, "bike_trips": 0.0, "theft_per_1000_trips": "<NA>" }, "geometry": { "type": "Polygon", "coordinates": [ [ [ -79.396039013823142, 43.683070503148919 ], [ -79.396463711134899, 43.68424450014588 ], [ -79.390679397454235, 43.686598064988281 ], [ -79.389144581692008, 43.68651229126155 ], [ -79.389530333869558, 43.685742033143839 ], [ -79.396039013823142, 43.683070503148919 ] ] ] } },
{ "type": "Feature", "properties": { "vor_id": 1233, "theft_count": 15, "bike_trips": 0.0, "theft_per_1000_trips": "<NA>" }, "geometry": { "type": "Polygon", "coordinates": [ [ [ -79.406951716522002, 43.66357286264563 ], [ -79.406565618785052, 43.661581792356799 ], [ -79.408614090779096, 43.660749981372476 ], [ -79.408967718301511, 43.660843645915271 ], [ -79.40929885288125, 43.662372629176708 ], [ -79.408581008388978, 43.663726831585805 ], [ -79.407642736309967, 43.663752351500904 ], [ -79.406951716522002, 43.66357286264563 ] ] ] } },
{ "type": "Feature", "properties": { "vor_id": 1234, "theft_count": 26, "bike_trips": 0.0, "theft_per_1000_trips": "<NA>" }, "geometry": { "type": "Polygon", "coordinates": [ [ [ -79.488846621424614, 43.669016646750528 ], [ -79.481046695143945, 43.67244424289369 ], [ -79.480502855959188, 43.670014831158873 ], [ -79.484184191196789, 43.66736773103321 ], [ -79.488850073784647, 43.665984550945844 ], [ -79.489330224116301, 43.666503831443315 ], [ -79.488846621424614, 43.669016646750528 ] ] ] } },
{ "type": "Feature", "properties": { "vor_id": 1235, "theft_count": 6, "bike_trips": 0.0, "theft_per_1000_trips": "<NA>" }, "geometry": { "type": "Polygon", "coordinates": [ [ [ -79.350305517241139, 43.675314006074395 ], [ -79.353048794231682, 43.674195295462539 ], [ -79.353915589207077, 43.67566148212039 ], [ -79.352143917591505, 43.676387870055237 ], [ -79.35110139456998, 43.676414967743014 ], [ -79.350439715698684, 43.676114508543868 ], [ -79.350305517241139, 43.675314006074395 ] ] ] } },
{ "type": "Feature", "properties": { "vor_id": 1236, "theft_count": 12, "bike_trips": 0.0, "theft_per_1000_trips": "<NA>" }, "geometry": { "type": "Polygon", "coordinates": [ [ [ -79.352090426021917, 43.722156991573684 ], [ -79.354576024380108, 43.722906393688987 ], [ -79.362886382902715, 43.729442794265616 ], [ -79.366885552335305, 43.735003074270168 ], [ -79.358740515893572, 43.73937265441333 ], [ -79.344071743193965, 43.731783168841922 ], [ -79.342826973459182, 43.730078669806964 ], [ -79.348794909215158, 43.721400253286902 ], [ -79.352090426021917, 43.722156991573684 ] ] ] } },
{ "type": "Feature", "properties": { "vor_id": 1237, "theft_count": 9, "bike_trips": 0.0, "theft_per_1000_trips": "<NA>" }, "geometry": { "type": "Polygon", "coordinates": [ [ [ -79.355217715683395, 43.658122833979256 ], [ -79.355321158652345, 43.658775886816649 ], [ -79.354857870603354, 43.659833687028261 ], [ -79.353271502436385, 43.659696198161207 ], [ -79.352746167643488, 43.65916853159019 ], [ -79.353447973089729, 43.656865754763189 ], [ -79.353907647230528, 43.656853384783084 ], [ -79.355217715683395, 43.658122833979256 ] ] ] } },
{ "type": "Feature", "properties": { "vor_id": 1238, "theft_count": 15, "bike_trips": 0.0, "theft_per_1000_trips": "<NA>" }, "geometry": { "type": "Polygon", "coordinates": [ [ [ -79.423743848671947, 43.681572370133573 ], [ -79.42080992387109, 43.68087479106002 ], [ -79.420383481971982, 43.680475065450359 ], [ -79.419823067459021, 43.679539360248413 ], [ -79.419734850596996, 43.679117679710117 ], [ -79.419913619357416, 43.677729449732297 ], [ -79.42024477958438, 43.676074057867112 ], [ -79.424508295629721, 43.680123392499596 ], [ -79.423743848671947, 43.681572370133573 ] ] ] } },
{ "type": "Feature", "properties": { "vor_id": 1239, "theft_count": 20, "bike_trips": 0.0, "theft_per_1000_trips": "<NA>" }, "geometry": { "type": "Polygon", "coordinates": [ [ [ -79.410998812949316, 43.667801410958489 ], [ -79.411208258524809, 43.669142541395615 ], [ -79.410665943660831, 43.669873930219765 ], [ -79.408611268727199, 43.669562144035702 ], [ -79.409458472753656, 43.667000378561184 ], [ -79.409607740605963, 43.666941124869787 ], [ -79.410222958356741, 43.666981230478484 ], [ -79.410998812949316, 43.667801410958489 ] ] ] } },
{ "type": "Feature", "properties": { "vor_id": 1240, "theft_count": 55, "bike_trips": 0.0, "theft_per_1000_trips": "<NA>" }, "geometry": { "type": "Polygon", "coordinates": [ [ [ -79.462011117358244, 43.655974052712622 ], [ -79.464938496638155, 43.65581996814052 ], [ -79.464998004486731, 43.655838759395031 ], [ -79.465516808776556, 43.658192482454531 ], [ -79.461696615081522, 43.660436330877417 ], [ -79.461030670635395, 43.660123291612663 ], [ -79.46079140279744, 43.659502000558099 ], [ -79.462011117358244, 43.655974052712622 ] ] ] } },
{ "type": "Feature", "properties": { "vor_id": 1241, "theft_count": 0, "bike_trips": 0.0, "theft_per_1000_trips": "<NA>" }, "geometry": { "type": "Polygon", "coordinates": [ [ [ -79.40952775997728, 43.653799252183532 ], [ -79.40940871621433, 43.653846965080184 ], [ -79.409513802343881, 43.653731020403427 ], [ -79.40952775997728, 43.653799252183532 ] ] ] } },
{ "type": "Feature", "properties": { "vor_id": 1242, "theft_count": 27, "bike_trips": 0.0, "theft_per_1000_trips": "<NA>" }, "geometry": { "type": "Polygon", "coordinates": [ [ [ -79.417639494602099, 43.687950624546026 ], [ -79.413747507139846, 43.68763825831784 ], [ -79.412259876416627, 43.686563849956386 ], [ -79.414174128899205, 43.684435882713949 ], [ -79.417614966937791, 43.686449971742555 ], [ -79.417639494602099, 43.687950624546026 ] ] ] } },
{ "type": "Feature", "properties": { "vor_id": 1243, "theft_count": 7, "bike_trips": 0.0, "theft_per_1000_trips": "<NA>" }, "geometry": { "type": "Polygon", "coordinates": [ [ [ -79.373367136277722, 43.685682399185673 ], [ -79.380006764214855, 43.67957448812421 ], [ -79.3809655085212, 43.680110100064788 ], [ -79.378971499825511, 43.688470166779354 ], [ -79.378561314087221, 43.6889901222699 ], [ -79.373070146444832, 43.687650444581436 ], [ -79.373367136277722, 43.685682399185673 ] ] ] } },
{ "type": "Feature", "properties": { "vor_id": 1244, "theft_count": 0, "bike_trips": 0.0, "theft_per_1000_trips": "<NA>" }, "geometry": { "type": "Polygon", "coordinates": [ [ [ -79.379773793001533, 43.668182895291658 ], [ -79.378701708611572, 43.668636163738135 ], [ -79.378315958221151, 43.668341390371857 ], [ -79.378898105016461, 43.668312791333705 ], [ -79.379773793001533, 43.668182895291658 ] ] ] } },
{ "type": "Feature", "properties": { "vor_id": 1245, "theft_count": 38, "bike_trips": 0.0, "theft_per_1000_trips": "<NA>" }, "geometry": { "type": "Polygon", "coordinates": [ [ [ -79.391891604661836, 43.694075751613028 ], [ -79.391991448003807, 43.69379444507868 ], [ -79.394003944899978, 43.693375874166662 ], [ -79.396253139794752, 43.695059470371035 ], [ -79.397503049730361, 43.696479414594222 ], [ -79.392791770887769, 43.697535496923159 ], [ -79.392581103716324, 43.697393416003095 ], [ -79.391891604661836, 43.694075751613028 ] ] ] } },
{ "type": "Feature", "properties": { "vor_id": 1246, "theft_count": 4, "bike_trips": 0.0, "theft_per_1000_trips": "<NA>" }, "geometry": { "type": "Polygon", "coordinates": [ [ [ -79.321425304892699, 43.666717560093382 ], [ -79.322104168658768, 43.666437023167035 ], [ -79.322650816370853, 43.666447441733517 ], [ -79.323946941337638, 43.668472119031328 ], [ -79.322319570714939, 43.669998844622974 ], [ -79.322132740019143, 43.670024304942196 ], [ -79.321425304892699, 43.666717560093382 ] ] ] } },
{ "type": "Feature", "properties": { "vor_id": 1247, "theft_count": 10, "bike_trips": 0.0, "theft_per_1000_trips": "<NA>" }, "geometry": { "type": "Polygon", "coordinates": [ [ [ -79.459789876391696, 43.686828323985985 ], [ -79.462824766534567, 43.680521628289675 ], [ -79.462976190070933, 43.680440502179543 ], [ -79.463761917072588, 43.680226274419248 ], [ -79.473059093140279, 43.688444621246191 ], [ -79.471125761819181, 43.691874856420135 ], [ -79.460683326976337, 43.687689128944214 ], [ -79.459789876391696, 43.686828323985985 ] ] ] } },
{ "type": "Feature", "properties": { "vor_id": 1248, "theft_count": 10, "bike_trips": 0.0, "theft_per_1000_trips": "<NA>" }, "geometry": { "type": "Polygon", "coordinates": [ [ [ -79.400658988589939, 43.729536903096417 ], [ -79.401386760816806, 43.72842848090572 ], [ -79.406336352054566, 43.727141691835172 ], [ -79.406574904063248, 43.727745722299055 ], [ -79.406798425491601, 43.728642856593225 ], [ -79.406839430840293, 43.728977273895097 ], [ -79.401215412735411, 43.730450242264823 ], [ -79.400658988589939, 43.729536903096417 ] ] ] } },
{ "type": "Feature", "properties": { "vor_id": 1249, "theft_count": 17, "bike_trips": 0.0, "theft_per_1000_trips": "<NA>" }, "geometry": { "type": "Polygon", "coordinates": [ [ [ -79.316069287740646, 43.648779229772281 ], [ -79.317234695811436, 43.653719751790511 ], [ -79.316780433205281, 43.656466199482608 ], [ -79.316171593976307, 43.659086848226195 ], [ -79.312145048630654, 43.665239473613894 ], [ -79.311678295487809, 43.665307561911568 ], [ -79.305931886703178, 43.661953552844807 ], [ -79.303171092889002, 43.655729179029692 ], [ -79.3129951, 43.6498059 ], [ -79.3141577, 43.6494176 ], [ -79.316069287740646, 43.648779229772281 ] ] ] } },
{ "type": "Feature", "properties": { "vor_id": 1250, "theft_count": 37, "bike_trips": 0.0, "theft_per_1000_trips": "<NA>" }, "geometry": { "type": "Polygon", "coordinates": [ [ [ -79.378572513406738, 43.661832378780538 ], [ -79.378673198495989, 43.662344950845423 ], [ -79.377429721185464, 43.662972954203987 ], [ -79.377216773203969, 43.661990513697631 ], [ -79.377326601891596, 43.66076672258459 ], [ -79.37734450539017, 43.660746061465268 ], [ -79.378177710654057, 43.661299473418957 ], [ -79.378572513406738, 43.661832378780538 ] ] ] } },
{ "type": "Feature", "properties": { "vor_id": 1251, "theft_count": 14, "bike_trips": 0.0, "theft_per_1000_trips": "<NA>" }, "geometry": { "type": "Polygon", "coordinates": [ [ [ -79.377867576549065, 43.698805507578541 ], [ -79.381757242179532, 43.694577742729543 ], [ -79.382078375694803, 43.694816532892084 ], [ -79.383781065840935, 43.698459700172464 ], [ -79.384540755401915, 43.702061073795313 ], [ -79.376197669687997, 43.701929123713953 ], [ -79.376042809591866, 43.701292635597937 ], [ -79.377867576549065, 43.698805507578541 ] ] ] } },
{ "type": "Feature", "properties": { "vor_id": 1252, "theft_count": 6, "bike_trips": 0.0, "theft_per_1000_trips": "<NA>" }, "geometry": { "type": "Polygon", "coordinates": [ [ [ -79.447647617993695, 43.650299882419013 ], [ -79.451428506135883, 43.64882369378445 ], [ -79.452666464592767, 43.649824570688445 ], [ -79.449521164824219, 43.651046854625484 ], [ -79.447647617993695, 43.650299882419013 ] ] ] } },
{ "type": "Feature", "properties": { "vor_id": 1253, "theft_count": 35, "bike_trips": 0.0, "theft_per_1000_trips": "<NA>" }, "geometry": { "type": "Polygon", "coordinates": [ [ [ -79.486167017632354, 43.662132044152592 ], [ -79.484535087970471, 43.654700863546523 ], [ -79.489291122323849, 43.653427749152883 ], [ -79.491320926383509, 43.65416471661505 ], [ -79.487069055773361, 43.66241656137607 ], [ -79.486167017632354, 43.662132044152592 ] ] ] } },
{ "type": "Feature", "properties": { "vor_id": 1254, "theft_count": 7, "bike_trips": 0.0, "theft_per_1000_trips": "<NA>" }, "geometry": { "type": "Polygon", "coordinates": [ [ [ -79.239743894140076, 43.766288404343712 ], [ -79.228102895136971, 43.75167569681993 ], [ -79.228569712508943, 43.751387476646848 ], [ -79.241580352015461, 43.74591521099709 ], [ -79.251600532881156, 43.751171738152514 ], [ -79.246992186840686, 43.7610478805274 ], [ -79.239743894140076, 43.766288404343712 ] ] ] } },
{ "type": "Feature", "properties": { "vor_id": 1255, "theft_count": 39, "bike_trips": 0.0, "theft_per_1000_trips": "<NA>" }, "geometry": { "type": "Polygon", "coordinates": [ [ [ -79.469697438678409, 43.654301075896342 ], [ -79.466705366096349, 43.65555905582908 ], [ -79.465870990047833, 43.655465595784939 ], [ -79.467315118539432, 43.648741270495222 ], [ -79.469697438678409, 43.654301075896342 ] ] ] } },
{ "type": "Feature", "properties": { "vor_id": 1256, "theft_count": 18, "bike_trips": 0.0, "theft_per_1000_trips": "<NA>" }, "geometry": { "type": "Polygon", "coordinates": [ [ [ -79.411020016636328, 43.741314370705645 ], [ -79.411837885901946, 43.739786960610779 ], [ -79.417162919126056, 43.733392278961773 ], [ -79.426598434231806, 43.741212346380436 ], [ -79.426281219104965, 43.747341694988094 ], [ -79.416993467903126, 43.74989422074205 ], [ -79.410083625893918, 43.743998493128423 ], [ -79.411020016636328, 43.741314370705645 ] ] ] } },
{ "type": "Feature", "properties": { "vor_id": 1257, "theft_count": 9, "bike_trips": 0.0, "theft_per_1000_trips": "<NA>" }, "geometry": { "type": "Polygon", "coordinates": [ [ [ -79.274831668589883, 43.732923565203954 ], [ -79.266945292575897, 43.736154905501344 ], [ -79.265877855232148, 43.730267508809433 ], [ -79.271902488905553, 43.727693426168095 ], [ -79.273912538396317, 43.72882990460154 ], [ -79.274831668589883, 43.732923565203954 ] ] ] } },
{ "type": "Feature", "properties": { "vor_id": 1258, "theft_count": 9, "bike_trips": 0.0, "theft_per_1000_trips": "<NA>" }, "geometry": { "type": "Polygon", "coordinates": [ [ [ -79.426958971916548, 43.685507212887622 ], [ -79.426619403065402, 43.684650163107115 ], [ -79.428780944555754, 43.682061868346658 ], [ -79.430800184735062, 43.683458645624754 ], [ -79.429249032193752, 43.685683979250562 ], [ -79.426958971916548, 43.685507212887622 ] ] ] } },
{ "type": "Feature", "properties": { "vor_id": 1259, "theft_count": 21, "bike_trips": 0.0, "theft_per_1000_trips": "<NA>" }, "geometry": { "type": "Polygon", "coordinates": [ [ [ -79.266945292575897, 43.736154905501344 ], [ -79.260003251839692, 43.743565920928241 ], [ -79.257861617728281, 43.728237904185626 ], [ -79.265877855232148, 43.730267508809433 ], [ -79.266945292575897, 43.736154905501344 ] ] ] } },
{ "type": "Feature", "properties": { "vor_id": 1260, "theft_count": 4, "bike_trips": 0.0, "theft_per_1000_trips": "<NA>" }, "geometry": { "type": "Polygon", "coordinates": [ [ [ -79.392859352757952, 43.767704639666682 ], [ -79.393647992400275, 43.767646691897525 ], [ -79.392672384244875, 43.777259228863251 ], [ -79.387737860363544, 43.781249577950774 ], [ -79.389659227116667, 43.771041306259711 ], [ -79.392859352757952, 43.767704639666682 ] ] ] } },
{ "type": "Feature", "properties": { "vor_id": 1261, "theft_count": 11, "bike_trips": 0.0, "theft_per_1000_trips": "<NA>" }, "geometry": { "type": "Polygon", "coordinates": [ [ [ -79.367112671417203, 43.668263678360432 ], [ -79.366677100035616, 43.66979184261583 ], [ -79.364995906661278, 43.668001151447442 ], [ -79.365533600306421, 43.667784301260227 ], [ -79.367054698174385, 43.668009934814606 ], [ -79.367112671417203, 43.668263678360432 ] ] ] } },
{ "type": "Feature", "properties": { "vor_id": 1262, "theft_count": 19, "bike_trips": 0.0, "theft_per_1000_trips": "<NA>" }, "geometry": { "type": "Polygon", "coordinates": [ [ [ -79.219439305144675, 43.741637428140223 ], [ -79.227225648455843, 43.735156767822396 ], [ -79.227836674340324, 43.737786449063485 ], [ -79.22590342696904, 43.751651337680556 ], [ -79.225431376579451, 43.751748811298846 ], [ -79.219439305144675, 43.741637428140223 ] ] ] } },
{ "type": "Feature", "properties": { "vor_id": 1263, "theft_count": 80, "bike_trips": 0.0, "theft_per_1000_trips": "<NA>" }, "geometry": { "type": "Polygon", "coordinates": [ [ [ -79.394622326772478, 43.637880849675135 ], [ -79.395328492465822, 43.641653576111693 ], [ -79.394427838507212, 43.641503651086261 ], [ -79.393910130659904, 43.640916063863664 ], [ -79.393553695660387, 43.639165794156298 ], [ -79.394622326772478, 43.637880849675135 ] ] ] } },
{ "type": "Feature", "properties": { "vor_id": 1264, "theft_count": 5, "bike_trips": 0.0, "theft_per_1000_trips": "<NA>" }, "geometry": { "type": "Polygon", "coordinates": [ [ [ -79.341810653718142, 43.661290297099555 ], [ -79.341684416968292, 43.661664012545899 ], [ -79.34089937512141, 43.661949644489908 ], [ -79.340440305789954, 43.661621467705231 ], [ -79.340699789065127, 43.661079246744784 ], [ -79.341810653718142, 43.661290297099555 ] ] ] } },
{ "type": "Feature", "properties": { "vor_id": 1265, "theft_count": 50, "bike_trips": 0.0, "theft_per_1000_trips": "<NA>" }, "geometry": { "type": "Polygon", "coordinates": [ [ [ -79.399687535857794, 43.640406655347526 ], [ -79.400298852595824, 43.640529234142278 ], [ -79.400513078806199, 43.640678088897999 ], [ -79.40019780830464, 43.64260058410791 ], [ -79.400116481056244, 43.642657032734157 ], [ -79.398659103276373, 43.643256585805176 ], [ -79.3980625014823, 43.641081583934692 ], [ -79.399687535857794, 43.640406655347526 ] ] ] } },
{ "type": "Feature", "properties": { "vor_id": 1266, "theft_count": 19, "bike_trips": 0.0, "theft_per_1000_trips": "<NA>" }, "geometry": { "type": "Polygon", "coordinates": [ [ [ -79.448020945888885, 43.669464016602504 ], [ -79.447321204987475, 43.670784415858257 ], [ -79.447256864901291, 43.670846388131274 ], [ -79.444916133694946, 43.66961423263551 ], [ -79.445598632502126, 43.66825923135049 ], [ -79.447665787443754, 43.667451768537916 ], [ -79.448020945888885, 43.669464016602504 ] ] ] } },
{ "type": "Feature", "properties": { "vor_id": 1267, "theft_count": 11, "bike_trips": 0.0, "theft_per_1000_trips": "<NA>" }, "geometry": { "type": "Polygon", "coordinates": [ [ [ -79.357401251590233, 43.679190387047456 ], [ -79.356830964011991, 43.676555820027204 ], [ -79.359248531764379, 43.676930414681046 ], [ -79.359402363505069, 43.677414151009565 ], [ -79.359036608771532, 43.678222535096374 ], [ -79.357577138611347, 43.679283585322132 ], [ -79.357401251590233, 43.679190387047456 ] ] ] } },
{ "type": "Feature", "properties": { "vor_id": 1268, "theft_count": 11, "bike_trips": 0.0, "theft_per_1000_trips": "<NA>" }, "geometry": { "type": "Polygon", "coordinates": [ [ [ -79.509885088326612, 43.700821148090405 ], [ -79.511897353933733, 43.701580566593336 ], [ -79.514084131524768, 43.705188370835295 ], [ -79.507862148789116, 43.71023036663113 ], [ -79.50723669734586, 43.709988595751774 ], [ -79.506717080365163, 43.704068794735051 ], [ -79.509885088326612, 43.700821148090405 ] ] ] } },
{ "type": "Feature", "properties": { "vor_id": 1269, "theft_count": 11, "bike_trips": 0.0, "theft_per_1000_trips": "<NA>" }, "geometry": { "type": "Polygon", "coordinates": [ [ [ -79.412265647371314, 43.672034315138966 ], [ -79.411295728046142, 43.671921729946625 ], [ -79.410937223556203, 43.671216582092732 ], [ -79.410665943660831, 43.669873930219765 ], [ -79.411208258524809, 43.669142541395615 ], [ -79.411853355236147, 43.669192219959328 ], [ -79.413450862582252, 43.670873908976553 ], [ -79.412265647371314, 43.672034315138966 ] ] ] } },
{ "type": "Feature", "properties": { "vor_id": 1270, "theft_count": 23, "bike_trips": 0.0, "theft_per_1000_trips": "<NA>" }, "geometry": { "type": "Polygon", "coordinates": [ [ [ -79.356830964011991, 43.676555820027204 ], [ -79.356403020443722, 43.675845056325613 ], [ -79.360297089203087, 43.672195156018972 ], [ -79.361873851866662, 43.673300004950548 ], [ -79.359248531764379, 43.676930414681046 ], [ -79.356830964011991, 43.676555820027204 ] ] ] } },
{ "type": "Feature", "properties": { "vor_id": 1271, "theft_count": 25, "bike_trips": 0.0, "theft_per_1000_trips": "<NA>" }, "geometry": { "type": "Polygon", "coordinates": [ [ [ -79.415671586406319, 43.681775489861025 ], [ -79.416916831549983, 43.682512480057433 ], [ -79.417667367289383, 43.686345963911265 ], [ -79.417614966937791, 43.686449971742555 ], [ -79.414174128899205, 43.684435882713949 ], [ -79.413800864107756, 43.682622194963457 ], [ -79.415671586406319, 43.681775489861025 ] ] ] } },
{ "type": "Feature", "properties": { "vor_id": 1272, "theft_count": 32, "bike_trips": 0.0, "theft_per_1000_trips": "<NA>" }, "geometry": { "type": "Polygon", "coordinates": [ [ [ -79.388556401274585, 43.674960334379499 ], [ -79.387697493289863, 43.675312983317617 ], [ -79.385972671755155, 43.673532914023781 ], [ -79.388657246590853, 43.672429540201726 ], [ -79.388556401274585, 43.674960334379499 ] ] ] } },
{ "type": "Feature", "properties": { "vor_id": 1273, "theft_count": 13, "bike_trips": 0.0, "theft_per_1000_trips": "<NA>" }, "geometry": { "type": "Polygon", "coordinates": [ [ [ -79.468020038533751, 43.676696643269679 ], [ -79.463761917072588, 43.680226274419248 ], [ -79.462976190070933, 43.680440502179543 ], [ -79.461401521676493, 43.673458769088505 ], [ -79.464448218879554, 43.67097700163341 ], [ -79.467389871010681, 43.671792187405408 ], [ -79.468020038533751, 43.676696643269679 ] ] ] } },
{ "type": "Feature", "properties": { "vor_id": 1274, "theft_count": 6, "bike_trips": 0.0, "theft_per_1000_trips": "<NA>" }, "geometry": { "type": "Polygon", "coordinates": [ [ [ -79.367809880480863, 43.798611760014673 ], [ -79.37230668987651, 43.801515120543378 ], [ -79.374449026946735, 43.808077454497905 ], [ -79.3742001, 43.8081269 ], [ -79.374044, 43.8081591 ], [ -79.3725229, 43.8085069 ], [ -79.3717653, 43.8086802 ], [ -79.3705644, 43.8089548 ], [ -79.3704108, 43.8089897 ], [ -79.370054699999983, 43.8090717 ], [ -79.3690657, 43.8092993 ], [ -79.3677108, 43.8096222 ], [ -79.3676042, 43.8096448 ], [ -79.3675373, 43.809659 ], [ -79.3674137, 43.8096853 ], [ -79.366914699999981, 43.8097985 ], [ -79.366455099999982, 43.8098981 ], [ -79.3659221, 43.8100169 ], [ -79.365007899999981, 43.8102172 ], [ -79.364783, 43.8102672 ], [ -79.3636048, 43.8105358 ], [ -79.3627792, 43.8107213 ], [ -79.3615733, 43.811002 ], [ -79.3607585, 43.811183 ], [ -79.358482622636487, 43.811721278344613 ], [ -79.363152099734009, 43.798042516035515 ], [ -79.367809880480863, 43.798611760014673 ] ] ] } },
{ "type": "Feature", "properties": { "vor_id": 1275, "theft_count": 16, "bike_trips": 0.0, "theft_per_1000_trips": "<NA>" }, "geometry": { "type": "Polygon", "coordinates": [ [ [ -79.306342826372301, 43.673377298841302 ], [ -79.305055375364788, 43.675129762828099 ], [ -79.302377728138111, 43.674981979009388 ], [ -79.300952339954932, 43.673957153960004 ], [ -79.302244088302302, 43.670854882535615 ], [ -79.303032287742411, 43.670252781826477 ], [ -79.304154013686983, 43.669861421159162 ], [ -79.305558407000774, 43.6704849122805 ], [ -79.306342826372301, 43.673377298841302 ] ] ] } },
{ "type": "Feature", "properties": { "vor_id": 1276, "theft_count": 23, "bike_trips": 0.0, "theft_per_1000_trips": "<NA>" }, "geometry": { "type": "Polygon", "coordinates": [ [ [ -79.403993341919318, 43.665642785177624 ], [ -79.404142437038814, 43.665411122029738 ], [ -79.404712886306044, 43.665399800999687 ], [ -79.405196374662737, 43.66772692388556 ], [ -79.404490598374579, 43.668425769038365 ], [ -79.403993341919318, 43.665642785177624 ] ] ] } },
{ "type": "Feature", "properties": { "vor_id": 1277, "theft_count": 4, "bike_trips": 0.0, "theft_per_1000_trips": "<NA>" }, "geometry": { "type": "Polygon", "coordinates": [ [ [ -79.514088382756867, 43.58505309288379 ], [ -79.5160956, 43.584835 ], [ -79.522762940027988, 43.586069230879311 ], [ -79.526514264787963, 43.592589168006342 ], [ -79.525371036934089, 43.59565256810842 ], [ -79.523862335339203, 43.59540394163475 ], [ -79.514952473434221, 43.589574692007353 ], [ -79.514088382756867, 43.58505309288379 ] ] ] } },
{ "type": "Feature", "properties": { "vor_id": 1278, "theft_count": 37, "bike_trips": 0.0, "theft_per_1000_trips": "<NA>" }, "geometry": { "type": "Polygon", "coordinates": [ [ [ -79.379703293935037, 43.671269137989128 ], [ -79.37977611896973, 43.671629451234601 ], [ -79.378185340038797, 43.673314070193818 ], [ -79.377846683008102, 43.671637418652018 ], [ -79.379699175861475, 43.67126639390348 ], [ -79.379703293935037, 43.671269137989128 ] ] ] } },
{ "type": "Feature", "properties": { "vor_id": 1279, "theft_count": 6, "bike_trips": 0.0, "theft_per_1000_trips": "<NA>" }, "geometry": { "type": "Polygon", "coordinates": [ [ [ -79.428744210065787, 43.673307652761281 ], [ -79.427682753310251, 43.673390698782285 ], [ -79.427077865901467, 43.671558572251207 ], [ -79.428013449174543, 43.670536455836761 ], [ -79.428978150861411, 43.67076549711787 ], [ -79.429106549822919, 43.67093025872893 ], [ -79.428875224576188, 43.673025077326805 ], [ -79.428744210065787, 43.673307652761281 ] ] ] } },
{ "type": "Feature", "properties": { "vor_id": 1280, "theft_count": 19, "bike_trips": 0.0, "theft_per_1000_trips": "<NA>" }, "geometry": { "type": "Polygon", "coordinates": [ [ [ -79.335874811389374, 43.672356967292053 ], [ -79.33581592346988, 43.674568547095696 ], [ -79.334675825013761, 43.675089356347641 ], [ -79.333489293456196, 43.675631376740348 ], [ -79.332464958718248, 43.675134009517727 ], [ -79.332189240127107, 43.674961251489961 ], [ -79.33177960719469, 43.671116651867045 ], [ -79.334384892281022, 43.670495977664238 ], [ -79.334556231939445, 43.670547176613617 ], [ -79.33475236702192, 43.670816378021208 ], [ -79.335874811389374, 43.672356967292053 ] ] ] } },
{ "type": "Feature", "properties": { "vor_id": 1281, "theft_count": 6, "bike_trips": 0.0, "theft_per_1000_trips": "<NA>" }, "geometry": { "type": "Polygon", "coordinates": [ [ [ -79.516713112146633, 43.680607237467406 ], [ -79.512436153945302, 43.671841791594254 ], [ -79.520490892711052, 43.666072556872876 ], [ -79.528342869637584, 43.673407338179373 ], [ -79.518792700667248, 43.683139779419321 ], [ -79.516713112146633, 43.680607237467406 ] ] ] } },
{ "type": "Feature", "properties": { "vor_id": 1282, "theft_count": 21, "bike_trips": 0.0, "theft_per_1000_trips": "<NA>" }, "geometry": { "type": "Polygon", "coordinates": [ [ [ -79.282926304519918, 43.743285449381254 ], [ -79.280926209586454, 43.76161941151372 ], [ -79.279987186406601, 43.762737545411497 ], [ -79.276461496341668, 43.764935607197337 ], [ -79.275556849090506, 43.765268265576204 ], [ -79.271685963848469, 43.763751982075668 ], [ -79.26800961473036, 43.75853933944439 ], [ -79.263550699496889, 43.7508388258614 ], [ -79.282926304519918, 43.743285449381254 ] ] ] } },
{ "type": "Feature", "properties": { "vor_id": 1283, "theft_count": 10, "bike_trips": 0.0, "theft_per_1000_trips": "<NA>" }, "geometry": { "type": "Polygon", "coordinates": [ [ [ -79.34271214008804, 43.778578158112069 ], [ -79.343338904746801, 43.778508720398008 ], [ -79.344672613766008, 43.779923397238022 ], [ -79.345603954810727, 43.782181227169339 ], [ -79.341845322360115, 43.789977702565125 ], [ -79.339617808646508, 43.791055558584013 ], [ -79.334144810944679, 43.785752389368916 ], [ -79.33769373629417, 43.78177801423675 ], [ -79.34271214008804, 43.778578158112069 ] ] ] } },
{ "type": "Feature", "properties": { "vor_id": 1284, "theft_count": 8, "bike_trips": 0.0, "theft_per_1000_trips": "<NA>" }, "geometry": { "type": "MultiPolygon", "coordinates": [ [ [ [ -79.577284323208175, 43.629586986668137 ], [ -79.577025609239399, 43.629778862024388 ], [ -79.576549065150047, 43.629260162802112 ], [ -79.576641126208088, 43.629191885668142 ], [ -79.579271790060417, 43.626807590932941 ], [ -79.5795986, 43.6268734 ], [ -79.579960436479368, 43.62716149898079 ], [ -79.577284323208175, 43.629586986668137 ] ] ], [ [ [ -79.517786147349014, 43.632509944615123 ], [ -79.517718787322409, 43.632459987014606 ], [ -79.521351625158601, 43.634637426217417 ], [ -79.524082208755004, 43.635928896076145 ], [ -79.525787290381658, 43.636735339625574 ], [ -79.526227125963032, 43.636892715313031 ], [ -79.529049201359697, 43.637902470035925 ], [ -79.530407228137165, 43.638388379786612 ], [ -79.532058590200407, 43.638802024450008 ], [ -79.532094638541835, 43.639045042628112 ], [ -79.531050425137266, 43.638783480786614 ], [ -79.529312681707893, 43.638161706245413 ], [ -79.526430487381731, 43.637130440625555 ], [ -79.526170747122961, 43.63700759263228 ], [ -79.523292939727639, 43.635646491102499 ], [ -79.521994822158675, 43.635032527217419 ], [ -79.517786147349014, 43.632509944615123 ] ] ], [ [ [ -79.571085272973548, 43.633082657955931 ], [ -79.571284291630647, 43.633743989209144 ], [ -79.569134495841283, 43.635032527217419 ], [ -79.564698830618227, 43.637130440625555 ], [ -79.564583809641903, 43.637171595788978 ], [ -79.564063985706611, 43.636731389381922 ], [ -79.568491298841209, 43.634637426217417 ], [ -79.571085272973548, 43.633082657955931 ] ] ], [ [ [ -79.497599307184814, 43.604978277947268 ], [ -79.497141427413695, 43.605242799571933 ], [ -79.4970744452133, 43.605055596862734 ], [ -79.495882197979739, 43.600295879100813 ], [ -79.495364178659983, 43.596803676511612 ], [ -79.495503, 43.5966714 ], [ -79.495876370101698, 43.596315609775026 ], [ -79.496715980840335, 43.59551553153571 ], [ -79.49704834560734, 43.595198815937209 ], [ -79.497827328962558, 43.604846547534812 ], [ -79.497599307184814, 43.604978277947268 ] ] ], [ [ [ -79.490473050017059, 43.601464209500854 ], [ -79.491425247406241, 43.600556904118285 ], [ -79.491991040468776, 43.602815676639096 ], [ -79.490473050017059, 43.601464209500854 ] ] ], [ [ [ -79.501468595782569, 43.614506300841292 ], [ -79.499370682374433, 43.610070635618257 ], [ -79.499172511084922, 43.609516783967187 ], [ -79.505330823169231, 43.60969327982977 ], [ -79.507625576885161, 43.611371538444807 ], [ -79.507794738891803, 43.61707015975648 ], [ -79.501944482742019, 43.615300270266381 ], [ -79.501468595782569, 43.614506300841292 ] ] ] ] } },
{ "type": "Feature", "properties": { "vor_id": 1285, "theft_count": 22, "bike_trips": 0.0, "theft_per_1000_trips": "<NA>" }, "geometry": { "type": "Polygon", "coordinates": [ [ [ -79.425760814703708, 43.644812087480005 ], [ -79.425180078958689, 43.641948484622105 ], [ -79.425768626297668, 43.641738758973879 ], [ -79.426405524257575, 43.642032966729268 ], [ -79.426723720358666, 43.643558286392661 ], [ -79.425760814703708, 43.644812087480005 ] ] ] } },
{ "type": "Feature", "properties": { "vor_id": 1286, "theft_count": 8, "bike_trips": 0.0, "theft_per_1000_trips": "<NA>" }, "geometry": { "type": "Polygon", "coordinates": [ [ [ -79.404499198693273, 43.744698297307608 ], [ -79.404828116187886, 43.7447105294737 ], [ -79.407124572687934, 43.755148652587508 ], [ -79.406442782285112, 43.755430465988518 ], [ -79.398092986383745, 43.751509808651768 ], [ -79.404499198693273, 43.744698297307608 ] ] ] } },
{ "type": "Feature", "properties": { "vor_id": 1287, "theft_count": 15, "bike_trips": 0.0, "theft_per_1000_trips": "<NA>" }, "geometry": { "type": "Polygon", "coordinates": [ [ [ -79.418120121471986, 43.692159185508238 ], [ -79.418044290216613, 43.688896802313437 ], [ -79.421910113109149, 43.687327533195308 ], [ -79.423780582999953, 43.691211245937396 ], [ -79.423698691449829, 43.691287835232032 ], [ -79.418120121471986, 43.692159185508238 ] ] ] } },
{ "type": "Feature", "properties": { "vor_id": 1288, "theft_count": 17, "bike_trips": 0.0, "theft_per_1000_trips": "<NA>" }, "geometry": { "type": "Polygon", "coordinates": [ [ [ -79.26078419870862, 43.74982824858742 ], [ -79.263550699496889, 43.7508388258614 ], [ -79.26800961473036, 43.75853933944439 ], [ -79.25924899177096, 43.767709736300304 ], [ -79.26078419870862, 43.74982824858742 ] ] ] } },
{ "type": "Feature", "properties": { "vor_id": 1289, "theft_count": 0, "bike_trips": 0.0, "theft_per_1000_trips": "<NA>" }, "geometry": { "type": "Polygon", "coordinates": [ [ [ -79.480612588354717, 43.61253653398294 ], [ -79.478089214525369, 43.610077776826984 ], [ -79.4781204, 43.610042 ], [ -79.479159415516776, 43.609421659389973 ], [ -79.479392757809265, 43.609502648530338 ], [ -79.482507349357292, 43.610617681188941 ], [ -79.484005479782468, 43.613785211841396 ], [ -79.484585715969246, 43.614753277434502 ], [ -79.480612588354717, 43.61253653398294 ] ] ] } },
{ "type": "Feature", "properties": { "vor_id": 1290, "theft_count": 21, "bike_trips": 0.0, "theft_per_1000_trips": "<NA>" }, "geometry": { "type": "Polygon", "coordinates": [ [ [ -79.40972941987404, 43.764482981232931 ], [ -79.41536559026504, 43.763114379634573 ], [ -79.418068820103286, 43.763555145441316 ], [ -79.40975637849624, 43.765801072316201 ], [ -79.409147017998734, 43.765481329533451 ], [ -79.40972941987404, 43.764482981232931 ] ] ] } },
{ "type": "Feature", "properties": { "vor_id": 1291, "theft_count": 4, "bike_trips": 0.0, "theft_per_1000_trips": "<NA>" }, "geometry": { "type": "Polygon", "coordinates": [ [ [ -79.34084832981047, 43.655908677368437 ], [ -79.337949579373188, 43.657114954556697 ], [ -79.336905971677055, 43.656696087416215 ], [ -79.331841886593935, 43.651258999345245 ], [ -79.326810264767403, 43.639226157122529 ], [ -79.328994805709641, 43.640207014303066 ], [ -79.329901184782557, 43.642123391841388 ], [ -79.332423767384867, 43.646332066651077 ], [ -79.33534672533186, 43.650273219208273 ], [ -79.338641908940659, 43.653908894059427 ], [ -79.34084832981047, 43.655908677368437 ] ] ] } },
{ "type": "Feature", "properties": { "vor_id": 1292, "theft_count": 2, "bike_trips": 0.0, "theft_per_1000_trips": "<NA>" }, "geometry": { "type": "Polygon", "coordinates": [ [ [ -79.188420430603728, 43.797409281839883 ], [ -79.18863363045466, 43.797395821718148 ], [ -79.194950243145655, 43.804925624005222 ], [ -79.193021542782574, 43.808143466158789 ], [ -79.190923629374424, 43.812579131381845 ], [ -79.189270589213379, 43.817199069137367 ], [ -79.188078341979818, 43.821958786899287 ], [ -79.18735836966637, 43.826812445983613 ], [ -79.187117606, 43.831713303000093 ], [ -79.18730709868511, 43.835570515217491 ], [ -79.176436878668028, 43.85405311442333 ], [ -79.1743008, 43.8545507 ], [ -79.1710263, 43.8552741 ], [ -79.170214699999988, 43.8554425 ], [ -79.1701962, 43.8553968 ], [ -79.1701685, 43.8553214 ], [ -79.1699025, 43.8546932 ], [ -79.1696952, 43.8542206 ], [ -79.1696452, 43.8540572 ], [ -79.16881429999998, 43.8522899 ], [ -79.1668501, 43.8479554 ], [ -79.16667889999998, 43.8476206 ], [ -79.166639799999984, 43.8475441 ], [ -79.166146, 43.8465785 ], [ -79.1633994, 43.8403262 ], [ -79.1633886216283, 43.840302340505595 ], [ -79.166217410650844, 43.83860682961523 ], [ -79.170158563208062, 43.835683871668245 ], [ -79.173794238059187, 43.832388688059432 ], [ -79.177089421668001, 43.828753013208285 ], [ -79.180012379615007, 43.824811860651081 ], [ -79.182534962217304, 43.820603185841399 ], [ -79.184632875625439, 43.816167520618365 ], [ -79.186285915786485, 43.811547582862822 ], [ -79.187478163020046, 43.806787865100901 ], [ -79.188198135333494, 43.801934206016583 ], [ -79.188420430603728, 43.797409281839883 ] ] ] } },
{ "type": "Feature", "properties": { "vor_id": 1293, "theft_count": 19, "bike_trips": 0.0, "theft_per_1000_trips": "<NA>" }, "geometry": { "type": "Polygon", "coordinates": [ [ [ -79.419086097362921, 43.763650808769832 ], [ -79.419393100598427, 43.764044529171912 ], [ -79.419203559130764, 43.764805568044295 ], [ -79.411057362121454, 43.766853925127357 ], [ -79.40975637849624, 43.765801072316201 ], [ -79.418068820103286, 43.763555145441316 ], [ -79.419086097362921, 43.763650808769832 ] ] ] } },
{ "type": "Feature", "properties": { "vor_id": 1294, "theft_count": 26, "bike_trips": 0.0, "theft_per_1000_trips": "<NA>" }, "geometry": { "type": "Polygon", "coordinates": [ [ [ -79.327359121366513, 43.66986504779463 ], [ -79.327474409033684, 43.67040715866532 ], [ -79.32761100336549, 43.67195926428537 ], [ -79.323149229098433, 43.670667806608506 ], [ -79.322319570714939, 43.669998844622974 ], [ -79.323946941337638, 43.668472119031328 ], [ -79.32398037843646, 43.66846813920295 ], [ -79.327359121366513, 43.66986504779463 ] ] ] } },
{ "type": "Feature", "properties": { "vor_id": 1295, "theft_count": 13, "bike_trips": 0.0, "theft_per_1000_trips": "<NA>" }, "geometry": { "type": "Polygon", "coordinates": [ [ [ -79.428502867584271, 43.640933242873416 ], [ -79.427525027815165, 43.641312722288589 ], [ -79.426906311845741, 43.64004974262393 ], [ -79.427493811604748, 43.639205770329177 ], [ -79.428215274306581, 43.639528009355921 ], [ -79.428502867584271, 43.640933242873416 ] ] ] } },
{ "type": "Feature", "properties": { "vor_id": 1296, "theft_count": 35, "bike_trips": 0.0, "theft_per_1000_trips": "<NA>" }, "geometry": { "type": "Polygon", "coordinates": [ [ [ -79.420509567039446, 43.675411189824601 ], [ -79.419576456882908, 43.673146114790661 ], [ -79.419950417193292, 43.669738367437581 ], [ -79.421516383822976, 43.669136009194823 ], [ -79.422396333490028, 43.669969517963601 ], [ -79.42311530213982, 43.673623458096856 ], [ -79.422282501179225, 43.674635596501126 ], [ -79.422158977238695, 43.674737180061868 ], [ -79.420509567039446, 43.675411189824601 ] ] ] } },
{ "type": "Feature", "properties": { "vor_id": 1297, "theft_count": 6, "bike_trips": 0.0, "theft_per_1000_trips": "<NA>" }, "geometry": { "type": "Polygon", "coordinates": [ [ [ -79.398600189830304, 43.662526656656716 ], [ -79.398509711190854, 43.6620846297265 ], [ -79.400219117604038, 43.661060050952159 ], [ -79.400377388866133, 43.661821471017568 ], [ -79.398600189830304, 43.662526656656716 ] ] ] } },
{ "type": "Feature", "properties": { "vor_id": 1298, "theft_count": 13, "bike_trips": 0.0, "theft_per_1000_trips": "<NA>" }, "geometry": { "type": "Polygon", "coordinates": [ [ [ -79.440675118616667, 43.708732718270049 ], [ -79.442028752983788, 43.710214421266798 ], [ -79.433045408467919, 43.713907061143026 ], [ -79.432455704494231, 43.713503069828647 ], [ -79.434093592032653, 43.71137754064199 ], [ -79.440675118616667, 43.708732718270049 ] ] ] } },
{ "type": "Feature", "properties": { "vor_id": 1299, "theft_count": 8, "bike_trips": 0.0, "theft_per_1000_trips": "<NA>" }, "geometry": { "type": "Polygon", "coordinates": [ [ [ -79.436659533870539, 43.672210913402594 ], [ -79.436103103789449, 43.669646037814196 ], [ -79.437195116940757, 43.669239336923539 ], [ -79.43868553738119, 43.670350298179045 ], [ -79.439067116118878, 43.670910849763615 ], [ -79.438273454025719, 43.671551431127767 ], [ -79.436659533870539, 43.672210913402594 ] ] ] } },
{ "type": "Feature", "properties": { "vor_id": 1300, "theft_count": 5, "bike_trips": 0.0, "theft_per_1000_trips": "<NA>" }, "geometry": { "type": "Polygon", "coordinates": [ [ [ -79.351936339790427, 43.684411952115575 ], [ -79.350663478915607, 43.687082062796271 ], [ -79.349041557048778, 43.686856503039429 ], [ -79.348618505200349, 43.684230424446454 ], [ -79.351032276060508, 43.683308061112967 ], [ -79.351936339790427, 43.684411952115575 ] ] ] } },
{ "type": "Feature", "properties": { "vor_id": 1301, "theft_count": 13, "bike_trips": 0.0, "theft_per_1000_trips": "<NA>" }, "geometry": { "type": "Polygon", "coordinates": [ [ [ -79.473935240787142, 43.657124159318265 ], [ -79.471620267575091, 43.655123396594561 ], [ -79.473683797976292, 43.653314435752577 ], [ -79.476547579770269, 43.6540093550379 ], [ -79.477552630652838, 43.654399740175293 ], [ -79.47816981533677, 43.654745747310209 ], [ -79.478692923596341, 43.655080048365647 ], [ -79.47864611258565, 43.655171968559848 ], [ -79.473935240787142, 43.657124159318265 ] ] ] } },
{ "type": "Feature", "properties": { "vor_id": 1302, "theft_count": 9, "bike_trips": 0.0, "theft_per_1000_trips": "<NA>" }, "geometry": { "type": "Polygon", "coordinates": [ [ [ -79.375989340413483, 43.652657636939672 ], [ -79.37581781969304, 43.651927927989483 ], [ -79.37614618517037, 43.651066599128477 ], [ -79.376288915189676, 43.650975470841622 ], [ -79.377036722654879, 43.651902145488904 ], [ -79.377099657274925, 43.652195564781067 ], [ -79.376706390603616, 43.652533875593633 ], [ -79.376142668007859, 43.65276029361511 ], [ -79.375989340413483, 43.652657636939672 ] ] ] } },
{ "type": "Feature", "properties": { "vor_id": 1303, "theft_count": 20, "bike_trips": 0.0, "theft_per_1000_trips": "<NA>" }, "geometry": { "type": "Polygon", "coordinates": [ [ [ -79.321829989009032, 43.68161432010595 ], [ -79.322285094212603, 43.683809361196239 ], [ -79.320634332754111, 43.684508342467005 ], [ -79.319793070964451, 43.680470908285841 ], [ -79.321829989009032, 43.68161432010595 ] ] ] } },
{ "type": "Feature", "properties": { "vor_id": 1304, "theft_count": 14, "bike_trips": 0.0, "theft_per_1000_trips": "<NA>" }, "geometry": { "type": "Polygon", "coordinates": [ [ [ -79.417696506081597, 43.730845042787124 ], [ -79.430306318859863, 43.731108413771331 ], [ -79.43162798332817, 43.731579617357994 ], [ -79.429950779315135, 43.737017426512423 ], [ -79.426598434231806, 43.741212346380436 ], [ -79.417162919126056, 43.733392278961773 ], [ -79.4170713529425, 43.731270845159543 ], [ -79.417109599353438, 43.7311702682846 ], [ -79.417696506081597, 43.730845042787124 ] ] ] } },
{ "type": "Feature", "properties": { "vor_id": 1305, "theft_count": 19, "bike_trips": 0.0, "theft_per_1000_trips": "<NA>" }, "geometry": { "type": "Polygon", "coordinates": [ [ [ -79.327596963616358, 43.673236641065436 ], [ -79.332189240127107, 43.674961251489961 ], [ -79.332464958718248, 43.675134009517727 ], [ -79.327837349842497, 43.678040501584029 ], [ -79.326514125509789, 43.676033915624807 ], [ -79.327596963616358, 43.673236641065436 ] ] ] } },
{ "type": "Feature", "properties": { "vor_id": 1306, "theft_count": 11, "bike_trips": 0.0, "theft_per_1000_trips": "<NA>" }, "geometry": { "type": "Polygon", "coordinates": [ [ [ -79.406115979306108, 43.664508422198551 ], [ -79.40662424256854, 43.6638926451852 ], [ -79.407311208528384, 43.66719195385776 ], [ -79.407156594414872, 43.667321030394277 ], [ -79.406699376535727, 43.667267801235113 ], [ -79.406115979306108, 43.664508422198551 ] ] ] } },
{ "type": "Feature", "properties": { "vor_id": 1307, "theft_count": 16, "bike_trips": 0.0, "theft_per_1000_trips": "<NA>" }, "geometry": { "type": "Polygon", "coordinates": [ [ [ -79.440751358056801, 43.638196830415083 ], [ -79.439589912383582, 43.640877226739939 ], [ -79.43804949787652, 43.638890859728505 ], [ -79.43819537379936, 43.637759163366745 ], [ -79.439715917774478, 43.637196593289346 ], [ -79.440788583732868, 43.63809162375712 ], [ -79.440751358056801, 43.638196830415083 ] ] ] } },
{ "type": "Feature", "properties": { "vor_id": 1308, "theft_count": 23, "bike_trips": 0.0, "theft_per_1000_trips": "<NA>" }, "geometry": { "type": "Polygon", "coordinates": [ [ [ -79.458315952882714, 43.655245713777482 ], [ -79.457476178592046, 43.657547844187057 ], [ -79.453778103974741, 43.655942990248349 ], [ -79.454982267723921, 43.652593482150927 ], [ -79.458315952882714, 43.655245713777482 ] ] ] } },
{ "type": "Feature", "properties": { "vor_id": 1309, "theft_count": 14, "bike_trips": 0.0, "theft_per_1000_trips": "<NA>" }, "geometry": { "type": "Polygon", "coordinates": [ [ [ -79.409040199749043, 43.642174531364674 ], [ -79.409314622153161, 43.642517405475594 ], [ -79.408704591578015, 43.644881732291907 ], [ -79.408384397066229, 43.645043625308745 ], [ -79.406784909679999, 43.644753283052147 ], [ -79.406718853783033, 43.644717930126092 ], [ -79.406728148770142, 43.644394003700349 ], [ -79.409040199749043, 43.642174531364674 ] ] ] } },
{ "type": "Feature", "properties": { "vor_id": 1310, "theft_count": 76, "bike_trips": 0.0, "theft_per_1000_trips": "<NA>" }, "geometry": { "type": "Polygon", "coordinates": [ [ [ -79.391444620511962, 43.692413295287359 ], [ -79.387776415052016, 43.688146411285338 ], [ -79.388773572649896, 43.686804588099989 ], [ -79.389144581692008, 43.68651229126155 ], [ -79.390679397454235, 43.686598064988281 ], [ -79.394021661897412, 43.687635059263805 ], [ -79.393019017764772, 43.69021968730587 ], [ -79.391444620511962, 43.692413295287359 ] ] ] } },
{ "type": "Feature", "properties": { "vor_id": 1311, "theft_count": 7, "bike_trips": 0.0, "theft_per_1000_trips": "<NA>" }, "geometry": { "type": "Polygon", "coordinates": [ [ [ -79.361965109331862, 43.667883867803674 ], [ -79.362377060134534, 43.667125492571223 ], [ -79.364242731899168, 43.667592819020264 ], [ -79.364341582818042, 43.667607482168926 ], [ -79.364327921210943, 43.667640191919517 ], [ -79.363861112253574, 43.667851425312485 ], [ -79.361965109331862, 43.667883867803674 ] ] ] } },
{ "type": "Feature", "properties": { "vor_id": 1312, "theft_count": 12, "bike_trips": 0.0, "theft_per_1000_trips": "<NA>" }, "geometry": { "type": "Polygon", "coordinates": [ [ [ -79.404107231281699, 43.694940054250573 ], [ -79.408543839035787, 43.693164757847185 ], [ -79.411206519618133, 43.69489264905436 ], [ -79.411176432088837, 43.698387221527312 ], [ -79.403571958488158, 43.701693362892378 ], [ -79.401938339322882, 43.699725772069087 ], [ -79.404107231281699, 43.694940054250573 ] ] ] } },
{ "type": "Feature", "properties": { "vor_id": 1313, "theft_count": 3, "bike_trips": 0.0, "theft_per_1000_trips": "<NA>" }, "geometry": { "type": "Polygon", "coordinates": [ [ [ -79.430306318859863, 43.731108413771331 ], [ -79.423127994251502, 43.725235579407077 ], [ -79.423524182941293, 43.723702223324892 ], [ -79.428202123999441, 43.72367376017538 ], [ -79.432825651188764, 43.730517710346469 ], [ -79.43162798332817, 43.731579617357994 ], [ -79.430306318859863, 43.731108413771331 ] ] ] } },
{ "type": "Feature", "properties": { "vor_id": 1314, "theft_count": 10, "bike_trips": 0.0, "theft_per_1000_trips": "<NA>" }, "geometry": { "type": "Polygon", "coordinates": [ [ [ -79.257040748572493, 43.690103652282019 ], [ -79.262420560746563, 43.702649049331974 ], [ -79.257654366850133, 43.707363376778979 ], [ -79.245416098932935, 43.697545640424117 ], [ -79.257040748572493, 43.690103652282019 ] ] ] } },
{ "type": "Feature", "properties": { "vor_id": 1315, "theft_count": 16, "bike_trips": 0.0, "theft_per_1000_trips": "<NA>" }, "geometry": { "type": "Polygon", "coordinates": [ [ [ -79.43185751469106, 43.638280986662345 ], [ -79.430908987767864, 43.639764328169022 ], [ -79.429749292031573, 43.639238052718127 ], [ -79.429217447651737, 43.636670253914616 ], [ -79.429521550735998, 43.636424671572904 ], [ -79.431501177426583, 43.636546519190681 ], [ -79.43185751469106, 43.638280986662345 ] ] ] } },
{ "type": "Feature", "properties": { "vor_id": 1316, "theft_count": 8, "bike_trips": 0.0, "theft_per_1000_trips": "<NA>" }, "geometry": { "type": "Polygon", "coordinates": [ [ [ -79.385865330998513, 43.673432386252472 ], [ -79.385950584029331, 43.673127851097796 ], [ -79.388721092749734, 43.671989545757384 ], [ -79.388657246590853, 43.672429540201726 ], [ -79.385972671755155, 43.673532914023781 ], [ -79.385865330998513, 43.673432386252472 ] ] ] } },
{ "type": "Feature", "properties": { "vor_id": 1317, "theft_count": 30, "bike_trips": 0.0, "theft_per_1000_trips": "<NA>" }, "geometry": { "type": "Polygon", "coordinates": [ [ [ -79.316819181925624, 43.68562835236137 ], [ -79.315018748521467, 43.68714869481753 ], [ -79.312669408080495, 43.685184028558609 ], [ -79.316381377081612, 43.683615786091231 ], [ -79.316819181925624, 43.68562835236137 ] ] ] } },
{ "type": "Feature", "properties": { "vor_id": 1318, "theft_count": 6, "bike_trips": 0.0, "theft_per_1000_trips": "<NA>" }, "geometry": { "type": "Polygon", "coordinates": [ [ [ -79.296621008857826, 43.681575778403456 ], [ -79.29513843377795, 43.675328543839974 ], [ -79.296193612808196, 43.675086943188532 ], [ -79.297430724010923, 43.680214093540314 ], [ -79.296621008857826, 43.681575778403456 ] ] ] } },
{ "type": "Feature", "properties": { "vor_id": 1319, "theft_count": 9, "bike_trips": 0.0, "theft_per_1000_trips": "<NA>" }, "geometry": { "type": "Polygon", "coordinates": [ [ [ -79.427393433306761, 43.676041185548335 ], [ -79.42819687895809, 43.677214274315432 ], [ -79.426386380078412, 43.677541383177477 ], [ -79.424472352974377, 43.676794217309727 ], [ -79.422158977238695, 43.674737180061868 ], [ -79.422282501179225, 43.674635596501126 ], [ -79.427393433306761, 43.676041185548335 ] ] ] } },
{ "type": "Feature", "properties": { "vor_id": 1320, "theft_count": 14, "bike_trips": 0.0, "theft_per_1000_trips": "<NA>" }, "geometry": { "type": "Polygon", "coordinates": [ [ [ -79.480588564441916, 43.624862962995685 ], [ -79.482522699125397, 43.625868162779348 ], [ -79.483458488853785, 43.631748465130585 ], [ -79.478181681950034, 43.628388369665991 ], [ -79.479185357712439, 43.62507411719745 ], [ -79.480588564441916, 43.624862962995685 ] ] ] } },
{ "type": "Feature", "properties": { "vor_id": 1321, "theft_count": 18, "bike_trips": 0.0, "theft_per_1000_trips": "<NA>" }, "geometry": { "type": "Polygon", "coordinates": [ [ [ -79.424483718861595, 43.700472575926185 ], [ -79.423344732975607, 43.699363027796736 ], [ -79.423258306283529, 43.698925470829799 ], [ -79.425281495463878, 43.696522568487403 ], [ -79.42758927893469, 43.696220398653757 ], [ -79.429239898180484, 43.697028315327515 ], [ -79.429336627898934, 43.697482216036136 ], [ -79.427336677844835, 43.70101019639656 ], [ -79.424483718861595, 43.700472575926185 ] ] ] } },
{ "type": "Feature", "properties": { "vor_id": 1322, "theft_count": 38, "bike_trips": 0.0, "theft_per_1000_trips": "<NA>" }, "geometry": { "type": "Polygon", "coordinates": [ [ [ -79.344546402311778, 43.678125896358218 ], [ -79.346337305099794, 43.679881571819259 ], [ -79.345553631935189, 43.680994765493374 ], [ -79.344066925763727, 43.681036921497508 ], [ -79.343888510695592, 43.680671172481652 ], [ -79.344346025965393, 43.678205927176059 ], [ -79.344546402311778, 43.678125896358218 ] ] ] } },
{ "type": "Feature", "properties": { "vor_id": 1323, "theft_count": 15, "bike_trips": 0.0, "theft_per_1000_trips": "<NA>" }, "geometry": { "type": "Polygon", "coordinates": [ [ [ -79.31938486622019, 43.803198001740213 ], [ -79.329622903838768, 43.802859693233422 ], [ -79.341179204118276, 43.815685088322773 ], [ -79.3401642, 43.8159481 ], [ -79.3377151, 43.816572 ], [ -79.337362299999981, 43.8166658 ], [ -79.336408, 43.8168765 ], [ -79.3315092, 43.818001099999989 ], [ -79.3313504, 43.8180378 ], [ -79.3311911, 43.8180757 ], [ -79.3306057, 43.8182057 ], [ -79.329129, 43.8185442 ], [ -79.3284532, 43.8186964 ], [ -79.3266815, 43.8191257 ], [ -79.326564099999985, 43.819152 ], [ -79.3233852, 43.8198745 ], [ -79.3229209, 43.8199813 ], [ -79.3228145, 43.8199973 ], [ -79.3218592, 43.820224699999983 ], [ -79.3209241, 43.8204475 ], [ -79.3199044, 43.8206869 ], [ -79.318552899999986, 43.8209911 ], [ -79.31789046516549, 43.82115404023552 ], [ -79.312174811856138, 43.810484099739774 ], [ -79.31938486622019, 43.803198001740213 ] ] ] } },
{ "type": "Feature", "properties": { "vor_id": 1324, "theft_count": 9, "bike_trips": 0.0, "theft_per_1000_trips": "<NA>" }, "geometry": { "type": "Polygon", "coordinates": [ [ [ -79.382135885798363, 43.679855141872814 ], [ -79.385542645070558, 43.673488973830239 ], [ -79.385865330998513, 43.673432386252472 ], [ -79.385972671755155, 43.673532914023781 ], [ -79.387697493289863, 43.675312983317617 ], [ -79.386348652926372, 43.678983760774535 ], [ -79.386212091907652, 43.679215043612658 ], [ -79.385512787945103, 43.679491126288795 ], [ -79.382135885798363, 43.679855141872814 ] ] ] } },
{ "type": "Feature", "properties": { "vor_id": 1325, "theft_count": 1, "bike_trips": 0.0, "theft_per_1000_trips": "<NA>" }, "geometry": { "type": "Polygon", "coordinates": [ [ [ -79.416993467903126, 43.74989422074205 ], [ -79.416580378453702, 43.751185556439474 ], [ -79.407306847599529, 43.75517271509306 ], [ -79.407287647340567, 43.755174675277182 ], [ -79.407124572687934, 43.755148652587508 ], [ -79.404828116187886, 43.7447105294737 ], [ -79.410083625893918, 43.743998493128423 ], [ -79.416993467903126, 43.74989422074205 ] ] ] } },
{ "type": "Feature", "properties": { "vor_id": 1326, "theft_count": 15, "bike_trips": 0.0, "theft_per_1000_trips": "<NA>" }, "geometry": { "type": "Polygon", "coordinates": [ [ [ -79.411676315197809, 43.760906712269396 ], [ -79.40980268428639, 43.761372100831537 ], [ -79.41060158590281, 43.758502252198213 ], [ -79.411152540374033, 43.758372296119639 ], [ -79.411676315197809, 43.760906712269396 ] ] ] } },
{ "type": "Feature", "properties": { "vor_id": 1327, "theft_count": 8, "bike_trips": 0.0, "theft_per_1000_trips": "<NA>" }, "geometry": { "type": "Polygon", "coordinates": [ [ [ -79.438464943593033, 43.703209271272989 ], [ -79.438457851025632, 43.703222954521635 ], [ -79.435839244834568, 43.702438729557521 ], [ -79.435615636222181, 43.700893574891168 ], [ -79.437601615681032, 43.698893925416087 ], [ -79.438464943593033, 43.703209271272989 ] ] ] } },
{ "type": "Feature", "properties": { "vor_id": 1328, "theft_count": 28, "bike_trips": 0.0, "theft_per_1000_trips": "<NA>" }, "geometry": { "type": "Polygon", "coordinates": [ [ [ -79.276298105335371, 43.77059588795818 ], [ -79.287974447554333, 43.77651989088352 ], [ -79.287406791680041, 43.777024797615802 ], [ -79.280499129198304, 43.783168881468782 ], [ -79.276241751750106, 43.783043478866496 ], [ -79.274964864057935, 43.782662349469881 ], [ -79.274338643792689, 43.782475433303865 ], [ -79.276298105335371, 43.77059588795818 ] ] ] } },
{ "type": "Feature", "properties": { "vor_id": 1329, "theft_count": 5, "bike_trips": 0.0, "theft_per_1000_trips": "<NA>" }, "geometry": { "type": "Polygon", "coordinates": [ [ [ -79.456462297263556, 43.676901096007704 ], [ -79.456389984781666, 43.676894439878488 ], [ -79.455184303358507, 43.671146153313252 ], [ -79.455975763067386, 43.669585809868074 ], [ -79.459110311952642, 43.671278843951669 ], [ -79.459151785666322, 43.671653963237404 ], [ -79.456462297263556, 43.676901096007704 ] ] ] } },
{ "type": "Feature", "properties": { "vor_id": 1330, "theft_count": 4, "bike_trips": 0.0, "theft_per_1000_trips": "<NA>" }, "geometry": { "type": "Polygon", "coordinates": [ [ [ -79.424862982673687, 43.679972204565104 ], [ -79.424508295629721, 43.680123392499596 ], [ -79.42024477958438, 43.676074057867112 ], [ -79.420224522320439, 43.675794834342092 ], [ -79.420509567039446, 43.675411189824601 ], [ -79.422158977238695, 43.674737180061868 ], [ -79.424472352974377, 43.676794217309727 ], [ -79.425020880689274, 43.679404252897015 ], [ -79.424862982673687, 43.679972204565104 ] ] ] } },
{ "type": "Feature", "properties": { "vor_id": 1331, "theft_count": 6, "bike_trips": 0.0, "theft_per_1000_trips": "<NA>" }, "geometry": { "type": "Polygon", "coordinates": [ [ [ -79.435451593249297, 43.653265979914018 ], [ -79.434979557654259, 43.656470236743672 ], [ -79.431787402320694, 43.655807070001615 ], [ -79.432339706627118, 43.65444152086301 ], [ -79.435451593249297, 43.653265979914018 ] ] ] } },
{ "type": "Feature", "properties": { "vor_id": 1332, "theft_count": 17, "bike_trips": 0.0, "theft_per_1000_trips": "<NA>" }, "geometry": { "type": "Polygon", "coordinates": [ [ [ -79.416023598100224, 43.701953486503911 ], [ -79.419813288390429, 43.705709100526974 ], [ -79.420284692931332, 43.708191159406546 ], [ -79.411745090413334, 43.712231243201188 ], [ -79.41145900244031, 43.712253292732058 ], [ -79.415838691269414, 43.701960401856148 ], [ -79.416023598100224, 43.701953486503911 ] ] ] } },
{ "type": "Feature", "properties": { "vor_id": 1333, "theft_count": 10, "bike_trips": 0.0, "theft_per_1000_trips": "<NA>" }, "geometry": { "type": "Polygon", "coordinates": [ [ [ -79.34256252161785, 43.680109469836687 ], [ -79.342052727191145, 43.677487810938658 ], [ -79.344346025965393, 43.678205927176059 ], [ -79.343888510695592, 43.680671172481652 ], [ -79.34256252161785, 43.680109469836687 ] ] ] } },
{ "type": "Feature", "properties": { "vor_id": 1334, "theft_count": 4, "bike_trips": 0.0, "theft_per_1000_trips": "<NA>" }, "geometry": { "type": "Polygon", "coordinates": [ [ [ -79.51321802448625, 43.640338898651443 ], [ -79.512845568424581, 43.637796992716019 ], [ -79.513587309137165, 43.638062391786711 ], [ -79.518347026899079, 43.639254639020258 ], [ -79.523200685983412, 43.639974611333706 ], [ -79.524678968799762, 43.640047234711552 ], [ -79.522333138970239, 43.644827089030237 ], [ -79.517518825050601, 43.64492155498862 ], [ -79.51321802448625, 43.640338898651443 ] ] ] } },
{ "type": "Feature", "properties": { "vor_id": 1335, "theft_count": 13, "bike_trips": 0.0, "theft_per_1000_trips": "<NA>" }, "geometry": { "type": "Polygon", "coordinates": [ [ [ -79.394964683360712, 43.701505177230629 ], [ -79.398880849915457, 43.7021773571281 ], [ -79.39874391786509, 43.702608999379734 ], [ -79.396064608632628, 43.704106466137638 ], [ -79.394571633725192, 43.702655450286542 ], [ -79.394964683360712, 43.701505177230629 ] ] ] } },
{ "type": "Feature", "properties": { "vor_id": 1336, "theft_count": 16, "bike_trips": 0.0, "theft_per_1000_trips": "<NA>" }, "geometry": { "type": "Polygon", "coordinates": [ [ [ -79.335874811389374, 43.672356967292053 ], [ -79.339971257720762, 43.668829855907411 ], [ -79.341232496506137, 43.670528573713845 ], [ -79.341586338678454, 43.671226843245343 ], [ -79.341857595435584, 43.672112629993379 ], [ -79.34207220409202, 43.673892544480445 ], [ -79.341921245716762, 43.674050375749388 ], [ -79.336426196579438, 43.67491148453928 ], [ -79.33581592346988, 43.674568547095696 ], [ -79.335874811389374, 43.672356967292053 ] ] ] } },
{ "type": "Feature", "properties": { "vor_id": 1337, "theft_count": 16, "bike_trips": 0.0, "theft_per_1000_trips": "<NA>" }, "geometry": { "type": "Polygon", "coordinates": [ [ [ -79.440964748412384, 43.699037585619784 ], [ -79.438464943593033, 43.703209271272989 ], [ -79.437601615681032, 43.698893925416087 ], [ -79.438234805092335, 43.698104743436318 ], [ -79.440964748412384, 43.699037585619784 ] ] ] } },
{ "type": "Feature", "properties": { "vor_id": 1338, "theft_count": 2, "bike_trips": 0.0, "theft_per_1000_trips": "<NA>" }, "geometry": { "type": "Polygon", "coordinates": [ [ [ -79.34544252438387, 43.670619197099072 ], [ -79.341857595435584, 43.672112629993379 ], [ -79.341586338678454, 43.671226843245343 ], [ -79.344969128819216, 43.66989208350779 ], [ -79.34544252438387, 43.670619197099072 ] ] ] } },
{ "type": "Feature", "properties": { "vor_id": 1339, "theft_count": 25, "bike_trips": 0.0, "theft_per_1000_trips": "<NA>" }, "geometry": { "type": "Polygon", "coordinates": [ [ [ -79.431401596138855, 43.701506192018464 ], [ -79.434842157065233, 43.700074013150932 ], [ -79.435615636222181, 43.700893574891168 ], [ -79.435839244834568, 43.702438729557521 ], [ -79.435280644087968, 43.702849926505735 ], [ -79.432930844879365, 43.703842680270633 ], [ -79.430720330317399, 43.703756719148565 ], [ -79.431401596138855, 43.701506192018464 ] ] ] } },
{ "type": "Feature", "properties": { "vor_id": 1340, "theft_count": 22, "bike_trips": 0.0, "theft_per_1000_trips": "<NA>" }, "geometry": { "type": "Polygon", "coordinates": [ [ [ -79.411853355236147, 43.669192219959328 ], [ -79.413136983930343, 43.668682700947649 ], [ -79.413414299287766, 43.668778814606419 ], [ -79.413844633930296, 43.670718411290167 ], [ -79.413450862582252, 43.670873908976553 ], [ -79.411853355236147, 43.669192219959328 ] ] ] } },
{ "type": "Feature", "properties": { "vor_id": 1341, "theft_count": 12, "bike_trips": 0.0, "theft_per_1000_trips": "<NA>" }, "geometry": { "type": "Polygon", "coordinates": [ [ [ -79.425313409632807, 43.690306582338472 ], [ -79.42386063000481, 43.687142859002861 ], [ -79.426862424198191, 43.685953383805924 ], [ -79.42734468409202, 43.690050982851588 ], [ -79.425313409632807, 43.690306582338472 ] ] ] } },
{ "type": "Feature", "properties": { "vor_id": 1342, "theft_count": 38, "bike_trips": 0.0, "theft_per_1000_trips": "<NA>" }, "geometry": { "type": "Polygon", "coordinates": [ [ [ -79.404442717203494, 43.636727140620174 ], [ -79.403748824989421, 43.635994170361698 ], [ -79.403713294330259, 43.635807091815742 ], [ -79.403781586131018, 43.633835704069917 ], [ -79.404433692995141, 43.631252949768388 ], [ -79.405292102404616, 43.628892980053365 ], [ -79.406498469524053, 43.632451128040103 ], [ -79.40599204021855, 43.636889234965707 ], [ -79.405094575066457, 43.63682581270929 ], [ -79.404442717203494, 43.636727140620174 ] ] ] } },
{ "type": "Feature", "properties": { "vor_id": 1343, "theft_count": 10, "bike_trips": 0.0, "theft_per_1000_trips": "<NA>" }, "geometry": { "type": "Polygon", "coordinates": [ [ [ -79.345488354780869, 43.801717347894808 ], [ -79.347024122320718, 43.814321510539436 ], [ -79.346959, 43.8143358 ], [ -79.3464296, 43.8144437 ], [ -79.346392200000011, 43.8144513 ], [ -79.34636, 43.8144591 ], [ -79.3462652, 43.8144819 ], [ -79.3460108, 43.8145375 ], [ -79.3457564, 43.814593 ], [ -79.345302, 43.8146922 ], [ -79.3451968, 43.8147152 ], [ -79.344776499999981, 43.814815 ], [ -79.3437856, 43.8150516 ], [ -79.3431896, 43.815189699999983 ], [ -79.3430852, 43.8152143 ], [ -79.3428327, 43.815274 ], [ -79.3425556, 43.8153423 ], [ -79.342284899999981, 43.815409 ], [ -79.3414202, 43.8156267 ], [ -79.341343399999985, 43.8156447 ], [ -79.3412575, 43.8156648 ], [ -79.341179204118276, 43.815685088322773 ], [ -79.329622903838768, 43.802859693233422 ], [ -79.340000197556705, 43.794306374877984 ], [ -79.345488354780869, 43.801717347894808 ] ] ] } },
{ "type": "Feature", "properties": { "vor_id": 1344, "theft_count": 17, "bike_trips": 0.0, "theft_per_1000_trips": "<NA>" }, "geometry": { "type": "Polygon", "coordinates": [ [ [ -79.406685201455034, 43.663780889958225 ], [ -79.406951716522002, 43.66357286264563 ], [ -79.407642736309967, 43.663752351500904 ], [ -79.408264784879307, 43.666822428527006 ], [ -79.407311208528384, 43.66719195385776 ], [ -79.40662424256854, 43.6638926451852 ], [ -79.406685201455034, 43.663780889958225 ] ] ] } },
{ "type": "Feature", "properties": { "vor_id": 1345, "theft_count": 120, "bike_trips": 2783.0, "theft_per_1000_trips": "43.11893639956881" }, "geometry": { "type": "MultiPolygon", "coordinates": [ [ [ [ -79.585000642983402, 43.709843746666394 ], [ -79.589901499999883, 43.709602983000011 ], [ -79.594802357016363, 43.709843746666394 ], [ -79.599656016100695, 43.710563718979834 ], [ -79.604415733862609, 43.711755966213381 ], [ -79.60903567161813, 43.713409006374434 ], [ -79.613471336841187, 43.715506919782584 ], [ -79.617680011650862, 43.718029502384866 ], [ -79.621621164208051, 43.720952460331858 ], [ -79.621962491791322, 43.721261821620651 ], [ -79.623806099999982, 43.724292 ], [ -79.625635399999979, 43.7274918 ], [ -79.6268612, 43.7295611 ], [ -79.6277962, 43.7312285 ], [ -79.628643536286035, 43.732619030210031 ], [ -79.6289691, 43.7331533 ], [ -79.6294107, 43.7338427 ], [ -79.630293899999984, 43.7353235 ], [ -79.630747499999984, 43.7362096 ], [ -79.636746599999981, 43.74678 ], [ -79.6375457, 43.7480166 ], [ -79.6376019, 43.7483428 ], [ -79.638529299999988, 43.749139 ], [ -79.638834501575545, 43.749424243440949 ], [ -79.638940764020035, 43.749848466899195 ], [ -79.638963910063524, 43.750004504849613 ], [ -79.638307499999982, 43.750335299999989 ], [ -79.637993, 43.7504952 ], [ -79.6374799, 43.7506976 ], [ -79.636524099999988, 43.7510032 ], [ -79.636028599999989, 43.751111099999989 ], [ -79.6356056, 43.7511777 ], [ -79.635190399999985, 43.7512181 ], [ -79.6347191, 43.7512268 ], [ -79.634105399999982, 43.7512412 ], [ -79.6335497, 43.7512552 ], [ -79.6332296, 43.7512699 ], [ -79.632941499999987, 43.7512964 ], [ -79.6326346, 43.7513283 ], [ -79.6323742, 43.7513653 ], [ -79.632030199999988, 43.7514274 ], [ -79.6318097, 43.7514692 ], [ -79.630899499999984, 43.751672 ], [ -79.629973, 43.7518784 ], [ -79.629341499999981, 43.7520258 ], [ -79.627831499999985, 43.7523782 ], [ -79.625879, 43.7528339 ], [ -79.6256258, 43.752893 ], [ -79.62502139999998, 43.7529721 ], [ -79.624153899999982, 43.7532151 ], [ -79.6241365, 43.75322 ], [ -79.6239446, 43.7532653 ], [ -79.6232006, 43.7534345 ], [ -79.622453, 43.7536157 ], [ -79.619833, 43.7541681 ], [ -79.6187747, 43.7544058 ], [ -79.6170035, 43.7548036 ], [ -79.6149259, 43.7552703 ], [ -79.6130281, 43.7556884 ], [ -79.6117854, 43.7559761 ], [ -79.611217199999984, 43.7561076 ], [ -79.6087359, 43.7566997 ], [ -79.6084336, 43.756725 ], [ -79.607767200000012, 43.7568891 ], [ -79.6071233, 43.7570311 ], [ -79.6066732, 43.7571304 ], [ -79.604912499999983, 43.7575187 ], [ -79.6043721, 43.7576487 ], [ -79.6033852, 43.7578662 ], [ -79.6023642, 43.7580796 ], [ -79.6020396, 43.7581476 ], [ -79.5996544, 43.7586857 ], [ -79.5984274, 43.7589755 ], [ -79.5976199, 43.7591323 ], [ -79.5969414, 43.7593058 ], [ -79.596195800000018, 43.759471499999989 ], [ -79.594627, 43.759806 ], [ -79.592903899999982, 43.7602097 ], [ -79.591466199999985, 43.7605466 ], [ -79.5907298, 43.7607191 ], [ -79.590583199999983, 43.7607319 ], [ -79.590454500000021, 43.7607432 ], [ -79.58385030261249, 43.762280765272287 ], [ -79.585217108795135, 43.75652149532192 ], [ -79.590538131244642, 43.753986922884856 ], [ -79.596538415576347, 43.75753888917027 ], [ -79.597032897683306, 43.747565580640547 ], [ -79.625571543198888, 43.733535630739013 ], [ -79.589021999174122, 43.740002952523426 ], [ -79.588008966088879, 43.738784453841618 ], [ -79.582155463196941, 43.71026578921974 ], [ -79.585000642983402, 43.709843746666394 ] ] ], [ [ [ -79.550410724264282, 43.729016268901113 ], [ -79.552862394319334, 43.730773659402168 ], [ -79.556439789588154, 43.73333798507516 ], [ -79.558709969126738, 43.745891217 ], [ -79.553819644399738, 43.747818685520116 ], [ -79.548910084796091, 43.756344859799285 ], [ -79.54954899997972, 43.76065207610079 ], [ -79.550741247213296, 43.765411793862718 ], [ -79.55207169015253, 43.769130132782365 ], [ -79.551549199999982, 43.7692424 ], [ -79.5512609, 43.7693043 ], [ -79.5511683, 43.7693242 ], [ -79.5508929, 43.7693834 ], [ -79.5507917, 43.7694051 ], [ -79.550542, 43.7694588 ], [ -79.5502891, 43.7695131 ], [ -79.5484808, 43.769902 ], [ -79.547530399999985, 43.7701075 ], [ -79.545667099999989, 43.7704681 ], [ -79.544889499999982, 43.7706459 ], [ -79.5442004, 43.770792899999989 ], [ -79.5413640123802, 43.771360702780925 ], [ -79.541030443112547, 43.770029019617134 ], [ -79.540862235979702, 43.769357499100799 ], [ -79.540142263666255, 43.764503840016474 ], [ -79.539901499999885, 43.759602983 ], [ -79.540142263666255, 43.754702125983513 ], [ -79.540862235979702, 43.749848466899195 ], [ -79.541763151838282, 43.746251809181466 ], [ -79.542054483213263, 43.745088749137274 ], [ -79.543197313031271, 43.741894753765123 ], [ -79.543707523374309, 43.740468811381746 ], [ -79.545805436782459, 43.73603314615869 ], [ -79.548273523827206, 43.731915391693938 ], [ -79.548328019384755, 43.731824471349022 ], [ -79.550410724264282, 43.729016268901113 ] ] ] ] } },
{ "type": "Feature", "properties": { "vor_id": 1346, "theft_count": 14, "bike_trips": 0.0, "theft_per_1000_trips": "<NA>" }, "geometry": { "type": "Polygon", "coordinates": [ [ [ -79.410568105706147, 43.758499079010889 ], [ -79.408178646305601, 43.759200995722132 ], [ -79.407287647340567, 43.755174675277182 ], [ -79.407306847599529, 43.75517271509306 ], [ -79.410568105706147, 43.758499079010889 ] ] ] } },
{ "type": "Feature", "properties": { "vor_id": 1347, "theft_count": 13, "bike_trips": 0.0, "theft_per_1000_trips": "<NA>" }, "geometry": { "type": "Polygon", "coordinates": [ [ [ -79.352376607511047, 43.787896201321857 ], [ -79.357167792113913, 43.781318899964674 ], [ -79.364820422436267, 43.783720143974492 ], [ -79.36250596445511, 43.7971724965428 ], [ -79.356523681650629, 43.795596393787186 ], [ -79.352376607511047, 43.787896201321857 ] ] ] } },
{ "type": "Feature", "properties": { "vor_id": 1348, "theft_count": 12, "bike_trips": 0.0, "theft_per_1000_trips": "<NA>" }, "geometry": { "type": "Polygon", "coordinates": [ [ [ -79.363856984376696, 43.707574137698856 ], [ -79.366700774204304, 43.70513165071538 ], [ -79.367140913203443, 43.705142531173159 ], [ -79.367512947111265, 43.7054817575493 ], [ -79.366254736745134, 43.708795201754633 ], [ -79.36509196694341, 43.709262354137437 ], [ -79.363856984376696, 43.707574137698856 ] ] ] } },
{ "type": "Feature", "properties": { "vor_id": 1349, "theft_count": 28, "bike_trips": 0.0, "theft_per_1000_trips": "<NA>" }, "geometry": { "type": "Polygon", "coordinates": [ [ [ -79.420441503215343, 43.65107506205505 ], [ -79.41989340950137, 43.649889049821624 ], [ -79.419876853043675, 43.649750870734913 ], [ -79.420615037351681, 43.648894046729019 ], [ -79.42220779401471, 43.647592481831794 ], [ -79.42370954667085, 43.648891158730571 ], [ -79.423689702167977, 43.649674977448733 ], [ -79.420441503215343, 43.65107506205505 ] ] ] } },
{ "type": "Feature", "properties": { "vor_id": 1350, "theft_count": 12, "bike_trips": 0.0, "theft_per_1000_trips": "<NA>" }, "geometry": { "type": "Polygon", "coordinates": [ [ [ -79.448178724201213, 43.673962472740811 ], [ -79.446967767274472, 43.675389893800087 ], [ -79.443428115762146, 43.671052995914103 ], [ -79.444695289948157, 43.669680026417446 ], [ -79.444916133694946, 43.66961423263551 ], [ -79.447256864901291, 43.670846388131274 ], [ -79.448178724201213, 43.673962472740811 ] ] ] } },
{ "type": "Feature", "properties": { "vor_id": 1351, "theft_count": 15, "bike_trips": 0.0, "theft_per_1000_trips": "<NA>" }, "geometry": { "type": "Polygon", "coordinates": [ [ [ -79.411703544202751, 43.725683521588145 ], [ -79.406574904063248, 43.727745722299055 ], [ -79.406336352054566, 43.727141691835172 ], [ -79.406104804668914, 43.726051219482649 ], [ -79.40680307327284, 43.723767115944227 ], [ -79.410581183732035, 43.724334387421841 ], [ -79.411703544202751, 43.725683521588145 ] ] ] } },
{ "type": "Feature", "properties": { "vor_id": 1352, "theft_count": 17, "bike_trips": 0.0, "theft_per_1000_trips": "<NA>" }, "geometry": { "type": "Polygon", "coordinates": [ [ [ -79.366468564191521, 43.651269003341028 ], [ -79.366643041992802, 43.652029611766203 ], [ -79.364928453672874, 43.652773654979029 ], [ -79.364895669406309, 43.652763465829217 ], [ -79.364756160202035, 43.652569824637695 ], [ -79.364406469755366, 43.651538187273772 ], [ -79.364466383853113, 43.650538626467927 ], [ -79.365102799065554, 43.65054003247559 ], [ -79.366468564191521, 43.651269003341028 ] ] ] } },
{ "type": "Feature", "properties": { "vor_id": 1353, "theft_count": 5, "bike_trips": 0.0, "theft_per_1000_trips": "<NA>" }, "geometry": { "type": "Polygon", "coordinates": [ [ [ -79.40973502534483, 43.736081839080285 ], [ -79.407225066920859, 43.733559915881116 ], [ -79.406775019242545, 43.731573298657459 ], [ -79.4075245234269, 43.730283375477299 ], [ -79.408536465232942, 43.730563125415173 ], [ -79.40973502534483, 43.736081839080285 ] ] ] } },
{ "type": "Feature", "properties": { "vor_id": 1354, "theft_count": 13, "bike_trips": 0.0, "theft_per_1000_trips": "<NA>" }, "geometry": { "type": "Polygon", "coordinates": [ [ [ -79.343802773788454, 43.750641178691829 ], [ -79.330315708620986, 43.749428598833823 ], [ -79.32907996987305, 43.748987741334282 ], [ -79.326231915180529, 43.74534837528293 ], [ -79.342059482192198, 43.730159465325642 ], [ -79.342826973459182, 43.730078669806964 ], [ -79.344071743193965, 43.731783168841922 ], [ -79.343802773788454, 43.750641178691829 ] ] ] } },
{ "type": "Feature", "properties": { "vor_id": 1355, "theft_count": 39, "bike_trips": 0.0, "theft_per_1000_trips": "<NA>" }, "geometry": { "type": "Polygon", "coordinates": [ [ [ -79.389997052418565, 43.649393771497621 ], [ -79.389867222436266, 43.648752809985083 ], [ -79.391036974414519, 43.648284158251528 ], [ -79.391305352585519, 43.64841824297357 ], [ -79.391490789191479, 43.649272048272877 ], [ -79.391488083346488, 43.649278888605821 ], [ -79.39032427445035, 43.649732988431182 ], [ -79.389997052418565, 43.649393771497621 ] ] ] } },
{ "type": "Feature", "properties": { "vor_id": 1356, "theft_count": 6, "bike_trips": 0.0, "theft_per_1000_trips": "<NA>" }, "geometry": { "type": "Polygon", "coordinates": [ [ [ -79.416966089677487, 43.796931881092696 ], [ -79.415785076122745, 43.798957203650652 ], [ -79.4157435, 43.7989659 ], [ -79.414588899999984, 43.7992327 ], [ -79.4144686, 43.7992607 ], [ -79.4143507, 43.7992899 ], [ -79.413271099999989, 43.7995312 ], [ -79.4118226, 43.7998404 ], [ -79.4093305, 43.8003888 ], [ -79.4092437, 43.8004076 ], [ -79.4066907, 43.800966 ], [ -79.4063531, 43.8010436 ], [ -79.4062997, 43.8010567 ], [ -79.4062515, 43.8010685 ], [ -79.4062127, 43.8010756 ], [ -79.4061532, 43.8010864 ], [ -79.4057652, 43.801169 ], [ -79.403922384481547, 43.801579595373184 ], [ -79.40396799796315, 43.793415668396293 ], [ -79.41033823961854, 43.789238769228454 ], [ -79.41145612068172, 43.789531950873659 ], [ -79.417986848106366, 43.792378830715762 ], [ -79.416966089677487, 43.796931881092696 ] ] ] } },
{ "type": "Feature", "properties": { "vor_id": 1357, "theft_count": 18, "bike_trips": 0.0, "theft_per_1000_trips": "<NA>" }, "geometry": { "type": "Polygon", "coordinates": [ [ [ -79.445780793019296, 43.636011279944547 ], [ -79.442799486820746, 43.638349548798587 ], [ -79.440788583732868, 43.63809162375712 ], [ -79.439715917774478, 43.637196593289346 ], [ -79.44096985980417, 43.631692888689983 ], [ -79.4409712, 43.6316933 ], [ -79.447507144467323, 43.633529861316426 ], [ -79.445780793019296, 43.636011279944547 ] ] ] } },
{ "type": "Feature", "properties": { "vor_id": 1358, "theft_count": 11, "bike_trips": 0.0, "theft_per_1000_trips": "<NA>" }, "geometry": { "type": "Polygon", "coordinates": [ [ [ -79.326084280986962, 43.660335497926908 ], [ -79.330580538696424, 43.657901429147415 ], [ -79.330367074953102, 43.659121938576867 ], [ -79.326966810986264, 43.660718112781019 ], [ -79.326084280986962, 43.660335497926908 ] ] ] } },
{ "type": "Feature", "properties": { "vor_id": 1359, "theft_count": 12, "bike_trips": 0.0, "theft_per_1000_trips": "<NA>" }, "geometry": { "type": "Polygon", "coordinates": [ [ [ -79.337949579373188, 43.657114954556697 ], [ -79.339033085416347, 43.658770973285883 ], [ -79.338988455793981, 43.659021782557765 ], [ -79.338517393845862, 43.660023111611437 ], [ -79.337594804280016, 43.661805808372961 ], [ -79.335576226074124, 43.660373937660971 ], [ -79.336905971677055, 43.656696087416215 ], [ -79.337949579373188, 43.657114954556697 ] ] ] } },
{ "type": "Feature", "properties": { "vor_id": 1360, "theft_count": 18, "bike_trips": 0.0, "theft_per_1000_trips": "<NA>" }, "geometry": { "type": "Polygon", "coordinates": [ [ [ -79.453754925662238, 43.667925357576031 ], [ -79.455442461503637, 43.668196790413283 ], [ -79.455975763067386, 43.669585809868074 ], [ -79.455184303358507, 43.671146153313252 ], [ -79.451380440412322, 43.67301667524967 ], [ -79.451236614860647, 43.670125613116475 ], [ -79.453754925662238, 43.667925357576031 ] ] ] } },
{ "type": "Feature", "properties": { "vor_id": 1361, "theft_count": 15, "bike_trips": 0.0, "theft_per_1000_trips": "<NA>" }, "geometry": { "type": "Polygon", "coordinates": [ [ [ -79.375866848703438, 43.641847870339276 ], [ -79.374105930937077, 43.642977070912551 ], [ -79.369794371932485, 43.630385869959277 ], [ -79.3715567445918, 43.630334245391843 ], [ -79.375866848703438, 43.641847870339276 ] ] ] } },
{ "type": "Feature", "properties": { "vor_id": 1362, "theft_count": 2, "bike_trips": 0.0, "theft_per_1000_trips": "<NA>" }, "geometry": { "type": "Polygon", "coordinates": [ [ [ -79.343338904746801, 43.778508720398008 ], [ -79.345572972272151, 43.777312255908335 ], [ -79.348586269874929, 43.779883170646286 ], [ -79.347960691075443, 43.78023702445352 ], [ -79.344672613766008, 43.779923397238022 ], [ -79.343338904746801, 43.778508720398008 ] ] ] } },
{ "type": "Feature", "properties": { "vor_id": 1363, "theft_count": 41, "bike_trips": 0.0, "theft_per_1000_trips": "<NA>" }, "geometry": { "type": "Polygon", "coordinates": [ [ [ -79.312081894966354, 43.685138169344214 ], [ -79.312149112525418, 43.685109998315177 ], [ -79.312669408080495, 43.685184028558609 ], [ -79.315018748521467, 43.68714869481753 ], [ -79.312578791266446, 43.691691138024225 ], [ -79.309758901232371, 43.690835315195869 ], [ -79.312081894966354, 43.685138169344214 ] ] ] } },
{ "type": "Feature", "properties": { "vor_id": 1364, "theft_count": 2, "bike_trips": 0.0, "theft_per_1000_trips": "<NA>" }, "geometry": { "type": "Polygon", "coordinates": [ [ [ -79.377525365501242, 43.671081734311727 ], [ -79.379305668702543, 43.670332452213252 ], [ -79.379699175861475, 43.67126639390348 ], [ -79.377846683008102, 43.671637418652018 ], [ -79.377520045626795, 43.671179831080977 ], [ -79.377525365501242, 43.671081734311727 ] ] ] } },
{ "type": "Feature", "properties": { "vor_id": 1365, "theft_count": 9, "bike_trips": 0.0, "theft_per_1000_trips": "<NA>" }, "geometry": { "type": "Polygon", "coordinates": [ [ [ -79.424907477518076, 43.661000295314281 ], [ -79.425373331405765, 43.66315294169155 ], [ -79.424754571608943, 43.66334607238452 ], [ -79.424251425525156, 43.660966316890885 ], [ -79.424907477518076, 43.661000295314281 ] ] ] } },
{ "type": "Feature", "properties": { "vor_id": 1366, "theft_count": 36, "bike_trips": 0.0, "theft_per_1000_trips": "<NA>" }, "geometry": { "type": "Polygon", "coordinates": [ [ [ -79.444252570818193, 43.663519384006477 ], [ -79.444751221358629, 43.665938723656758 ], [ -79.442144961278245, 43.666947027855102 ], [ -79.440998634071505, 43.666586832064489 ], [ -79.440621217135771, 43.66604792681634 ], [ -79.441280637899851, 43.665140082676771 ], [ -79.442153007850536, 43.664377064790415 ], [ -79.444252570818193, 43.663519384006477 ] ] ] } },
{ "type": "Feature", "properties": { "vor_id": 1367, "theft_count": 16, "bike_trips": 0.0, "theft_per_1000_trips": "<NA>" }, "geometry": { "type": "Polygon", "coordinates": [ [ [ -79.354874499168744, 43.680169271042338 ], [ -79.357401251590233, 43.679190387047456 ], [ -79.357577138611347, 43.679283585322132 ], [ -79.359318166729025, 43.681392463437938 ], [ -79.355331684892931, 43.682510269128684 ], [ -79.354874499168744, 43.680169271042338 ] ] ] } },
{ "type": "Feature", "properties": { "vor_id": 1368, "theft_count": 9, "bike_trips": 0.0, "theft_per_1000_trips": "<NA>" }, "geometry": { "type": "Polygon", "coordinates": [ [ [ -79.432873841424509, 43.648112745887438 ], [ -79.433528898077455, 43.649749295216665 ], [ -79.431123847066743, 43.650652831453108 ], [ -79.43131556406658, 43.646614141941107 ], [ -79.432873841424509, 43.648112745887438 ] ] ] } },
{ "type": "Feature", "properties": { "vor_id": 1369, "theft_count": 14, "bike_trips": 0.0, "theft_per_1000_trips": "<NA>" }, "geometry": { "type": "Polygon", "coordinates": [ [ [ -79.428527647115772, 43.680309703388424 ], [ -79.434264622777178, 43.681698410193697 ], [ -79.435635235873491, 43.683979014786516 ], [ -79.430800184735062, 43.683458645624754 ], [ -79.428780944555754, 43.682061868346658 ], [ -79.428456946339097, 43.680437133210958 ], [ -79.428527647115772, 43.680309703388424 ] ] ] } },
{ "type": "Feature", "properties": { "vor_id": 1370, "theft_count": 21, "bike_trips": 0.0, "theft_per_1000_trips": "<NA>" }, "geometry": { "type": "Polygon", "coordinates": [ [ [ -79.422292012886402, 43.719921672502238 ], [ -79.422891319595138, 43.717916988158876 ], [ -79.428357598104583, 43.713530081258 ], [ -79.429688396276546, 43.72082461630557 ], [ -79.428202123999441, 43.72367376017538 ], [ -79.423524182941293, 43.723702223324892 ], [ -79.422292012886402, 43.719921672502238 ] ] ] } },
{ "type": "Feature", "properties": { "vor_id": 1371, "theft_count": 5, "bike_trips": 0.0, "theft_per_1000_trips": "<NA>" }, "geometry": { "type": "Polygon", "coordinates": [ [ [ -79.381726158105238, 43.694401204370948 ], [ -79.381659443022286, 43.694338283596799 ], [ -79.378561314087221, 43.6889901222699 ], [ -79.378971499825511, 43.688470166779354 ], [ -79.384371215011527, 43.686373307830181 ], [ -79.386705356391118, 43.688278776861623 ], [ -79.381726158105238, 43.694401204370948 ] ] ] } },
{ "type": "Feature", "properties": { "vor_id": 1372, "theft_count": 0, "bike_trips": 0.0, "theft_per_1000_trips": "<NA>" }, "geometry": { "type": "Polygon", "coordinates": [ [ [ -79.548273523827206, 43.731915391693938 ], [ -79.548134852820169, 43.727755702393182 ], [ -79.548225874014477, 43.727450138472072 ], [ -79.550410724264282, 43.729016268901113 ], [ -79.548328019384755, 43.731824471349022 ], [ -79.548273523827206, 43.731915391693938 ] ] ] } },
{ "type": "Feature", "properties": { "vor_id": 1373, "theft_count": 9, "bike_trips": 0.0, "theft_per_1000_trips": "<NA>" }, "geometry": { "type": "Polygon", "coordinates": [ [ [ -79.296229338313154, 43.68543812092539 ], [ -79.296902879061122, 43.686407983487292 ], [ -79.295916377858333, 43.688582976836059 ], [ -79.295236479722632, 43.689185052639885 ], [ -79.291383292986211, 43.689160616259549 ], [ -79.291879499849998, 43.687230011214716 ], [ -79.296229338313154, 43.68543812092539 ] ] ] } },
{ "type": "Feature", "properties": { "vor_id": 1374, "theft_count": 14, "bike_trips": 0.0, "theft_per_1000_trips": "<NA>" }, "geometry": { "type": "Polygon", "coordinates": [ [ [ -79.280926209586454, 43.76161941151372 ], [ -79.290304170178814, 43.759555094512706 ], [ -79.292713103946042, 43.769876258598444 ], [ -79.279987186406601, 43.762737545411497 ], [ -79.280926209586454, 43.76161941151372 ] ] ] } },
{ "type": "Feature", "properties": { "vor_id": 1375, "theft_count": 15, "bike_trips": 0.0, "theft_per_1000_trips": "<NA>" }, "geometry": { "type": "Polygon", "coordinates": [ [ [ -79.381659443022286, 43.694338283596799 ], [ -79.3742099738934, 43.693009755967154 ], [ -79.372072229781494, 43.692220641150286 ], [ -79.37069193584712, 43.690067933968706 ], [ -79.373070146444832, 43.687650444581436 ], [ -79.378561314087221, 43.6889901222699 ], [ -79.381659443022286, 43.694338283596799 ] ] ] } },
{ "type": "Feature", "properties": { "vor_id": 1376, "theft_count": 14, "bike_trips": 0.0, "theft_per_1000_trips": "<NA>" }, "geometry": { "type": "Polygon", "coordinates": [ [ [ -79.322981993117068, 43.676303740232214 ], [ -79.319063602716128, 43.675119473501354 ], [ -79.320473923866047, 43.673687315828815 ], [ -79.322370788315311, 43.673632720494609 ], [ -79.322981993117068, 43.676303740232214 ] ] ] } },
{ "type": "Feature", "properties": { "vor_id": 1377, "theft_count": 40, "bike_trips": 0.0, "theft_per_1000_trips": "<NA>" }, "geometry": { "type": "Polygon", "coordinates": [ [ [ -79.419609198702872, 43.684812640067726 ], [ -79.422785448361353, 43.685855294916976 ], [ -79.42280432914427, 43.686380626128383 ], [ -79.421910113109149, 43.687327533195308 ], [ -79.418044290216613, 43.688896802313437 ], [ -79.417639494602099, 43.687950624546026 ], [ -79.417614966937791, 43.686449971742555 ], [ -79.417667367289383, 43.686345963911265 ], [ -79.419321898095021, 43.684929504567812 ], [ -79.419609198702872, 43.684812640067726 ] ] ] } },
{ "type": "Feature", "properties": { "vor_id": 1378, "theft_count": 13, "bike_trips": 0.0, "theft_per_1000_trips": "<NA>" }, "geometry": { "type": "Polygon", "coordinates": [ [ [ -79.411837885901946, 43.739786960610779 ], [ -79.40973502534483, 43.736081839080285 ], [ -79.408536465232942, 43.730563125415173 ], [ -79.4170713529425, 43.731270845159543 ], [ -79.417162919126056, 43.733392278961773 ], [ -79.411837885901946, 43.739786960610779 ] ] ] } },
{ "type": "Feature", "properties": { "vor_id": 1379, "theft_count": 13, "bike_trips": 0.0, "theft_per_1000_trips": "<NA>" }, "geometry": { "type": "Polygon", "coordinates": [ [ [ -79.399652146894383, 43.707396398140361 ], [ -79.399409923520821, 43.707152737211047 ], [ -79.399032647596641, 43.705259391280592 ], [ -79.399255060625435, 43.705009211648544 ], [ -79.402330456783091, 43.704976603148857 ], [ -79.401853736970821, 43.706569472235081 ], [ -79.399652146894383, 43.707396398140361 ] ] ] } },
{ "type": "Feature", "properties": { "vor_id": 1380, "theft_count": 17, "bike_trips": 0.0, "theft_per_1000_trips": "<NA>" }, "geometry": { "type": "Polygon", "coordinates": [ [ [ -79.408984736553833, 43.658019220094552 ], [ -79.40931023577059, 43.658009323997781 ], [ -79.409840552712353, 43.660491956136241 ], [ -79.408967718301511, 43.660843645915271 ], [ -79.408614090779096, 43.660749981372476 ], [ -79.408245493349582, 43.658932313517433 ], [ -79.408911503934249, 43.658034667367943 ], [ -79.408984736553833, 43.658019220094552 ] ] ] } },
{ "type": "Feature", "properties": { "vor_id": 1381, "theft_count": 22, "bike_trips": 0.0, "theft_per_1000_trips": "<NA>" }, "geometry": { "type": "Polygon", "coordinates": [ [ [ -79.420079749511885, 43.646347559217986 ], [ -79.420615037351681, 43.648894046729019 ], [ -79.419876853043675, 43.649750870734913 ], [ -79.417939064568273, 43.648047270998696 ], [ -79.417913163363622, 43.64766050820139 ], [ -79.418743487756586, 43.646849679791181 ], [ -79.420079749511885, 43.646347559217986 ] ] ] } },
{ "type": "Feature", "properties": { "vor_id": 1382, "theft_count": 11, "bike_trips": 0.0, "theft_per_1000_trips": "<NA>" }, "geometry": { "type": "Polygon", "coordinates": [ [ [ -79.238338913112003, 43.778928116054757 ], [ -79.24963394128757, 43.777172654507638 ], [ -79.255721816346821, 43.780923065995744 ], [ -79.253147067259434, 43.78440844324512 ], [ -79.249257914599838, 43.789673097679 ], [ -79.241374732094442, 43.783252857142998 ], [ -79.240960398147507, 43.782775401998165 ], [ -79.240344724868194, 43.781871841183921 ], [ -79.238338913112003, 43.778928116054757 ] ] ] } },
{ "type": "Feature", "properties": { "vor_id": 1383, "theft_count": 21, "bike_trips": 0.0, "theft_per_1000_trips": "<NA>" }, "geometry": { "type": "Polygon", "coordinates": [ [ [ -79.427370901494257, 43.669069562644296 ], [ -79.426045252244123, 43.666688491042308 ], [ -79.426402718353515, 43.666406354535148 ], [ -79.427641648296316, 43.665888884243984 ], [ -79.429044053880574, 43.666379295413464 ], [ -79.429434572826779, 43.668200770377602 ], [ -79.427370901494257, 43.669069562644296 ] ] ] } },
{ "type": "Feature", "properties": { "vor_id": 1384, "theft_count": 8, "bike_trips": 0.0, "theft_per_1000_trips": "<NA>" }, "geometry": { "type": "Polygon", "coordinates": [ [ [ -79.434049743066211, 43.698610285817217 ], [ -79.433672180687921, 43.6983427811737 ], [ -79.433616415604462, 43.69557229924537 ], [ -79.437530613814957, 43.697019269091172 ], [ -79.437571843346333, 43.69719209700655 ], [ -79.434049743066211, 43.698610285817217 ] ] ] } },
{ "type": "Feature", "properties": { "vor_id": 1385, "theft_count": 36, "bike_trips": 0.0, "theft_per_1000_trips": "<NA>" }, "geometry": { "type": "Polygon", "coordinates": [ [ [ -79.43674152620882, 43.652061770036731 ], [ -79.435966359822103, 43.651951299241027 ], [ -79.435593609425226, 43.651536727871999 ], [ -79.437101642673341, 43.646494823582792 ], [ -79.437240090602629, 43.646296374534202 ], [ -79.440202438408662, 43.64728004352731 ], [ -79.437389324008279, 43.652095647075697 ], [ -79.43674152620882, 43.652061770036731 ] ] ] } },
{ "type": "Feature", "properties": { "vor_id": 1386, "theft_count": 7, "bike_trips": 0.0, "theft_per_1000_trips": "<NA>" }, "geometry": { "type": "Polygon", "coordinates": [ [ [ -79.426045252244123, 43.666688491042308 ], [ -79.425207005553645, 43.666812252467473 ], [ -79.424498718149167, 43.663456116595476 ], [ -79.424754571608943, 43.66334607238452 ], [ -79.425373331405765, 43.66315294169155 ], [ -79.425691095376621, 43.663199463492525 ], [ -79.426402718353515, 43.666406354535148 ], [ -79.426045252244123, 43.666688491042308 ] ] ] } },
{ "type": "Feature", "properties": { "vor_id": 1387, "theft_count": 11, "bike_trips": 0.0, "theft_per_1000_trips": "<NA>" }, "geometry": { "type": "Polygon", "coordinates": [ [ [ -79.437720299502189, 43.687451033561153 ], [ -79.431737598790122, 43.693275281123547 ], [ -79.428863039784616, 43.690630577283194 ], [ -79.429682102478878, 43.68969636575401 ], [ -79.437679644487105, 43.68624398475756 ], [ -79.437720299502189, 43.687451033561153 ] ] ] } },
{ "type": "Feature", "properties": { "vor_id": 1388, "theft_count": 28, "bike_trips": 0.0, "theft_per_1000_trips": "<NA>" }, "geometry": { "type": "Polygon", "coordinates": [ [ [ -79.299957780885762, 43.793264818243472 ], [ -79.291036162083287, 43.783473741145087 ], [ -79.289674980593162, 43.777423679068342 ], [ -79.302330469293096, 43.788838794432273 ], [ -79.299957780885762, 43.793264818243472 ] ] ] } },
{ "type": "Feature", "properties": { "vor_id": 1389, "theft_count": 15, "bike_trips": 0.0, "theft_per_1000_trips": "<NA>" }, "geometry": { "type": "Polygon", "coordinates": [ [ [ -79.434405384938401, 43.650618093458824 ], [ -79.435569710925094, 43.651527730333576 ], [ -79.432026081682807, 43.652886978545595 ], [ -79.430138524463786, 43.65221381058155 ], [ -79.434405384938401, 43.650618093458824 ] ] ] } },
{ "type": "Feature", "properties": { "vor_id": 1390, "theft_count": 19, "bike_trips": 0.0, "theft_per_1000_trips": "<NA>" }, "geometry": { "type": "Polygon", "coordinates": [ [ [ -79.526270025588829, 43.647755543584985 ], [ -79.522333138970239, 43.644827089030237 ], [ -79.524678968799762, 43.640047234711552 ], [ -79.528101542999892, 43.640215375000096 ], [ -79.530972136349092, 43.640074351791881 ], [ -79.530817730487612, 43.640846543687275 ], [ -79.526270025588829, 43.647755543584985 ] ] ] } },
{ "type": "Feature", "properties": { "vor_id": 1391, "theft_count": 39, "bike_trips": 0.0, "theft_per_1000_trips": "<NA>" }, "geometry": { "type": "Polygon", "coordinates": [ [ [ -79.401946066372943, 43.666282760785521 ], [ -79.402593575909265, 43.669241818160309 ], [ -79.400779591110762, 43.667837897677252 ], [ -79.400571089962753, 43.666832121678063 ], [ -79.401946066372943, 43.666282760785521 ] ] ] } },
{ "type": "Feature", "properties": { "vor_id": 1392, "theft_count": 31, "bike_trips": 0.0, "theft_per_1000_trips": "<NA>" }, "geometry": { "type": "Polygon", "coordinates": [ [ [ -79.445415966650273, 43.714202499893432 ], [ -79.444930135196032, 43.71871854302988 ], [ -79.436636697633205, 43.718037860962276 ], [ -79.436532711172021, 43.717793811506482 ], [ -79.445415966650273, 43.714202499893432 ] ] ] } },
{ "type": "Feature", "properties": { "vor_id": 1393, "theft_count": 20, "bike_trips": 0.0, "theft_per_1000_trips": "<NA>" }, "geometry": { "type": "Polygon", "coordinates": [ [ [ -79.494380980205321, 43.641259481924415 ], [ -79.486554643213537, 43.64302311477207 ], [ -79.482691254151902, 43.64187474006718 ], [ -79.481278025125349, 43.635802337462785 ], [ -79.483499753015565, 43.631822936839278 ], [ -79.487763887339042, 43.630846548461982 ], [ -79.491264991875397, 43.6319371247967 ], [ -79.494088493968817, 43.63419874858311 ], [ -79.494380980205321, 43.641259481924415 ] ] ] } },
{ "type": "Feature", "properties": { "vor_id": 1394, "theft_count": 11, "bike_trips": 0.0, "theft_per_1000_trips": "<NA>" }, "geometry": { "type": "Polygon", "coordinates": [ [ [ -79.496204808348736, 43.659759458644174 ], [ -79.491842057634003, 43.666360691763053 ], [ -79.489330224116301, 43.666503831443315 ], [ -79.488850073784647, 43.665984550945844 ], [ -79.487743148804796, 43.663091928417366 ], [ -79.49562766697764, 43.659371102585169 ], [ -79.496204808348736, 43.659759458644174 ] ] ] } },
{ "type": "Feature", "properties": { "vor_id": 1395, "theft_count": 20, "bike_trips": 0.0, "theft_per_1000_trips": "<NA>" }, "geometry": { "type": "Polygon", "coordinates": [ [ [ -79.406565618785052, 43.661581792356799 ], [ -79.406094380605481, 43.660997995082191 ], [ -79.40600999214449, 43.660569957525624 ], [ -79.406712826778303, 43.659557264694328 ], [ -79.408245493349582, 43.658932313517433 ], [ -79.408614090779096, 43.660749981372476 ], [ -79.406565618785052, 43.661581792356799 ] ] ] } },
{ "type": "Feature", "properties": { "vor_id": 1396, "theft_count": 1, "bike_trips": 0.0, "theft_per_1000_trips": "<NA>" }, "geometry": { "type": "Polygon", "coordinates": [ [ [ -79.430098857349662, 43.790958574867489 ], [ -79.428127492559497, 43.784430258335796 ], [ -79.431228786356129, 43.780998856647919 ], [ -79.431047207999896, 43.784694969 ], [ -79.431287971666265, 43.78959582601648 ], [ -79.431617175757054, 43.79181513972614 ], [ -79.431317796019258, 43.792014353223983 ], [ -79.430098857349662, 43.790958574867489 ] ] ] } },
{ "type": "Feature", "properties": { "vor_id": 1397, "theft_count": 33, "bike_trips": 0.0, "theft_per_1000_trips": "<NA>" }, "geometry": { "type": "Polygon", "coordinates": [ [ [ -79.478844099223323, 43.619543934465376 ], [ -79.480588564441916, 43.624862962995685 ], [ -79.479185357712439, 43.62507411719745 ], [ -79.469654552483178, 43.622234493670419 ], [ -79.468323293130553, 43.621281508185739 ], [ -79.471241967599838, 43.617933125236966 ], [ -79.474746093095831, 43.613913096904014 ], [ -79.478844099223323, 43.619543934465376 ] ] ] } },
{ "type": "Feature", "properties": { "vor_id": 1398, "theft_count": 19, "bike_trips": 0.0, "theft_per_1000_trips": "<NA>" }, "geometry": { "type": "Polygon", "coordinates": [ [ [ -79.315404275790144, 43.769452272886703 ], [ -79.324703104336365, 43.775638990591148 ], [ -79.325918280242561, 43.781380481381987 ], [ -79.325080742841308, 43.780878480782576 ], [ -79.320645077618252, 43.778780567374419 ], [ -79.316025139862731, 43.777127527213374 ], [ -79.311265422100803, 43.775935279979826 ], [ -79.311040079100451, 43.775901853503335 ], [ -79.315404275790144, 43.769452272886703 ] ] ] } },
{ "type": "Feature", "properties": { "vor_id": 1399, "theft_count": 22, "bike_trips": 0.0, "theft_per_1000_trips": "<NA>" }, "geometry": { "type": "Polygon", "coordinates": [ [ [ -79.442092536580716, 43.728258752420317 ], [ -79.440557080526176, 43.728916757660024 ], [ -79.437923960584811, 43.728239322049987 ], [ -79.436919324789187, 43.725083222163512 ], [ -79.436636697633205, 43.718037860962276 ], [ -79.444930135196032, 43.71871854302988 ], [ -79.445430452573532, 43.720231867793096 ], [ -79.442092536580716, 43.728258752420317 ] ] ] } },
{ "type": "Feature", "properties": { "vor_id": 1400, "theft_count": 29, "bike_trips": 0.0, "theft_per_1000_trips": "<NA>" }, "geometry": { "type": "Polygon", "coordinates": [ [ [ -79.478842167180332, 43.716948545226245 ], [ -79.491873102828322, 43.721604703194899 ], [ -79.487983942381604, 43.732671024334188 ], [ -79.469812833210526, 43.720711513663595 ], [ -79.478842167180332, 43.716948545226245 ] ] ] } },
{ "type": "Feature", "properties": { "vor_id": 1401, "theft_count": 2, "bike_trips": 0.0, "theft_per_1000_trips": "<NA>" }, "geometry": { "type": "Polygon", "coordinates": [ [ [ -79.424472352974377, 43.676794217309727 ], [ -79.426386380078412, 43.677541383177477 ], [ -79.425020880689274, 43.679404252897015 ], [ -79.424472352974377, 43.676794217309727 ] ] ] } },
{ "type": "Feature", "properties": { "vor_id": 1402, "theft_count": 39, "bike_trips": 0.0, "theft_per_1000_trips": "<NA>" }, "geometry": { "type": "Polygon", "coordinates": [ [ [ -79.41274726681398, 43.777114368138328 ], [ -79.407641764433848, 43.776860649997879 ], [ -79.407049583410796, 43.77419469515867 ], [ -79.41194356032257, 43.772302473777955 ], [ -79.414472739564829, 43.772926340099296 ], [ -79.413461861495506, 43.776690370592782 ], [ -79.41274726681398, 43.777114368138328 ] ] ] } },
{ "type": "Feature", "properties": { "vor_id": 1403, "theft_count": 18, "bike_trips": 0.0, "theft_per_1000_trips": "<NA>" }, "geometry": { "type": "Polygon", "coordinates": [ [ [ -79.484535087970471, 43.654700863546523 ], [ -79.482394522528281, 43.654472359394674 ], [ -79.481576555145168, 43.65407889637342 ], [ -79.481300798221838, 43.651138724462584 ], [ -79.487603074208465, 43.64848469937548 ], [ -79.489291122323849, 43.653427749152883 ], [ -79.484535087970471, 43.654700863546523 ] ] ] } },
{ "type": "Feature", "properties": { "vor_id": 1404, "theft_count": 38, "bike_trips": 0.0, "theft_per_1000_trips": "<NA>" }, "geometry": { "type": "Polygon", "coordinates": [ [ [ -79.519735467765912, 43.71666153446477 ], [ -79.526482486639978, 43.720184895991146 ], [ -79.528705027690449, 43.723861710147673 ], [ -79.522857579889845, 43.735118633475842 ], [ -79.522553054112407, 43.735143280336565 ], [ -79.522240623135104, 43.735118577024281 ], [ -79.516780097397159, 43.731029776955758 ], [ -79.509049243844558, 43.723537710142892 ], [ -79.513633677767558, 43.71629261504043 ], [ -79.519735467765912, 43.71666153446477 ] ] ] } },
{ "type": "Feature", "properties": { "vor_id": 1405, "theft_count": 10, "bike_trips": 0.0, "theft_per_1000_trips": "<NA>" }, "geometry": { "type": "Polygon", "coordinates": [ [ [ -79.461532367977341, 43.738681035120962 ], [ -79.460952003052455, 43.74009652510221 ], [ -79.457664264442769, 43.740803494128052 ], [ -79.457194716027786, 43.740768322748174 ], [ -79.45637182260262, 43.740706684168778 ], [ -79.45188236243979, 43.730118580163868 ], [ -79.452125753501633, 43.729844708064171 ], [ -79.466545912051075, 43.726453174506538 ], [ -79.461532367977341, 43.738681035120962 ] ] ] } },
{ "type": "Feature", "properties": { "vor_id": 1406, "theft_count": 10, "bike_trips": 0.0, "theft_per_1000_trips": "<NA>" }, "geometry": { "type": "Polygon", "coordinates": [ [ [ -79.418126155582257, 43.66130354765145 ], [ -79.419493032031298, 43.66155281738402 ], [ -79.420281969325714, 43.665176181117182 ], [ -79.419821419605, 43.665303645455012 ], [ -79.419012050830716, 43.665198629016778 ], [ -79.418126155582257, 43.66130354765145 ] ] ] } },
{ "type": "Feature", "properties": { "vor_id": 1407, "theft_count": 17, "bike_trips": 0.0, "theft_per_1000_trips": "<NA>" }, "geometry": { "type": "Polygon", "coordinates": [ [ [ -79.414399851627721, 43.64944820238572 ], [ -79.413735824645912, 43.648806148249783 ], [ -79.415570728615123, 43.646332066651077 ], [ -79.415794587433368, 43.645958580776522 ], [ -79.416363555362722, 43.645737217032391 ], [ -79.417520447900714, 43.646887629292159 ], [ -79.417913163363622, 43.64766050820139 ], [ -79.417939064568273, 43.648047270998696 ], [ -79.414399851627721, 43.64944820238572 ] ] ] } },
{ "type": "Feature", "properties": { "vor_id": 1408, "theft_count": 4, "bike_trips": 0.0, "theft_per_1000_trips": "<NA>" }, "geometry": { "type": "Polygon", "coordinates": [ [ [ -79.356444459482887, 43.764963433327921 ], [ -79.352581507082292, 43.763551691269733 ], [ -79.351679411210085, 43.762115790114848 ], [ -79.351288419340619, 43.75898183583476 ], [ -79.368284499775967, 43.75420859035183 ], [ -79.373318592424909, 43.759607569812594 ], [ -79.367323047996607, 43.76443329615882 ], [ -79.364987573231446, 43.764968145628778 ], [ -79.356444459482887, 43.764963433327921 ] ] ] } },
{ "type": "Feature", "properties": { "vor_id": 1409, "theft_count": 77, "bike_trips": 0.0, "theft_per_1000_trips": "<NA>" }, "geometry": { "type": "Polygon", "coordinates": [ [ [ -79.388021811532667, 43.667745116350794 ], [ -79.387683529492136, 43.667579804572696 ], [ -79.387173059218526, 43.666819597034561 ], [ -79.387186157786005, 43.666732548185955 ], [ -79.388511481862707, 43.66640057178671 ], [ -79.389075750496701, 43.666198673241112 ], [ -79.389655630949889, 43.666665007921054 ], [ -79.389446146671744, 43.667079556490769 ], [ -79.388021811532667, 43.667745116350794 ] ] ] } },
{ "type": "Feature", "properties": { "vor_id": 1410, "theft_count": 10, "bike_trips": 0.0, "theft_per_1000_trips": "<NA>" }, "geometry": { "type": "Polygon", "coordinates": [ [ [ -79.249277358937491, 43.718976506149659 ], [ -79.248993002888398, 43.722639474847881 ], [ -79.245124111874929, 43.725362551567272 ], [ -79.237574306189316, 43.727823196075647 ], [ -79.234502274350845, 43.700321593486215 ], [ -79.234782977750086, 43.700265710730754 ], [ -79.249277358937491, 43.718976506149659 ] ] ] } },
{ "type": "Feature", "properties": { "vor_id": 1411, "theft_count": 11, "bike_trips": 0.0, "theft_per_1000_trips": "<NA>" }, "geometry": { "type": "Polygon", "coordinates": [ [ [ -79.482244308880368, 43.657836555198074 ], [ -79.483115074803564, 43.661768196045934 ], [ -79.478985643516381, 43.661790765474848 ], [ -79.482244308880368, 43.657836555198074 ] ] ] } },
{ "type": "Feature", "properties": { "vor_id": 1412, "theft_count": 22, "bike_trips": 0.0, "theft_per_1000_trips": "<NA>" }, "geometry": { "type": "Polygon", "coordinates": [ [ [ -79.450123264921103, 43.65208561658249 ], [ -79.450297270184123, 43.652565643039743 ], [ -79.450309706192456, 43.652887268931195 ], [ -79.447540070202081, 43.653703758339759 ], [ -79.446012912047536, 43.651961693836157 ], [ -79.44734006778836, 43.650224527675455 ], [ -79.447647617993695, 43.650299882419013 ], [ -79.449521164824219, 43.651046854625484 ], [ -79.450123264921103, 43.65208561658249 ] ] ] } },
{ "type": "Feature", "properties": { "vor_id": 1413, "theft_count": 11, "bike_trips": 0.0, "theft_per_1000_trips": "<NA>" }, "geometry": { "type": "Polygon", "coordinates": [ [ [ -79.462824766534567, 43.680521628289675 ], [ -79.456462297263556, 43.676901096007704 ], [ -79.459151785666322, 43.671653963237404 ], [ -79.461401521676493, 43.673458769088505 ], [ -79.462976190070933, 43.680440502179543 ], [ -79.462824766534567, 43.680521628289675 ] ] ] } },
{ "type": "Feature", "properties": { "vor_id": 1414, "theft_count": 11, "bike_trips": 0.0, "theft_per_1000_trips": "<NA>" }, "geometry": { "type": "Polygon", "coordinates": [ [ [ -79.470920640859603, 43.70013191412216 ], [ -79.464199893020535, 43.703726746423193 ], [ -79.460683326976337, 43.687689128944214 ], [ -79.471125761819181, 43.691874856420135 ], [ -79.470920640859603, 43.70013191412216 ] ] ] } },
{ "type": "Feature", "properties": { "vor_id": 1415, "theft_count": 4, "bike_trips": 0.0, "theft_per_1000_trips": "<NA>" }, "geometry": { "type": "Polygon", "coordinates": [ [ [ -79.416406546310043, 43.645364217461896 ], [ -79.418775937114475, 43.644422134267145 ], [ -79.418813789893662, 43.644484596110814 ], [ -79.417520447900714, 43.646887629292159 ], [ -79.416363555362722, 43.645737217032391 ], [ -79.416406546310043, 43.645364217461896 ] ] ] } },
{ "type": "Feature", "properties": { "vor_id": 1416, "theft_count": 11, "bike_trips": 0.0, "theft_per_1000_trips": "<NA>" }, "geometry": { "type": "Polygon", "coordinates": [ [ [ -79.414407086773892, 43.663116180606224 ], [ -79.415160384170719, 43.662814005008904 ], [ -79.415645137315607, 43.665057181797806 ], [ -79.414755073931957, 43.666289295873717 ], [ -79.414632036248733, 43.666244902286941 ], [ -79.414069385313283, 43.663700064591424 ], [ -79.414407086773892, 43.663116180606224 ] ] ] } },
{ "type": "Feature", "properties": { "vor_id": 1417, "theft_count": 3, "bike_trips": 0.0, "theft_per_1000_trips": "<NA>" }, "geometry": { "type": "Polygon", "coordinates": [ [ [ -79.37230668987651, 43.801515120543378 ], [ -79.383441381755134, 43.794264715431531 ], [ -79.389467905455803, 43.804774090085644 ], [ -79.3892072, 43.804833 ], [ -79.3888164, 43.8049214 ], [ -79.3882298, 43.8050487 ], [ -79.387475599999988, 43.8052008 ], [ -79.38728279999998, 43.8052397 ], [ -79.3872291, 43.8052505 ], [ -79.3871454, 43.8052674 ], [ -79.3864946, 43.8054114 ], [ -79.3858696, 43.8055497 ], [ -79.3857614, 43.8055737 ], [ -79.385635899999983, 43.805602 ], [ -79.3853083, 43.8056713 ], [ -79.3852277, 43.805691 ], [ -79.384916299999986, 43.8057691 ], [ -79.3846753, 43.8058245 ], [ -79.384459299999989, 43.8058723 ], [ -79.384087, 43.8059527 ], [ -79.383676, 43.8060414 ], [ -79.3835968, 43.8060591 ], [ -79.3833889, 43.8061057 ], [ -79.382902799999982, 43.8062104 ], [ -79.3764976, 43.8076326 ], [ -79.376240199999984, 43.8076948 ], [ -79.376084, 43.8077303 ], [ -79.3759598, 43.8077557 ], [ -79.3745077, 43.8080658 ], [ -79.374449026946735, 43.808077454497905 ], [ -79.37230668987651, 43.801515120543378 ] ] ] } },
{ "type": "Feature", "properties": { "vor_id": 1418, "theft_count": 6, "bike_trips": 0.0, "theft_per_1000_trips": "<NA>" }, "geometry": { "type": "Polygon", "coordinates": [ [ [ -79.431969105116735, 43.694045829860293 ], [ -79.429239898180484, 43.697028315327515 ], [ -79.42758927893469, 43.696220398653757 ], [ -79.427544273835565, 43.693387751180992 ], [ -79.428660910342685, 43.690631626206958 ], [ -79.428863039784616, 43.690630577283194 ], [ -79.431737598790122, 43.693275281123547 ], [ -79.431969105116735, 43.694045829860293 ] ] ] } },
{ "type": "Feature", "properties": { "vor_id": 1419, "theft_count": 17, "bike_trips": 0.0, "theft_per_1000_trips": "<NA>" }, "geometry": { "type": "Polygon", "coordinates": [ [ [ -79.367365652996853, 43.710406022606193 ], [ -79.366452708908696, 43.70973456318093 ], [ -79.366254736745134, 43.708795201754633 ], [ -79.367512947111265, 43.7054817575493 ], [ -79.371851490170997, 43.707943386461437 ], [ -79.369781193100636, 43.710965553324321 ], [ -79.367365652996853, 43.710406022606193 ] ] ] } },
{ "type": "Feature", "properties": { "vor_id": 1420, "theft_count": 4, "bike_trips": 0.0, "theft_per_1000_trips": "<NA>" }, "geometry": { "type": "Polygon", "coordinates": [ [ [ -79.263371454480051, 43.77265638056933 ], [ -79.271820743102083, 43.783325855279124 ], [ -79.266223605103278, 43.78923585916781 ], [ -79.257725840111576, 43.780414640349044 ], [ -79.260130855706393, 43.772842742576103 ], [ -79.263371454480051, 43.77265638056933 ] ] ] } },
{ "type": "Feature", "properties": { "vor_id": 1421, "theft_count": 22, "bike_trips": 0.0, "theft_per_1000_trips": "<NA>" }, "geometry": { "type": "Polygon", "coordinates": [ [ [ -79.295368497902089, 43.699962499647093 ], [ -79.298396597601766, 43.695970605649315 ], [ -79.303631014535952, 43.696760352498046 ], [ -79.30456045136178, 43.697289768329888 ], [ -79.305595600414676, 43.701288225625802 ], [ -79.304189443335389, 43.703647033462019 ], [ -79.300513001026431, 43.705517111056388 ], [ -79.299088969001062, 43.704678662994588 ], [ -79.295368497902089, 43.699962499647093 ] ] ] } },
{ "type": "Feature", "properties": { "vor_id": 1422, "theft_count": 11, "bike_trips": 0.0, "theft_per_1000_trips": "<NA>" }, "geometry": { "type": "Polygon", "coordinates": [ [ [ -79.479847635661784, 43.668966421799546 ], [ -79.472849708545738, 43.668378213284313 ], [ -79.473576488535855, 43.664497007640151 ], [ -79.473992989808707, 43.664335145799207 ], [ -79.47972728004838, 43.667933262255822 ], [ -79.47976020370271, 43.668008951865303 ], [ -79.479847635661784, 43.668966421799546 ] ] ] } },
{ "type": "Feature", "properties": { "vor_id": 1423, "theft_count": 12, "bike_trips": 0.0, "theft_per_1000_trips": "<NA>" }, "geometry": { "type": "Polygon", "coordinates": [ [ [ -79.446293957632633, 43.646884050662891 ], [ -79.445979104294821, 43.646525876199966 ], [ -79.445951527836712, 43.645524070014289 ], [ -79.450636947945341, 43.643679429178199 ], [ -79.450840474781245, 43.644187753083493 ], [ -79.45101187982074, 43.645051306961783 ], [ -79.446293957632633, 43.646884050662891 ] ] ] } },
{ "type": "Feature", "properties": { "vor_id": 1424, "theft_count": 6, "bike_trips": 0.0, "theft_per_1000_trips": "<NA>" }, "geometry": { "type": "Polygon", "coordinates": [ [ [ -79.292564568511636, 43.756396090743827 ], [ -79.287119558739562, 43.742561135610643 ], [ -79.288935294059797, 43.742703269081176 ], [ -79.30439844633203, 43.750409466302095 ], [ -79.304537840848923, 43.750526638407131 ], [ -79.302656923723447, 43.758881134708972 ], [ -79.292564568511636, 43.756396090743827 ] ] ] } },
{ "type": "Feature", "properties": { "vor_id": 1425, "theft_count": 13, "bike_trips": 0.0, "theft_per_1000_trips": "<NA>" }, "geometry": { "type": "Polygon", "coordinates": [ [ [ -79.293414705963485, 43.699579307034874 ], [ -79.295368497902089, 43.699962499647093 ], [ -79.299088969001062, 43.704678662994588 ], [ -79.29049330158179, 43.705988545690808 ], [ -79.291094061602948, 43.700224977249398 ], [ -79.293414705963485, 43.699579307034874 ] ] ] } },
{ "type": "Feature", "properties": { "vor_id": 1426, "theft_count": 6, "bike_trips": 0.0, "theft_per_1000_trips": "<NA>" }, "geometry": { "type": "Polygon", "coordinates": [ [ [ -79.42370954667085, 43.648891158730571 ], [ -79.425356218651601, 43.648228472015035 ], [ -79.425814048512152, 43.6494277912836 ], [ -79.424085289767575, 43.650182615784033 ], [ -79.423689702167977, 43.649674977448733 ], [ -79.42370954667085, 43.648891158730571 ] ] ] } },
{ "type": "Feature", "properties": { "vor_id": 1427, "theft_count": 42, "bike_trips": 0.0, "theft_per_1000_trips": "<NA>" }, "geometry": { "type": "Polygon", "coordinates": [ [ [ -79.404712886306044, 43.665399800999687 ], [ -79.405536148850203, 43.665056739257494 ], [ -79.406028363056436, 43.667305525999552 ], [ -79.405196374662737, 43.66772692388556 ], [ -79.404712886306044, 43.665399800999687 ] ] ] } },
{ "type": "Feature", "properties": { "vor_id": 1428, "theft_count": 4408, "bike_trips": 0.0, "theft_per_1000_trips": "<NA>" }, "geometry": { "type": "MultiPolygon", "coordinates": [ [ [ [ -79.418093311217405, 43.642123391841388 ], [ -79.417747531566931, 43.642700290335561 ], [ -79.416339710828453, 43.645049097337264 ], [ -79.415794587433368, 43.645958580776522 ], [ -79.415570728615123, 43.646332066651077 ], [ -79.413735824645912, 43.648806148249783 ], [ -79.41264777066813, 43.650273219208273 ], [ -79.411596292664598, 43.65143334640841 ], [ -79.410543776182692, 43.652594619392822 ], [ -79.409513802343881, 43.653731020403427 ], [ -79.40940871621433, 43.653846965080184 ], [ -79.409352587059303, 43.653908894059427 ], [ -79.409128954446516, 43.654111582844926 ], [ -79.408347704122519, 43.654819666864384 ], [ -79.406377423570831, 43.656605425064583 ], [ -79.406151077200761, 43.656810573456298 ], [ -79.405716912208177, 43.65720407766824 ], [ -79.40526242122526, 43.657541151153985 ], [ -79.40609189597744, 43.656531151245822 ], [ -79.40380019326895, 43.655672232915421 ], [ -79.403628751260854, 43.654845665749534 ], [ -79.404151806470182, 43.653934378532128 ], [ -79.402648825121076, 43.651783228737131 ], [ -79.404059614194935, 43.651172354349001 ], [ -79.404751984483752, 43.653685675893605 ], [ -79.405705165073385, 43.653595167095745 ], [ -79.406279394364418, 43.656262427472683 ], [ -79.408335441398719, 43.654758076220681 ], [ -79.409046133257078, 43.653976700933192 ], [ -79.407418721739603, 43.652889619891994 ], [ -79.407394726159822, 43.652773409199952 ], [ -79.408194510573821, 43.649951513631208 ], [ -79.408735672126454, 43.64992713701092 ], [ -79.409122732867985, 43.649770883678549 ], [ -79.409138978115976, 43.649743674833026 ], [ -79.408534790828412, 43.647079620559495 ], [ -79.408760526721835, 43.646849124655098 ], [ -79.409438335504419, 43.64699678303468 ], [ -79.41031129313771, 43.646654656620164 ], [ -79.409977575415752, 43.645003704054858 ], [ -79.410493996936296, 43.644740690869646 ], [ -79.411098090593683, 43.643098750205489 ], [ -79.411429901002535, 43.642969002663378 ], [ -79.411501702383802, 43.642768793475867 ], [ -79.411697585492462, 43.640711650069363 ], [ -79.412790910804233, 43.640199762335463 ], [ -79.412788991519918, 43.639406167641035 ], [ -79.414994338481208, 43.638561897019997 ], [ -79.415080914402395, 43.639667428370025 ], [ -79.413319705451613, 43.640328310974134 ], [ -79.414333910762679, 43.64124251864871 ], [ -79.41569187122758, 43.64072366771866 ], [ -79.41581530468882, 43.640216509540764 ], [ -79.416751684412176, 43.639911481820555 ], [ -79.416840394894876, 43.639846030777456 ], [ -79.415543199732213, 43.635902195755122 ], [ -79.415491967904671, 43.635864266813783 ], [ -79.415150505535266, 43.635382626229315 ], [ -79.416386701111094, 43.628545074910789 ], [ -79.42117919464836, 43.634926535379769 ], [ -79.420617716471227, 43.636495761760692 ], [ -79.420191224625555, 43.637687726618353 ], [ -79.4194701408139, 43.639212330242984 ], [ -79.418810781011288, 43.640606429415342 ], [ -79.418093311217405, 43.642123391841388 ] ], [ [ -79.414216624293275, 43.643653227193603 ], [ -79.414236689294015, 43.643583622344494 ], [ -79.411998264467584, 43.643364733180597 ], [ -79.41234769746616, 43.645210325658319 ], [ -79.410981322655616, 43.645055008320568 ], [ -79.4113762600293, 43.647027719088953 ], [ -79.412558317544025, 43.647846953043 ], [ -79.413198997397757, 43.647923627986387 ], [ -79.413204118739998, 43.647908329316202 ], [ -79.414777699201579, 43.646354213244962 ], [ -79.414216624293275, 43.643653227193603 ] ] ], [ [ [ -79.40925761119874, 43.637224502504075 ], [ -79.407666793594871, 43.63942521932799 ], [ -79.40599204021855, 43.636889234965707 ], [ -79.406498469524053, 43.632451128040103 ], [ -79.40925761119874, 43.637224502504075 ] ] ], [ [ [ -79.402299062967373, 43.646113537456593 ], [ -79.402026134680455, 43.645859028533486 ], [ -79.4017904120156, 43.64518368788378 ], [ -79.401890586626223, 43.644791039266366 ], [ -79.401707832270247, 43.643890007010491 ], [ -79.403711044048791, 43.643080507018254 ], [ -79.403814008765536, 43.643240215662338 ], [ -79.403968149053426, 43.643656769389331 ], [ -79.403822497543018, 43.644010383729182 ], [ -79.403928255540208, 43.645447634912188 ], [ -79.402299062967373, 43.646113537456593 ] ] ], [ [ [ -79.406625579287393, 43.644754377066072 ], [ -79.406718853783033, 43.644717930126092 ], [ -79.406784909679999, 43.644753283052147 ], [ -79.407307947576612, 43.647530810985373 ], [ -79.407146015031884, 43.647735126639006 ], [ -79.408065594256485, 43.649899589539736 ], [ -79.406482592030841, 43.650143004560462 ], [ -79.40611011608776, 43.647758145514814 ], [ -79.406061443558897, 43.647745813055373 ], [ -79.405640564329076, 43.645694391959232 ], [ -79.406625579287393, 43.644754377066072 ] ] ], [ [ [ -79.4019716506713, 43.648972934421622 ], [ -79.401602585419951, 43.647204818468133 ], [ -79.402318830543678, 43.646216571620201 ], [ -79.4029350513579, 43.64716037679019 ], [ -79.40449807290068, 43.646595280214093 ], [ -79.404754722578105, 43.647911891979582 ], [ -79.403275792644408, 43.648493200957986 ], [ -79.403198405072828, 43.648464166176034 ], [ -79.4019716506713, 43.648972934421622 ] ] ], [ [ [ -79.403359658876994, 43.656055092678017 ], [ -79.403852482449636, 43.658586833017146 ], [ -79.403752476090816, 43.658661002787795 ], [ -79.402717485685116, 43.659428603987557 ], [ -79.40177575965096, 43.660127035615226 ], [ -79.401616987105683, 43.660222200216573 ], [ -79.400219117604038, 43.661060050952159 ], [ -79.398509711190854, 43.6620846297265 ], [ -79.397567084841299, 43.6626496182175 ], [ -79.396407421346083, 43.663198098202628 ], [ -79.394773861090513, 43.66397071466281 ], [ -79.39488688751247, 43.662804686310068 ], [ -79.395631913451311, 43.66262662367231 ], [ -79.396123229369664, 43.661557604503606 ], [ -79.398226735930578, 43.660702174305136 ], [ -79.398418152028214, 43.660397374582317 ], [ -79.400195657656866, 43.660947188552043 ], [ -79.401280578679589, 43.659956158343228 ], [ -79.401090143698752, 43.65903640539392 ], [ -79.399938082817641, 43.658880573972901 ], [ -79.400132062051938, 43.657258318595233 ], [ -79.400805048438613, 43.656984522769001 ], [ -79.400832957727602, 43.657010460931645 ], [ -79.40120805783684, 43.658831497813594 ], [ -79.402461019830056, 43.658338259057814 ], [ -79.403178052951134, 43.658455709953266 ], [ -79.402769613121308, 43.656403962862754 ], [ -79.402897519862051, 43.656235430576608 ], [ -79.403359658876994, 43.656055092678017 ] ] ], [ [ [ -79.404433692995141, 43.631252949768388 ], [ -79.400486335121457, 43.635346340933161 ], [ -79.399856305164903, 43.634171361524423 ], [ -79.405299382012132, 43.62855814550641 ], [ -79.405292102404616, 43.628892980053365 ], [ -79.404433692995141, 43.631252949768388 ] ] ], [ [ [ -79.401752814008049, 43.637525234980146 ], [ -79.401828104776271, 43.637317804070861 ], [ -79.401746154614031, 43.636648660387642 ], [ -79.403713294330259, 43.635807091815742 ], [ -79.403748824989421, 43.635994170361698 ], [ -79.403295987058343, 43.636853780498782 ], [ -79.403146453587098, 43.638792527726665 ], [ -79.401752814008049, 43.637525234980146 ] ] ], [ [ [ -79.400513078806199, 43.640678088897999 ], [ -79.400298852595824, 43.640529234142278 ], [ -79.399930628049376, 43.638880546025966 ], [ -79.399851235362917, 43.638295760901606 ], [ -79.399783343912873, 43.638264455751255 ], [ -79.399141849976161, 43.637292202872139 ], [ -79.400426433718337, 43.636756087005914 ], [ -79.400874135017361, 43.637874150612866 ], [ -79.400898126528361, 43.637880647943255 ], [ -79.401804497730708, 43.640155005442189 ], [ -79.400513078806199, 43.640678088897999 ] ] ], [ [ [ -79.396979143109391, 43.640380086801279 ], [ -79.398745028658936, 43.639655620934789 ], [ -79.399687535857794, 43.640406655347526 ], [ -79.3980625014823, 43.641081583934692 ], [ -79.398659103276373, 43.643256585805176 ], [ -79.398570180825601, 43.643339368784538 ], [ -79.396272222672422, 43.643376883777961 ], [ -79.396161390633708, 43.644068311357053 ], [ -79.394910899865437, 43.644886068143826 ], [ -79.394183716258638, 43.645182399317562 ], [ -79.393120703365682, 43.644487411788873 ], [ -79.3930761540784, 43.644067150798534 ], [ -79.394125495363468, 43.643607098105086 ], [ -79.393698652720815, 43.641971953335648 ], [ -79.39272243517982, 43.642375635089309 ], [ -79.392466322199311, 43.641185935375916 ], [ -79.391944855043221, 43.640724771743024 ], [ -79.392266386995459, 43.639602826891178 ], [ -79.390915451257669, 43.638718116576413 ], [ -79.394230980148535, 43.636904013906943 ], [ -79.394637320424636, 43.637848483154833 ], [ -79.395310955773979, 43.638054794470307 ], [ -79.398142877342082, 43.636293373439777 ], [ -79.39823549709422, 43.636376575894019 ], [ -79.398406487336047, 43.636883300244605 ], [ -79.397830535920832, 43.638310526678517 ], [ -79.396560224806535, 43.638820689899028 ], [ -79.396858740572881, 43.639862343043838 ], [ -79.396979143109391, 43.640380086801279 ] ], [ [ -79.393553695660387, 43.639165794156298 ], [ -79.392820512626187, 43.639465117384489 ], [ -79.39306847875136, 43.640937238115988 ], [ -79.393910130659904, 43.640916063863664 ], [ -79.394427838507212, 43.641503651086261 ], [ -79.395328492465822, 43.641653576111693 ], [ -79.394622326772478, 43.637880849675135 ], [ -79.393553695660387, 43.639165794156298 ] ] ], [ [ [ -79.392447596939263, 43.64282886436186 ], [ -79.392658126304028, 43.643642334109735 ], [ -79.391008935799448, 43.64426719624155 ], [ -79.390754077691497, 43.644145358666478 ], [ -79.390297227393276, 43.642080212068564 ], [ -79.392447596939263, 43.64282886436186 ] ] ], [ [ [ -79.398441617807009, 43.648024251160358 ], [ -79.397236851271558, 43.647303355431227 ], [ -79.397155834443154, 43.647117255290247 ], [ -79.397045714059516, 43.646578773769079 ], [ -79.397060387513989, 43.646285734886 ], [ -79.398482341558051, 43.645717353868498 ], [ -79.398891074106743, 43.64489231586618 ], [ -79.39998456561716, 43.645227845574667 ], [ -79.400257747851995, 43.64659626161577 ], [ -79.400156263790464, 43.646742613825232 ], [ -79.399142341895242, 43.646573015863531 ], [ -79.398441617807009, 43.648024251160358 ] ] ], [ [ [ -79.391305352585519, 43.64841824297357 ], [ -79.391036974414519, 43.648284158251528 ], [ -79.390817246794271, 43.647239374975605 ], [ -79.39084070915419, 43.647134541804292 ], [ -79.391714115730409, 43.646774949039283 ], [ -79.391996855193099, 43.648139089514437 ], [ -79.391305352585519, 43.64841824297357 ] ] ], [ [ [ -79.393503866333702, 43.651680713151748 ], [ -79.393143520956301, 43.650239901686447 ], [ -79.39314957526571, 43.650223460059969 ], [ -79.393680550957129, 43.650014280694869 ], [ -79.393422064156866, 43.648876355091446 ], [ -79.392798666451355, 43.64896298347751 ], [ -79.392510229940498, 43.64817764041365 ], [ -79.392638254214305, 43.648029464336389 ], [ -79.393857586036361, 43.647541170862162 ], [ -79.394496471138368, 43.647756846509466 ], [ -79.394506840134369, 43.647770550447412 ], [ -79.394637831578549, 43.648389490187405 ], [ -79.394900403855374, 43.648790729807942 ], [ -79.395080827282257, 43.649654761989019 ], [ -79.395077876454906, 43.649725556787196 ], [ -79.395133972354458, 43.649845044608668 ], [ -79.394322991848867, 43.651608538175694 ], [ -79.393503866333702, 43.651680713151748 ] ] ], [ [ [ -79.391912715321055, 43.650751527531796 ], [ -79.391540107902685, 43.651534187196006 ], [ -79.390390834248677, 43.6512072944087 ], [ -79.390468772330024, 43.650382850397925 ], [ -79.39032427445035, 43.649732988431182 ], [ -79.391488083346488, 43.649278888605821 ], [ -79.391490789191479, 43.649272048272877 ], [ -79.392697851288332, 43.649220786644065 ], [ -79.392780633418596, 43.649612950568326 ], [ -79.391728996490428, 43.650040180617687 ], [ -79.391912715321055, 43.650751527531796 ] ] ], [ [ [ -79.398612520985864, 43.650803422482156 ], [ -79.397866918977286, 43.649924007355125 ], [ -79.397843534808757, 43.649832312206286 ], [ -79.40000802147766, 43.648997828489513 ], [ -79.400899778277036, 43.649915381148077 ], [ -79.400797489542796, 43.650989053754181 ], [ -79.398612520985864, 43.650803422482156 ] ] ], [ [ [ -79.397134654446319, 43.650422227339867 ], [ -79.397394117180738, 43.65174899065893 ], [ -79.396227742855359, 43.651191177860859 ], [ -79.396144203586744, 43.650807757374544 ], [ -79.397134654446319, 43.650422227339867 ] ] ], [ [ [ -79.397466179054803, 43.654134168110325 ], [ -79.397221347339169, 43.654030447161517 ], [ -79.396988210797119, 43.652912948701136 ], [ -79.397614345287707, 43.651953938959636 ], [ -79.399142470166666, 43.653225134727748 ], [ -79.397466179054803, 43.654134168110325 ] ] ], [ [ [ -79.399276815827619, 43.656358636662915 ], [ -79.39852984785098, 43.656890335373774 ], [ -79.398072076715138, 43.655694178950263 ], [ -79.399100997432413, 43.655324676617056 ], [ -79.399276815827619, 43.656358636662915 ] ] ], [ [ [ -79.393475862301031, 43.657599926666641 ], [ -79.39395260302291, 43.660114297702577 ], [ -79.392979316688127, 43.660911648598834 ], [ -79.392931269627468, 43.66226538839561 ], [ -79.392168538071786, 43.662765891190389 ], [ -79.392467016625773, 43.664895713875339 ], [ -79.39262464544737, 43.664928858323421 ], [ -79.392425333301389, 43.665000173349569 ], [ -79.390463798213787, 43.665702021826483 ], [ -79.389075750496701, 43.666198673241112 ], [ -79.388511481862707, 43.66640057178671 ], [ -79.387186157786005, 43.666732548185955 ], [ -79.387211239320209, 43.666565864410863 ], [ -79.388700241719036, 43.665896692436803 ], [ -79.388472795411545, 43.664934924807845 ], [ -79.388559025723211, 43.664152776256842 ], [ -79.3889228274072, 43.663162164431071 ], [ -79.389820640240998, 43.662885576772567 ], [ -79.390024059353564, 43.662726445315869 ], [ -79.389803487413531, 43.66138979951733 ], [ -79.391430150313823, 43.65952605725591 ], [ -79.390892150172633, 43.659152526371614 ], [ -79.390533889613209, 43.657569405775732 ], [ -79.390634949520333, 43.657312531095407 ], [ -79.391428799606558, 43.657164467992217 ], [ -79.392840720137769, 43.657741358664225 ], [ -79.393191295368695, 43.657596765886332 ], [ -79.393475862301031, 43.657599926666641 ] ] ], [ [ [ -79.395408081821728, 43.658118351628829 ], [ -79.397044321390084, 43.657452533287653 ], [ -79.397431054763587, 43.657536915760033 ], [ -79.397808109313502, 43.659425593342661 ], [ -79.39561620935433, 43.659170146823975 ], [ -79.395408081821728, 43.658118351628829 ] ] ], [ [ [ -79.381873422021201, 43.64052258260093 ], [ -79.381589112026518, 43.640093246922071 ], [ -79.384562908942399, 43.638635211240697 ], [ -79.384642995036245, 43.639035546166426 ], [ -79.381873422021201, 43.64052258260093 ] ] ], [ [ [ -79.383323387457324, 43.642197858883719 ], [ -79.385955519145824, 43.641104054598863 ], [ -79.386444775601277, 43.641461991136275 ], [ -79.389079531873065, 43.637589754359858 ], [ -79.389853183986204, 43.638456312889133 ], [ -79.390177615752506, 43.641443577380912 ], [ -79.390020673927353, 43.641823638827489 ], [ -79.388970327063518, 43.642186687376444 ], [ -79.386702925815499, 43.642081435232839 ], [ -79.386175546434032, 43.64362494086695 ], [ -79.385093554468, 43.644083412039024 ], [ -79.383637552226475, 43.643736664116418 ], [ -79.383323387457324, 43.642197858883719 ] ] ], [ [ [ -79.380718264454188, 43.645274263464778 ], [ -79.380607647422579, 43.644673094537332 ], [ -79.382365435600263, 43.643934419922275 ], [ -79.382640872540719, 43.643966328507901 ], [ -79.382970830833003, 43.64548092512657 ], [ -79.383245035644649, 43.645666297474612 ], [ -79.383368301175267, 43.646858954636301 ], [ -79.383999999183075, 43.646925581792274 ], [ -79.384599015331673, 43.646584435744053 ], [ -79.385327244049407, 43.646925400263001 ], [ -79.385477434641331, 43.647671744479048 ], [ -79.38447167038882, 43.648281687689732 ], [ -79.384679926098798, 43.649300106155145 ], [ -79.383551316391163, 43.649792194868859 ], [ -79.383252357036696, 43.649542427049944 ], [ -79.382693708518332, 43.648634584605333 ], [ -79.381834193183266, 43.647899042121153 ], [ -79.381751970285109, 43.647526966448304 ], [ -79.381538191227179, 43.647327804530043 ], [ -79.381077267973382, 43.646293290087641 ], [ -79.380892217786041, 43.646042475010155 ], [ -79.380718264454188, 43.645274263464778 ] ] ], [ [ [ -79.387806140574369, 43.649296148664732 ], [ -79.388078972510897, 43.648444690309063 ], [ -79.388920532010999, 43.648098503795957 ], [ -79.389867222436266, 43.648752809985083 ], [ -79.389997052418565, 43.649393771497621 ], [ -79.389103503886972, 43.650058342005927 ], [ -79.387806140574369, 43.649296148664732 ] ] ], [ [ [ -79.386565859296155, 43.651704279581679 ], [ -79.385850566300206, 43.651701990723886 ], [ -79.385370879713491, 43.649473798938544 ], [ -79.385700514556319, 43.649239731783837 ], [ -79.387643436527341, 43.649479468170597 ], [ -79.387314344329113, 43.651469040272978 ], [ -79.386565859296155, 43.651704279581679 ] ] ], [ [ [ -79.383869523422803, 43.651675628741515 ], [ -79.382022649599421, 43.651171693632136 ], [ -79.381571321269405, 43.651999709055559 ], [ -79.380344465272657, 43.651226528305052 ], [ -79.381767029998045, 43.650615770042812 ], [ -79.381947439534571, 43.650832880539497 ], [ -79.383529076695226, 43.65010946402375 ], [ -79.383869523422803, 43.651675628741515 ] ] ], [ [ [ -79.384304624213271, 43.652235475306618 ], [ -79.384719416657532, 43.652242707905899 ], [ -79.385036404011544, 43.654128810830528 ], [ -79.385566183681945, 43.654634042307997 ], [ -79.385476217388103, 43.654787513451609 ], [ -79.385665479854893, 43.65563162148613 ], [ -79.386482676911726, 43.656117386279305 ], [ -79.386499089796061, 43.656194567787608 ], [ -79.387140674264444, 43.656951776081314 ], [ -79.385360899126084, 43.657633530670267 ], [ -79.385176136794414, 43.657432789615939 ], [ -79.385053887755731, 43.656833474476343 ], [ -79.384816770696617, 43.656612853246273 ], [ -79.382924864506947, 43.65738706952645 ], [ -79.382751300455723, 43.657099300572632 ], [ -79.38258800385897, 43.656651801339848 ], [ -79.382574474667734, 43.656587344544853 ], [ -79.382346805741733, 43.656144297724076 ], [ -79.382197010325996, 43.65544638494336 ], [ -79.382196713039463, 43.655428010962289 ], [ -79.382940856061225, 43.654435895664861 ], [ -79.383122603095671, 43.654363067751255 ], [ -79.384304624213271, 43.652235475306618 ] ] ], [ [ [ -79.379896361891952, 43.655099021696273 ], [ -79.379845437366654, 43.655086165106958 ], [ -79.37950168586012, 43.653299871760559 ], [ -79.380139408093697, 43.653029300668486 ], [ -79.380143888736072, 43.653031036187933 ], [ -79.380718680267364, 43.653917888914044 ], [ -79.380736682110353, 43.65474300877716 ], [ -79.379896361891952, 43.655099021696273 ] ] ], [ [ [ -79.387094348747851, 43.654047286864262 ], [ -79.38818015844214, 43.654223810183964 ], [ -79.387963720478396, 43.655053917542602 ], [ -79.386653123022612, 43.6556116935324 ], [ -79.38638859873015, 43.654337716049781 ], [ -79.387094348747851, 43.654047286864262 ] ] ], [ [ [ -79.388611394200808, 43.656629186180346 ], [ -79.389696193241519, 43.655238099367217 ], [ -79.390245038089063, 43.655424717327499 ], [ -79.390503236498006, 43.657175092879484 ], [ -79.388611394200808, 43.656629186180346 ] ] ], [ [ [ -79.386311341944264, 43.661078168007641 ], [ -79.386100197387051, 43.659949802448693 ], [ -79.387952672536926, 43.659180714006666 ], [ -79.387767300602817, 43.659799428515264 ], [ -79.388166948371023, 43.66270833140333 ], [ -79.387626472244378, 43.662471069251744 ], [ -79.386979266720743, 43.661797598927684 ], [ -79.386899100056482, 43.661438273655087 ], [ -79.386311341944264, 43.661078168007641 ] ] ], [ [ [ -79.383493133243533, 43.65983514508676 ], [ -79.38160985075649, 43.662200602485449 ], [ -79.381456486956822, 43.662262415191641 ], [ -79.38097995643848, 43.661760774702913 ], [ -79.380614071572438, 43.660996024077654 ], [ -79.38058866068107, 43.660884605157221 ], [ -79.383148875145267, 43.659834864365671 ], [ -79.383493133243533, 43.65983514508676 ] ] ], [ [ [ -79.383900597694605, 43.664597099354886 ], [ -79.382919002326801, 43.665742063611447 ], [ -79.382692946695144, 43.665564144645614 ], [ -79.382052930638991, 43.664621482856717 ], [ -79.38193487573308, 43.664080731016575 ], [ -79.383435840750877, 43.66345429979264 ], [ -79.383753089273426, 43.663553743236001 ], [ -79.383900597694605, 43.664597099354886 ] ] ], [ [ [ -79.38348275144827, 43.667179349982455 ], [ -79.383311001613862, 43.666404710942977 ], [ -79.385024270257759, 43.665693416929706 ], [ -79.385144309697864, 43.665521731758467 ], [ -79.386393185546126, 43.6650001710452 ], [ -79.386438437645495, 43.665037954358823 ], [ -79.386789470669484, 43.665651670958304 ], [ -79.386813874381545, 43.665859527160883 ], [ -79.385698806476682, 43.66632802487409 ], [ -79.385706262338374, 43.666441319850207 ], [ -79.383583895613995, 43.667362188388637 ], [ -79.383704025772019, 43.667599900332391 ], [ -79.381747084143285, 43.66789018520145 ], [ -79.38348275144827, 43.667179349982455 ] ] ], [ [ [ -79.385281147061619, 43.667209728531439 ], [ -79.385822640661587, 43.666985823457289 ], [ -79.385941801516253, 43.66704424320536 ], [ -79.386304414096486, 43.667222017489088 ], [ -79.386152400398103, 43.667991162459749 ], [ -79.384235338994131, 43.668779537476887 ], [ -79.383894230481147, 43.668190245453481 ], [ -79.383813528119958, 43.667816582108223 ], [ -79.385281147061619, 43.667209728531439 ] ] ], [ [ [ -79.379773793001533, 43.668182895291658 ], [ -79.378898105016461, 43.668312791333705 ], [ -79.378315958221151, 43.668341390371857 ], [ -79.37681320540662, 43.668415215883613 ], [ -79.376871608315554, 43.668033317844291 ], [ -79.376296670751174, 43.66775914648494 ], [ -79.375675934781142, 43.667624827718171 ], [ -79.375036545066664, 43.666367843091919 ], [ -79.373887794565519, 43.665672469867992 ], [ -79.373823475870438, 43.665601877985289 ], [ -79.373318021492253, 43.665404202512619 ], [ -79.373147746642445, 43.665155341042905 ], [ -79.372635100223093, 43.664952347895742 ], [ -79.370230988822414, 43.665960669503633 ], [ -79.369765821113347, 43.665640875169679 ], [ -79.369715887475252, 43.665401757687007 ], [ -79.370032950302701, 43.664425074289014 ], [ -79.371084848368767, 43.663947185563941 ], [ -79.37081255043924, 43.662659875422477 ], [ -79.37201511519946, 43.662160345258322 ], [ -79.372321489648129, 43.66171774436004 ], [ -79.371581450120999, 43.660001682475404 ], [ -79.371832182136686, 43.659726771086355 ], [ -79.374050202955146, 43.6587866996719 ], [ -79.374605984168298, 43.658985232637235 ], [ -79.374591574454911, 43.661367636718985 ], [ -79.37343167012952, 43.661833768722651 ], [ -79.373876024133907, 43.663940665668676 ], [ -79.375633324282845, 43.663202913376431 ], [ -79.37660175734095, 43.664106908187868 ], [ -79.376490825353287, 43.664475656789207 ], [ -79.376640558307741, 43.665201097703282 ], [ -79.377372106899443, 43.666059916720542 ], [ -79.378584133755623, 43.665544153857176 ], [ -79.379673178858582, 43.666162115503283 ], [ -79.3796847092229, 43.666215206447831 ], [ -79.377454795913096, 43.667140212995925 ], [ -79.377246284949379, 43.667805328342652 ], [ -79.377833586361859, 43.66797278315773 ], [ -79.380033431780802, 43.667016780579694 ], [ -79.38030186566462, 43.66752142236281 ], [ -79.380388877927231, 43.667922842453166 ], [ -79.380495328729026, 43.668075865576974 ], [ -79.379773793001533, 43.668182895291658 ] ] ], [ [ [ -79.374105930937077, 43.642977070912551 ], [ -79.37399147236215, 43.643694271966446 ], [ -79.373721143277251, 43.644531266873287 ], [ -79.373587913226885, 43.644749762004444 ], [ -79.375512241185561, 43.645284493981507 ], [ -79.377289226514506, 43.644522849014081 ], [ -79.377843931383737, 43.644825915541738 ], [ -79.377751487480595, 43.646586010833587 ], [ -79.377717844179614, 43.646920526881566 ], [ -79.377377881934692, 43.647185744857403 ], [ -79.37611907653428, 43.646621260226119 ], [ -79.37446758879075, 43.647364495329654 ], [ -79.373212587313191, 43.646484144559487 ], [ -79.372805445453693, 43.645326467877211 ], [ -79.370189872283234, 43.645411937277821 ], [ -79.369385265824278, 43.646323169114304 ], [ -79.370906684600641, 43.648503043369608 ], [ -79.371493983440047, 43.648538668856105 ], [ -79.372383236497484, 43.650709135990084 ], [ -79.37203764147074, 43.65064981345887 ], [ -79.370370125268124, 43.651389163108213 ], [ -79.370634339351199, 43.652508434183481 ], [ -79.37188906027751, 43.651965617966191 ], [ -79.372213574819284, 43.652778900162069 ], [ -79.372225260148198, 43.652952644389714 ], [ -79.372635305243122, 43.653458748344455 ], [ -79.373187703107618, 43.65380457167214 ], [ -79.374011237610731, 43.652264537419562 ], [ -79.37445628574045, 43.652504087432391 ], [ -79.374962058461193, 43.653086517949731 ], [ -79.3751902227974, 43.654085860660317 ], [ -79.37423885961114, 43.65447351295149 ], [ -79.373282493511837, 43.654264600883657 ], [ -79.373099912529241, 43.654496563816025 ], [ -79.373512159660393, 43.656488490500159 ], [ -79.373121659969797, 43.656965713904789 ], [ -79.371603664937993, 43.656748290879705 ], [ -79.37155375027551, 43.65680504667035 ], [ -79.370007886909661, 43.65745977573927 ], [ -79.37059196606404, 43.65990532444583 ], [ -79.369884390586307, 43.660194054468896 ], [ -79.369352165978341, 43.660231029596972 ], [ -79.368793026544949, 43.660455336277074 ], [ -79.368134689323725, 43.660450334512959 ], [ -79.367696144391573, 43.659961803632235 ], [ -79.368152602767495, 43.658782542315322 ], [ -79.368958852118979, 43.658468366397571 ], [ -79.369147201495423, 43.657447474170183 ], [ -79.369451220002645, 43.657325644631399 ], [ -79.36925631510772, 43.655547834714206 ], [ -79.370900684026608, 43.654896200927709 ], [ -79.370757008149596, 43.654231139949609 ], [ -79.370523328831041, 43.653672966924795 ], [ -79.370481568402212, 43.653620573254365 ], [ -79.370350539201056, 43.653044626340126 ], [ -79.369344924641069, 43.652563802003229 ], [ -79.368183078939438, 43.653047007937538 ], [ -79.367888511255799, 43.651685679502108 ], [ -79.368007615976637, 43.651370785035837 ], [ -79.369009785193327, 43.650943012197338 ], [ -79.369215565155642, 43.650672198176856 ], [ -79.369449417937417, 43.650723785357435 ], [ -79.371017889475894, 43.650055891563063 ], [ -79.370675156710902, 43.649083878967076 ], [ -79.369149321642382, 43.649700389456562 ], [ -79.369225468135724, 43.646397624414284 ], [ -79.367383321893115, 43.64666940092561 ], [ -79.36333530079655, 43.635240626754921 ], [ -79.365756346023019, 43.632668933882648 ], [ -79.367383302227864, 43.630259647908161 ], [ -79.354587627502582, 43.610213197831236 ], [ -79.387529499999985, 43.6094052 ], [ -79.3942484, 43.6092404 ], [ -79.395567710795419, 43.610899440201436 ], [ -79.388640550003089, 43.622762471862096 ], [ -79.386236022876432, 43.625013177971979 ], [ -79.382784610927843, 43.627153773685805 ], [ -79.379209562590219, 43.628642902566014 ], [ -79.374463487216005, 43.629970052560189 ], [ -79.3715567445918, 43.630334245391843 ], [ -79.369794371932485, 43.630385869959277 ], [ -79.374105930937077, 43.642977070912551 ] ] ], [ [ [ -79.379564993228513, 43.649933260974002 ], [ -79.378473546645992, 43.649644315921556 ], [ -79.377259265697958, 43.650157503640742 ], [ -79.378049641349236, 43.650941477058879 ], [ -79.379641252696715, 43.650279636164775 ], [ -79.379846984256005, 43.650652939722086 ], [ -79.379902997191337, 43.650927094068251 ], [ -79.378319466437745, 43.651576818657482 ], [ -79.37816203576115, 43.65141896910982 ], [ -79.377036722654879, 43.651902145488904 ], [ -79.376288915189676, 43.650975470841622 ], [ -79.376605616876589, 43.650196777459712 ], [ -79.376855762665826, 43.650088828612823 ], [ -79.377381972375375, 43.648074054476368 ], [ -79.378312103101436, 43.648851148010316 ], [ -79.379432218493889, 43.648286178518561 ], [ -79.379716070959432, 43.649611609666572 ], [ -79.379564993228513, 43.649933260974002 ] ] ], [ [ [ -79.375984915167578, 43.654044971562726 ], [ -79.376384175490273, 43.653880452070034 ], [ -79.376854397145948, 43.653933398157321 ], [ -79.377213010229809, 43.655488320741526 ], [ -79.376642228031074, 43.655723566026893 ], [ -79.37632495089629, 43.655737927698546 ], [ -79.375984915167578, 43.654044971562726 ] ] ], [ [ [ -79.38013404742523, 43.660472999595846 ], [ -79.378177710654057, 43.661299473418957 ], [ -79.37734450539017, 43.660746061465268 ], [ -79.377408058580201, 43.659933677013981 ], [ -79.378364409087254, 43.659279514444734 ], [ -79.379355070918379, 43.659333806338239 ], [ -79.38013404742523, 43.660472999595846 ] ] ], [ [ [ -79.375525554911761, 43.662694612704122 ], [ -79.375134614784145, 43.661700735706575 ], [ -79.377326601891596, 43.66076672258459 ], [ -79.377216773203969, 43.661990513697631 ], [ -79.375525554911761, 43.662694612704122 ] ] ], [ [ [ -79.379054428405766, 43.663886114779316 ], [ -79.378292724676257, 43.664197709277111 ], [ -79.377030701481004, 43.66392637544417 ], [ -79.377429721185464, 43.662972954203987 ], [ -79.378673198495989, 43.662344950845423 ], [ -79.378954005264376, 43.662579608465741 ], [ -79.37916256635306, 43.66356368734953 ], [ -79.379054428405766, 43.663886114779316 ] ] ], [ [ [ -79.36765602279921, 43.668099132896671 ], [ -79.368576817869553, 43.667820284518065 ], [ -79.36874597458538, 43.667975244442886 ], [ -79.370554973423566, 43.667231430561237 ], [ -79.370801716278706, 43.667554901056072 ], [ -79.37097486401467, 43.668405074796105 ], [ -79.369096390983515, 43.668312791333705 ], [ -79.368804809809276, 43.668269539352274 ], [ -79.36765602279921, 43.668099132896671 ] ] ], [ [ [ -79.373997248, 43.668553555000088 ], [ -79.373503233794651, 43.668529285638449 ], [ -79.372409642761937, 43.668475560956061 ], [ -79.373141911843817, 43.668191037912464 ], [ -79.373460481362386, 43.668345834063487 ], [ -79.374382000633915, 43.667957311951639 ], [ -79.374775480543647, 43.668009274622243 ], [ -79.374852708914645, 43.668511528900254 ], [ -79.373997248, 43.668553555000088 ] ] ], [ [ [ -79.32411497262045, 43.616157215299701 ], [ -79.329130535501079, 43.614979504213188 ], [ -79.356366779978501, 43.640977145710508 ], [ -79.355898778472152, 43.641776769293472 ], [ -79.350982575083449, 43.646069461420716 ], [ -79.347507388301153, 43.648068068317009 ], [ -79.346771449577275, 43.648188713545444 ], [ -79.345082942052755, 43.654146498712656 ], [ -79.345207293736095, 43.655203896610026 ], [ -79.345556940455623, 43.655688227168717 ], [ -79.34884713209351, 43.65846450574157 ], [ -79.348812430093489, 43.659026841096455 ], [ -79.349617102591736, 43.661495002171698 ], [ -79.35031448002799, 43.661995719896687 ], [ -79.35051024716941, 43.662101130310376 ], [ -79.35081688001884, 43.661738753526791 ], [ -79.352492184160567, 43.661129705607621 ], [ -79.354554252929461, 43.661766287179972 ], [ -79.354629236344351, 43.662340808257689 ], [ -79.356478582506369, 43.664492096452101 ], [ -79.358047328703663, 43.662074828972663 ], [ -79.360011967591475, 43.661984451947674 ], [ -79.360393007979695, 43.663564953339758 ], [ -79.361785539733276, 43.664190082502891 ], [ -79.361909384137448, 43.66476746445997 ], [ -79.363457738023797, 43.665136033295724 ], [ -79.363882272457559, 43.664998089234942 ], [ -79.36442182578611, 43.667385436604356 ], [ -79.364415415696413, 43.667430705379886 ], [ -79.366485676353435, 43.666581964760347 ], [ -79.366655286587857, 43.666795367669977 ], [ -79.368343126351121, 43.666142188718148 ], [ -79.368430458371392, 43.666178806151578 ], [ -79.368319896930046, 43.666944000873663 ], [ -79.366939577917009, 43.667506064047963 ], [ -79.367054698174385, 43.668009934814606 ], [ -79.365533600306421, 43.667784301260227 ], [ -79.364341582818042, 43.667607482168926 ], [ -79.364242731899168, 43.667592819020264 ], [ -79.362377060134534, 43.667125492571223 ], [ -79.360722466826473, 43.66671103852314 ], [ -79.359483014137254, 43.66640057178671 ], [ -79.358832610369475, 43.666167853597429 ], [ -79.356473589661988, 43.665323782491583 ], [ -79.354863076381747, 43.664747531625665 ], [ -79.352060687934014, 43.663422100601522 ], [ -79.350663418197172, 43.662761241233568 ], [ -79.350427411158691, 43.6626496182175 ], [ -79.349728494254165, 43.662230703546378 ], [ -79.348418987629302, 43.661445815480945 ], [ -79.347735427912028, 43.661036105553606 ], [ -79.346279788968531, 43.660163629147114 ], [ -79.346218736349002, 43.660127035615226 ], [ -79.343709496889062, 43.658266056799022 ], [ -79.342277583791812, 43.65720407766824 ], [ -79.34084832981047, 43.655908677368437 ], [ -79.338641908940659, 43.653908894059427 ], [ -79.33534672533186, 43.650273219208273 ], [ -79.332423767384867, 43.646332066651077 ], [ -79.329901184782557, 43.642123391841388 ], [ -79.328994805709641, 43.640207014303066 ], [ -79.327803271374435, 43.637687726618353 ], [ -79.32615023121339, 43.633067788862824 ], [ -79.324957983979829, 43.628308071100903 ], [ -79.324238011666381, 43.623454412016578 ], [ -79.323997248, 43.618553555000098 ], [ -79.32411497262045, 43.616157215299701 ] ] ], [ [ [ -79.361854699068687, 43.652347545885043 ], [ -79.361386713957401, 43.651317838590238 ], [ -79.364189341391267, 43.650123514588294 ], [ -79.364176733209021, 43.650065976202264 ], [ -79.36419509213664, 43.649990521264918 ], [ -79.364605501854371, 43.649578026362036 ], [ -79.367199373653165, 43.648743012837791 ], [ -79.367322840032756, 43.649281822432471 ], [ -79.367078332527797, 43.64968994148456 ], [ -79.365102799065554, 43.65054003247559 ], [ -79.364466383853113, 43.650538626467927 ], [ -79.364406469755366, 43.651538187273772 ], [ -79.362172097196677, 43.652486553482738 ], [ -79.361854699068687, 43.652347545885043 ] ] ], [ [ [ -79.355217715683395, 43.658122833979256 ], [ -79.353907647230528, 43.656853384783084 ], [ -79.354923481974907, 43.655382131922366 ], [ -79.355904970248275, 43.655129191761624 ], [ -79.355573374772675, 43.653630648779327 ], [ -79.355394716499049, 43.653476167719454 ], [ -79.354762084992146, 43.650704723826053 ], [ -79.356727069273731, 43.652358964431734 ], [ -79.356485532061001, 43.653205743099939 ], [ -79.356885861906846, 43.654861432902287 ], [ -79.356411243552017, 43.655184017516568 ], [ -79.356828379376324, 43.656638253240644 ], [ -79.356673122386923, 43.65717867973261 ], [ -79.355217715683395, 43.658122833979256 ] ] ], [ [ [ -79.360549980281775, 43.653829511558889 ], [ -79.361438478291419, 43.655337511507049 ], [ -79.361127086953132, 43.655799315557076 ], [ -79.359338952657794, 43.655751032809022 ], [ -79.358387420399822, 43.654102858404798 ], [ -79.358908190897523, 43.653090592111873 ], [ -79.360549980281775, 43.653829511558889 ] ] ], [ [ [ -79.364370800645943, 43.658707855231739 ], [ -79.364091627666284, 43.659265844456741 ], [ -79.363921658550069, 43.660100981103959 ], [ -79.362499317384234, 43.660704827934964 ], [ -79.362224175996758, 43.661720819555711 ], [ -79.362074436548355, 43.66180662471541 ], [ -79.360743124753697, 43.661667076612346 ], [ -79.361259234298032, 43.658875205985098 ], [ -79.361200345165543, 43.65864779300685 ], [ -79.359462945735956, 43.659364873006908 ], [ -79.358187959996329, 43.659093008107931 ], [ -79.358210250572469, 43.6583081871267 ], [ -79.358798711025244, 43.65746446532345 ], [ -79.361051631536327, 43.657572605441551 ], [ -79.361356241175656, 43.658197974817554 ], [ -79.363726142001042, 43.658061766620818 ], [ -79.363801048295514, 43.656655479469102 ], [ -79.365223772725884, 43.656071280233711 ], [ -79.366809834255164, 43.65681066535879 ], [ -79.366841809930179, 43.656997087987577 ], [ -79.366788342870038, 43.657088975659804 ], [ -79.365245165287533, 43.658292240079611 ], [ -79.364370871044613, 43.658647279079105 ], [ -79.364370800645943, 43.658707855231739 ] ] ], [ [ [ -79.367546017075455, 43.665010104813597 ], [ -79.367724859091396, 43.665566227667107 ], [ -79.366379267864346, 43.666111933147263 ], [ -79.365777796640756, 43.665341960317647 ], [ -79.365465203960426, 43.663898646877279 ], [ -79.365281907516533, 43.663713399030513 ], [ -79.365387007235384, 43.662606344336481 ], [ -79.367172614689011, 43.661886691363826 ], [ -79.368618255814667, 43.663128741522435 ], [ -79.368479340672735, 43.663440783391806 ], [ -79.366652192614993, 43.664190255842072 ], [ -79.367236237184869, 43.664680003554459 ], [ -79.367546017075455, 43.665010104813597 ] ] ] ] } },
{ "type": "Feature", "properties": { "vor_id": 1429, "theft_count": 2, "bike_trips": 0.0, "theft_per_1000_trips": "<NA>" }, "geometry": { "type": "Polygon", "coordinates": [ [ [ -79.226245011930956, 43.782954102931456 ], [ -79.222603372137272, 43.783866286213488 ], [ -79.217983434381736, 43.785519326374526 ], [ -79.216902582791931, 43.786030531104466 ], [ -79.216789646969787, 43.784847960980422 ], [ -79.224324253610504, 43.77912303111286 ], [ -79.226245011930956, 43.782954102931456 ] ] ] } },
{ "type": "Feature", "properties": { "vor_id": 1430, "theft_count": 21, "bike_trips": 0.0, "theft_per_1000_trips": "<NA>" }, "geometry": { "type": "Polygon", "coordinates": [ [ [ -79.404156735390572, 43.733390730514841 ], [ -79.401313157767746, 43.734058967738953 ], [ -79.401215412735411, 43.730450242264823 ], [ -79.406839430840293, 43.728977273895097 ], [ -79.4075245234269, 43.730283375477299 ], [ -79.406775019242545, 43.731573298657459 ], [ -79.404156735390572, 43.733390730514841 ] ] ] } },
{ "type": "Feature", "properties": { "vor_id": 1431, "theft_count": 24, "bike_trips": 0.0, "theft_per_1000_trips": "<NA>" }, "geometry": { "type": "Polygon", "coordinates": [ [ [ -79.480580318508572, 43.678889346698526 ], [ -79.485400168995596, 43.678807780154777 ], [ -79.492100984631804, 43.687509585072078 ], [ -79.490894864296351, 43.690562695653433 ], [ -79.484868057874081, 43.692177818026174 ], [ -79.478746159919723, 43.684297311282407 ], [ -79.479752849160775, 43.679558330138043 ], [ -79.480580318508572, 43.678889346698526 ] ] ] } },
{ "type": "Feature", "properties": { "vor_id": 1432, "theft_count": 22, "bike_trips": 0.0, "theft_per_1000_trips": "<NA>" }, "geometry": { "type": "Polygon", "coordinates": [ [ [ -79.440694079201634, 43.656295397282101 ], [ -79.441760567911601, 43.656160053628412 ], [ -79.442656573009089, 43.660570134055938 ], [ -79.441446044183593, 43.660756150879983 ], [ -79.440392580571043, 43.66066380011155 ], [ -79.439423021182421, 43.660383203145095 ], [ -79.440694079201634, 43.656295397282101 ] ] ] } },
{ "type": "Feature", "properties": { "vor_id": 1433, "theft_count": 7, "bike_trips": 0.0, "theft_per_1000_trips": "<NA>" }, "geometry": { "type": "Polygon", "coordinates": [ [ [ -79.449415405379597, 43.658291033278623 ], [ -79.452364438484324, 43.657081343424629 ], [ -79.452389653801305, 43.65722805203098 ], [ -79.451517571683453, 43.659775253196329 ], [ -79.448968003992576, 43.660790789146084 ], [ -79.44878099460945, 43.659156454972255 ], [ -79.449415405379597, 43.658291033278623 ] ] ] } },
{ "type": "Feature", "properties": { "vor_id": 1434, "theft_count": 15, "bike_trips": 0.0, "theft_per_1000_trips": "<NA>" }, "geometry": { "type": "Polygon", "coordinates": [ [ [ -79.422000192652646, 43.644708540677989 ], [ -79.421590067207092, 43.642642710822827 ], [ -79.422426150169059, 43.642330205251731 ], [ -79.422789404250352, 43.642403254808983 ], [ -79.423172411851255, 43.644253678460551 ], [ -79.422000192652646, 43.644708540677989 ] ] ] } },
{ "type": "Feature", "properties": { "vor_id": 1435, "theft_count": 0, "bike_trips": 0.0, "theft_per_1000_trips": "<NA>" }, "geometry": { "type": "Polygon", "coordinates": [ [ [ -79.352060687934014, 43.663422100601522 ], [ -79.350987739454482, 43.663873784117222 ], [ -79.350904426109153, 43.663799896895881 ], [ -79.350663418197172, 43.662761241233568 ], [ -79.352060687934014, 43.663422100601522 ] ] ] } },
{ "type": "Feature", "properties": { "vor_id": 1436, "theft_count": 6, "bike_trips": 0.0, "theft_per_1000_trips": "<NA>" }, "geometry": { "type": "Polygon", "coordinates": [ [ [ -79.425116427625781, 43.683032394288027 ], [ -79.427436981087183, 43.680489159095785 ], [ -79.428456946339097, 43.680437133210958 ], [ -79.428780944555754, 43.682061868346658 ], [ -79.426619403065402, 43.684650163107115 ], [ -79.425946815114912, 43.684340020199912 ], [ -79.425116427625781, 43.683032394288027 ] ] ] } },
{ "type": "Feature", "properties": { "vor_id": 1437, "theft_count": 4, "bike_trips": 0.0, "theft_per_1000_trips": "<NA>" }, "geometry": { "type": "Polygon", "coordinates": [ [ [ -79.355034282557924, 43.687498306913845 ], [ -79.354799565594405, 43.684999498411287 ], [ -79.362366699668243, 43.687765181098058 ], [ -79.355034282557924, 43.687498306913845 ] ] ] } },
{ "type": "Feature", "properties": { "vor_id": 1438, "theft_count": 20, "bike_trips": 0.0, "theft_per_1000_trips": "<NA>" }, "geometry": { "type": "Polygon", "coordinates": [ [ [ -79.416369931173804, 43.754677344066749 ], [ -79.419086097362921, 43.763650808769832 ], [ -79.418068820103286, 43.763555145441316 ], [ -79.41536559026504, 43.763114379634573 ], [ -79.413271253177072, 43.762321058903517 ], [ -79.412197201021726, 43.761609023540494 ], [ -79.411676315197809, 43.760906712269396 ], [ -79.411152540374033, 43.758372296119639 ], [ -79.416369931173804, 43.754677344066749 ] ] ] } },
{ "type": "Feature", "properties": { "vor_id": 1439, "theft_count": 13, "bike_trips": 0.0, "theft_per_1000_trips": "<NA>" }, "geometry": { "type": "Polygon", "coordinates": [ [ [ -79.372479081802453, 43.695602694382657 ], [ -79.37377848587407, 43.699880885767385 ], [ -79.368718685314278, 43.700148568142943 ], [ -79.366496838580048, 43.697926577196476 ], [ -79.372479081802453, 43.695602694382657 ] ] ] } },
{ "type": "Feature", "properties": { "vor_id": 1440, "theft_count": 17, "bike_trips": 0.0, "theft_per_1000_trips": "<NA>" }, "geometry": { "type": "Polygon", "coordinates": [ [ [ -79.415105045251863, 43.659720914830523 ], [ -79.415562370928328, 43.66193484020355 ], [ -79.413095281493014, 43.660583034778966 ], [ -79.414040403078886, 43.659337975707793 ], [ -79.415105045251863, 43.659720914830523 ] ] ] } },
{ "type": "Feature", "properties": { "vor_id": 1441, "theft_count": 8, "bike_trips": 0.0, "theft_per_1000_trips": "<NA>" }, "geometry": { "type": "Polygon", "coordinates": [ [ [ -79.497524235174879, 43.643696381392147 ], [ -79.494380980205321, 43.641259481924415 ], [ -79.494088493968817, 43.63419874858311 ], [ -79.499301119689662, 43.631030954274898 ], [ -79.500323031348913, 43.631788855615234 ], [ -79.504531706158573, 43.634311438217509 ], [ -79.506610343543514, 43.635294560482436 ], [ -79.497524235174879, 43.643696381392147 ] ] ] } },
{ "type": "Feature", "properties": { "vor_id": 1442, "theft_count": 38, "bike_trips": 0.0, "theft_per_1000_trips": "<NA>" }, "geometry": { "type": "Polygon", "coordinates": [ [ [ -79.312869013527319, 43.668494857906126 ], [ -79.312145048630654, 43.665239473613894 ], [ -79.316171593976307, 43.659086848226195 ], [ -79.317477820475986, 43.666308101882798 ], [ -79.315214705116034, 43.669147827362629 ], [ -79.312922010431762, 43.668551647503392 ], [ -79.312869013527319, 43.668494857906126 ] ] ] } },
{ "type": "Feature", "properties": { "vor_id": 1443, "theft_count": 30, "bike_trips": 0.0, "theft_per_1000_trips": "<NA>" }, "geometry": { "type": "Polygon", "coordinates": [ [ [ -79.41989340950137, 43.649889049821624 ], [ -79.415786986485614, 43.651499764030078 ], [ -79.41465562261449, 43.650712925199855 ], [ -79.414399851627721, 43.64944820238572 ], [ -79.417939064568273, 43.648047270998696 ], [ -79.419876853043675, 43.649750870734913 ], [ -79.41989340950137, 43.649889049821624 ] ] ] } },
{ "type": "Feature", "properties": { "vor_id": 1444, "theft_count": 43, "bike_trips": 0.0, "theft_per_1000_trips": "<NA>" }, "geometry": { "type": "Polygon", "coordinates": [ [ [ -79.433045408467919, 43.713907061143026 ], [ -79.434357274072227, 43.714951183698162 ], [ -79.435641798469504, 43.716372963869311 ], [ -79.436532711172021, 43.717793811506482 ], [ -79.436636697633205, 43.718037860962276 ], [ -79.436919324789187, 43.725083222163512 ], [ -79.429688396276546, 43.72082461630557 ], [ -79.428357598104583, 43.713530081258 ], [ -79.428512640906561, 43.713273253762047 ], [ -79.432455704494231, 43.713503069828647 ], [ -79.433045408467919, 43.713907061143026 ] ] ] } },
{ "type": "Feature", "properties": { "vor_id": 1445, "theft_count": 15, "bike_trips": 0.0, "theft_per_1000_trips": "<NA>" }, "geometry": { "type": "Polygon", "coordinates": [ [ [ -79.508438187671018, 43.66634157325506 ], [ -79.509797368833688, 43.670456796170242 ], [ -79.498859079474613, 43.659737895627394 ], [ -79.503086441571469, 43.656804155568629 ], [ -79.508438187671018, 43.66634157325506 ] ] ] } },
{ "type": "Feature", "properties": { "vor_id": 1446, "theft_count": 10, "bike_trips": 0.0, "theft_per_1000_trips": "<NA>" }, "geometry": { "type": "Polygon", "coordinates": [ [ [ -79.469389699829648, 43.6608170288333 ], [ -79.467499832221606, 43.660826069979748 ], [ -79.467150557241567, 43.659366304499706 ], [ -79.468177775337679, 43.657759130121768 ], [ -79.469841594919245, 43.657049281158571 ], [ -79.470266605275242, 43.659589208036031 ], [ -79.469389699829648, 43.6608170288333 ] ] ] } },
{ "type": "Feature", "properties": { "vor_id": 1447, "theft_count": 8, "bike_trips": 0.0, "theft_per_1000_trips": "<NA>" }, "geometry": { "type": "Polygon", "coordinates": [ [ [ -79.425206744191186, 43.670303140039898 ], [ -79.427348033805103, 43.669447857902014 ], [ -79.428013449174543, 43.670536455836761 ], [ -79.427077865901467, 43.671558572251207 ], [ -79.42507542126765, 43.671466580374712 ], [ -79.425206744191186, 43.670303140039898 ] ] ] } },
{ "type": "Feature", "properties": { "vor_id": 1448, "theft_count": 11, "bike_trips": 0.0, "theft_per_1000_trips": "<NA>" }, "geometry": { "type": "Polygon", "coordinates": [ [ [ -79.328004579487342, 43.678396357474902 ], [ -79.326821574126214, 43.679744966255164 ], [ -79.325467575381325, 43.680310622457 ], [ -79.324702034510523, 43.676726867416839 ], [ -79.326514125509789, 43.676033915624807 ], [ -79.327837349842497, 43.678040501584029 ], [ -79.328004579487342, 43.678396357474902 ] ] ] } },
{ "type": "Feature", "properties": { "vor_id": 1449, "theft_count": 15, "bike_trips": 0.0, "theft_per_1000_trips": "<NA>" }, "geometry": { "type": "Polygon", "coordinates": [ [ [ -79.399363131353155, 43.653221230830816 ], [ -79.400224014640202, 43.652450671483969 ], [ -79.401248231130864, 43.654136676312277 ], [ -79.399699110626699, 43.654732194888425 ], [ -79.399640446700005, 43.654619664820601 ], [ -79.399363131353155, 43.653221230830816 ] ] ] } },
{ "type": "Feature", "properties": { "vor_id": 1450, "theft_count": 23, "bike_trips": 0.0, "theft_per_1000_trips": "<NA>" }, "geometry": { "type": "Polygon", "coordinates": [ [ [ -79.39137901566221, 43.706311321578035 ], [ -79.390211034826748, 43.708619133828137 ], [ -79.389413281394525, 43.708924575697338 ], [ -79.386499788335399, 43.708604381185737 ], [ -79.384908118197998, 43.706804702990965 ], [ -79.38576061084423, 43.704146732725405 ], [ -79.390935012608992, 43.704138659745084 ], [ -79.39137901566221, 43.706311321578035 ] ] ] } },
{ "type": "Feature", "properties": { "vor_id": 1451, "theft_count": 9, "bike_trips": 0.0, "theft_per_1000_trips": "<NA>" }, "geometry": { "type": "Polygon", "coordinates": [ [ [ -79.475409845752466, 43.649186330396425 ], [ -79.476459283515098, 43.649854743660057 ], [ -79.477552630652838, 43.654399740175293 ], [ -79.476547579770269, 43.6540093550379 ], [ -79.475409845752466, 43.649186330396425 ] ] ] } },
{ "type": "Feature", "properties": { "vor_id": 1452, "theft_count": 12, "bike_trips": 0.0, "theft_per_1000_trips": "<NA>" }, "geometry": { "type": "Polygon", "coordinates": [ [ [ -79.422930882032261, 43.685557380634719 ], [ -79.422560510154099, 43.683704098829033 ], [ -79.423850945968624, 43.682037444235988 ], [ -79.425116427625781, 43.683032394288027 ], [ -79.425946815114912, 43.684340020199912 ], [ -79.422930882032261, 43.685557380634719 ] ] ] } },
{ "type": "Feature", "properties": { "vor_id": 1453, "theft_count": 32, "bike_trips": 0.0, "theft_per_1000_trips": "<NA>" }, "geometry": { "type": "Polygon", "coordinates": [ [ [ -79.399045437096945, 43.67454686755363 ], [ -79.401515991154099, 43.674913861684871 ], [ -79.402483484344373, 43.676546423012255 ], [ -79.401228513466322, 43.679057433038615 ], [ -79.398350814789836, 43.678085405965057 ], [ -79.398269108571668, 43.677923818978179 ], [ -79.399045437096945, 43.67454686755363 ] ] ] } },
{ "type": "Feature", "properties": { "vor_id": 1454, "theft_count": 17, "bike_trips": 0.0, "theft_per_1000_trips": "<NA>" }, "geometry": { "type": "Polygon", "coordinates": [ [ [ -79.344890264422503, 43.667272026081406 ], [ -79.344017457683165, 43.666368453302141 ], [ -79.344077906936832, 43.666048460662417 ], [ -79.345919514319476, 43.663674911784284 ], [ -79.346028883504488, 43.663714268634862 ], [ -79.34825935279558, 43.664887920798641 ], [ -79.347971053799355, 43.66716370704939 ], [ -79.346720138811392, 43.667633854410319 ], [ -79.344890264422503, 43.667272026081406 ] ] ] } },
{ "type": "Feature", "properties": { "vor_id": 1455, "theft_count": 8, "bike_trips": 0.0, "theft_per_1000_trips": "<NA>" }, "geometry": { "type": "Polygon", "coordinates": [ [ [ -79.345717874197717, 43.672111378672788 ], [ -79.345458394878577, 43.670631840377901 ], [ -79.347231451153178, 43.669944332776851 ], [ -79.348740044033036, 43.670762503917125 ], [ -79.345717874197717, 43.672111378672788 ] ] ] } },
{ "type": "Feature", "properties": { "vor_id": 1456, "theft_count": 7, "bike_trips": 0.0, "theft_per_1000_trips": "<NA>" }, "geometry": { "type": "Polygon", "coordinates": [ [ [ -79.427360110758215, 43.646375732596745 ], [ -79.429657236569398, 43.647666592363535 ], [ -79.428762285895615, 43.64920738329203 ], [ -79.426527478013455, 43.647839789219802 ], [ -79.427360110758215, 43.646375732596745 ] ] ] } },
{ "type": "Feature", "properties": { "vor_id": 1457, "theft_count": 17, "bike_trips": 0.0, "theft_per_1000_trips": "<NA>" }, "geometry": { "type": "Polygon", "coordinates": [ [ [ -79.321706506583851, 43.742376335820445 ], [ -79.309764454489184, 43.76116819738089 ], [ -79.303015150766228, 43.759600647603222 ], [ -79.302656923723447, 43.758881134708972 ], [ -79.304537840848923, 43.750526638407131 ], [ -79.321299299996113, 43.742128896420581 ], [ -79.321706506583851, 43.742376335820445 ] ] ] } },
{ "type": "Feature", "properties": { "vor_id": 1458, "theft_count": 16, "bike_trips": 0.0, "theft_per_1000_trips": "<NA>" }, "geometry": { "type": "Polygon", "coordinates": [ [ [ -79.332096923556776, 43.784966513995577 ], [ -79.33144056163907, 43.784996460498739 ], [ -79.326729091580418, 43.785211421253145 ], [ -79.325918280242561, 43.781380481381987 ], [ -79.324703104336365, 43.775638990591148 ], [ -79.327741121911842, 43.76910320643514 ], [ -79.333636660553225, 43.77075469520824 ], [ -79.332096923556776, 43.784966513995577 ] ] ] } },
{ "type": "Feature", "properties": { "vor_id": 1459, "theft_count": 9, "bike_trips": 0.0, "theft_per_1000_trips": "<NA>" }, "geometry": { "type": "Polygon", "coordinates": [ [ [ -79.207933246809446, 43.753806481654607 ], [ -79.208938256409368, 43.76734236530055 ], [ -79.203296858096365, 43.769735649981598 ], [ -79.201864274407626, 43.759082251184822 ], [ -79.206462229228691, 43.754010167836206 ], [ -79.207933246809446, 43.753806481654607 ] ] ] } },
{ "type": "Feature", "properties": { "vor_id": 1460, "theft_count": 0, "bike_trips": 0.0, "theft_per_1000_trips": "<NA>" }, "geometry": { "type": "Polygon", "coordinates": [ [ [ -79.569220020038529, 43.626884495034261 ], [ -79.569637499999985, 43.6269768 ], [ -79.5699714, 43.6269825 ], [ -79.570225799999989, 43.6269565 ], [ -79.57050169999998, 43.6268715 ], [ -79.571338299999979, 43.626614 ], [ -79.5723777, 43.626202 ], [ -79.572819732507369, 43.626110993307314 ], [ -79.571619545208179, 43.62719877966822 ], [ -79.569735172278257, 43.628596325881084 ], [ -79.569220020038529, 43.626884495034261 ] ] ] } },
{ "type": "Feature", "properties": { "vor_id": 1461, "theft_count": 24, "bike_trips": 0.0, "theft_per_1000_trips": "<NA>" }, "geometry": { "type": "Polygon", "coordinates": [ [ [ -79.330601098447545, 43.679593836744424 ], [ -79.330959700126854, 43.681233287162897 ], [ -79.33069813290129, 43.682138110751914 ], [ -79.328249806912254, 43.683136040136127 ], [ -79.327803107572862, 43.682894955369996 ], [ -79.329791408705319, 43.679558663897247 ], [ -79.330601098447545, 43.679593836744424 ] ] ] } },
{ "type": "Feature", "properties": { "vor_id": 1462, "theft_count": 3, "bike_trips": 0.0, "theft_per_1000_trips": "<NA>" }, "geometry": { "type": "Polygon", "coordinates": [ [ [ -79.532379395660854, 43.755187415415364 ], [ -79.53916222360975, 43.771802804013866 ], [ -79.5377861, 43.7720886 ], [ -79.5356508, 43.772513 ], [ -79.5348127, 43.7726923 ], [ -79.5342638, 43.7728097 ], [ -79.5333191, 43.7729968 ], [ -79.529783167028427, 43.773729591497847 ], [ -79.528894224786484, 43.770180735137274 ], [ -79.527241184625439, 43.765560797381738 ], [ -79.525143271217317, 43.761125132158703 ], [ -79.522702167369516, 43.757052396438326 ], [ -79.532235734354288, 43.754990711083813 ], [ -79.532379395660854, 43.755187415415364 ] ] ] } },
{ "type": "Feature", "properties": { "vor_id": 1463, "theft_count": 8, "bike_trips": 0.0, "theft_per_1000_trips": "<NA>" }, "geometry": { "type": "Polygon", "coordinates": [ [ [ -79.514741115732875, 43.697048549650887 ], [ -79.513946731975651, 43.695154666058144 ], [ -79.51375954520671, 43.691145034828565 ], [ -79.520921684801266, 43.687368054273499 ], [ -79.524295535022318, 43.688811471655072 ], [ -79.527277337640072, 43.694295130405756 ], [ -79.520982343917822, 43.697467477416517 ], [ -79.517720889710574, 43.69846658095166 ], [ -79.514741115732875, 43.697048549650887 ] ] ] } },
{ "type": "Feature", "properties": { "vor_id": 1464, "theft_count": 3, "bike_trips": 0.0, "theft_per_1000_trips": "<NA>" }, "geometry": { "type": "Polygon", "coordinates": [ [ [ -79.427348033805103, 43.669447857902014 ], [ -79.427370901494257, 43.669069562644296 ], [ -79.429434572826779, 43.668200770377602 ], [ -79.43004580174518, 43.668792349536034 ], [ -79.428978150861411, 43.67076549711787 ], [ -79.428013449174543, 43.670536455836761 ], [ -79.427348033805103, 43.669447857902014 ] ] ] } },
{ "type": "Feature", "properties": { "vor_id": 1465, "theft_count": 41, "bike_trips": 0.0, "theft_per_1000_trips": "<NA>" }, "geometry": { "type": "Polygon", "coordinates": [ [ [ -79.509332246389008, 43.653423676029369 ], [ -79.50904457111794, 43.64445665203764 ], [ -79.51321802448625, 43.640338898651443 ], [ -79.517518825050601, 43.64492155498862 ], [ -79.515467303976337, 43.654520153257103 ], [ -79.509332246389008, 43.653423676029369 ] ] ] } },
{ "type": "Feature", "properties": { "vor_id": 1466, "theft_count": 12, "bike_trips": 0.0, "theft_per_1000_trips": "<NA>" }, "geometry": { "type": "Polygon", "coordinates": [ [ [ -79.437329348334927, 43.663108123956029 ], [ -79.437210376360554, 43.662515049977067 ], [ -79.438374997672796, 43.660727624477254 ], [ -79.439423021182421, 43.660383203145095 ], [ -79.440392580571043, 43.66066380011155 ], [ -79.441280637899851, 43.665140082676771 ], [ -79.440621217135771, 43.66604792681634 ], [ -79.439403517250312, 43.665731786162276 ], [ -79.437329348334927, 43.663108123956029 ] ] ] } },
{ "type": "Feature", "properties": { "vor_id": 1467, "theft_count": 21, "bike_trips": 0.0, "theft_per_1000_trips": "<NA>" }, "geometry": { "type": "Polygon", "coordinates": [ [ [ -79.294353782933342, 43.675463187210688 ], [ -79.291646323429887, 43.662368741449335 ], [ -79.293431618748357, 43.661369174304355 ], [ -79.294736435458645, 43.663800444821035 ], [ -79.297041651693547, 43.674695680750972 ], [ -79.296193612808196, 43.675086943188532 ], [ -79.29513843377795, 43.675328543839974 ], [ -79.294353782933342, 43.675463187210688 ] ] ] } },
{ "type": "Feature", "properties": { "vor_id": 1468, "theft_count": 0, "bike_trips": 0.0, "theft_per_1000_trips": "<NA>" }, "geometry": { "type": "Polygon", "coordinates": [ [ [ -79.360722466826473, 43.66671103852314 ], [ -79.359603330971396, 43.668543620625549 ], [ -79.358746863197169, 43.669031547589967 ], [ -79.35759550399392, 43.668231471538483 ], [ -79.358832610369475, 43.666167853597429 ], [ -79.359483014137254, 43.66640057178671 ], [ -79.360722466826473, 43.66671103852314 ] ] ] } },
{ "type": "Feature", "properties": { "vor_id": 1469, "theft_count": 6, "bike_trips": 0.0, "theft_per_1000_trips": "<NA>" }, "geometry": { "type": "Polygon", "coordinates": [ [ [ -79.398462260552904, 43.685104691526277 ], [ -79.396780732051354, 43.684962979824064 ], [ -79.39656375559511, 43.684418556314512 ], [ -79.403293434211392, 43.681621265197478 ], [ -79.403962739921226, 43.682064562728392 ], [ -79.403412809039636, 43.683062688482408 ], [ -79.398462260552904, 43.685104691526277 ] ] ] } },
{ "type": "Feature", "properties": { "vor_id": 1470, "theft_count": 18, "bike_trips": 0.0, "theft_per_1000_trips": "<NA>" }, "geometry": { "type": "Polygon", "coordinates": [ [ [ -79.410363588372817, 43.673044266612173 ], [ -79.411243149507641, 43.676829356445396 ], [ -79.409341407524948, 43.676086624656072 ], [ -79.408293074546819, 43.672931101452839 ], [ -79.410363588372817, 43.673044266612173 ] ] ] } },
{ "type": "Feature", "properties": { "vor_id": 1471, "theft_count": 21, "bike_trips": 0.0, "theft_per_1000_trips": "<NA>" }, "geometry": { "type": "Polygon", "coordinates": [ [ [ -79.296951827928311, 43.693513120323026 ], [ -79.296129824433436, 43.693260773975965 ], [ -79.295236479722632, 43.689185052639885 ], [ -79.295916377858333, 43.688582976836059 ], [ -79.299121242236751, 43.691040827583677 ], [ -79.296951827928311, 43.693513120323026 ] ] ] } },
{ "type": "Feature", "properties": { "vor_id": 1472, "theft_count": 23, "bike_trips": 0.0, "theft_per_1000_trips": "<NA>" }, "geometry": { "type": "Polygon", "coordinates": [ [ [ -79.401602585419951, 43.647204818468133 ], [ -79.400933085469774, 43.647472083917251 ], [ -79.400227102261894, 43.647072786816722 ], [ -79.400156263790464, 43.646742613825232 ], [ -79.400257747851995, 43.64659626161577 ], [ -79.402026134680455, 43.645859028533486 ], [ -79.402299062967373, 43.646113537456593 ], [ -79.402318830543678, 43.646216571620201 ], [ -79.401602585419951, 43.647204818468133 ] ] ] } },
{ "type": "Feature", "properties": { "vor_id": 1473, "theft_count": 1, "bike_trips": 0.0, "theft_per_1000_trips": "<NA>" }, "geometry": { "type": "Polygon", "coordinates": [ [ [ -79.271820743102083, 43.783325855279124 ], [ -79.274338643792689, 43.782475433303865 ], [ -79.274964864057935, 43.782662349469881 ], [ -79.273732394349011, 43.783401063384858 ], [ -79.269791241791822, 43.786324021331858 ], [ -79.266155566940668, 43.789619204940657 ], [ -79.266054869816671, 43.789730307096036 ], [ -79.266223605103278, 43.78923585916781 ], [ -79.271820743102083, 43.783325855279124 ] ] ] } },
{ "type": "Feature", "properties": { "vor_id": 1474, "theft_count": 63, "bike_trips": 0.0, "theft_per_1000_trips": "<NA>" }, "geometry": { "type": "Polygon", "coordinates": [ [ [ -79.39323291803548, 43.710129005342004 ], [ -79.394543994048163, 43.709623974415848 ], [ -79.396245761809567, 43.710003071750158 ], [ -79.396655086558425, 43.71061646327783 ], [ -79.397098340440579, 43.71282748182378 ], [ -79.395527432969075, 43.718641358994425 ], [ -79.39216980439619, 43.7185340831142 ], [ -79.393042045102305, 43.710784834527423 ], [ -79.39323291803548, 43.710129005342004 ] ] ] } },
{ "type": "Feature", "properties": { "vor_id": 1475, "theft_count": 16, "bike_trips": 0.0, "theft_per_1000_trips": "<NA>" }, "geometry": { "type": "Polygon", "coordinates": [ [ [ -79.532264737470925, 43.640010850370757 ], [ -79.533239278244139, 43.643901435223839 ], [ -79.531346582978017, 43.642181755451993 ], [ -79.530817730487612, 43.640846543687275 ], [ -79.530972136349092, 43.640074351791881 ], [ -79.532264737470925, 43.640010850370757 ] ] ] } },
{ "type": "Feature", "properties": { "vor_id": 1476, "theft_count": 14, "bike_trips": 0.0, "theft_per_1000_trips": "<NA>" }, "geometry": { "type": "Polygon", "coordinates": [ [ [ -79.482394522528281, 43.654472359394674 ], [ -79.482244308880368, 43.657836555198074 ], [ -79.478985643516381, 43.661790765474848 ], [ -79.478397074858478, 43.661898426826255 ], [ -79.477513800053487, 43.661284142478074 ], [ -79.477227880402353, 43.660582200521986 ], [ -79.47864611258565, 43.655171968559848 ], [ -79.478692923596341, 43.655080048365647 ], [ -79.481576555145168, 43.65407889637342 ], [ -79.482394522528281, 43.654472359394674 ] ] ] } },
{ "type": "Feature", "properties": { "vor_id": 1477, "theft_count": 8, "bike_trips": 0.0, "theft_per_1000_trips": "<NA>" }, "geometry": { "type": "Polygon", "coordinates": [ [ [ -79.364040749004573, 43.69057694073242 ], [ -79.37069193584712, 43.690067933968706 ], [ -79.372072229781494, 43.692220641150286 ], [ -79.372479081802453, 43.695602694382657 ], [ -79.366496838580048, 43.697926577196476 ], [ -79.362028940203643, 43.694473709320967 ], [ -79.364040749004573, 43.69057694073242 ] ] ] } },
{ "type": "Feature", "properties": { "vor_id": 1478, "theft_count": 3, "bike_trips": 0.0, "theft_per_1000_trips": "<NA>" }, "geometry": { "type": "Polygon", "coordinates": [ [ [ -79.531846730294646, 43.60027092970769 ], [ -79.533291287012332, 43.595010268309089 ], [ -79.536784204615003, 43.594193185928333 ], [ -79.538643762977259, 43.598724973246682 ], [ -79.531846730294646, 43.60027092970769 ] ] ] } },
{ "type": "Feature", "properties": { "vor_id": 1479, "theft_count": 24, "bike_trips": 0.0, "theft_per_1000_trips": "<NA>" }, "geometry": { "type": "Polygon", "coordinates": [ [ [ -79.319113384972496, 43.667560022851319 ], [ -79.319806203996947, 43.670334032815553 ], [ -79.319739354615365, 43.670402590106036 ], [ -79.316580989461514, 43.671707976067175 ], [ -79.315214705116034, 43.669147827362629 ], [ -79.317477820475986, 43.666308101882798 ], [ -79.319113384972496, 43.667560022851319 ] ] ] } },
{ "type": "Feature", "properties": { "vor_id": 1480, "theft_count": 15, "bike_trips": 0.0, "theft_per_1000_trips": "<NA>" }, "geometry": { "type": "Polygon", "coordinates": [ [ [ -79.434842157065233, 43.700074013150932 ], [ -79.434049743066211, 43.698610285817217 ], [ -79.437571843346333, 43.69719209700655 ], [ -79.438234805092335, 43.698104743436318 ], [ -79.437601615681032, 43.698893925416087 ], [ -79.435615636222181, 43.700893574891168 ], [ -79.434842157065233, 43.700074013150932 ] ] ] } },
{ "type": "Feature", "properties": { "vor_id": 1481, "theft_count": 4, "bike_trips": 0.0, "theft_per_1000_trips": "<NA>" }, "geometry": { "type": "Polygon", "coordinates": [ [ [ -79.435899580003849, 43.669515478621967 ], [ -79.434693800049601, 43.669991363989681 ], [ -79.43407359966298, 43.666876483153061 ], [ -79.434257900326628, 43.666851077394696 ], [ -79.435463827614981, 43.667428500193047 ], [ -79.435899580003849, 43.669515478621967 ] ] ] } },
{ "type": "Feature", "properties": { "vor_id": 1482, "theft_count": 14, "bike_trips": 0.0, "theft_per_1000_trips": "<NA>" }, "geometry": { "type": "Polygon", "coordinates": [ [ [ -79.415786986485614, 43.651499764030078 ], [ -79.416342853350841, 43.652540260672751 ], [ -79.416044505760965, 43.653742089460223 ], [ -79.41461376090848, 43.654325371526973 ], [ -79.412589494372696, 43.653303341519894 ], [ -79.41465562261449, 43.650712925199855 ], [ -79.415786986485614, 43.651499764030078 ] ] ] } },
{ "type": "Feature", "properties": { "vor_id": 1483, "theft_count": 4, "bike_trips": 0.0, "theft_per_1000_trips": "<NA>" }, "geometry": { "type": "Polygon", "coordinates": [ [ [ -79.279530593274288, 43.686610305480201 ], [ -79.278696935820932, 43.68116195447773 ], [ -79.279924579123573, 43.681263125462777 ], [ -79.285241190100976, 43.683328876392686 ], [ -79.285894473068836, 43.683904918986173 ], [ -79.279530593274288, 43.686610305480201 ] ] ] } },
{ "type": "Feature", "properties": { "vor_id": 1484, "theft_count": 7, "bike_trips": 0.0, "theft_per_1000_trips": "<NA>" }, "geometry": { "type": "Polygon", "coordinates": [ [ [ -79.448318761747245, 43.666734557663652 ], [ -79.449516352296641, 43.667434511666528 ], [ -79.449798073151328, 43.668704415157066 ], [ -79.448020945888885, 43.669464016602504 ], [ -79.447665787443754, 43.667451768537916 ], [ -79.448318761747245, 43.666734557663652 ] ] ] } },
{ "type": "Feature", "properties": { "vor_id": 1485, "theft_count": 9, "bike_trips": 0.0, "theft_per_1000_trips": "<NA>" }, "geometry": { "type": "Polygon", "coordinates": [ [ [ -79.430908987767864, 43.639764328169022 ], [ -79.431148279868779, 43.640934108313935 ], [ -79.429317455371518, 43.641176321769329 ], [ -79.428998568551009, 43.639526980002294 ], [ -79.429749292031573, 43.639238052718127 ], [ -79.430908987767864, 43.639764328169022 ] ] ] } },
{ "type": "Feature", "properties": { "vor_id": 1486, "theft_count": 4, "bike_trips": 0.0, "theft_per_1000_trips": "<NA>" }, "geometry": { "type": "Polygon", "coordinates": [ [ [ -79.433616415604462, 43.69557229924537 ], [ -79.433298440003057, 43.69484536361491 ], [ -79.436656175909746, 43.693495654663195 ], [ -79.437791102351397, 43.695644515422607 ], [ -79.437530613814957, 43.697019269091172 ], [ -79.433616415604462, 43.69557229924537 ] ] ] } },
{ "type": "Feature", "properties": { "vor_id": 1487, "theft_count": 37, "bike_trips": 0.0, "theft_per_1000_trips": "<NA>" }, "geometry": { "type": "Polygon", "coordinates": [ [ [ -79.239749620600733, 43.741535107839255 ], [ -79.236860118397004, 43.728258121235015 ], [ -79.237574306189316, 43.727823196075647 ], [ -79.245124111874929, 43.725362551567272 ], [ -79.25515801649469, 43.749620852962856 ], [ -79.251600532881156, 43.751171738152514 ], [ -79.241580352015461, 43.74591521099709 ], [ -79.239749620600733, 43.741535107839255 ] ] ] } },
{ "type": "Feature", "properties": { "vor_id": 1488, "theft_count": 563, "bike_trips": 0.0, "theft_per_1000_trips": "<NA>" }, "geometry": { "type": "MultiPolygon", "coordinates": [ [ [ [ -79.330580538696424, 43.657901429147415 ], [ -79.326084280986962, 43.660335497926908 ], [ -79.322303399556958, 43.658938048611944 ], [ -79.321796295759029, 43.658553913502651 ], [ -79.319977674219984, 43.656778816132395 ], [ -79.317234695811436, 43.653719751790511 ], [ -79.316069287740646, 43.648779229772281 ], [ -79.317087799999982, 43.6484391 ], [ -79.318531581186832, 43.63532954514455 ], [ -79.320174394059336, 43.636818503940773 ], [ -79.323469577668121, 43.640454178791913 ], [ -79.326392535615128, 43.644395331349124 ], [ -79.328915118217424, 43.648604006158806 ], [ -79.33101303162556, 43.653039671381848 ], [ -79.331438123179126, 43.654227722685235 ], [ -79.331570688208743, 43.654598217123237 ], [ -79.332956175149477, 43.661130700728918 ], [ -79.332483565702091, 43.66132940723179 ], [ -79.331505373823646, 43.661369520802516 ], [ -79.330809286139768, 43.66120047297693 ], [ -79.330367074953102, 43.659121938576867 ], [ -79.330580538696424, 43.657901429147415 ] ] ], [ [ [ -79.328583013782094, 43.662717520017807 ], [ -79.328636832401742, 43.662324510544074 ], [ -79.330456570581035, 43.661541961350395 ], [ -79.331221349340666, 43.665011322773076 ], [ -79.32916598082177, 43.665271482805501 ], [ -79.328583013782094, 43.662717520017807 ] ] ], [ [ [ -79.334701317766857, 43.669777246562496 ], [ -79.334730361133921, 43.66990654657225 ], [ -79.334711143302599, 43.669977249937702 ], [ -79.334556231939445, 43.670547176613617 ], [ -79.334384892281022, 43.670495977664238 ], [ -79.33177960719469, 43.671116651867045 ], [ -79.330933874058118, 43.670826856656902 ], [ -79.33140929171671, 43.668999378313679 ], [ -79.333307880160049, 43.669553871378866 ], [ -79.332613996139941, 43.666452240843057 ], [ -79.333024022127375, 43.66547652067981 ], [ -79.333381560421898, 43.665388798942836 ], [ -79.333394329231908, 43.665388085048711 ], [ -79.333800727836604, 43.66576785307749 ], [ -79.334701317766857, 43.669777246562496 ] ] ], [ [ [ -79.327988294052673, 43.666547969256861 ], [ -79.328082936608297, 43.667283301842659 ], [ -79.327359121366513, 43.66986504779463 ], [ -79.32398037843646, 43.66846813920295 ], [ -79.325308183654997, 43.666335922379304 ], [ -79.327720933172628, 43.666414727057678 ], [ -79.327988294052673, 43.666547969256861 ] ] ], [ [ [ -79.327596963616358, 43.673236641065436 ], [ -79.326514125509789, 43.676033915624807 ], [ -79.324702034510523, 43.676726867416839 ], [ -79.323520646865532, 43.676927595337887 ], [ -79.32343203976265, 43.676918081395101 ], [ -79.322981993117068, 43.676303740232214 ], [ -79.322370788315311, 43.673632720494609 ], [ -79.320473923866047, 43.673687315828815 ], [ -79.319739354615365, 43.670402590106036 ], [ -79.319806203996947, 43.670334032815553 ], [ -79.321605015045535, 43.670269628959772 ], [ -79.322132740019143, 43.670024304942196 ], [ -79.322319570714939, 43.669998844622974 ], [ -79.323149229098433, 43.670667806608506 ], [ -79.323684558334449, 43.673046137940645 ], [ -79.327582350459124, 43.673186773901023 ], [ -79.327596963616358, 43.673236641065436 ] ] ], [ [ [ -79.334016369807586, 43.681248327403232 ], [ -79.333955358987751, 43.681274168777882 ], [ -79.333858319020152, 43.681928359100908 ], [ -79.332893570562604, 43.685779850838472 ], [ -79.332930554040573, 43.685940029171164 ], [ -79.332919567974443, 43.685970907341733 ], [ -79.332845241183918, 43.68597279253347 ], [ -79.332666071786591, 43.686688076862836 ], [ -79.33101303162556, 43.69130801461835 ], [ -79.330529174856011, 43.692331043804082 ], [ -79.328915118217424, 43.695743679841399 ], [ -79.326392535615128, 43.699952354651082 ], [ -79.323704126765293, 43.703577254360724 ], [ -79.323469577668121, 43.703893507208278 ], [ -79.322824195215176, 43.704605577014455 ], [ -79.323060234935383, 43.703701775128799 ], [ -79.319554179303069, 43.699060031400236 ], [ -79.319323265445689, 43.697152538013384 ], [ -79.322410952412937, 43.691025036670055 ], [ -79.323751858377634, 43.690055309352822 ], [ -79.322547039970189, 43.684272428278355 ], [ -79.325731264975587, 43.682973331588123 ], [ -79.326300528267282, 43.68343158186385 ], [ -79.32557410614271, 43.68701982546785 ], [ -79.324151122070006, 43.689893047059961 ], [ -79.327965050077268, 43.690305755059804 ], [ -79.332305830659735, 43.68598647390268 ], [ -79.33138707604526, 43.685371274815367 ], [ -79.33069813290129, 43.682138110751914 ], [ -79.330959700126854, 43.681233287162897 ], [ -79.330601098447545, 43.679593836744424 ], [ -79.332393854647137, 43.678625809748205 ], [ -79.332790432927851, 43.677921270905529 ], [ -79.333489293456196, 43.675631376740348 ], [ -79.334675825013761, 43.675089356347641 ], [ -79.3345782913336, 43.677074700016583 ], [ -79.334323242561993, 43.678794099171554 ], [ -79.333970249890925, 43.681173782462984 ], [ -79.334016369807586, 43.681248327403232 ] ] ], [ [ [ -79.307191359661942, 43.666045989132712 ], [ -79.307020215172429, 43.666325182213043 ], [ -79.307901740637263, 43.670288163510698 ], [ -79.305558407000774, 43.6704849122805 ], [ -79.304154013686983, 43.669861421159162 ], [ -79.30465175018341, 43.668538212684496 ], [ -79.303849009763397, 43.666509433171484 ], [ -79.306626425411977, 43.664697404379474 ], [ -79.305931886703178, 43.661953552844807 ], [ -79.311678295487809, 43.665307561911568 ], [ -79.308846962590607, 43.666478386635937 ], [ -79.307191359661942, 43.666045989132712 ] ] ], [ [ [ -79.308686116286594, 43.670451082671107 ], [ -79.309490325076922, 43.669322779816376 ], [ -79.312869013527319, 43.668494857906126 ], [ -79.312922010431762, 43.668551647503392 ], [ -79.311759703830234, 43.672880977362453 ], [ -79.308820059348221, 43.670719697020424 ], [ -79.308686116286594, 43.670451082671107 ] ] ], [ [ [ -79.308043134740259, 43.67287832382555 ], [ -79.310303417783203, 43.67543725588051 ], [ -79.309110801703085, 43.675924037370002 ], [ -79.306854705406963, 43.673363842079993 ], [ -79.308043134740259, 43.67287832382555 ] ] ], [ [ [ -79.308669473029738, 43.682937509778426 ], [ -79.306944107961485, 43.684556479558118 ], [ -79.309369761846327, 43.690828425594908 ], [ -79.308652110060947, 43.691250593964924 ], [ -79.303741459416926, 43.689426380670128 ], [ -79.303116323357983, 43.686455104465516 ], [ -79.304209584300636, 43.68397977913444 ], [ -79.303201439974373, 43.682853632368911 ], [ -79.304473770547389, 43.679715668174062 ], [ -79.305540394993145, 43.679255334199972 ], [ -79.308510361599929, 43.680626393268639 ], [ -79.308669473029738, 43.682937509778426 ] ] ], [ [ [ -79.301602824096733, 43.692127965695938 ], [ -79.29913959946542, 43.691031105991257 ], [ -79.299121242236751, 43.691040827583677 ], [ -79.295916377858333, 43.688582976836059 ], [ -79.296902879061122, 43.686407983487292 ], [ -79.296229338313154, 43.68543812092539 ], [ -79.291879499849998, 43.687230011214716 ], [ -79.291383292986211, 43.689160616259549 ], [ -79.291209336716747, 43.689327476132483 ], [ -79.286406377007822, 43.688012712593363 ], [ -79.286608534691297, 43.684266831594051 ], [ -79.287390260917519, 43.683743376581099 ], [ -79.290930210559935, 43.682832281475953 ], [ -79.292250064065541, 43.681450600593514 ], [ -79.29566347979943, 43.682828812786433 ], [ -79.296179928659868, 43.682522076708509 ], [ -79.297038368615432, 43.682520929421308 ], [ -79.300707790953254, 43.680691279088457 ], [ -79.302884792613227, 43.68279987401371 ], [ -79.300710853334337, 43.683795504841783 ], [ -79.29883360009525, 43.686757832841458 ], [ -79.299605489737772, 43.687511445809818 ], [ -79.299638043620206, 43.687651100542688 ], [ -79.302316329011148, 43.689374316606063 ], [ -79.303353180518897, 43.689598447238922 ], [ -79.301602824096733, 43.692127965695938 ] ] ], [ [ [ -79.316367107337911, 43.710951641705556 ], [ -79.312597566650979, 43.71374732361523 ], [ -79.30838889184129, 43.716269906217519 ], [ -79.306501882306321, 43.717162395259329 ], [ -79.303953226618248, 43.718367819625669 ], [ -79.301099850355826, 43.719388773977421 ], [ -79.299333288862741, 43.720020859786707 ], [ -79.294573571100813, 43.721213107020247 ], [ -79.294522412020882, 43.721220695752898 ], [ -79.28971991201648, 43.721933079333702 ], [ -79.289551554930824, 43.72194135018696 ], [ -79.284819055, 43.722173843000093 ], [ -79.283767715583053, 43.722122194006502 ], [ -79.289455692509605, 43.719102181538481 ], [ -79.289620807678602, 43.71921127792784 ], [ -79.294410826798369, 43.720764025509887 ], [ -79.300716012847232, 43.718465016085133 ], [ -79.302167650710331, 43.716712026255315 ], [ -79.305146511091962, 43.716435485166556 ], [ -79.309080265266729, 43.709884141484025 ], [ -79.304189443335389, 43.703647033462019 ], [ -79.305595600414676, 43.701288225625802 ], [ -79.311352157919202, 43.701066531964571 ], [ -79.311661333672404, 43.709850778063284 ], [ -79.316367107337911, 43.710951641705556 ] ] ], [ [ [ -79.287705576609596, 43.674619210089304 ], [ -79.284338449713218, 43.67599599215378 ], [ -79.283581630438249, 43.672252998371135 ], [ -79.280144614573089, 43.668808421296923 ], [ -79.288155859334907, 43.66432301377278 ], [ -79.28887050938981, 43.674375524421272 ], [ -79.287705576609596, 43.674619210089304 ] ] ], [ [ [ -79.267988488409486, 43.6882243771067 ], [ -79.276634062010444, 43.69036937225227 ], [ -79.280253431880581, 43.699489031031966 ], [ -79.278890874674318, 43.701775244957986 ], [ -79.272343323863339, 43.702462667033295 ], [ -79.268794531224458, 43.700831239922572 ], [ -79.267988488409486, 43.6882243771067 ] ] ], [ [ [ -79.294804751685803, 43.71078385469589 ], [ -79.289869342800287, 43.706861745764229 ], [ -79.29049330158179, 43.705988545690808 ], [ -79.299088969001062, 43.704678662994588 ], [ -79.300513001026431, 43.705517111056388 ], [ -79.299352150438239, 43.709736233879063 ], [ -79.294804751685803, 43.71078385469589 ] ] ], [ [ [ -79.27659522962486, 43.717614644323149 ], [ -79.279499816946256, 43.721871018369377 ], [ -79.275064538899201, 43.721213107020247 ], [ -79.270304821137273, 43.720020859786707 ], [ -79.267024899953583, 43.718847285221727 ], [ -79.265684883381738, 43.718367819625669 ], [ -79.261249218158696, 43.716269906217519 ], [ -79.257040543349021, 43.71374732361523 ], [ -79.254520548074794, 43.711878367743488 ], [ -79.257646445372288, 43.707646582263337 ], [ -79.266462193376029, 43.715398382951186 ], [ -79.271073159682359, 43.710025788054303 ], [ -79.277670730598558, 43.71416309214203 ], [ -79.27659522962486, 43.717614644323149 ] ] ] ] } },
{ "type": "Feature", "properties": { "vor_id": 1489, "theft_count": 15, "bike_trips": 0.0, "theft_per_1000_trips": "<NA>" }, "geometry": { "type": "Polygon", "coordinates": [ [ [ -79.347448527375661, 43.751829436671208 ], [ -79.343802773788454, 43.750641178691829 ], [ -79.344071743193965, 43.731783168841922 ], [ -79.358740515893572, 43.73937265441333 ], [ -79.347448527375661, 43.751829436671208 ] ] ] } },
{ "type": "Feature", "properties": { "vor_id": 1490, "theft_count": 9, "bike_trips": 0.0, "theft_per_1000_trips": "<NA>" }, "geometry": { "type": "Polygon", "coordinates": [ [ [ -79.358746863197169, 43.669031547589967 ], [ -79.359023753687822, 43.669784083595204 ], [ -79.355334958925781, 43.673375509764043 ], [ -79.353192333643378, 43.671830404544082 ], [ -79.354367162594087, 43.668118797104782 ], [ -79.356459131346298, 43.667732185071749 ], [ -79.35759550399392, 43.668231471538483 ], [ -79.358746863197169, 43.669031547589967 ] ] ] } },
{ "type": "Feature", "properties": { "vor_id": 1491, "theft_count": 0, "bike_trips": 0.0, "theft_per_1000_trips": "<NA>" }, "geometry": { "type": "Polygon", "coordinates": [ [ [ -79.391786257718081, 43.666601713064431 ], [ -79.391763745976576, 43.666624172350382 ], [ -79.390610369072789, 43.666343868446383 ], [ -79.390463798213787, 43.665702021826483 ], [ -79.392425333301389, 43.665000173349569 ], [ -79.391786257718081, 43.666601713064431 ] ] ] } },
{ "type": "Feature", "properties": { "vor_id": 1492, "theft_count": 14, "bike_trips": 0.0, "theft_per_1000_trips": "<NA>" }, "geometry": { "type": "Polygon", "coordinates": [ [ [ -79.411326693948709, 43.7689896537645 ], [ -79.412047807428365, 43.769939950887824 ], [ -79.412235022042054, 43.7708046754815 ], [ -79.41194356032257, 43.772302473777955 ], [ -79.407049583410796, 43.77419469515867 ], [ -79.405353577737458, 43.771549371488817 ], [ -79.411326693948709, 43.7689896537645 ] ] ] } },
{ "type": "Feature", "properties": { "vor_id": 1493, "theft_count": 27, "bike_trips": 0.0, "theft_per_1000_trips": "<NA>" }, "geometry": { "type": "Polygon", "coordinates": [ [ [ -79.398513965469405, 43.67361049767613 ], [ -79.399045437096945, 43.67454686755363 ], [ -79.398269108571668, 43.677923818978179 ], [ -79.395894830703099, 43.677031687947448 ], [ -79.395255044477949, 43.6760602795176 ], [ -79.395407784462378, 43.674877858806404 ], [ -79.398513965469405, 43.67361049767613 ] ] ] } },
{ "type": "Feature", "properties": { "vor_id": 1494, "theft_count": 24, "bike_trips": 0.0, "theft_per_1000_trips": "<NA>" }, "geometry": { "type": "Polygon", "coordinates": [ [ [ -79.395176049938229, 43.666436839231814 ], [ -79.391786257718081, 43.666601713064431 ], [ -79.392425333301389, 43.665000173349569 ], [ -79.39262464544737, 43.664928858323421 ], [ -79.394639910459944, 43.665352605997782 ], [ -79.395176049938229, 43.666436839231814 ] ] ] } },
{ "type": "Feature", "properties": { "vor_id": 1495, "theft_count": 4, "bike_trips": 0.0, "theft_per_1000_trips": "<NA>" }, "geometry": { "type": "Polygon", "coordinates": [ [ [ -79.225071206942559, 43.778125023680815 ], [ -79.234306542821471, 43.776053168245397 ], [ -79.238338913112003, 43.778928116054757 ], [ -79.240344724868194, 43.781871841183921 ], [ -79.237117606, 43.781713303000089 ], [ -79.232216748983518, 43.781954066666486 ], [ -79.2273630898992, 43.782674038979934 ], [ -79.226245011930956, 43.782954102931456 ], [ -79.224324253610504, 43.77912303111286 ], [ -79.225071206942559, 43.778125023680815 ] ] ] } },
{ "type": "Feature", "properties": { "vor_id": 1496, "theft_count": 38, "bike_trips": 0.0, "theft_per_1000_trips": "<NA>" }, "geometry": { "type": "Polygon", "coordinates": [ [ [ -79.406500112865132, 43.669235560176695 ], [ -79.405684478459449, 43.66927389266607 ], [ -79.404413036727703, 43.668539403540848 ], [ -79.404490598374579, 43.668425769038365 ], [ -79.405196374662737, 43.66772692388556 ], [ -79.406028363056436, 43.667305525999552 ], [ -79.406699376535727, 43.667267801235113 ], [ -79.407156594414872, 43.667321030394277 ], [ -79.407475546678484, 43.66891705095788 ], [ -79.406500112865132, 43.669235560176695 ] ] ] } },
{ "type": "Feature", "properties": { "vor_id": 1497, "theft_count": 21, "bike_trips": 0.0, "theft_per_1000_trips": "<NA>" }, "geometry": { "type": "Polygon", "coordinates": [ [ [ -79.352376607511047, 43.787896201321857 ], [ -79.356523681650629, 43.795596393787186 ], [ -79.345699456957064, 43.801600256054407 ], [ -79.345488354780869, 43.801717347894808 ], [ -79.340000197556705, 43.794306374877984 ], [ -79.339834019489672, 43.792893639430879 ], [ -79.339617808646508, 43.791055558584013 ], [ -79.341845322360115, 43.789977702565125 ], [ -79.347090386403863, 43.788531452031002 ], [ -79.352376607511047, 43.787896201321857 ] ] ] } },
{ "type": "Feature", "properties": { "vor_id": 1498, "theft_count": 7, "bike_trips": 0.0, "theft_per_1000_trips": "<NA>" }, "geometry": { "type": "Polygon", "coordinates": [ [ [ -79.441735695278737, 43.671683924189146 ], [ -79.441706327895048, 43.675222811553823 ], [ -79.440192674396371, 43.676003402127009 ], [ -79.439752991816491, 43.676023506161712 ], [ -79.438273454025719, 43.671551431127767 ], [ -79.439067116118878, 43.670910849763615 ], [ -79.440335267957366, 43.670782645326938 ], [ -79.441735695278737, 43.671683924189146 ] ] ] } },
{ "type": "Feature", "properties": { "vor_id": 1499, "theft_count": 7, "bike_trips": 0.0, "theft_per_1000_trips": "<NA>" }, "geometry": { "type": "Polygon", "coordinates": [ [ [ -79.378952801816496, 43.768885605982994 ], [ -79.377196234451432, 43.773997785542761 ], [ -79.373970842280428, 43.765819627080852 ], [ -79.374782713839792, 43.759970278193926 ], [ -79.376486029521658, 43.759807403452832 ], [ -79.377402658148071, 43.761584791569305 ], [ -79.378952801816496, 43.768885605982994 ] ] ] } },
{ "type": "Feature", "properties": { "vor_id": 1500, "theft_count": 34, "bike_trips": 0.0, "theft_per_1000_trips": "<NA>" }, "geometry": { "type": "Polygon", "coordinates": [ [ [ -79.299605489737772, 43.687511445809818 ], [ -79.303116323357983, 43.686455104465516 ], [ -79.303741459416926, 43.689426380670128 ], [ -79.303353180518897, 43.689598447238922 ], [ -79.302316329011148, 43.689374316606063 ], [ -79.299638043620206, 43.687651100542688 ], [ -79.299605489737772, 43.687511445809818 ] ] ] } },
{ "type": "Feature", "properties": { "vor_id": 1501, "theft_count": 10, "bike_trips": 0.0, "theft_per_1000_trips": "<NA>" }, "geometry": { "type": "Polygon", "coordinates": [ [ [ -79.473992989808707, 43.664335145799207 ], [ -79.477513800053487, 43.661284142478074 ], [ -79.478397074858478, 43.661898426826255 ], [ -79.47972728004838, 43.667933262255822 ], [ -79.473992989808707, 43.664335145799207 ] ] ] } },
{ "type": "Feature", "properties": { "vor_id": 1502, "theft_count": 19, "bike_trips": 0.0, "theft_per_1000_trips": "<NA>" }, "geometry": { "type": "Polygon", "coordinates": [ [ [ -79.408543839035787, 43.693164757847185 ], [ -79.407850955363784, 43.68999649445167 ], [ -79.408889152591669, 43.68686101664148 ], [ -79.412259876416627, 43.686563849956386 ], [ -79.413747507139846, 43.68763825831784 ], [ -79.411801651898003, 43.69468459296629 ], [ -79.411206519618133, 43.69489264905436 ], [ -79.408543839035787, 43.693164757847185 ] ] ] } },
{ "type": "Feature", "properties": { "vor_id": 1503, "theft_count": 6, "bike_trips": 0.0, "theft_per_1000_trips": "<NA>" }, "geometry": { "type": "Polygon", "coordinates": [ [ [ -79.347822071990265, 43.661421310065464 ], [ -79.348418987629302, 43.661445815480945 ], [ -79.349728494254165, 43.662230703546378 ], [ -79.346028883504488, 43.663714268634862 ], [ -79.345919514319476, 43.663674911784284 ], [ -79.345686688857, 43.662299585227629 ], [ -79.347822071990265, 43.661421310065464 ] ] ] } },
{ "type": "Feature", "properties": { "vor_id": 1504, "theft_count": 7, "bike_trips": 0.0, "theft_per_1000_trips": "<NA>" }, "geometry": { "type": "Polygon", "coordinates": [ [ [ -79.346151507752182, 43.675037442546298 ], [ -79.349160379036732, 43.673763297778535 ], [ -79.349618623717618, 43.674061083658607 ], [ -79.350305517241139, 43.675314006074395 ], [ -79.350439715698684, 43.676114508543868 ], [ -79.348451296448275, 43.678022742738541 ], [ -79.348326577166389, 43.67802966604448 ], [ -79.346358925153098, 43.676241362029053 ], [ -79.346151507752182, 43.675037442546298 ] ] ] } },
{ "type": "Feature", "properties": { "vor_id": 1505, "theft_count": 17, "bike_trips": 0.0, "theft_per_1000_trips": "<NA>" }, "geometry": { "type": "Polygon", "coordinates": [ [ [ -79.491873102828322, 43.721604703194899 ], [ -79.493071176019399, 43.720859904290919 ], [ -79.500332579954502, 43.723534986274402 ], [ -79.50234814672082, 43.727957594062133 ], [ -79.50494759483378, 43.739421783571864 ], [ -79.503997078333711, 43.740305683462317 ], [ -79.500181379618127, 43.738500992374433 ], [ -79.49556144186262, 43.736847952213381 ], [ -79.490801724100706, 43.735655704979841 ], [ -79.487453608746861, 43.73515905898244 ], [ -79.487983942381604, 43.732671024334188 ], [ -79.491873102828322, 43.721604703194899 ] ] ] } },
{ "type": "Feature", "properties": { "vor_id": 1506, "theft_count": 16, "bike_trips": 0.0, "theft_per_1000_trips": "<NA>" }, "geometry": { "type": "Polygon", "coordinates": [ [ [ -79.472098769485868, 43.646116576458546 ], [ -79.475409845752466, 43.649186330396425 ], [ -79.476547579770269, 43.6540093550379 ], [ -79.473683797976292, 43.653314435752577 ], [ -79.472098769485868, 43.646116576458546 ] ] ] } },
{ "type": "Feature", "properties": { "vor_id": 1507, "theft_count": 4, "bike_trips": 0.0, "theft_per_1000_trips": "<NA>" }, "geometry": { "type": "Polygon", "coordinates": [ [ [ -79.196770627829864, 43.764266567216367 ], [ -79.199958007261685, 43.759755261220043 ], [ -79.201864274407626, 43.759082251184822 ], [ -79.203296858096365, 43.769735649981598 ], [ -79.199517054481305, 43.775579510954763 ], [ -79.199336134878919, 43.775367151796878 ], [ -79.196770627829864, 43.764266567216367 ] ] ] } },
{ "type": "Feature", "properties": { "vor_id": 1508, "theft_count": 17, "bike_trips": 0.0, "theft_per_1000_trips": "<NA>" }, "geometry": { "type": "Polygon", "coordinates": [ [ [ -79.34475861361129, 43.669016677120958 ], [ -79.344890264422503, 43.667272026081406 ], [ -79.346720138811392, 43.667633854410319 ], [ -79.347231451153178, 43.669944332776851 ], [ -79.345458394878577, 43.670631840377901 ], [ -79.34544252438387, 43.670619197099072 ], [ -79.344969128819216, 43.66989208350779 ], [ -79.34475861361129, 43.669016677120958 ] ] ] } },
{ "type": "Feature", "properties": { "vor_id": 1509, "theft_count": 0, "bike_trips": 0.0, "theft_per_1000_trips": "<NA>" }, "geometry": { "type": "Polygon", "coordinates": [ [ [ -79.431775341580661, 43.792881407098257 ], [ -79.431317796019258, 43.792014353223983 ], [ -79.431617175757054, 43.79181513972614 ], [ -79.431775341580661, 43.792881407098257 ] ] ] } },
{ "type": "Feature", "properties": { "vor_id": 1510, "theft_count": 33, "bike_trips": 0.0, "theft_per_1000_trips": "<NA>" }, "geometry": { "type": "Polygon", "coordinates": [ [ [ -79.345186237859778, 43.674167908040594 ], [ -79.346151507752182, 43.675037442546298 ], [ -79.346358925153098, 43.676241362029053 ], [ -79.344546402311778, 43.678125896358218 ], [ -79.344346025965393, 43.678205927176059 ], [ -79.342052727191145, 43.677487810938658 ], [ -79.341966608064894, 43.677425415530855 ], [ -79.341921245716762, 43.674050375749388 ], [ -79.34207220409202, 43.673892544480445 ], [ -79.345186237859778, 43.674167908040594 ] ] ] } },
{ "type": "Feature", "properties": { "vor_id": 1511, "theft_count": 9, "bike_trips": 0.0, "theft_per_1000_trips": "<NA>" }, "geometry": { "type": "Polygon", "coordinates": [ [ [ -79.332483565702091, 43.66132940723179 ], [ -79.333381560421898, 43.665388798942836 ], [ -79.333024022127375, 43.66547652067981 ], [ -79.332354395052107, 43.66521916172244 ], [ -79.331505373823646, 43.661369520802516 ], [ -79.332483565702091, 43.66132940723179 ] ] ] } },
{ "type": "Feature", "properties": { "vor_id": 1512, "theft_count": 20, "bike_trips": 0.0, "theft_per_1000_trips": "<NA>" }, "geometry": { "type": "Polygon", "coordinates": [ [ [ -79.450297270184123, 43.652565643039743 ], [ -79.45521611970787, 43.650820077016192 ], [ -79.455007182470311, 43.651928622937454 ], [ -79.450606484975808, 43.653364371160286 ], [ -79.450309706192456, 43.652887268931195 ], [ -79.450297270184123, 43.652565643039743 ] ] ] } },
{ "type": "Feature", "properties": { "vor_id": 1513, "theft_count": 13, "bike_trips": 0.0, "theft_per_1000_trips": "<NA>" }, "geometry": { "type": "Polygon", "coordinates": [ [ [ -79.36697692194862, 43.659772732765674 ], [ -79.365245165287533, 43.658292240079611 ], [ -79.366788342870038, 43.657088975659804 ], [ -79.367375988091425, 43.6597673190413 ], [ -79.36697692194862, 43.659772732765674 ] ] ] } },
{ "type": "Feature", "properties": { "vor_id": 1514, "theft_count": 42, "bike_trips": 0.0, "theft_per_1000_trips": "<NA>" }, "geometry": { "type": "Polygon", "coordinates": [ [ [ -79.296592705607821, 43.729693515487554 ], [ -79.294522412020882, 43.721220695752898 ], [ -79.294573571100813, 43.721213107020247 ], [ -79.299333288862741, 43.720020859786707 ], [ -79.301099850355826, 43.719388773977421 ], [ -79.305814354607392, 43.730734878548141 ], [ -79.296592705607821, 43.729693515487554 ] ] ] } },
{ "type": "Feature", "properties": { "vor_id": 1515, "theft_count": 10, "bike_trips": 0.0, "theft_per_1000_trips": "<NA>" }, "geometry": { "type": "Polygon", "coordinates": [ [ [ -79.398198679191566, 43.696756142660313 ], [ -79.397503049730361, 43.696479414594222 ], [ -79.396253139794752, 43.695059470371035 ], [ -79.398310710889206, 43.694677875816431 ], [ -79.398447010409143, 43.695396754009401 ], [ -79.398438155855416, 43.696055754526405 ], [ -79.398198679191566, 43.696756142660313 ] ] ] } },
{ "type": "Feature", "properties": { "vor_id": 1516, "theft_count": 15, "bike_trips": 0.0, "theft_per_1000_trips": "<NA>" }, "geometry": { "type": "Polygon", "coordinates": [ [ [ -79.485400168995596, 43.678807780154777 ], [ -79.489278853054316, 43.677132770392269 ], [ -79.496567348558983, 43.684359631521524 ], [ -79.492100984631804, 43.687509585072078 ], [ -79.485400168995596, 43.678807780154777 ] ] ] } },
{ "type": "Feature", "properties": { "vor_id": 1517, "theft_count": 7, "bike_trips": 0.0, "theft_per_1000_trips": "<NA>" }, "geometry": { "type": "Polygon", "coordinates": [ [ [ -79.454703929629773, 43.650320420555126 ], [ -79.450123264921103, 43.65208561658249 ], [ -79.449521164824219, 43.651046854625484 ], [ -79.452666464592767, 43.649824570688445 ], [ -79.454703929629773, 43.650320420555126 ] ] ] } },
{ "type": "Feature", "properties": { "vor_id": 1518, "theft_count": 0, "bike_trips": 0.0, "theft_per_1000_trips": "<NA>" }, "geometry": { "type": "Polygon", "coordinates": [ [ [ -79.41073980162237, 43.653557328468501 ], [ -79.410335040397868, 43.653719170673973 ], [ -79.40952775997728, 43.653799252183532 ], [ -79.409513802343881, 43.653731020403427 ], [ -79.410543776182692, 43.652594619392822 ], [ -79.41073980162237, 43.653557328468501 ] ] ] } },
{ "type": "Feature", "properties": { "vor_id": 1519, "theft_count": 11, "bike_trips": 0.0, "theft_per_1000_trips": "<NA>" }, "geometry": { "type": "Polygon", "coordinates": [ [ [ -79.393696502379228, 43.698412262757238 ], [ -79.398474565852197, 43.697438908826491 ], [ -79.399441923078086, 43.698805439987105 ], [ -79.39465263847795, 43.699701358661493 ], [ -79.393696502379228, 43.698412262757238 ] ] ] } },
{ "type": "Feature", "properties": { "vor_id": 1520, "theft_count": 10, "bike_trips": 0.0, "theft_per_1000_trips": "<NA>" }, "geometry": { "type": "Polygon", "coordinates": [ [ [ -79.50525247192158, 43.654649894602741 ], [ -79.509332246389008, 43.653423676029369 ], [ -79.515467303976337, 43.654520153257103 ], [ -79.517449377525153, 43.657141399522295 ], [ -79.509291837872468, 43.660185032073073 ], [ -79.50525247192158, 43.654649894602741 ] ] ] } },
{ "type": "Feature", "properties": { "vor_id": 1521, "theft_count": 13, "bike_trips": 0.0, "theft_per_1000_trips": "<NA>" }, "geometry": { "type": "Polygon", "coordinates": [ [ [ -79.420600183152231, 43.651880492690786 ], [ -79.420441503215343, 43.65107506205505 ], [ -79.423689702167977, 43.649674977448733 ], [ -79.424085289767575, 43.650182615784033 ], [ -79.42429772067392, 43.651239841483189 ], [ -79.423870454311071, 43.652426106686967 ], [ -79.423041662184048, 43.65292469301604 ], [ -79.420600183152231, 43.651880492690786 ] ] ] } },
{ "type": "Feature", "properties": { "vor_id": 1522, "theft_count": 28, "bike_trips": 0.0, "theft_per_1000_trips": "<NA>" }, "geometry": { "type": "Polygon", "coordinates": [ [ [ -79.404730069876905, 43.758253772961623 ], [ -79.39760111013581, 43.751849692659704 ], [ -79.398092986383745, 43.751509808651768 ], [ -79.406442782285112, 43.755430465988518 ], [ -79.404730069876905, 43.758253772961623 ] ] ] } },
{ "type": "Feature", "properties": { "vor_id": 1523, "theft_count": 45, "bike_trips": 0.0, "theft_per_1000_trips": "<NA>" }, "geometry": { "type": "Polygon", "coordinates": [ [ [ -79.439804621760402, 43.641961998974239 ], [ -79.439881899826005, 43.64198608033216 ], [ -79.441417446729503, 43.644761398117375 ], [ -79.440643515221112, 43.64726229034499 ], [ -79.440202438408662, 43.64728004352731 ], [ -79.437240090602629, 43.646296374534202 ], [ -79.436968346514604, 43.645656283111506 ], [ -79.438422033430072, 43.642496450123751 ], [ -79.439804621760402, 43.641961998974239 ] ] ] } },
{ "type": "Feature", "properties": { "vor_id": 1524, "theft_count": 25, "bike_trips": 0.0, "theft_per_1000_trips": "<NA>" }, "geometry": { "type": "Polygon", "coordinates": [ [ [ -79.452391688119491, 43.656964530110471 ], [ -79.450793912425127, 43.65566457933668 ], [ -79.450606484975808, 43.653364371160286 ], [ -79.455007182470311, 43.651928622937454 ], [ -79.454982267723921, 43.652593482150927 ], [ -79.453778103974741, 43.655942990248349 ], [ -79.452391688119491, 43.656964530110471 ] ] ] } },
{ "type": "Feature", "properties": { "vor_id": 1525, "theft_count": 13, "bike_trips": 0.0, "theft_per_1000_trips": "<NA>" }, "geometry": { "type": "Polygon", "coordinates": [ [ [ -79.406411948918802, 43.675921764825262 ], [ -79.407147516930152, 43.682004765843757 ], [ -79.405140463615169, 43.681919590265451 ], [ -79.404193175162348, 43.67627171394971 ], [ -79.405779128376807, 43.675298656650625 ], [ -79.406411948918802, 43.675921764825262 ] ] ] } },
{ "type": "Feature", "properties": { "vor_id": 1526, "theft_count": 2, "bike_trips": 0.0, "theft_per_1000_trips": "<NA>" }, "geometry": { "type": "Polygon", "coordinates": [ [ [ -79.565738831266131, 43.622166549301468 ], [ -79.56578949999998, 43.6222504 ], [ -79.5658569, 43.6224094 ], [ -79.565883699999986, 43.6225395 ], [ -79.5658872, 43.6226582 ], [ -79.5658623, 43.6228637 ], [ -79.565842143386533, 43.622938983737015 ], [ -79.564519077515342, 43.624398761972586 ], [ -79.5642488, 43.6243751 ], [ -79.5641604, 43.624386 ], [ -79.5640884, 43.6244083 ], [ -79.5639995, 43.6244656 ], [ -79.56393850000002, 43.624529699999989 ], [ -79.563738, 43.6247325 ], [ -79.5636696, 43.62484030000001 ], [ -79.5636374, 43.6249483 ], [ -79.5635925, 43.6252263 ], [ -79.563598900848916, 43.625414020471638 ], [ -79.563456882059214, 43.625570714059421 ], [ -79.559821207208074, 43.628865897668234 ], [ -79.558174070095475, 43.63008749780758 ], [ -79.556023022520435, 43.626216341332103 ], [ -79.55597336968512, 43.625741135525956 ], [ -79.565738831266131, 43.622166549301468 ] ] ] } },
{ "type": "Feature", "properties": { "vor_id": 1527, "theft_count": 15, "bike_trips": 0.0, "theft_per_1000_trips": "<NA>" }, "geometry": { "type": "Polygon", "coordinates": [ [ [ -79.371827810637058, 43.717891509757372 ], [ -79.366835267259034, 43.714832575590606 ], [ -79.36973527527411, 43.71112968385745 ], [ -79.372898446508742, 43.715931061670908 ], [ -79.371827810637058, 43.717891509757372 ] ] ] } },
{ "type": "Feature", "properties": { "vor_id": 1528, "theft_count": 6, "bike_trips": 0.0, "theft_per_1000_trips": "<NA>" }, "geometry": { "type": "Polygon", "coordinates": [ [ [ -79.402425407582626, 43.687024945442204 ], [ -79.398462260552904, 43.685104691526277 ], [ -79.403412809039636, 43.683062688482408 ], [ -79.402425407582626, 43.687024945442204 ] ] ] } },
{ "type": "Feature", "properties": { "vor_id": 1529, "theft_count": 49, "bike_trips": 0.0, "theft_per_1000_trips": "<NA>" }, "geometry": { "type": "Polygon", "coordinates": [ [ [ -79.372409642761937, 43.668475560956061 ], [ -79.371093378831588, 43.668986995111766 ], [ -79.37097486401467, 43.668405074796105 ], [ -79.370801716278706, 43.667554901056072 ], [ -79.372817202341352, 43.666718989229828 ], [ -79.373141911843817, 43.668191037912464 ], [ -79.372409642761937, 43.668475560956061 ] ] ] } },
{ "type": "Feature", "properties": { "vor_id": 1530, "theft_count": 3, "bike_trips": 0.0, "theft_per_1000_trips": "<NA>" }, "geometry": { "type": "Polygon", "coordinates": [ [ [ -79.422157820914876, 43.788154783515523 ], [ -79.421587617183803, 43.792909451140147 ], [ -79.418387188656411, 43.792279996390334 ], [ -79.419559238450432, 43.78794190853835 ], [ -79.422157820914876, 43.788154783515523 ] ] ] } },
{ "type": "Feature", "properties": { "vor_id": 1531, "theft_count": 23, "bike_trips": 0.0, "theft_per_1000_trips": "<NA>" }, "geometry": { "type": "Polygon", "coordinates": [ [ [ -79.330315708620986, 43.749428598833823 ], [ -79.335333001132781, 43.765263132858635 ], [ -79.336124792306165, 43.769089271298945 ], [ -79.333636660553225, 43.77075469520824 ], [ -79.327741121911842, 43.76910320643514 ], [ -79.322658156759204, 43.762749325881479 ], [ -79.32907996987305, 43.748987741334282 ], [ -79.330315708620986, 43.749428598833823 ] ] ] } },
{ "type": "Feature", "properties": { "vor_id": 1532, "theft_count": 20, "bike_trips": 0.0, "theft_per_1000_trips": "<NA>" }, "geometry": { "type": "Polygon", "coordinates": [ [ [ -79.471758777082172, 43.645426111370043 ], [ -79.472098769485868, 43.646116576458546 ], [ -79.473683797976292, 43.653314435752577 ], [ -79.471620267575091, 43.655123396594561 ], [ -79.471047222326945, 43.655295895088663 ], [ -79.469697438678409, 43.654301075896342 ], [ -79.467315118539432, 43.648741270495222 ], [ -79.466580200025888, 43.645370103366034 ], [ -79.470044994953184, 43.644856398724031 ], [ -79.471758777082172, 43.645426111370043 ] ] ] } },
{ "type": "Feature", "properties": { "vor_id": 1533, "theft_count": 17, "bike_trips": 0.0, "theft_per_1000_trips": "<NA>" }, "geometry": { "type": "Polygon", "coordinates": [ [ [ -79.396742263743363, 43.648230195822038 ], [ -79.395999360432654, 43.648342003619938 ], [ -79.396008496531465, 43.647617815540208 ], [ -79.397155834443154, 43.647117255290247 ], [ -79.397236851271558, 43.647303355431227 ], [ -79.396742263743363, 43.648230195822038 ] ] ] } },
{ "type": "Feature", "properties": { "vor_id": 1534, "theft_count": 18, "bike_trips": 0.0, "theft_per_1000_trips": "<NA>" }, "geometry": { "type": "Polygon", "coordinates": [ [ [ -79.580646281266311, 43.710489655211795 ], [ -79.572309415961215, 43.728586903922746 ], [ -79.570806185750214, 43.730395277195022 ], [ -79.556439789588154, 43.73333798507516 ], [ -79.552862394319334, 43.730773659402168 ], [ -79.550410724264282, 43.729016268901113 ], [ -79.548225874014477, 43.727450138472072 ], [ -79.548215237599919, 43.727422418611042 ], [ -79.572197924335583, 43.704970797660948 ], [ -79.577579565237059, 43.705590168685269 ], [ -79.582143932844701, 43.706115480034015 ], [ -79.581722086892967, 43.708154350360623 ], [ -79.580646281266311, 43.710489655211795 ] ] ] } },
{ "type": "Feature", "properties": { "vor_id": 1535, "theft_count": 15, "bike_trips": 0.0, "theft_per_1000_trips": "<NA>" }, "geometry": { "type": "Polygon", "coordinates": [ [ [ -79.47405933937749, 43.659595517382151 ], [ -79.473935240787142, 43.657124159318265 ], [ -79.47864611258565, 43.655171968559848 ], [ -79.477227880402353, 43.660582200521986 ], [ -79.47405933937749, 43.659595517382151 ] ] ] } },
{ "type": "Feature", "properties": { "vor_id": 1536, "theft_count": 16, "bike_trips": 0.0, "theft_per_1000_trips": "<NA>" }, "geometry": { "type": "Polygon", "coordinates": [ [ [ -79.455321715293465, 43.650438013696473 ], [ -79.454703929629773, 43.650320420555126 ], [ -79.452666464592767, 43.649824570688445 ], [ -79.451428506135883, 43.64882369378445 ], [ -79.45065405692479, 43.647709342481207 ], [ -79.450896957004218, 43.646104022815685 ], [ -79.451178124358307, 43.645445674510377 ], [ -79.454508453755437, 43.646829529527508 ], [ -79.456240643227986, 43.649534698965383 ], [ -79.455321715293465, 43.650438013696473 ] ] ] } },
{ "type": "Feature", "properties": { "vor_id": 1537, "theft_count": 12, "bike_trips": 0.0, "theft_per_1000_trips": "<NA>" }, "geometry": { "type": "Polygon", "coordinates": [ [ [ -79.422891319595138, 43.717916988158876 ], [ -79.411745090413334, 43.712231243201188 ], [ -79.420284692931332, 43.708191159406546 ], [ -79.425213376192872, 43.709437326166757 ], [ -79.427113524769766, 43.710517647200184 ], [ -79.428512640906561, 43.713273253762047 ], [ -79.428357598104583, 43.713530081258 ], [ -79.422891319595138, 43.717916988158876 ] ] ] } },
{ "type": "Feature", "properties": { "vor_id": 1538, "theft_count": 11, "bike_trips": 0.0, "theft_per_1000_trips": "<NA>" }, "geometry": { "type": "Polygon", "coordinates": [ [ [ -79.548134852820169, 43.727755702393182 ], [ -79.541212937244666, 43.738711762555305 ], [ -79.526951814475879, 43.74202639324713 ], [ -79.522857579889845, 43.735118633475842 ], [ -79.528705027690449, 43.723861710147673 ], [ -79.538476711198797, 43.722306431064311 ], [ -79.548215237599919, 43.727422418611042 ], [ -79.548225874014477, 43.727450138472072 ], [ -79.548134852820169, 43.727755702393182 ] ] ] } },
{ "type": "Feature", "properties": { "vor_id": 1539, "theft_count": 15, "bike_trips": 0.0, "theft_per_1000_trips": "<NA>" }, "geometry": { "type": "Polygon", "coordinates": [ [ [ -79.34894571081378, 43.670818348077589 ], [ -79.348740044033036, 43.670762503917125 ], [ -79.347231451153178, 43.669944332776851 ], [ -79.346720138811392, 43.667633854410319 ], [ -79.347971053799355, 43.66716370704939 ], [ -79.350606385597516, 43.668512352260578 ], [ -79.34894571081378, 43.670818348077589 ] ] ] } },
{ "type": "Feature", "properties": { "vor_id": 1540, "theft_count": 19, "bike_trips": 0.0, "theft_per_1000_trips": "<NA>" }, "geometry": { "type": "Polygon", "coordinates": [ [ [ -79.447574334537393, 43.710982476992335 ], [ -79.444420340263477, 43.703788121372554 ], [ -79.444554170150752, 43.703471927584211 ], [ -79.448554457896776, 43.701710770199938 ], [ -79.455231972529234, 43.706579372198036 ], [ -79.452904628781795, 43.708364112655019 ], [ -79.447574334537393, 43.710982476992335 ] ] ] } },
{ "type": "Feature", "properties": { "vor_id": 1541, "theft_count": 38, "bike_trips": 0.0, "theft_per_1000_trips": "<NA>" }, "geometry": { "type": "Polygon", "coordinates": [ [ [ -79.445170239408142, 43.642794829406697 ], [ -79.445175576537721, 43.642789315532433 ], [ -79.450473563404586, 43.640737405444078 ], [ -79.450593706996472, 43.640861625814686 ], [ -79.450636947945341, 43.643679429178199 ], [ -79.445951527836712, 43.645524070014289 ], [ -79.445099945188758, 43.643343378846431 ], [ -79.445170239408142, 43.642794829406697 ] ] ] } },
{ "type": "Feature", "properties": { "vor_id": 1542, "theft_count": 9, "bike_trips": 0.0, "theft_per_1000_trips": "<NA>" }, "geometry": { "type": "Polygon", "coordinates": [ [ [ -79.420547368260713, 43.658159508648971 ], [ -79.419232312768372, 43.656309287763264 ], [ -79.421037275162064, 43.655588962546723 ], [ -79.421380778652491, 43.655682157835251 ], [ -79.421775076199339, 43.65768579212223 ], [ -79.420547368260713, 43.658159508648971 ] ] ] } },
{ "type": "Feature", "properties": { "vor_id": 1543, "theft_count": 8, "bike_trips": 0.0, "theft_per_1000_trips": "<NA>" }, "geometry": { "type": "Polygon", "coordinates": [ [ [ -79.439593708821391, 43.690617709704284 ], [ -79.440606619785925, 43.694497289901172 ], [ -79.437791102351397, 43.695644515422607 ], [ -79.436656175909746, 43.693495654663195 ], [ -79.438292048212404, 43.689243538351825 ], [ -79.439593708821391, 43.690617709704284 ] ] ] } },
{ "type": "Feature", "properties": { "vor_id": 1544, "theft_count": 9, "bike_trips": 0.0, "theft_per_1000_trips": "<NA>" }, "geometry": { "type": "Polygon", "coordinates": [ [ [ -79.516780097397159, 43.731029776955758 ], [ -79.50234814672082, 43.727957594062133 ], [ -79.500332579954502, 43.723534986274402 ], [ -79.500548549271286, 43.723475429942724 ], [ -79.509049243844558, 43.723537710142892 ], [ -79.516780097397159, 43.731029776955758 ] ] ] } },
{ "type": "Feature", "properties": { "vor_id": 1545, "theft_count": 30, "bike_trips": 0.0, "theft_per_1000_trips": "<NA>" }, "geometry": { "type": "Polygon", "coordinates": [ [ [ -79.407915505780622, 43.682299939384968 ], [ -79.410319528916929, 43.680857944497532 ], [ -79.413800864107756, 43.682622194963457 ], [ -79.414174128899205, 43.684435882713949 ], [ -79.412259876416627, 43.686563849956386 ], [ -79.408889152591669, 43.68686101664148 ], [ -79.407915505780622, 43.682299939384968 ] ] ] } },
{ "type": "Feature", "properties": { "vor_id": 1546, "theft_count": 29, "bike_trips": 0.0, "theft_per_1000_trips": "<NA>" }, "geometry": { "type": "Polygon", "coordinates": [ [ [ -79.376132361835346, 43.703181388940081 ], [ -79.373366928167513, 43.707643358084432 ], [ -79.371851490170997, 43.707943386461437 ], [ -79.367512947111265, 43.7054817575493 ], [ -79.367140913203443, 43.705142531173159 ], [ -79.368718685314278, 43.700148568142943 ], [ -79.37377848587407, 43.699880885767385 ], [ -79.376042809591866, 43.701292635597937 ], [ -79.376197669687997, 43.701929123713953 ], [ -79.376132361835346, 43.703181388940081 ] ] ] } },
{ "type": "Feature", "properties": { "vor_id": 1547, "theft_count": 13, "bike_trips": 0.0, "theft_per_1000_trips": "<NA>" }, "geometry": { "type": "Polygon", "coordinates": [ [ [ -79.371303613326717, 43.675592720713965 ], [ -79.374008259102524, 43.675494727094552 ], [ -79.376312690486046, 43.677611672130205 ], [ -79.372145244529406, 43.679183994816249 ], [ -79.371303613326717, 43.675592720713965 ] ] ] } },
{ "type": "Feature", "properties": { "vor_id": 1548, "theft_count": 3, "bike_trips": 0.0, "theft_per_1000_trips": "<NA>" }, "geometry": { "type": "Polygon", "coordinates": [ [ [ -79.347898359157796, 43.682397614478731 ], [ -79.345715421008705, 43.681191825168469 ], [ -79.345553631935189, 43.680994765493374 ], [ -79.346337305099794, 43.679881571819259 ], [ -79.347594369596877, 43.679413939106183 ], [ -79.348426856173958, 43.681936101796708 ], [ -79.347898359157796, 43.682397614478731 ] ] ] } },
{ "type": "Feature", "properties": { "vor_id": 1549, "theft_count": 13, "bike_trips": 0.0, "theft_per_1000_trips": "<NA>" }, "geometry": { "type": "Polygon", "coordinates": [ [ [ -79.373363549949786, 43.673110341063307 ], [ -79.369681312464152, 43.671778736615593 ], [ -79.3704933810711, 43.670825065463042 ], [ -79.373462361952264, 43.670197387523928 ], [ -79.373531979967737, 43.672977265124437 ], [ -79.373363549949786, 43.673110341063307 ] ] ] } },
{ "type": "Feature", "properties": { "vor_id": 1550, "theft_count": 28, "bike_trips": 0.0, "theft_per_1000_trips": "<NA>" }, "geometry": { "type": "Polygon", "coordinates": [ [ [ -79.442708293911821, 43.6915765123996 ], [ -79.439593708821391, 43.690617709704284 ], [ -79.438292048212404, 43.689243538351825 ], [ -79.437720299502189, 43.687451033561153 ], [ -79.437679644487105, 43.68624398475756 ], [ -79.437878515569182, 43.685364997418702 ], [ -79.442436075187928, 43.684015154915159 ], [ -79.447621977262415, 43.683539938863575 ], [ -79.447769011809882, 43.689507283680918 ], [ -79.442708293911821, 43.6915765123996 ] ] ] } },
{ "type": "Feature", "properties": { "vor_id": 1551, "theft_count": 19, "bike_trips": 0.0, "theft_per_1000_trips": "<NA>" }, "geometry": { "type": "Polygon", "coordinates": [ [ [ -79.426715822079515, 43.659777764508782 ], [ -79.426432229992713, 43.658457594729548 ], [ -79.426462411429057, 43.65816366009561 ], [ -79.429033748726511, 43.657149372930185 ], [ -79.429582011940298, 43.659830572229261 ], [ -79.42903229080018, 43.660363583808405 ], [ -79.427109513087288, 43.6600131301049 ], [ -79.426715822079515, 43.659777764508782 ] ] ] } },
{ "type": "Feature", "properties": { "vor_id": 1552, "theft_count": 11, "bike_trips": 0.0, "theft_per_1000_trips": "<NA>" }, "geometry": { "type": "Polygon", "coordinates": [ [ [ -79.385555551379952, 43.70313151181648 ], [ -79.38576061084423, 43.704146732725405 ], [ -79.384908118197998, 43.706804702990965 ], [ -79.382442172994516, 43.707440018035115 ], [ -79.376132361835346, 43.703181388940081 ], [ -79.376197669687997, 43.701929123713953 ], [ -79.384540755401915, 43.702061073795313 ], [ -79.385555551379952, 43.70313151181648 ] ] ] } },
{ "type": "Feature", "properties": { "vor_id": 1553, "theft_count": 8, "bike_trips": 0.0, "theft_per_1000_trips": "<NA>" }, "geometry": { "type": "Polygon", "coordinates": [ [ [ -79.503556152823421, 43.603747844207554 ], [ -79.503054721767668, 43.605024287359136 ], [ -79.500311404712022, 43.603802989571179 ], [ -79.498203941325542, 43.59409763065571 ], [ -79.4990562, 43.5932855 ], [ -79.499490882386283, 43.592811611372767 ], [ -79.501665798299584, 43.59513129515021 ], [ -79.503556152823421, 43.603747844207554 ] ] ] } },
{ "type": "Feature", "properties": { "vor_id": 1554, "theft_count": 25, "bike_trips": 0.0, "theft_per_1000_trips": "<NA>" }, "geometry": { "type": "Polygon", "coordinates": [ [ [ -79.430595219338954, 43.67718748016226 ], [ -79.431194647307223, 43.675890981738057 ], [ -79.433363477937533, 43.674055469560955 ], [ -79.434775584252847, 43.673890473517112 ], [ -79.436481014269319, 43.675944811360992 ], [ -79.433396391678102, 43.679614165516838 ], [ -79.430595219338954, 43.67718748016226 ] ] ] } },
{ "type": "Feature", "properties": { "vor_id": 1555, "theft_count": 16, "bike_trips": 0.0, "theft_per_1000_trips": "<NA>" }, "geometry": { "type": "Polygon", "coordinates": [ [ [ -79.427371540548222, 43.637216266454139 ], [ -79.426605427601643, 43.636320924796266 ], [ -79.426647042271952, 43.636059918621164 ], [ -79.428740935989651, 43.632756635853873 ], [ -79.429521550735998, 43.636424671572904 ], [ -79.429217447651737, 43.636670253914616 ], [ -79.427371540548222, 43.637216266454139 ] ] ] } },
{ "type": "Feature", "properties": { "vor_id": 1556, "theft_count": 5, "bike_trips": 0.0, "theft_per_1000_trips": "<NA>" }, "geometry": { "type": "Polygon", "coordinates": [ [ [ -79.365643047227437, 43.772841112254483 ], [ -79.371678675073952, 43.77954308760404 ], [ -79.372006152396807, 43.780628692618492 ], [ -79.361875327797435, 43.773010717618966 ], [ -79.361805984371358, 43.771338911509368 ], [ -79.36356529170429, 43.771294758430756 ], [ -79.365643047227437, 43.772841112254483 ] ] ] } },
{ "type": "Feature", "properties": { "vor_id": 1557, "theft_count": 17, "bike_trips": 0.0, "theft_per_1000_trips": "<NA>" }, "geometry": { "type": "Polygon", "coordinates": [ [ [ -79.427436981087183, 43.680489159095785 ], [ -79.424862982673687, 43.679972204565104 ], [ -79.425020880689274, 43.679404252897015 ], [ -79.426386380078412, 43.677541383177477 ], [ -79.42819687895809, 43.677214274315432 ], [ -79.429385196427376, 43.677808110265381 ], [ -79.428527647115772, 43.680309703388424 ], [ -79.428456946339097, 43.680437133210958 ], [ -79.427436981087183, 43.680489159095785 ] ] ] } },
{ "type": "Feature", "properties": { "vor_id": 1558, "theft_count": 10, "bike_trips": 0.0, "theft_per_1000_trips": "<NA>" }, "geometry": { "type": "Polygon", "coordinates": [ [ [ -79.286608534691297, 43.684266831594051 ], [ -79.285894473068836, 43.683904918986173 ], [ -79.285241190100976, 43.683328876392686 ], [ -79.284890117461742, 43.679301483468478 ], [ -79.286984812238316, 43.679358885792134 ], [ -79.287390260917519, 43.683743376581099 ], [ -79.286608534691297, 43.684266831594051 ] ] ] } },
{ "type": "Feature", "properties": { "vor_id": 1559, "theft_count": 26, "bike_trips": 0.0, "theft_per_1000_trips": "<NA>" }, "geometry": { "type": "Polygon", "coordinates": [ [ [ -79.392810296669637, 43.630327862498312 ], [ -79.396857926409368, 43.633929033345765 ], [ -79.398142877342082, 43.636293373439777 ], [ -79.395310955773979, 43.638054794470307 ], [ -79.394637320424636, 43.637848483154833 ], [ -79.394230980148535, 43.636904013906943 ], [ -79.392810296669637, 43.630327862498312 ] ] ] } },
{ "type": "Feature", "properties": { "vor_id": 1560, "theft_count": 2, "bike_trips": 0.0, "theft_per_1000_trips": "<NA>" }, "geometry": { "type": "Polygon", "coordinates": [ [ [ -79.428040362274942, 43.762250440245182 ], [ -79.425091993977645, 43.773267288527016 ], [ -79.42194309476703, 43.773341321634774 ], [ -79.42096621110278, 43.772882943228922 ], [ -79.419279438478881, 43.770163253375785 ], [ -79.419105733321786, 43.769155094118126 ], [ -79.419017036510866, 43.76827277193189 ], [ -79.418977066929671, 43.766775745258052 ], [ -79.419203559130764, 43.764805568044295 ], [ -79.419393100598427, 43.764044529171912 ], [ -79.428040362274942, 43.762250440245182 ] ] ] } },
{ "type": "Feature", "properties": { "vor_id": 1561, "theft_count": 11, "bike_trips": 0.0, "theft_per_1000_trips": "<NA>" }, "geometry": { "type": "Polygon", "coordinates": [ [ [ -79.4843170949393, 43.662410235104367 ], [ -79.486167017632354, 43.662132044152592 ], [ -79.487069055773361, 43.66241656137607 ], [ -79.487743148804796, 43.663091928417366 ], [ -79.488850073784647, 43.665984550945844 ], [ -79.484184191196789, 43.66736773103321 ], [ -79.484212491618067, 43.662607572262338 ], [ -79.4843170949393, 43.662410235104367 ] ] ] } },
{ "type": "Feature", "properties": { "vor_id": 1562, "theft_count": 19, "bike_trips": 0.0, "theft_per_1000_trips": "<NA>" }, "geometry": { "type": "Polygon", "coordinates": [ [ [ -79.468466341410533, 43.665360012095157 ], [ -79.47170872647159, 43.66310649563178 ], [ -79.473576488535855, 43.664497007640151 ], [ -79.472849708545738, 43.668378213284313 ], [ -79.472343603149298, 43.668768389834398 ], [ -79.468762249072483, 43.669293096784919 ], [ -79.468538742530086, 43.668734205757971 ], [ -79.468429198967158, 43.668129649436899 ], [ -79.468466341410533, 43.665360012095157 ] ] ] } },
{ "type": "Feature", "properties": { "vor_id": 1563, "theft_count": 8, "bike_trips": 0.0, "theft_per_1000_trips": "<NA>" }, "geometry": { "type": "Polygon", "coordinates": [ [ [ -79.477280509024851, 43.650002085922402 ], [ -79.480985782644808, 43.649713884246715 ], [ -79.481300798221838, 43.651138724462584 ], [ -79.481576555145168, 43.65407889637342 ], [ -79.478692923596341, 43.655080048365647 ], [ -79.47816981533677, 43.654745747310209 ], [ -79.477280509024851, 43.650002085922402 ] ] ] } },
{ "type": "Feature", "properties": { "vor_id": 1564, "theft_count": 3, "bike_trips": 0.0, "theft_per_1000_trips": "<NA>" }, "geometry": { "type": "Polygon", "coordinates": [ [ [ -79.428045251960199, 43.652618074509 ], [ -79.4271560181393, 43.652901534688425 ], [ -79.426493401288866, 43.652319051212402 ], [ -79.426554868188063, 43.652096797461368 ], [ -79.429436309776094, 43.650974801208392 ], [ -79.42987692794452, 43.651542471800767 ], [ -79.429943766191499, 43.651875306303488 ], [ -79.428045251960199, 43.652618074509 ] ] ] } },
{ "type": "Feature", "properties": { "vor_id": 1565, "theft_count": 8, "bike_trips": 0.0, "theft_per_1000_trips": "<NA>" }, "geometry": { "type": "Polygon", "coordinates": [ [ [ -79.335333001132781, 43.765263132858635 ], [ -79.350218210556648, 43.75710001961555 ], [ -79.351288419340619, 43.75898183583476 ], [ -79.351679411210085, 43.762115790114848 ], [ -79.339789726135137, 43.769546511980714 ], [ -79.336124792306165, 43.769089271298945 ], [ -79.335333001132781, 43.765263132858635 ] ] ] } },
{ "type": "Feature", "properties": { "vor_id": 1566, "theft_count": 40, "bike_trips": 0.0, "theft_per_1000_trips": "<NA>" }, "geometry": { "type": "Polygon", "coordinates": [ [ [ -79.387277447935318, 43.645276727877651 ], [ -79.38692787462908, 43.646272395303455 ], [ -79.385327244049407, 43.646925400263001 ], [ -79.384599015331673, 43.646584435744053 ], [ -79.384788827744146, 43.644789744158658 ], [ -79.385093554468, 43.644083412039024 ], [ -79.386175546434032, 43.64362494086695 ], [ -79.387277447935318, 43.645276727877651 ] ] ] } },
{ "type": "Feature", "properties": { "vor_id": 1567, "theft_count": 80, "bike_trips": 0.0, "theft_per_1000_trips": "<NA>" }, "geometry": { "type": "MultiPolygon", "coordinates": [ [ [ [ -79.311040079100451, 43.775901853503335 ], [ -79.311265422100803, 43.775935279979826 ], [ -79.316025139862731, 43.777127527213374 ], [ -79.320645077618252, 43.778780567374419 ], [ -79.325080742841308, 43.780878480782576 ], [ -79.325918280242561, 43.781380481381987 ], [ -79.326729091580418, 43.785211421253145 ], [ -79.322801493963865, 43.787012615146864 ], [ -79.308079761576266, 43.780276726562612 ], [ -79.311040079100451, 43.775901853503335 ] ] ], [ [ [ -79.287406791680041, 43.777024797615802 ], [ -79.289324371541156, 43.776544468865467 ], [ -79.291756389899192, 43.775935279979826 ], [ -79.29661004898351, 43.775215307666386 ], [ -79.301510906, 43.774974543999988 ], [ -79.302284310120555, 43.77501253890803 ], [ -79.307884167359603, 43.780317417094096 ], [ -79.302330469293096, 43.788838794432273 ], [ -79.289674980593162, 43.777423679068342 ], [ -79.291036162083287, 43.783473741145087 ], [ -79.284210463888783, 43.786781499601808 ], [ -79.295350873423018, 43.805411144112682 ], [ -79.296562065095657, 43.805038986420094 ], [ -79.312174811856138, 43.810484099739774 ], [ -79.31789046516549, 43.82115404023552 ], [ -79.3176406, 43.8212155 ], [ -79.3161744, 43.8215503 ], [ -79.3135694, 43.8221723 ], [ -79.3127696, 43.8223465 ], [ -79.3117807, 43.8225749 ], [ -79.3097901, 43.8230497 ], [ -79.3081251, 43.8234392 ], [ -79.3070501, 43.8236906 ], [ -79.3044224, 43.8243052 ], [ -79.3032208, 43.8245558 ], [ -79.3022346, 43.8248225 ], [ -79.3014982, 43.8250022 ], [ -79.300514, 43.825208 ], [ -79.2994068, 43.8254735 ], [ -79.299333899999979, 43.8254907 ], [ -79.2992602, 43.8255082 ], [ -79.299089, 43.8255486 ], [ -79.2987527, 43.8256281 ], [ -79.2987063, 43.8256391 ], [ -79.2984647, 43.82569620000001 ], [ -79.298294899999988, 43.8257363 ], [ -79.2980458, 43.8257952 ], [ -79.2972772, 43.8259606 ], [ -79.2971219, 43.8259977 ], [ -79.295620899999989, 43.8263441 ], [ -79.293098799999981, 43.8269262 ], [ -79.2927631, 43.8270055 ], [ -79.292314, 43.8271116 ], [ -79.2910869, 43.8273919 ], [ -79.290818, 43.8274497 ], [ -79.288981, 43.8278663 ], [ -79.288291099999981, 43.8280228 ], [ -79.2877576, 43.8281418 ], [ -79.286951077763391, 43.828323542871217 ], [ -79.2864396, 43.8284388 ], [ -79.2859388, 43.8285553 ], [ -79.283603199999988, 43.8290983 ], [ -79.2814509, 43.8295987 ], [ -79.2811873, 43.82966 ], [ -79.280849976053318, 43.82973496087704 ], [ -79.285540026748919, 43.819496210521031 ], [ -79.284964622786589, 43.817199069137367 ], [ -79.283311582625558, 43.812579131381845 ], [ -79.281213669217422, 43.808143466158789 ], [ -79.281074289036368, 43.807910924375477 ], [ -79.278691086615112, 43.803934791349114 ], [ -79.275768128668133, 43.799993638791896 ], [ -79.27423085105039, 43.798297514315244 ], [ -79.264538997762813, 43.79417229318932 ], [ -79.265709304571786, 43.790742922909004 ], [ -79.266054869816671, 43.789730307096036 ], [ -79.266155566940668, 43.789619204940657 ], [ -79.269791241791822, 43.786324021331858 ], [ -79.273732394349011, 43.783401063384858 ], [ -79.274964864057935, 43.782662349469881 ], [ -79.276241751750106, 43.783043478866496 ], [ -79.280499129198304, 43.783168881468782 ], [ -79.287406791680041, 43.777024797615802 ] ] ] ] } },
{ "type": "Feature", "properties": { "vor_id": 1568, "theft_count": 9, "bike_trips": 0.0, "theft_per_1000_trips": "<NA>" }, "geometry": { "type": "Polygon", "coordinates": [ [ [ -79.333928089600633, 43.725011357523762 ], [ -79.333222283183289, 43.725166460093895 ], [ -79.32548186485991, 43.720399705161284 ], [ -79.33278600814397, 43.716254817181586 ], [ -79.334570925014731, 43.723665017698288 ], [ -79.333928089600633, 43.725011357523762 ] ] ] } },
{ "type": "Feature", "properties": { "vor_id": 1569, "theft_count": 13, "bike_trips": 0.0, "theft_per_1000_trips": "<NA>" }, "geometry": { "type": "Polygon", "coordinates": [ [ [ -79.381789339665275, 43.673817439892538 ], [ -79.381862215906466, 43.673290784745774 ], [ -79.3828959344048, 43.671739118908654 ], [ -79.383764580445614, 43.671354132232466 ], [ -79.384009944271071, 43.671477105106469 ], [ -79.384386345530459, 43.673297567444706 ], [ -79.381789339665275, 43.673817439892538 ] ] ] } },
{ "type": "Feature", "properties": { "vor_id": 1570, "theft_count": 24, "bike_trips": 0.0, "theft_per_1000_trips": "<NA>" }, "geometry": { "type": "Polygon", "coordinates": [ [ [ -79.490690113282952, 43.623708953030565 ], [ -79.491076605223483, 43.624524786716755 ], [ -79.488022323437889, 43.62923857421513 ], [ -79.487489280883011, 43.625380572258251 ], [ -79.490690113282952, 43.623708953030565 ] ] ] } },
{ "type": "Feature", "properties": { "vor_id": 1571, "theft_count": 28, "bike_trips": 0.0, "theft_per_1000_trips": "<NA>" }, "geometry": { "type": "Polygon", "coordinates": [ [ [ -79.389814388133601, 43.718989573361874 ], [ -79.384975857868781, 43.720912278523294 ], [ -79.386499788335399, 43.708604381185737 ], [ -79.389413281394525, 43.708924575697338 ], [ -79.390024402679714, 43.711909868905273 ], [ -79.389814388133601, 43.718989573361874 ] ] ] } },
{ "type": "Feature", "properties": { "vor_id": 1572, "theft_count": 8, "bike_trips": 0.0, "theft_per_1000_trips": "<NA>" }, "geometry": { "type": "Polygon", "coordinates": [ [ [ -79.338867188071887, 43.665370838549975 ], [ -79.339466253058234, 43.668070934866996 ], [ -79.336625491029977, 43.667294082349144 ], [ -79.33638515587883, 43.667014607340882 ], [ -79.337227274013358, 43.664327494217872 ], [ -79.338867188071887, 43.665370838549975 ] ] ] } },
{ "type": "Feature", "properties": { "vor_id": 1573, "theft_count": 7, "bike_trips": 0.0, "theft_per_1000_trips": "<NA>" }, "geometry": { "type": "Polygon", "coordinates": [ [ [ -79.388746337506007, 43.659585158440734 ], [ -79.389803487413531, 43.66138979951733 ], [ -79.390024059353564, 43.662726445315869 ], [ -79.389820640240998, 43.662885576772567 ], [ -79.3889228274072, 43.663162164431071 ], [ -79.388768668718214, 43.663110926081494 ], [ -79.388166948371023, 43.66270833140333 ], [ -79.387767300602817, 43.659799428515264 ], [ -79.387952672536926, 43.659180714006666 ], [ -79.388012871637955, 43.659115545012277 ], [ -79.388215363201269, 43.659179081883636 ], [ -79.388746337506007, 43.659585158440734 ] ] ] } },
{ "type": "Feature", "properties": { "vor_id": 1574, "theft_count": 13, "bike_trips": 0.0, "theft_per_1000_trips": "<NA>" }, "geometry": { "type": "Polygon", "coordinates": [ [ [ -79.222044717561673, 43.754662275326474 ], [ -79.223313064708194, 43.774709808658692 ], [ -79.21791277763883, 43.770760397823324 ], [ -79.208689896083271, 43.753777120911174 ], [ -79.222044717561673, 43.754662275326474 ] ] ] } },
{ "type": "Feature", "properties": { "vor_id": 1575, "theft_count": 19, "bike_trips": 0.0, "theft_per_1000_trips": "<NA>" }, "geometry": { "type": "Polygon", "coordinates": [ [ [ -79.412406012777666, 43.660612613794207 ], [ -79.412611389499489, 43.660777930818639 ], [ -79.412331664530868, 43.66200432406086 ], [ -79.411765300137219, 43.662593854305591 ], [ -79.410464880703287, 43.661900194133757 ], [ -79.410184279733684, 43.660584384119645 ], [ -79.411041505032841, 43.660238471322032 ], [ -79.412406012777666, 43.660612613794207 ] ] ] } },
{ "type": "Feature", "properties": { "vor_id": 1576, "theft_count": 24, "bike_trips": 0.0, "theft_per_1000_trips": "<NA>" }, "geometry": { "type": "Polygon", "coordinates": [ [ [ -79.44271262661016, 43.696258338977024 ], [ -79.441595437527397, 43.698878977664023 ], [ -79.440964748412384, 43.699037585619784 ], [ -79.438234805092335, 43.698104743436318 ], [ -79.437571843346333, 43.69719209700655 ], [ -79.437530613814957, 43.697019269091172 ], [ -79.437791102351397, 43.695644515422607 ], [ -79.440606619785925, 43.694497289901172 ], [ -79.44271262661016, 43.696258338977024 ] ] ] } },
{ "type": "Feature", "properties": { "vor_id": 1577, "theft_count": 25, "bike_trips": 0.0, "theft_per_1000_trips": "<NA>" }, "geometry": { "type": "Polygon", "coordinates": [ [ [ -79.450473563404586, 43.640737405444078 ], [ -79.44866478353363, 43.633855150972444 ], [ -79.4543512, 43.635453 ], [ -79.455869274453548, 43.635114928883262 ], [ -79.456570731883687, 43.640929991940176 ], [ -79.456051046239722, 43.641147360919888 ], [ -79.450593706996472, 43.640861625814686 ], [ -79.450473563404586, 43.640737405444078 ] ] ] } },
{ "type": "Feature", "properties": { "vor_id": 1578, "theft_count": 35, "bike_trips": 0.0, "theft_per_1000_trips": "<NA>" }, "geometry": { "type": "Polygon", "coordinates": [ [ [ -79.393961686912888, 43.706742230346173 ], [ -79.39137901566221, 43.706311321578035 ], [ -79.390935012608992, 43.704138659745084 ], [ -79.391504284718096, 43.703404402258158 ], [ -79.393510845000691, 43.703161331432256 ], [ -79.394184948470112, 43.706502290037392 ], [ -79.393961686912888, 43.706742230346173 ] ] ] } },
{ "type": "Feature", "properties": { "vor_id": 1579, "theft_count": 22, "bike_trips": 0.0, "theft_per_1000_trips": "<NA>" }, "geometry": { "type": "Polygon", "coordinates": [ [ [ -79.418871194504007, 43.682855331793142 ], [ -79.419321898095021, 43.684929504567812 ], [ -79.417667367289383, 43.686345963911265 ], [ -79.416916831549983, 43.682512480057433 ], [ -79.417720430848135, 43.682199889282352 ], [ -79.418871194504007, 43.682855331793142 ] ] ] } },
{ "type": "Feature", "properties": { "vor_id": 1580, "theft_count": 22, "bike_trips": 0.0, "theft_per_1000_trips": "<NA>" }, "geometry": { "type": "Polygon", "coordinates": [ [ [ -79.450793912425127, 43.65566457933668 ], [ -79.448210365520254, 43.655219977826391 ], [ -79.447540070202081, 43.653703758339759 ], [ -79.450309706192456, 43.652887268931195 ], [ -79.450606484975808, 43.653364371160286 ], [ -79.450793912425127, 43.65566457933668 ] ] ] } },
{ "type": "Feature", "properties": { "vor_id": 1581, "theft_count": 15, "bike_trips": 0.0, "theft_per_1000_trips": "<NA>" }, "geometry": { "type": "Polygon", "coordinates": [ [ [ -79.388789828245905, 43.671511154462813 ], [ -79.388844107352597, 43.671689487358087 ], [ -79.388721092749734, 43.671989545757384 ], [ -79.385950584029331, 43.673127851097796 ], [ -79.3860059112952, 43.672665914062996 ], [ -79.388789828245905, 43.671511154462813 ] ] ] } },
{ "type": "Feature", "properties": { "vor_id": 1582, "theft_count": 10, "bike_trips": 0.0, "theft_per_1000_trips": "<NA>" }, "geometry": { "type": "Polygon", "coordinates": [ [ [ -79.491320926383509, 43.65416471661505 ], [ -79.491385098109831, 43.654167709568675 ], [ -79.49562766697764, 43.659371102585169 ], [ -79.487743148804796, 43.663091928417366 ], [ -79.487069055773361, 43.66241656137607 ], [ -79.491320926383509, 43.65416471661505 ] ] ] } },
{ "type": "Feature", "properties": { "vor_id": 1583, "theft_count": 9, "bike_trips": 0.0, "theft_per_1000_trips": "<NA>" }, "geometry": { "type": "Polygon", "coordinates": [ [ [ -79.407641764433848, 43.776860649997879 ], [ -79.407632146186444, 43.776887444354728 ], [ -79.402255151162862, 43.781690344573484 ], [ -79.397990717898068, 43.775054619115636 ], [ -79.400654439279549, 43.770249896646924 ], [ -79.40169274197055, 43.770052791234534 ], [ -79.404971088772797, 43.771184431102007 ], [ -79.405353577737458, 43.771549371488817 ], [ -79.407049583410796, 43.77419469515867 ], [ -79.407641764433848, 43.776860649997879 ] ] ] } },
{ "type": "Feature", "properties": { "vor_id": 1584, "theft_count": 25, "bike_trips": 0.0, "theft_per_1000_trips": "<NA>" }, "geometry": { "type": "Polygon", "coordinates": [ [ [ -79.538476711198797, 43.722306431064311 ], [ -79.543841877354438, 43.707029071009792 ], [ -79.565537213209808, 43.701719853798835 ], [ -79.572197924335583, 43.704970797660948 ], [ -79.548215237599919, 43.727422418611042 ], [ -79.538476711198797, 43.722306431064311 ] ] ] } },
{ "type": "Feature", "properties": { "vor_id": 1585, "theft_count": 14, "bike_trips": 0.0, "theft_per_1000_trips": "<NA>" }, "geometry": { "type": "Polygon", "coordinates": [ [ [ -79.390982225564301, 43.672462302864425 ], [ -79.39245664183548, 43.672389107991478 ], [ -79.39343636971482, 43.672925308385572 ], [ -79.391592068719604, 43.676023707729925 ], [ -79.389743030039099, 43.674935292203799 ], [ -79.390736211618133, 43.672586949091638 ], [ -79.390982225564301, 43.672462302864425 ] ] ] } },
{ "type": "Feature", "properties": { "vor_id": 1586, "theft_count": 19, "bike_trips": 0.0, "theft_per_1000_trips": "<NA>" }, "geometry": { "type": "Polygon", "coordinates": [ [ [ -79.429200689432022, 43.661106126911299 ], [ -79.428908696923131, 43.661725730275393 ], [ -79.427582614784498, 43.662246115757839 ], [ -79.427109513087288, 43.6600131301049 ], [ -79.42903229080018, 43.660363583808405 ], [ -79.429200689432022, 43.661106126911299 ] ] ] } },
{ "type": "Feature", "properties": { "vor_id": 1587, "theft_count": 3, "bike_trips": 0.0, "theft_per_1000_trips": "<NA>" }, "geometry": { "type": "Polygon", "coordinates": [ [ [ -79.370580754822299, 43.67526433124798 ], [ -79.371303613326717, 43.675592720713965 ], [ -79.372145244529406, 43.679183994816249 ], [ -79.370103545716859, 43.680659327569302 ], [ -79.367120856398813, 43.679794594699523 ], [ -79.370580754822299, 43.67526433124798 ] ] ] } },
{ "type": "Feature", "properties": { "vor_id": 1588, "theft_count": 25, "bike_trips": 0.0, "theft_per_1000_trips": "<NA>" }, "geometry": { "type": "Polygon", "coordinates": [ [ [ -79.420338126260333, 43.652214991994555 ], [ -79.420600183152231, 43.651880492690786 ], [ -79.423041662184048, 43.65292469301604 ], [ -79.423460580581335, 43.654890759346905 ], [ -79.421380778652491, 43.655682157835251 ], [ -79.421037275162064, 43.655588962546723 ], [ -79.420338126260333, 43.652214991994555 ] ] ] } },
{ "type": "Feature", "properties": { "vor_id": 1589, "theft_count": 9, "bike_trips": 0.0, "theft_per_1000_trips": "<NA>" }, "geometry": { "type": "Polygon", "coordinates": [ [ [ -79.382629830601459, 43.784131875951651 ], [ -79.38341422569458, 43.776479580856979 ], [ -79.386065001376949, 43.769122278576212 ], [ -79.389659227116667, 43.771041306259711 ], [ -79.387737860363544, 43.781249577950774 ], [ -79.385725026644565, 43.783785660084334 ], [ -79.383074403464207, 43.784374507316514 ], [ -79.382629830601459, 43.784131875951651 ] ] ] } },
{ "type": "Feature", "properties": { "vor_id": 1590, "theft_count": 11, "bike_trips": 0.0, "theft_per_1000_trips": "<NA>" }, "geometry": { "type": "Polygon", "coordinates": [ [ [ -79.424495652632515, 43.69409345960625 ], [ -79.423698691449829, 43.691287835232032 ], [ -79.423780582999953, 43.691211245937396 ], [ -79.425313409632807, 43.690306582338472 ], [ -79.42734468409202, 43.690050982851588 ], [ -79.428660910342685, 43.690631626206958 ], [ -79.427544273835565, 43.693387751180992 ], [ -79.42460662421999, 43.694239272432952 ], [ -79.424495652632515, 43.69409345960625 ] ] ] } },
{ "type": "Feature", "properties": { "vor_id": 1591, "theft_count": 145, "bike_trips": 0.0, "theft_per_1000_trips": "<NA>" }, "geometry": { "type": "MultiPolygon", "coordinates": [ [ [ [ -79.500200966278555, 43.614772800804275 ], [ -79.501448088697302, 43.615150095200498 ], [ -79.503347981384778, 43.618319874650986 ], [ -79.506270939331756, 43.622261027208189 ], [ -79.5067182497977, 43.622754558253732 ], [ -79.509566122940569, 43.625896702059336 ], [ -79.513201797791723, 43.629191885668142 ], [ -79.517142950348912, 43.632114843615135 ], [ -79.517394049550191, 43.632265346684434 ], [ -79.516216324320922, 43.632576159169858 ], [ -79.516330044158678, 43.632644320217494 ], [ -79.520765709381749, 43.634742233625651 ], [ -79.523292939727639, 43.635646491102499 ], [ -79.526170747122961, 43.63700759263228 ], [ -79.526430487381731, 43.637130440625555 ], [ -79.529312681707893, 43.638161706245413 ], [ -79.531018907269029, 43.639840447942774 ], [ -79.532224160157398, 43.639848856654652 ], [ -79.532264737470925, 43.640010850370757 ], [ -79.530972136349092, 43.640074351791881 ], [ -79.528101542999892, 43.640215375000096 ], [ -79.524678968799762, 43.640047234711552 ], [ -79.523200685983412, 43.639974611333706 ], [ -79.518347026899079, 43.639254639020258 ], [ -79.513587309137165, 43.638062391786711 ], [ -79.512845568424581, 43.637796992716019 ], [ -79.50896737138163, 43.636409351625666 ], [ -79.506610343543514, 43.635294560482436 ], [ -79.504531706158573, 43.634311438217509 ], [ -79.500323031348913, 43.631788855615234 ], [ -79.499301119689662, 43.631030954274898 ], [ -79.496381878791695, 43.628865897668234 ], [ -79.493633872996355, 43.626375250395164 ], [ -79.49274620394057, 43.625570714059421 ], [ -79.49218204145474, 43.624948256677627 ], [ -79.493952743833091, 43.625626576462786 ], [ -79.499086036568386, 43.622726574405156 ], [ -79.493532216755497, 43.618219412487505 ], [ -79.492785578156429, 43.61816364382684 ], [ -79.491648861456653, 43.618694047282737 ], [ -79.489997689100377, 43.620463937054041 ], [ -79.490576585223948, 43.62317690869348 ], [ -79.489451020331742, 43.621935039208282 ], [ -79.488671921742778, 43.62088454636784 ], [ -79.48652806238475, 43.617993886651071 ], [ -79.484585715969246, 43.614753277434502 ], [ -79.484005479782468, 43.613785211841396 ], [ -79.482507349357292, 43.610617681188941 ], [ -79.482170667142071, 43.609905826453875 ], [ -79.492076527283515, 43.61134353504842 ], [ -79.492516942784604, 43.61062585688228 ], [ -79.49484085462818, 43.610082079314545 ], [ -79.49530326422223, 43.611059762257611 ], [ -79.495803817782573, 43.612118093841381 ], [ -79.497091776862746, 43.614266923747572 ], [ -79.497964444201557, 43.615722881242377 ], [ -79.500200966278555, 43.614772800804275 ] ], [ [ -79.512121369349018, 43.630121737615205 ], [ -79.5081802167918, 43.62719877966822 ], [ -79.506044936320592, 43.625263474258077 ], [ -79.506303140719396, 43.626775716405938 ], [ -79.510034485542775, 43.632128295379708 ], [ -79.512234552670648, 43.633626985213269 ], [ -79.516216324320922, 43.632576159169858 ], [ -79.512121369349018, 43.630121737615205 ] ], [ [ -79.505932739333375, 43.624606363016909 ], [ -79.505053619843324, 43.624364997375302 ], [ -79.506044936320592, 43.625263474258077 ], [ -79.505932739333375, 43.624606363016909 ] ] ], [ [ [ -79.551671379841181, 43.634311438217509 ], [ -79.547235714618125, 43.636409351625666 ], [ -79.543457681519598, 43.637761153483638 ], [ -79.545916042146658, 43.624770350889108 ], [ -79.551834094020037, 43.62442996260642 ], [ -79.55597336968512, 43.625741135525956 ], [ -79.556023022520435, 43.626216341332103 ], [ -79.55497566022585, 43.632330928772532 ], [ -79.551671379841181, 43.634311438217509 ] ] ], [ [ [ -79.491991040468776, 43.602815676639096 ], [ -79.495671227988367, 43.606092148167484 ], [ -79.496322326609885, 43.609009155334491 ], [ -79.495348102221726, 43.609963387263726 ], [ -79.49484085462818, 43.610082079314545 ], [ -79.493705904374437, 43.607682428618347 ], [ -79.492052864213392, 43.603062490862818 ], [ -79.491991040468776, 43.602815676639096 ] ] ] ] } }
]
}
