Fri Jan 09 2026 10:22:25 GMT-0500 (Eastern Standard Time) - Run Time: 2826ms

Cross Tabulation Query Form - Trip - 2022

Row: 2022 TTS zone of destination - tts22_dest
Column: Primary travel mode of trip - mode_prime


Filters:
Regional municipality of household - region_hhld In 1

Trip 2022 
Table: 

,Transit excluding GO rail,Cycle,Auto driver,E-scooter,GO rail only,Joint GO rail and local transit,Motorcycle,Other,Auto passenger,School bus,Taxi passenger,Paid rideshare,Walk
1001,316,33,1884,8,0,0,0,0,955,5,15,98,1010
1002,112,355,688,0,0,0,16,0,81,50,0,0,202
1003,184,168,2557,0,0,0,0,0,462,0,0,8,395
1004,572,310,2222,0,0,0,10,0,226,3,15,157,249
1005,23,4,557,0,0,0,0,0,50,0,0,3,8
1006,417,369,3026,0,0,0,15,0,264,0,25,88,372
1007,86,259,243,29,0,0,0,23,40,0,0,0,12
1008,38,25,481,0,0,4,0,0,80,0,0,36,74
1009,0,92,476,0,0,0,0,0,79,0,0,0,21
1010,127,78,107,0,0,0,0,0,0,0,0,0,0
1011,200,109,462,0,0,0,0,0,208,0,0,84,11
1012,0,0,0,0,0,0,0,0,0,0,0,32,0
1013,48,0,9,0,0,0,0,0,0,0,0,0,15
1014,761,295,1056,44,0,5,0,0,595,0,0,0,1429
1015,1519,482,1882,15,6,0,70,0,815,0,39,363,2071
1016,1567,1096,1446,0,0,0,0,0,329,3,11,252,1479
1017,2308,848,3170,35,0,48,0,0,1392,0,56,153,3821
1018,1639,354,1300,6,0,0,0,0,70,0,39,39,2990
1019,626,509,786,0,0,0,0,0,165,80,0,56,3568
1020,358,195,695,0,0,3,0,0,150,0,19,42,1063
1021,7693,1556,2925,53,0,181,0,0,803,235,293,212,11881
1022,2500,1016,1811,19,0,32,0,16,678,63,141,224,4861
1023,1839,444,1502,0,0,25,0,0,233,0,0,98,4142
1024,1369,850,1904,24,0,0,0,29,863,55,24,147,3461
1025,5069,1631,2857,3,131,77,11,0,777,0,95,471,8659
1026,1206,819,1439,0,56,0,26,0,555,134,37,0,5378
1027,176,131,529,0,0,0,0,0,17,0,0,20,188
1028,783,130,853,0,19,42,0,0,246,0,3,50,1195
1029,911,448,747,0,48,5,0,16,161,0,28,35,610
1030,400,153,442,29,58,45,0,0,103,0,0,78,577
1031,300,120,506,0,22,3,0,0,130,0,0,17,479
1032,4,0,23,0,0,0,0,0,0,0,19,0,0
1033,244,17,89,0,25,0,0,0,79,0,0,0,134
1034,2178,367,1695,61,55,35,0,0,452,0,106,375,6328
1035,2302,277,784,0,97,12,29,0,184,0,69,142,4459
1036,5038,946,2535,10,109,64,0,0,290,0,44,282,5126
1037,8477,926,3009,47,41,225,24,31,1336,0,73,291,5563
1038,11614,1282,2856,34,138,172,18,0,751,32,3,187,8160
1039,1493,440,1634,0,0,24,0,0,431,265,23,181,4044
1040,3185,767,1427,11,0,57,30,0,333,0,18,202,7257
1041,2287,470,1019,12,7,4,0,0,189,0,48,62,4314
1042,4527,1355,1712,22,0,32,20,0,300,0,55,154,6461
1043,4692,721,2213,43,37,4,31,0,540,5,20,112,5730
1044,1848,413,1759,24,0,0,0,60,369,0,17,292,2618
1045,7584,982,3913,31,0,24,0,0,947,0,241,690,6933
1046,4302,994,1941,25,0,60,8,0,541,35,17,98,10324
1047,3338,494,2042,9,0,0,0,14,635,15,21,43,4196
1048,2619,523,1660,39,0,35,0,0,221,0,30,340,5053
1049,2069,467,747,156,0,11,0,0,257,0,101,52,1642
1050,6300,1325,2120,96,0,86,79,38,943,0,170,318,10637
1051,10395,1787,4139,0,13,71,0,4,1095,0,135,253,6106
1052,12692,940,2016,0,277,82,48,0,547,0,0,55,6764
1053,3577,524,1325,19,78,93,10,0,277,0,24,97,3595
1054,6809,1120,1581,57,415,42,11,37,284,0,8,417,4059
1055,12153,1563,4086,92,565,39,31,0,911,0,64,231,7466
1056,4240,403,1844,0,313,28,14,0,337,0,35,177,2279
1057,9436,994,2350,0,721,80,0,0,564,0,73,410,4544
1058,2506,449,646,29,269,83,3,0,190,0,6,89,1277
1059,4906,176,1590,0,493,30,29,0,393,0,67,624,3191
1060,3441,637,1967,57,516,131,49,44,593,0,105,218,3822
1061,864,292,1148,0,67,12,0,26,455,8,21,164,1622
1062,2140,608,1803,51,97,27,14,19,489,43,9,149,4034
1063,4134,832,1909,45,271,131,6,0,192,0,52,229,3076
1064,2671,628,1882,0,175,15,0,0,590,0,121,287,4343
1065,4399,703,1603,27,245,49,13,0,303,0,0,181,2476
1066,2687,374,1495,22,65,13,0,0,317,0,75,633,4810
1067,8021,2053,3124,61,91,86,0,0,1147,0,204,738,12747
1068,4322,1338,1801,163,4,42,74,0,577,4,75,328,7749
1069,1700,533,590,53,9,0,0,0,242,120,0,49,3322
1070,9398,2003,3205,10,37,49,40,13,1462,0,285,97,5197
1071,1052,855,551,0,0,0,0,0,149,69,76,73,2562
1072,17875,3700,2605,48,34,180,28,0,1299,0,6,126,11045
1073,3957,740,1183,0,0,37,0,0,514,10,16,98,1703
1074,5268,1755,4301,6,0,16,0,50,1130,0,76,324,6692
1075,3796,1678,2547,5,0,0,0,38,850,3,84,243,6235
1076,3792,1322,1870,39,0,22,0,0,1211,27,4,102,5257
1077,2340,1041,1733,3,0,0,0,0,1146,133,26,192,3404
1078,4210,2011,3140,41,0,53,0,0,769,0,142,359,5373
1079,2898,1079,1908,8,25,0,0,0,457,0,215,249,4188
1080,2767,1256,2206,201,163,99,18,0,325,0,49,607,8754
1081,3055,484,2072,22,14,10,0,0,764,0,47,649,5518
1082,1924,679,2654,96,21,7,0,0,443,0,0,237,6862
1083,1668,529,838,27,8,36,0,0,316,34,126,142,3669
1084,817,285,537,12,0,127,30,162,167,8,94,352,256
1085,371,148,486,82,0,0,0,32,99,0,0,132,630
1086,0,17,26,0,0,0,0,0,85,0,0,0,141
1087,1784,674,2414,31,0,6,0,0,601,0,28,332,3317
1088,407,82,573,0,37,29,10,0,79,0,17,8,133
1089,42,160,434,24,0,0,0,0,325,0,0,110,248
1090,137,61,176,0,0,0,0,0,26,0,23,70,0
1091,107,0,33,0,0,21,116,0,31,0,0,42,23
1092,2450,1087,4656,45,114,129,26,0,601,102,38,652,6369
1093,1228,562,1732,0,0,50,27,0,351,0,35,107,3501
1094,2053,1095,1411,3,9,3,78,0,422,121,22,162,4053
1095,2652,573,2299,0,27,7,0,20,615,34,47,221,2983
1096,614,762,875,8,0,33,4,0,334,0,56,217,2847
1097,1168,875,2008,73,0,0,0,0,630,187,0,53,3877
1098,3933,2326,2674,24,0,4,0,0,1000,167,17,253,7613
1099,2841,2269,3966,241,0,127,29,12,1462,63,104,64,6189
1100,2103,1101,2674,3,0,0,15,0,1131,198,97,96,4595
1101,1699,1147,1496,0,0,9,5,0,293,0,71,136,2926
1102,1248,1645,2301,8,0,4,4,0,860,0,209,286,3265
1103,2174,1495,1819,4,4,0,5,0,601,0,0,549,4878
1104,3370,1773,2707,192,127,41,21,39,480,0,45,136,2965
1105,2287,789,1169,89,0,0,7,4,325,0,0,351,2691
1106,1640,757,2378,0,0,0,0,0,881,0,8,235,3622
1107,1000,454,1229,0,0,0,5,0,244,7,0,21,1340
1108,5434,1842,4059,477,43,29,16,119,1157,0,90,56,5167
1109,554,666,1167,4,0,0,0,0,600,36,129,133,2128
1110,1416,575,662,0,0,0,0,0,254,10,23,38,1818
1111,2025,707,1227,5,0,0,8,0,306,17,13,32,2918
1112,4106,2268,4340,15,10,0,3,234,1202,501,14,202,6497
1113,1170,1047,1455,0,92,4,0,33,501,14,71,71,3095
1114,1319,1039,1823,142,0,0,0,0,871,566,4,99,2537
1115,782,250,609,0,39,0,0,0,126,0,45,15,1152
1116,1095,711,2264,0,0,0,4,0,692,58,0,4,1808
1117,1452,943,2587,74,8,5,18,0,473,0,0,77,6205
1118,1160,280,1237,0,5,5,0,0,483,7,0,15,3397
1119,2059,1234,1143,43,11,8,34,0,471,362,66,74,2427
1120,0,118,0,0,0,0,0,0,9,0,0,0,64
1121,141,183,572,0,0,0,0,0,196,0,0,68,90
1122,1981,639,1538,63,10,0,0,0,668,0,81,175,2243
1123,2032,1488,4159,44,3,0,0,0,1532,41,125,235,5651
1124,1971,1009,2956,43,131,3,0,0,873,9,16,160,3866
1125,1635,385,2436,27,18,17,6,0,960,9,0,65,2681
1126,2807,423,2257,0,54,0,35,4,412,53,33,45,2508
1127,728,337,1111,0,0,31,16,0,341,104,0,48,1991
1128,747,512,2421,0,3,3,6,0,811,8,0,158,2588
1129,3614,1057,3554,33,0,17,0,0,998,285,41,92,4954
1130,3259,1539,4664,6,5,8,36,12,1651,134,8,92,6790
1131,434,26,467,0,0,21,30,33,92,0,0,0,260
1132,2113,805,5911,52,0,5,0,28,1495,0,88,305,2985
1133,450,86,1887,0,0,0,0,0,960,8,207,35,958
1134,2851,729,3908,0,0,0,0,0,1403,28,126,18,4377
1135,3795,900,4715,33,3,18,0,0,2096,161,27,225,8552
1136,582,379,1837,21,0,0,34,0,899,29,72,0,1331
1137,1355,330,4844,0,0,0,6,0,1659,297,4,25,2867
1138,342,148,1805,0,0,0,0,0,791,9,0,67,1292
1139,1299,264,4476,6,3,0,12,0,1633,89,138,42,1880
1140,1181,116,3363,0,0,7,0,0,961,7,0,37,537
1141,1511,58,3516,55,0,0,0,0,899,505,0,427,460
1142,786,43,2341,6,36,63,0,0,787,0,133,49,207
1143,2339,974,5665,22,250,285,0,0,1580,54,0,146,2358
1144,725,158,2828,0,66,16,11,0,983,117,217,10,1236
1145,765,7,4484,0,18,15,0,0,1089,75,5,121,618
1146,180,0,481,0,0,0,0,0,115,0,0,0,26
1147,919,0,2308,0,6,6,0,0,1158,0,0,108,547
1148,418,0,988,0,0,0,0,61,182,78,91,282,24
1149,1907,0,5100,0,10,134,0,0,1601,51,0,31,1307
1150,613,30,1408,0,6,6,0,0,487,360,0,0,213
1151,94,20,781,105,0,0,0,0,40,0,0,0,0
1152,521,29,2178,0,0,0,0,9,804,352,0,50,493
1153,1224,104,3351,37,0,0,0,0,850,290,5,0,1295
1154,737,73,1506,0,0,5,0,0,620,210,129,50,754
1155,1948,157,5128,26,0,0,4,0,1784,49,0,128,1301
1156,919,428,4754,143,0,0,32,0,883,0,5,0,849
1157,1262,321,2292,0,6,3,3,0,1183,420,0,3,2768
1158,624,164,1499,0,0,4,15,0,272,0,0,37,1136
1159,2978,272,3739,164,4,9,0,0,582,94,0,8,1806
1160,2094,381,4420,0,0,0,0,0,1475,14,22,27,3013
1161,767,0,1044,0,0,0,0,0,177,34,0,0,159
1162,1438,44,2339,61,0,0,0,0,677,44,0,0,502
1163,189,0,222,0,0,0,0,0,10,0,0,0,26
1164,1123,0,4137,0,0,0,0,0,1636,478,0,284,1656
1165,1492,0,4564,0,0,0,0,0,2770,414,74,6,2068
1166,377,9,2066,36,0,0,0,0,391,80,24,0,339
1167,763,19,3344,0,0,0,0,0,379,0,0,13,344
1168,953,62,5973,104,0,0,16,0,1339,27,8,6,777
1169,1471,116,3258,84,0,0,9,0,1285,10,0,95,1055
1170,691,50,1974,0,0,0,0,0,280,0,0,0,20
1171,564,14,1331,0,0,0,0,0,229,47,0,34,253
1172,630,66,1335,0,0,0,0,0,590,73,27,271,792
1173,392,144,1584,30,0,0,4,0,211,59,0,0,1426
1174,1415,46,2205,0,0,0,16,0,656,5,0,9,933
1175,1656,412,3351,24,4,0,0,0,1308,84,17,13,2818
1176,2567,553,3633,0,0,3,8,0,1375,154,0,96,3254
1177,1895,513,3178,10,0,0,3,0,1117,3,16,137,2870
1178,557,217,1157,3,0,3,0,0,589,85,48,106,1074
1179,254,108,648,0,0,0,0,0,65,0,0,0,92
1180,2944,345,2719,6,0,0,0,0,593,30,7,29,3968
1181,2271,745,2585,0,0,0,15,0,1032,22,0,192,3970
1182,1204,155,1829,0,0,0,0,0,812,116,20,23,2248
1183,1739,655,3063,13,0,0,10,0,815,0,3,121,2019
1184,4974,816,6168,0,9,0,31,37,1780,87,86,135,7028
1185,785,88,2367,0,0,0,16,0,802,0,11,16,1149
1186,2233,327,2585,0,0,9,0,0,743,158,0,316,2294
1187,980,239,2125,0,0,0,0,0,734,201,0,54,1003
1188,2723,311,4307,4,0,0,0,0,1201,156,43,436,2395
1189,1832,177,4232,98,0,0,287,0,1341,0,0,0,1736
1190,2873,86,5834,6,0,0,0,0,1222,19,0,218,1247
1191,4274,13,6462,0,0,14,0,0,2243,0,0,259,180
1192,1398,171,3425,0,0,0,0,0,1262,208,0,186,1348
1193,2600,249,5327,0,0,0,17,0,2353,108,0,133,2636
1194,1221,23,5584,19,0,0,29,0,2687,275,0,61,1464
1195,1357,130,3359,0,0,0,33,9,978,73,5,117,2236
1196,1119,152,3403,98,0,0,0,0,738,0,0,59,1038
1197,1308,254,2163,0,0,4,0,0,998,30,77,137,2468
1198,3109,608,1942,0,0,17,4,0,248,0,20,107,1389
1199,1772,213,2936,0,0,0,17,0,653,0,13,10,2438
1200,1037,149,4025,0,0,0,0,0,1940,341,16,0,954
1201,721,80,1122,0,0,0,0,0,110,0,0,123,473
1202,2002,292,3181,0,0,0,0,0,1700,169,15,192,2564
1203,612,78,3677,0,0,0,0,0,1436,362,104,0,1458
1204,1074,142,7011,401,0,0,9,0,1712,145,8,0,2466
1205,964,118,5557,0,0,0,0,0,1514,124,65,0,1424
1206,2006,32,6182,0,0,0,6,37,1547,37,9,14,1181
1207,2467,333,6879,84,0,0,0,0,2420,161,43,33,6087
1208,2490,337,4550,195,0,0,9,0,1618,12,42,9,4348
1209,462,44,1988,0,0,0,0,5,473,44,36,49,353
1210,317,133,2238,0,0,0,0,0,605,12,0,226,1428
1211,1755,379,3622,0,0,0,0,0,1500,59,23,28,2240
1212,3192,117,3436,9,0,0,0,0,1033,67,27,38,3381
1213,2933,431,3089,0,0,29,0,0,718,27,117,98,2952
1214,3023,372,4271,0,0,9,30,0,1568,52,105,63,3080
1215,5099,583,3585,0,0,14,0,0,1139,0,56,133,5243
1216,1232,113,2540,87,0,0,0,0,1198,22,102,149,2024
1217,2199,269,1869,0,0,0,0,0,631,4,174,114,834
1218,299,386,2459,0,0,0,0,0,675,0,8,98,660
1219,559,198,3156,0,0,0,0,0,1344,60,37,7,1589
1220,39,55,322,0,0,0,0,0,58,0,0,0,233
1221,4108,560,4489,115,0,16,0,0,1053,440,62,418,5178
1222,661,107,1929,0,0,0,0,0,813,22,0,0,2317
1223,6016,326,3574,20,0,40,0,4,870,13,46,229,6919
1224,2641,369,1663,27,0,31,0,19,386,143,26,137,3905
1225,6581,415,6220,0,0,5,35,77,2310,87,205,351,9833
1226,2705,491,4919,0,0,0,8,0,1597,110,7,200,3772
1227,368,111,1686,0,0,0,0,0,385,41,15,40,1082
1228,1696,42,3165,0,0,0,144,0,1474,36,51,30,3258
1229,458,168,3055,0,0,0,0,0,688,93,11,58,968
1230,2859,289,8127,0,0,0,0,0,3919,60,60,239,6812
1231,1640,575,7062,0,0,0,0,0,2144,114,109,114,4674
1232,3639,506,7176,13,0,0,6,0,2126,41,138,101,418
1233,860,253,4527,0,0,0,0,0,1832,47,0,56,2115
1234,1022,305,9693,0,0,0,0,0,2645,0,30,96,906
1235,1131,70,5948,0,0,0,0,0,2044,0,0,135,254
1236,2682,430,6318,13,0,0,0,11,2448,630,0,227,6168
1237,4890,328,11136,0,0,0,0,0,3599,431,0,235,6882
1238,397,0,2822,0,0,0,0,0,571,0,124,0,198
1239,256,403,1814,0,0,0,0,0,969,221,11,5,431
1240,60,4,2267,0,0,0,0,0,1078,17,0,0,72
1241,831,39,7546,34,0,0,144,0,2124,28,73,91,710
1242,1358,70,4409,0,0,0,0,0,1399,26,15,73,537
1243,1059,23,3451,0,0,0,0,0,1467,171,0,33,1019
1244,1643,102,6352,5,0,0,0,0,2936,105,24,0,1286
1245,1240,8,7222,0,0,0,0,0,1950,42,22,0,394
1246,1476,0,2633,0,0,0,0,0,1121,328,46,49,905
1247,1300,64,5245,0,15,0,0,0,2135,258,30,0,2773
1248,1454,10,5261,46,0,0,0,0,2113,24,0,31,1017
1249,49,5,1624,0,0,0,0,0,709,14,0,0,316
1250,1125,9,6973,0,0,0,0,0,2648,81,24,11,518
1251,702,0,5256,0,3,0,0,0,1757,118,0,28,732
1252,737,60,4877,0,0,0,0,18,1405,0,66,26,1278
1253,2827,0,9281,0,4,0,23,0,4462,490,34,171,2715
1254,164,23,1767,0,0,0,0,0,387,0,0,81,18
1255,1002,24,3652,0,0,0,0,0,2149,442,17,62,1030
1256,743,107,5931,0,0,0,0,13,1946,0,17,66,1300
1257,1105,0,3636,0,0,0,0,0,1026,0,19,0,335
1258,629,56,4224,0,0,0,0,0,1081,272,0,41,877
1259,739,44,2977,60,0,0,0,0,1216,1013,0,360,1491
1260,770,26,3113,16,0,0,0,0,902,0,0,0,1139
1261,160,0,1815,0,0,0,0,0,444,0,0,14,121
1262,1309,117,2790,0,0,0,0,0,1767,0,0,0,817
1263,610,151,2494,0,0,0,7,13,841,103,0,39,1269
1264,5355,278,7121,46,41,0,55,0,2334,114,50,352,3996
1265,3002,64,3040,29,63,0,7,0,977,155,73,40,2966
1266,2915,400,4220,24,83,0,8,0,1447,47,27,60,4727
1267,1716,94,5615,0,187,49,78,0,1675,72,27,76,5142
1268,1567,274,6145,116,29,0,0,25,1682,113,33,166,5858
1269,1271,753,3074,55,0,0,46,0,686,12,63,21,3541
1270,1379,803,3142,0,15,0,0,0,967,27,45,112,3274
1271,1048,304,2793,29,104,18,0,49,829,0,15,56,1939
1272,3217,665,4139,46,66,45,0,0,1335,98,73,15,5500
1273,483,71,2713,0,0,0,0,0,581,0,42,0,579
1274,273,196,1156,0,0,0,0,0,441,328,0,28,265
1275,2419,522,6143,35,9,0,36,5,2442,406,93,45,2436
1276,1743,498,2587,24,0,35,25,0,1322,133,11,0,4635
1277,1492,789,1771,0,8,0,0,0,556,62,0,14,2619
1278,1718,1179,4637,115,6,0,0,0,1135,197,9,212,5205
1279,1435,894,3057,0,0,3,33,0,787,23,7,154,3998
1280,941,312,1570,0,0,0,49,0,370,0,89,26,2070
1281,2728,333,1757,53,0,0,0,0,801,7,0,105,3003
1282,1392,505,1762,0,0,21,0,12,472,0,23,426,2080
1283,1710,1061,4018,0,4,0,6,16,1791,443,11,144,3895
1284,792,377,2057,0,0,0,0,0,755,0,0,12,1350
1285,2648,744,4167,0,0,8,0,12,1483,39,76,80,2682
1286,1356,248,1423,0,0,0,0,0,783,50,0,0,2081
1287,2047,349,1823,74,0,0,0,0,535,0,0,0,1616
1288,665,234,1525,0,0,0,0,0,501,110,11,14,1353
1289,1283,758,1918,0,0,0,15,0,737,37,0,24,3837
1290,1607,529,2096,0,0,0,0,0,762,7,4,93,2514
1291,884,336,1534,0,0,0,0,0,409,45,3,39,2103
1292,1082,149,1327,19,8,0,25,90,338,71,80,35,1982
1293,2829,852,5446,0,63,0,15,106,1312,110,111,505,6573
1294,1898,261,2680,0,0,43,62,0,868,0,89,195,3917
1295,1953,1069,3331,0,0,24,0,0,1242,81,54,129,5416
1296,1056,1125,4399,61,0,0,55,4,1326,57,178,62,4552
1297,1439,400,1683,0,0,0,0,0,588,64,5,131,3876
1298,2656,841,2204,27,0,11,25,31,626,0,78,453,2907
1299,1701,534,1705,27,0,0,18,0,426,68,12,53,3636
1300,2743,353,2204,0,5,11,0,13,571,10,55,0,2706
1301,3714,940,5240,35,0,29,0,11,1472,79,17,134,6489
1302,350,121,2091,0,0,0,0,0,603,57,0,47,487
1303,223,232,2766,0,0,0,0,16,1027,19,30,76,586
1304,1792,374,5920,0,31,20,26,0,1239,243,27,163,1847
1305,522,55,5363,0,27,0,0,0,964,0,32,234,1685
1306,1414,395,3979,0,78,19,0,45,848,75,27,0,1458
1307,1240,195,6428,22,166,69,18,0,2048,714,40,123,4186
1308,1149,311,5617,0,257,64,0,18,1014,110,0,187,1328
1309,279,156,1667,0,10,22,80,0,321,8,9,99,349
1310,1960,509,6295,0,52,21,79,0,1577,120,62,0,2610
1311,1308,269,2324,0,0,17,0,0,549,12,62,29,900
1312,47,0,369,0,0,0,0,0,275,0,0,0,29
1313,751,81,2115,16,10,0,26,0,264,0,0,22,0
1314,776,43,2012,0,0,0,54,0,864,0,0,8,500
1315,734,39,4404,0,22,4,14,0,1631,8,38,116,2439
1316,1161,263,5468,0,265,64,191,0,1191,77,0,88,1602
1317,85,0,769,0,0,73,0,0,126,0,0,174,113
1318,538,199,5010,30,68,22,0,23,1772,137,0,115,1406
1319,657,81,4047,74,59,14,0,0,1080,48,0,84,727
1320,490,52,5539,46,0,0,0,0,1028,0,5,117,180
1321,712,22,3063,0,3,12,133,21,1087,72,0,0,338
1322,1694,356,11529,0,58,7,61,0,3429,85,7,117,1358
1323,247,7,1808,0,11,0,0,0,640,16,6,0,186
1324,28,0,136,0,0,0,3,0,56,0,0,0,45
1325,1008,0,1983,0,0,0,11,0,701,187,0,4,234
1326,873,34,3212,0,0,0,0,0,1252,143,0,0,906
1327,946,232,4227,46,0,0,42,0,1792,278,0,0,2217
1328,1447,238,8573,0,48,0,30,0,2446,236,40,45,1564
1329,339,81,1932,0,0,0,0,4,223,0,0,0,12
1330,1549,15,12193,0,11,0,6,12,2543,0,4,152,469
1331,5,24,1622,0,0,0,0,0,263,0,0,0,0
1332,103,5,826,0,0,0,0,0,117,0,0,0,52
1333,2360,19,3007,0,46,15,29,0,606,35,0,46,1466
1334,3713,96,8087,16,0,0,0,0,2496,164,6,51,4070
1335,889,109,3821,0,0,0,0,17,1780,198,0,8,1962
1336,998,58,3004,0,0,16,0,0,1194,49,0,40,2040
1337,1359,12,3799,25,0,0,0,0,1124,34,9,39,1808
1338,647,86,1615,0,0,0,51,0,662,81,44,15,724
1339,523,70,3585,13,0,0,0,0,721,204,21,14,392
1340,467,21,3832,0,0,0,0,0,677,21,8,40,352
1341,135,0,1620,0,0,0,0,0,783,55,0,0,152
1342,340,8,1972,25,0,0,0,0,669,44,0,0,467
1343,366,65,3014,59,0,11,0,0,1325,74,0,0,1481
1344,1086,231,6554,0,0,0,35,0,1843,284,18,54,1017
1345,379,0,2769,23,0,6,0,0,903,3,0,11,365
1346,584,206,5137,0,0,7,0,0,2233,164,73,6,1156
1347,336,9,1885,0,5,0,0,0,678,7,0,20,616
1348,325,80,1477,0,0,19,6,0,677,0,0,0,501
1349,760,0,4778,0,12,6,0,0,1016,75,0,0,492
1350,462,224,2258,0,0,0,0,0,462,0,0,0,398
1351,257,84,2085,0,8,0,0,22,743,166,0,0,234
1352,296,0,834,0,0,0,0,0,70,169,0,0,175
1353,481,45,3136,0,0,5,0,0,716,393,0,96,642
1354,166,40,1276,0,0,5,0,0,371,33,0,22,792
1355,646,33,3412,76,0,0,0,0,719,9,0,26,409
1356,233,191,3323,0,0,4,57,0,1537,63,0,0,417
1357,1622,200,6006,0,71,4,0,0,2970,347,18,7,1369
1358,916,74,3935,0,0,4,0,0,862,401,35,86,267
1359,167,13,2348,0,33,0,0,0,1465,168,0,0,284
1360,148,31,2655,0,7,0,0,0,469,0,0,17,326
1361,370,22,2670,0,0,0,0,0,727,0,8,12,275
1362,618,149,3294,0,4,0,55,0,938,104,0,0,208
1363,1425,38,6406,0,4,16,0,0,2124,679,0,16,371
1364,634,24,4193,0,0,0,0,0,938,84,24,116,915
1365,604,76,2617,0,11,39,0,0,1361,12,0,0,397
1366,1245,201,5840,0,0,31,0,0,2253,238,0,11,1008
1367,425,72,2903,0,0,0,0,0,1103,169,123,0,396
1368,415,179,5365,0,0,0,0,34,1029,687,11,0,1286
1369,721,170,3867,0,10,7,0,9,945,92,0,42,476
1370,248,28,2688,0,34,10,116,0,1000,36,0,8,9
1371,859,0,6031,0,7,5,0,0,1737,473,56,225,753
1372,1784,123,4858,0,0,63,0,0,1257,626,17,0,2078
1373,347,52,2201,0,0,0,0,0,1215,0,0,0,987
1374,1011,147,2611,0,0,0,0,0,483,19,0,21,799
1375,29,0,1867,0,0,0,0,0,242,0,0,0,37
1376,15,20,1304,0,4,0,0,0,192,0,0,0,0
1377,138,0,1053,0,0,0,0,0,251,0,0,0,0
1378,159,0,2919,0,0,0,0,0,175,0,0,0,7
1379,221,0,1711,0,0,0,0,0,70,0,0,18,0
1380,132,17,827,0,0,0,0,0,174,0,0,0,0
1381,297,0,880,0,0,0,0,0,109,0,0,0,19
1382,122,0,664,0,0,0,0,0,66,0,0,0,23
1383,288,0,987,0,0,0,0,0,53,0,0,0,0
1384,1254,5,3307,0,8,4,0,0,886,50,123,40,747
1385,263,87,4097,0,0,8,0,0,1081,117,30,273,726
1386,1244,163,3969,0,5,0,0,0,1085,76,0,67,1193
1387,506,81,3173,0,44,8,0,9,1395,107,0,0,1033
1388,463,0,1643,0,0,0,0,0,837,0,0,0,325
1389,988,182,5173,0,12,0,14,10,1747,136,0,0,1017
1390,350,0,1325,0,0,0,0,0,347,403,0,4,429
1391,1061,4,3138,0,20,13,0,0,1023,424,0,34,575
1392,4652,223,2682,148,0,5,0,0,632,0,0,0,1301
1393,671,0,3310,0,0,0,0,143,1263,258,14,125,1399
1394,1482,74,2673,0,0,0,0,0,1276,119,0,47,968
1395,331,78,2378,0,0,8,0,0,1305,19,4,0,582
1396,426,0,3059,12,4,0,0,0,769,327,150,0,116
1397,1316,5,3344,0,6,0,0,91,1480,78,174,0,2186
1398,307,5,1171,0,0,0,0,0,288,16,0,0,145
1399,652,0,1468,148,0,0,0,0,359,0,0,0,70
1400,321,0,926,0,0,0,0,0,104,0,0,0,8
1401,178,0,799,0,0,0,0,0,403,69,0,13,0
1402,531,0,823,0,0,0,0,0,215,102,0,0,179
1403,713,0,2656,0,0,0,0,0,1435,143,0,0,2378
1404,1866,0,5558,0,0,0,0,69,1754,664,69,0,1570
1405,198,177,1612,12,5,0,0,0,440,279,0,164,376
1406,788,5,4091,0,11,0,0,0,1206,38,214,0,2048
1407,84,0,1293,0,0,0,0,0,101,0,0,0,64
1408,603,248,1467,0,0,0,0,0,407,0,0,133,0
1409,425,0,2618,0,0,0,0,0,605,0,0,163,31
1410,2069,6,3710,0,0,0,0,0,1230,0,0,49,4108
1411,1919,240,2408,0,0,0,0,0,662,281,0,7,1924
1412,9912,161,5008,0,0,57,0,0,1744,223,4,148,1271
1413,450,0,1183,0,0,0,0,0,150,0,0,0,84
1414,1309,0,5879,0,0,0,0,0,1109,0,4,0,459
1415,917,0,5001,0,0,0,23,0,1356,0,0,85,293
1416,1130,0,2920,0,0,18,0,0,566,0,0,0,424
1417,1344,35,2485,0,0,0,0,157,1231,171,0,133,730
1418,1234,0,1180,0,0,0,0,0,294,128,151,0,575
1419,1850,95,1579,0,0,0,0,0,574,56,4,143,1035
1420,565,0,1263,0,0,0,0,30,416,100,0,0,425
1421,2250,193,3188,43,0,0,0,0,1605,387,75,216,2271
1422,512,0,2623,0,0,0,0,0,927,27,0,8,1265
1423,188,0,1081,0,0,0,0,0,41,0,0,0,14
1424,525,44,2920,0,0,0,0,4,1357,74,0,0,441
1425,1913,44,3252,0,0,0,0,0,1044,387,79,28,889
1426,325,0,1434,0,0,0,0,0,512,0,0,189,454
1427,324,0,4072,0,29,4,0,0,1263,54,0,78,373
1428,1632,167,3556,43,0,0,0,0,1454,222,0,46,352
1429,1050,0,3740,0,0,0,0,0,1931,35,37,29,496
1430,1730,0,2759,0,33,0,0,0,1134,604,0,22,2623
1431,1097,0,2670,0,0,0,0,0,709,0,91,0,297
1432,999,0,1865,0,0,0,0,0,369,37,18,49,1323
1433,679,0,2046,59,0,74,0,20,678,187,0,65,961
1434,843,332,3069,0,0,0,0,0,1876,183,0,36,52
1435,1572,494,2158,86,0,0,23,0,768,140,0,0,1571
1436,1293,0,3797,19,0,0,20,0,1140,44,33,44,1082
1437,802,0,2864,0,0,0,0,19,742,35,184,26,389
1438,2108,24,4526,36,0,0,0,0,1094,137,0,3,2057
1439,1830,76,4675,0,0,0,0,19,906,0,0,59,282
1440,485,20,1497,7,0,10,0,21,263,3,0,32,642
1441,85,0,184,0,0,0,0,0,12,0,0,0,0
1442,0,0,296,0,0,0,0,0,16,0,0,0,0
1443,72,34,760,0,0,0,0,0,143,0,0,0,70
1444,627,116,2016,0,0,0,0,0,597,30,0,79,293
1445,744,129,2404,17,0,0,0,0,713,0,0,0,129
1446,943,57,3714,0,0,0,0,0,1177,38,127,28,1122
1447,2023,22,8230,7,0,8,23,24,2962,208,0,35,806
1448,1064,92,4089,0,0,0,0,0,1654,213,43,36,1025
1449,437,34,1829,0,0,0,0,0,652,34,0,53,256
1450,888,8,2811,0,0,0,0,0,1476,166,0,0,778
1451,1893,601,6055,0,0,0,45,0,1993,0,0,94,1709
1452,947,183,2643,0,0,0,0,0,976,721,0,15,427
1453,647,53,1575,0,0,0,0,0,688,156,0,0,1215
1454,326,352,2192,0,0,0,0,0,1087,103,0,0,682
1455,3837,0,7143,17,0,0,0,0,1764,434,25,15,1453
1456,285,72,3210,0,0,0,31,5,672,501,0,87,462
1457,281,70,1777,0,0,0,0,13,585,625,0,0,486
1458,211,47,1122,0,8,0,0,0,244,0,34,37,212
1459,1805,0,3291,0,0,0,0,0,913,280,144,0,267
1460,1587,15,3212,0,0,0,0,0,866,0,0,27,981
1461,720,31,2820,0,0,0,0,0,1184,35,67,51,1058
1462,609,85,2301,0,0,0,0,0,935,92,21,66,1526
1463,1223,50,2113,0,0,0,0,0,852,38,0,0,786
1464,1142,30,4486,0,0,0,0,0,1349,194,0,41,786
1465,1561,56,4099,0,0,0,0,12,1200,144,0,0,1439
1466,4347,46,4100,0,0,12,0,6,997,109,23,57,2779
1467,866,0,1488,0,0,0,0,0,572,11,39,60,1033
1468,1740,0,2825,0,0,0,0,0,1124,37,0,30,2405
1469,3501,228,2768,0,0,0,0,0,551,89,45,0,910
1470,238,9,1147,27,0,0,0,0,265,730,0,5,117
1471,1262,195,3764,0,0,0,0,0,1350,274,0,0,670
1472,648,0,1328,0,0,0,0,0,283,75,0,0,217
1473,1615,0,2408,0,0,0,0,0,933,125,0,20,666
1474,162,0,531,0,0,0,0,0,189,0,0,0,47
1475,1716,33,3726,0,5,0,0,44,1326,24,0,50,3494
1476,631,114,1408,54,0,0,0,0,696,39,0,56,2154
1477,435,20,1763,0,0,0,0,0,1033,0,0,0,774
1478,5401,189,8458,27,0,0,6,0,2798,234,0,228,6162
1479,955,83,2360,0,0,0,0,0,1275,8,0,0,1145
1480,3646,36,4763,0,0,0,0,0,1224,29,0,202,2981
1481,509,4,1937,5,0,0,0,0,862,9,0,31,1615
1482,542,10,3545,19,0,0,0,0,1600,126,10,0,668
1483,442,0,2705,0,3,0,0,44,1104,88,0,0,898
1484,490,0,1851,0,0,0,0,0,498,30,0,0,474
1485,593,0,2962,0,0,3,0,0,1091,181,0,0,390
1486,425,36,3919,0,94,0,0,0,1299,156,257,0,806
1487,344,3,3611,0,13,0,0,5,1413,160,0,42,427
1488,289,0,1947,0,0,0,0,0,923,41,7,0,556
1489,1235,32,6296,50,0,0,20,0,1713,0,0,76,2140
1490,632,13,1475,0,0,0,0,0,316,0,0,0,232
1491,1186,19,4343,25,0,4,0,0,1332,65,20,72,656
1492,1437,18,8144,0,32,10,20,0,1963,0,64,162,458
1493,516,0,1895,0,0,0,0,8,663,120,0,8,1742
1494,2411,19,6752,0,12,16,0,0,3415,132,56,173,2889
1495,672,0,1819,0,14,0,0,0,405,48,6,0,651
1496,614,0,2245,0,27,4,0,0,823,30,0,29,544
1497,895,43,3151,0,3,0,0,0,1466,65,23,55,939
1498,916,0,3091,0,6,0,107,0,1690,102,0,25,1446
1499,188,30,1159,0,4,0,0,0,385,26,0,0,502
1500,469,107,2310,0,0,0,0,0,320,0,0,0,11
1501,132,0,1712,0,0,0,0,0,952,69,0,0,434
1502,355,0,1399,0,0,11,0,0,555,0,0,0,194
1503,1608,11,3692,0,0,0,0,0,958,28,57,0,661
1504,186,0,877,0,10,17,0,4,166,0,0,0,87
1505,1271,9,2643,0,3,5,0,0,1107,248,0,0,442
1506,421,0,1695,0,4,0,0,0,647,49,43,0,150
1507,773,103,3617,10,0,0,6,0,1599,188,0,0,1626
1508,1502,3,3411,0,0,0,0,0,1356,179,0,0,1834
1509,2790,33,5682,0,0,6,0,0,1468,0,0,53,877
1510,753,0,5872,10,11,0,0,0,2493,227,8,167,1967
1511,1976,0,4188,0,0,0,0,0,1505,261,22,13,3347
1512,2255,73,8786,55,10,5,0,0,3433,0,0,41,1177
1513,793,50,4204,0,0,0,10,0,1904,418,0,53,848
1514,245,7,2805,0,0,0,0,15,1147,0,0,81,13
1515,1403,55,4802,0,0,0,4,0,1227,0,22,155,1000
1516,1004,0,5368,0,0,0,0,0,1536,0,0,0,331
1517,178,0,1760,0,0,0,0,0,549,0,0,0,33
1518,18,0,378,0,0,0,0,0,58,0,0,0,0
1519,6153,213,13750,0,6,10,11,20,3946,15,55,72,2036
1520,1685,18,6023,47,18,27,0,27,1835,503,0,209,856
1521,369,0,1755,0,0,0,0,0,340,0,0,0,110
1522,1352,68,747,0,0,0,0,0,283,0,0,19,492
1523,386,72,2104,0,7,0,0,0,1121,107,0,0,1444
1524,177,63,1229,0,12,14,0,0,376,36,8,17,267
1525,987,233,2543,0,0,23,0,16,1069,128,18,227,2402
1526,1245,98,4759,0,0,0,0,0,1769,508,0,192,2771
1527,387,0,2454,0,7,0,0,0,840,107,12,0,459
1528,592,43,1816,0,30,0,0,0,688,46,0,0,632
1529,1053,15,4126,0,15,0,5,0,1986,162,22,0,188
1530,450,144,1708,0,25,0,21,0,964,32,0,0,410
1531,894,14,2365,0,11,4,0,12,734,79,0,11,855
1532,1500,0,9931,0,0,0,13,0,3490,387,0,94,350
1533,696,0,3694,0,0,0,0,0,1169,33,0,0,939
1534,764,3,3645,34,4,0,55,0,1123,6,0,45,299
1535,1114,29,2195,0,0,0,0,0,651,340,0,63,609
1536,461,90,3465,7,14,0,18,0,1264,284,0,48,610
1537,252,5,1633,14,0,0,0,0,487,0,0,0,138
1538,619,29,1111,0,0,0,0,0,235,210,0,0,675
1539,489,0,1426,0,0,0,0,0,453,0,35,0,272
1540,913,46,2292,0,0,0,0,0,962,406,0,0,1565
1541,290,122,2253,0,0,0,0,0,922,0,0,4,200
1542,966,0,4191,0,0,0,0,0,1918,289,14,11,588
1543,151,0,2214,0,4,0,0,0,567,376,0,0,672
1544,668,20,2226,0,110,78,0,0,706,376,8,81,149
1545,1332,84,5591,0,0,33,0,0,2036,27,142,0,2418
1546,1569,16,2659,0,0,0,0,0,805,0,0,0,1008
1547,70,0,2082,0,25,0,0,0,443,75,4,0,552
1548,1384,15,2901,0,107,0,0,0,684,95,7,40,1324
1549,228,17,1279,0,5,30,0,0,190,64,0,14,106
1550,1943,65,3321,0,66,0,0,0,1197,12,49,40,1857
1551,731,54,2930,0,0,0,0,32,856,36,27,0,968
1552,897,30,2398,0,10,0,0,0,1210,59,0,7,519
1553,2134,12,3731,0,5,87,0,0,3312,169,0,0,2214
1554,1513,109,2961,0,0,0,0,0,936,40,0,28,1641
1555,615,65,4267,66,0,0,0,0,1077,0,0,21,269
1556,1661,68,5899,36,0,0,0,5,1661,0,0,28,348
1557,984,13,1806,0,0,0,0,0,358,86,0,12,479
1558,1592,91,6723,0,11,4,22,0,2722,387,42,77,2016
1559,752,80,4147,28,10,0,0,0,1602,0,0,17,274
1560,331,77,1926,0,0,0,22,0,224,119,18,25,15
1561,1990,52,1892,0,0,0,0,32,887,419,0,12,998
1562,1072,11,2079,0,14,0,0,0,975,588,0,0,1675
1563,1360,6,4931,0,51,22,0,0,1640,156,28,38,744
1564,732,7,1240,0,14,84,0,0,507,52,0,0,208
1565,364,31,1577,0,3,0,0,26,449,83,0,0,385
1566,830,9,2276,0,5,0,0,0,680,0,0,0,1033
1567,2249,93,4606,0,0,11,0,13,1699,257,34,47,1676
1568,2171,36,3501,0,0,22,22,0,1828,148,0,292,1124
1569,2952,151,5841,0,17,32,55,5,1755,52,398,0,2172
1570,742,152,3875,0,7,0,77,0,1369,0,107,43,1781
1571,1048,78,2723,6,11,0,0,26,701,0,18,32,1517
1572,555,25,1793,0,0,4,28,0,1006,0,59,32,517
1573,684,188,3899,0,30,27,0,0,1508,48,87,90,1279
1574,689,62,4581,5,115,0,0,0,1000,12,51,0,1192
1575,1395,19,3932,9,100,9,13,12,1243,99,0,4,1149
1576,1141,72,5062,0,4,18,0,0,2436,28,0,43,688
1577,563,34,3571,0,41,0,0,19,1853,160,6,0,878
1578,311,22,2420,0,24,4,0,0,1399,0,11,11,207
1579,233,0,1608,0,0,0,0,0,427,47,0,39,211
1580,1227,7,2049,0,12,0,0,0,1105,0,9,0,754
1581,167,0,1290,0,55,13,0,0,299,122,0,4,265
1582,314,0,1295,0,0,0,0,0,565,37,0,0,412
1583,823,73,2720,0,0,0,0,0,608,0,9,0,261
1584,1237,21,1243,0,0,0,0,0,1002,0,0,0,1094
1585,220,0,534,0,0,8,0,0,99,0,0,0,168
1586,602,88,3307,0,33,36,0,0,1143,98,0,9,728
1587,1100,0,4032,0,30,70,0,0,1492,192,0,40,1129
1588,49,0,616,0,0,13,0,0,81,0,0,0,0
1589,664,5,2148,7,55,34,56,0,1143,108,14,21,656
1590,340,0,1430,0,31,9,0,0,645,0,0,0,99
1591,1264,19,2439,0,61,30,0,0,648,14,0,126,890
1592,2429,111,7789,7,37,38,0,0,1947,785,29,0,3367
1593,193,0,2049,0,0,0,0,0,625,0,0,40,172
1594,1877,44,4187,95,0,0,0,0,1595,387,176,121,611
1595,386,124,2573,0,0,0,0,0,1149,489,0,0,660
1596,1164,78,1977,0,0,18,0,0,859,0,0,0,480
1597,555,96,2930,0,0,21,0,0,944,207,0,34,289
1598,3779,158,2611,0,0,26,8,0,828,0,0,0,840
1599,116,0,628,0,5,20,0,0,403,49,0,0,59
1600,904,113,4753,0,41,14,0,0,2158,83,0,148,588
1601,733,89,4325,0,79,0,0,0,2084,197,157,0,459
1602,271,14,6060,0,70,134,0,0,2847,81,0,14,1556
1603,610,82,8625,206,237,113,74,0,2619,85,36,9,2074
1604,743,0,4216,0,7,0,0,42,1599,100,29,51,1039
1605,69,0,1497,0,5,0,0,49,596,0,0,0,24
1606,326,0,1515,0,22,4,0,0,339,43,0,0,50
1607,671,84,3347,0,14,25,0,0,1186,119,0,151,1185
1608,272,27,2042,0,0,0,0,0,289,0,0,0,75
1609,361,91,1353,0,0,0,0,0,901,0,0,0,137
1610,103,0,1602,0,0,0,0,0,566,0,0,0,87
1611,254,0,1140,0,0,0,0,0,31,0,0,14,46
1612,1085,0,3771,0,0,11,0,0,1785,298,0,5,2015
1613,1460,0,6221,0,0,0,0,0,2776,491,0,247,1158
1614,583,0,1619,0,0,0,0,0,710,0,19,0,208
1615,137,0,959,0,24,0,0,0,191,0,0,0,89
1616,981,41,4425,0,18,0,0,0,1179,24,0,130,181
1617,713,46,1621,0,0,0,0,0,924,0,36,0,242
1618,216,78,1588,0,0,0,0,0,463,178,0,49,184
1619,1302,41,5068,0,4,0,0,0,1778,65,0,50,1314
1620,535,119,3688,0,4,4,0,0,1445,0,0,0,2216
1621,875,32,6611,0,34,0,22,0,2996,167,53,0,2822
1622,796,308,6795,0,6,9,0,0,2683,526,39,0,2363
1623,256,56,1188,0,0,0,0,0,332,0,0,0,104
1624,941,78,4281,0,24,0,0,63,1213,26,0,6,1551
1625,1664,287,8131,0,31,36,0,14,4100,162,0,15,3044
1626,1930,83,5516,0,28,5,37,55,2220,119,7,0,1079
1627,579,0,3526,0,6,8,0,0,1770,70,0,4,1082
1628,461,62,3330,0,5,0,0,35,1858,0,13,0,763
1629,1213,94,5728,0,77,0,0,20,1782,211,76,0,1759
1630,346,122,2360,0,0,18,0,0,840,94,0,0,259
1631,321,0,3673,0,64,17,22,0,1907,164,3,0,772
1632,277,0,2952,0,0,0,0,0,1553,0,0,0,188
1633,464,145,4280,0,0,0,0,7,1059,0,20,70,358
1634,1292,253,8059,0,5,15,0,0,2521,71,0,98,4535
1635,1975,295,6462,0,4,8,0,0,2317,495,0,20,3351
1636,291,0,1130,0,0,0,0,0,359,0,0,0,961
1637,683,46,3249,9,5,0,0,0,1754,409,0,15,1465
1638,127,10,1218,0,0,0,0,0,524,0,0,0,76
1639,168,63,2830,0,0,0,11,0,933,0,0,0,217
1640,1584,111,4999,0,22,0,0,0,2152,408,0,37,1309
1641,209,0,2122,0,11,0,0,4,907,11,0,0,1065
1642,309,85,2898,0,13,0,0,0,1362,44,0,0,788
1643,550,25,3077,0,0,0,0,0,665,0,50,0,99
1644,154,0,1306,0,0,0,0,0,255,0,0,31,30
1645,350,0,1148,0,0,0,0,0,284,0,16,0,65
1646,381,12,2443,0,0,0,0,0,1308,0,52,22,188
1647,1638,71,4996,30,0,70,0,0,2754,336,52,15,2655
1648,142,0,897,0,0,0,0,0,306,0,0,0,20
1649,352,0,2548,0,0,0,0,0,694,0,0,0,149
1650,78,21,1979,0,0,0,0,0,738,0,0,235,145
1651,579,24,3890,0,0,16,0,0,1898,140,29,0,548
1652,529,0,1924,0,42,24,0,0,746,55,0,0,152
1653,786,41,3527,0,0,0,0,0,727,29,0,0,364
1654,2040,38,4823,0,0,0,0,0,2367,773,0,36,1584
1655,1138,70,5413,0,0,27,0,0,1903,305,0,61,808
1656,275,129,2162,0,70,10,0,16,817,0,0,0,115
1657,400,22,878,0,0,0,0,0,64,0,0,0,11
1658,645,0,2834,0,21,0,0,0,2067,161,31,111,814
1659,144,10,619,0,0,0,0,0,413,55,0,11,12
2001,0,0,24,0,0,0,0,0,64,0,0,0,0
2002,0,0,30,0,0,0,0,0,9,0,0,0,0
2003,0,0,151,0,0,0,0,0,43,0,0,0,0
2004,0,0,0,0,0,0,0,0,0,0,0,54,0
2007,0,0,27,0,0,0,0,0,0,0,0,0,0
2008,0,0,5,0,0,0,0,0,0,0,0,0,0
2010,0,0,71,0,0,0,0,0,16,0,0,0,0
2011,0,0,14,0,0,0,0,0,0,0,0,0,0
2012,0,0,7,0,0,0,0,0,7,0,0,0,0
2013,0,0,20,0,0,0,0,0,0,0,0,0,0
2016,0,0,25,0,0,0,0,0,0,0,0,0,0
2019,0,0,7,0,0,0,0,0,0,0,0,0,0
2020,0,0,19,0,0,0,0,0,0,0,0,0,0
2024,0,0,0,0,0,0,0,0,41,0,0,0,0
2025,0,0,20,0,0,0,0,0,0,0,0,0,0
2026,0,0,110,0,0,0,0,0,15,0,0,0,0
2028,0,0,39,0,0,0,0,0,0,0,0,0,0
2029,8,0,81,0,0,0,0,0,228,0,0,0,0
2030,0,0,4,0,0,0,0,0,0,0,0,0,0
2031,0,0,85,0,0,0,0,0,17,0,0,0,0
2032,0,0,22,0,0,0,0,0,0,0,0,0,0
2033,0,0,292,0,0,0,0,0,86,86,0,0,28
2034,0,0,160,0,0,0,0,0,70,0,0,0,0
2035,0,0,199,0,0,0,0,0,145,0,0,0,0
2036,0,0,27,0,0,0,0,0,0,0,0,0,0
2037,0,0,69,0,0,0,0,0,0,0,0,0,0
2038,0,0,118,0,0,0,0,0,5,0,0,0,0
2039,0,0,179,0,0,0,0,0,9,0,0,0,0
2040,0,0,186,0,0,0,0,0,0,0,0,0,28
2041,40,0,642,0,0,0,0,0,109,0,0,0,0
2042,47,0,1717,0,6,5,0,0,502,0,0,0,0
2043,0,0,217,0,0,0,0,0,29,0,0,0,0
2044,0,0,126,0,0,0,0,0,0,0,0,0,0
2045,28,0,401,0,0,0,0,0,95,0,0,0,0
2046,221,0,831,0,0,10,0,0,171,0,0,0,0
2047,0,0,710,0,0,4,0,0,51,0,0,0,0
2048,11,0,729,0,0,0,0,0,461,0,0,0,0
2049,0,0,157,0,0,0,0,0,21,0,0,0,0
2050,0,0,219,0,0,87,0,0,92,0,0,0,0
2051,0,0,332,0,18,0,0,0,37,0,0,0,0
2052,0,0,256,0,4,0,0,0,3,0,0,0,0
2053,0,0,544,0,0,0,0,0,17,0,0,0,0
2054,0,0,279,0,0,4,0,0,69,0,0,0,0
2055,0,0,762,0,0,29,0,0,27,0,0,0,0
2056,0,0,345,0,0,15,0,0,0,0,0,0,0
2057,0,0,4,0,0,0,0,0,0,0,0,0,0
2059,0,0,52,0,0,0,0,0,24,0,0,105,0
2060,0,0,374,0,0,0,0,0,17,0,0,0,0
2061,0,0,173,0,0,0,0,0,83,0,0,0,0
2062,0,0,25,0,0,0,0,0,19,0,0,0,0
2063,0,0,27,0,0,5,0,0,0,0,0,0,0
2064,0,0,130,0,0,0,0,0,0,0,0,0,0
2066,0,0,4,0,0,0,0,0,0,0,0,0,0
2067,0,0,17,0,0,0,0,0,8,0,0,0,0
2068,0,0,50,0,0,0,0,0,0,0,0,0,0
2069,0,0,37,0,0,0,0,0,0,0,0,0,0
2070,0,0,79,0,0,0,0,0,117,0,0,0,0
2071,0,0,65,0,0,0,0,0,0,0,0,0,0
2072,0,0,20,0,0,0,0,0,0,0,0,0,0
2074,0,0,211,0,0,0,0,0,39,0,0,0,0
2075,80,0,72,0,0,0,0,0,59,0,0,0,0
2076,0,0,115,0,0,0,0,0,139,0,0,0,0
2077,27,0,851,0,0,0,0,0,383,0,0,0,54
2078,0,0,212,0,0,0,0,0,14,0,0,0,0
2080,31,0,138,0,0,0,0,0,33,0,0,0,0
2081,0,0,5,0,0,0,0,0,0,0,0,0,0
2082,0,0,126,0,9,0,0,0,0,0,0,0,0
2083,0,0,47,0,0,0,0,0,0,0,0,0,0
2084,0,0,5,0,0,0,0,0,0,0,0,0,0
2085,0,0,141,0,0,0,0,0,0,0,0,0,0
2088,0,0,355,0,0,0,4,0,45,0,0,0,0
2089,0,0,216,0,0,0,0,0,28,0,0,0,0
2090,0,0,217,0,0,0,0,0,0,0,0,0,0
2091,0,0,43,0,0,0,0,0,46,0,0,0,0
2092,60,0,414,0,0,3,0,0,15,0,0,0,0
2093,0,0,109,0,0,6,0,0,0,0,0,0,0
2094,0,0,138,0,5,4,0,0,20,0,0,0,0
2095,0,0,95,0,0,0,0,0,29,0,0,0,0
2096,0,0,68,0,0,0,0,0,5,0,0,0,12
2097,0,0,80,0,0,4,0,0,0,0,0,0,0
2099,0,0,14,0,0,0,0,0,0,0,0,0,0
2102,0,0,27,0,0,0,0,0,0,0,0,0,0
2106,0,0,26,0,0,0,0,0,14,0,0,0,0
2107,0,0,6,0,0,0,0,0,0,0,0,0,0
2108,0,0,3,0,0,0,0,0,0,0,0,0,0
2109,0,0,6,0,0,0,0,0,12,0,0,0,0
2110,0,0,53,0,0,0,0,0,0,0,0,0,0
2112,0,0,91,0,0,0,0,0,8,0,0,0,0
2113,0,0,7,0,0,0,0,0,7,0,0,0,0
2114,0,0,10,0,0,0,0,0,0,0,0,0,0
2115,0,0,52,0,0,0,0,0,0,0,0,0,0
2116,0,0,56,0,0,0,0,0,18,0,0,0,0
2117,0,0,124,0,0,0,0,0,0,0,0,0,0
2118,0,0,16,0,0,0,0,0,0,0,0,0,0
2121,0,0,43,0,0,4,0,0,0,0,0,0,0
2122,0,0,35,0,0,0,0,0,56,0,0,0,0
2123,0,0,22,0,0,0,0,0,0,0,0,0,0
2124,0,0,32,0,0,4,0,0,11,0,0,0,0
2125,34,0,0,0,0,0,0,0,0,0,0,0,0
2127,0,0,11,0,0,0,0,0,0,0,0,0,0
2128,0,0,41,0,0,0,0,0,0,0,0,0,0
2129,0,0,31,0,0,0,0,0,0,0,0,0,0
2130,0,0,151,0,0,0,0,0,0,0,0,0,0
2131,0,0,116,0,0,8,0,0,4,0,0,0,0
2132,0,0,89,0,0,0,0,0,15,0,0,0,0
2133,0,0,92,0,0,0,0,0,0,0,0,0,0
2134,0,0,60,0,0,0,0,0,13,0,0,0,0
2135,0,0,151,0,0,0,0,0,0,0,0,0,0
2136,0,0,6,0,0,0,0,0,0,0,0,0,0
2137,0,0,113,0,0,0,0,0,97,0,0,0,0
2139,0,0,21,0,0,0,0,0,0,0,0,0,0
2140,0,0,116,0,0,0,0,0,0,0,0,0,0
2141,0,0,98,0,0,0,0,0,50,0,0,0,0
2142,0,0,83,0,11,0,0,0,15,0,0,0,0
2143,0,0,35,0,0,0,0,0,0,0,0,0,0
2144,0,0,221,0,0,0,0,0,0,0,0,0,0
2145,0,0,39,0,0,0,0,0,0,0,0,0,0
2146,0,0,250,0,0,33,0,0,8,0,0,0,0
2147,0,0,73,0,0,0,0,0,26,0,0,0,0
2148,69,0,19,0,0,27,0,0,0,0,0,0,0
2149,0,0,7,0,0,0,0,0,0,0,0,0,0
2150,0,0,47,0,0,0,0,0,0,0,0,0,0
2152,0,0,69,0,0,0,0,0,0,0,0,12,0
2153,0,0,294,0,0,0,0,0,122,0,0,0,28
2154,0,0,187,0,0,0,0,0,115,0,0,0,0
2155,0,0,260,0,0,0,30,0,0,0,0,0,0
2157,0,0,14,0,0,0,0,0,0,0,0,0,0
2159,0,0,30,0,0,0,0,0,0,0,0,0,0
2171,0,0,46,0,0,0,0,0,0,0,0,0,0
2172,0,0,26,0,0,0,0,0,0,0,0,0,0
2173,0,0,8,0,0,0,0,0,0,0,0,0,0
2175,0,0,9,0,0,0,0,0,0,0,0,0,0
2179,376,0,465,0,0,73,0,0,76,0,0,0,0
2180,0,0,37,0,0,0,0,0,0,0,0,0,0
2181,0,0,106,0,0,0,0,0,0,0,0,0,0
2182,0,0,0,0,0,10,0,0,0,0,0,0,0
2184,0,0,50,0,0,0,0,0,0,0,0,0,0
2185,0,0,89,0,0,0,0,0,0,0,0,0,0
2186,0,0,21,0,0,0,0,0,0,0,0,0,0
2187,0,0,82,0,0,0,0,0,82,0,0,0,0
2188,0,0,207,0,0,0,0,0,11,0,0,0,0
2189,0,0,5,0,0,0,0,0,14,0,0,0,0
2191,0,0,22,0,0,0,0,0,0,0,0,0,0
2193,19,0,42,0,0,0,0,0,19,0,0,0,0
2194,0,0,189,0,0,0,0,0,83,0,0,0,0
2195,0,0,45,0,0,0,0,0,0,0,0,0,0
2196,0,0,95,0,0,0,0,0,0,0,0,0,0
2197,0,0,9,0,0,0,0,0,0,0,0,0,0
2199,0,0,228,0,0,0,0,0,0,0,0,0,0
2200,0,0,0,0,0,0,0,0,0,11,0,0,0
2201,0,0,14,0,0,0,0,0,0,0,0,0,0
2202,0,0,0,0,0,0,0,0,8,0,0,0,0
2203,0,0,24,0,0,0,0,0,79,0,0,0,0
2204,0,0,235,0,0,0,0,0,74,0,0,0,0
2205,0,0,130,0,0,10,0,0,14,0,0,0,0
2206,0,0,105,0,0,0,0,0,0,0,0,0,0
2207,0,0,87,0,0,0,0,0,0,0,0,0,0
2208,16,0,171,0,0,0,0,0,41,0,0,0,0
2209,0,0,44,0,0,0,0,0,0,0,0,0,0
2210,0,0,103,0,0,0,0,0,0,0,0,0,11
2211,0,0,71,0,0,0,0,0,55,0,0,0,0
2212,0,0,17,0,0,0,0,0,14,0,0,0,0
2213,0,0,26,0,0,0,0,0,0,0,0,0,0
2214,0,0,33,0,0,0,0,0,0,0,0,0,0
2215,0,0,29,0,0,0,0,0,0,0,0,0,0
2216,0,0,36,0,0,0,0,0,0,0,0,0,0
2217,6,0,486,0,0,0,0,0,84,0,0,0,0
2218,0,0,392,0,0,0,0,0,0,0,0,0,0
2220,0,0,10,0,0,0,0,0,0,0,0,0,0
2221,0,0,18,0,0,0,0,0,32,0,0,0,0
2222,0,0,37,0,0,0,0,0,0,0,0,0,0
2224,0,0,169,0,0,0,0,0,0,0,0,0,0
2226,0,0,4,0,0,0,0,0,0,0,0,0,0
2237,0,0,17,0,0,0,0,0,0,0,0,0,0
2238,0,0,145,0,0,0,0,0,0,0,0,0,0
2241,32,0,57,0,0,0,0,0,0,0,0,0,0
2242,0,0,9,0,0,0,0,0,9,0,0,0,0
2243,0,0,40,0,0,0,0,0,0,0,0,0,0
2248,0,0,48,0,0,0,0,0,0,0,0,0,0
2250,0,0,10,0,0,0,0,0,0,0,0,0,0
2252,0,0,256,0,0,0,0,0,0,0,0,0,0
2254,0,0,6,0,0,0,0,0,38,0,0,0,0
2258,0,0,16,0,0,0,0,0,0,0,0,0,0
2259,0,0,19,0,0,0,0,0,0,0,0,0,0
2260,0,0,37,0,0,0,0,0,20,0,0,0,0
2261,0,0,109,0,0,0,0,0,0,0,0,0,0
2263,0,0,35,0,0,0,0,0,0,0,0,0,0
2264,0,0,8,0,0,0,0,0,0,0,0,0,0
2265,0,0,57,0,0,0,0,0,0,0,0,0,0
2269,0,0,0,0,0,0,0,0,77,0,0,0,0
2272,0,0,22,0,0,0,0,0,0,0,0,0,0
2274,0,0,0,0,0,0,0,0,4,0,0,0,0
2285,0,0,19,0,0,0,0,0,0,0,0,0,0
2287,0,0,10,0,0,0,0,0,0,0,0,0,0
2288,0,0,7,0,0,0,0,0,0,0,0,0,0
2289,0,0,0,0,0,0,0,0,17,0,0,0,0
2295,0,0,11,0,0,0,0,0,0,0,0,0,0
2296,0,0,31,0,0,0,0,0,0,0,0,0,0
2299,0,0,31,0,0,0,0,0,0,0,0,0,0
2300,0,0,11,0,0,0,0,0,0,0,0,0,0
2301,0,0,114,0,0,0,0,0,0,0,0,0,0
2302,0,0,59,0,0,0,0,0,23,0,0,0,0
2304,0,0,14,0,0,0,0,0,0,0,0,0,0
2306,0,0,14,0,0,0,0,0,0,0,0,0,0
2309,0,0,12,0,0,0,0,0,0,0,0,0,0
2312,0,0,39,0,0,0,0,0,39,0,0,0,0
2314,0,0,111,0,0,0,0,0,30,0,0,0,0
2315,0,0,106,0,0,0,0,0,0,0,0,0,0
2316,0,3,3,0,0,0,0,0,0,0,0,0,0
2317,0,0,265,0,0,0,0,0,55,0,0,0,0
2318,0,3,196,0,0,0,0,0,0,0,0,0,0
2319,0,0,11,0,0,0,0,0,0,0,0,0,0
2320,0,0,111,0,0,0,0,0,0,0,0,0,0
2321,0,0,60,0,0,0,0,0,0,0,0,0,0
2325,0,0,12,0,0,0,0,0,0,0,0,0,0
2328,0,0,41,0,0,0,0,0,0,0,0,0,0
3001,0,0,70,0,0,0,0,0,7,0,0,0,0
3002,0,0,112,0,0,0,0,0,4,0,0,0,0
3003,71,0,550,0,0,0,0,0,18,0,0,0,0
3004,0,0,805,0,0,0,0,69,92,0,0,0,0
3005,0,0,1152,0,0,0,0,0,105,0,0,32,0
3006,22,0,272,0,0,0,0,0,0,0,0,0,0
3008,0,0,195,0,0,0,0,0,0,0,0,0,0
3009,0,0,16,0,0,0,0,0,0,0,0,0,0
3012,0,0,205,0,0,0,0,0,0,0,0,0,0
3013,0,0,126,0,0,0,0,0,110,0,0,0,0
3014,0,0,73,0,0,0,0,0,0,0,0,0,0
3015,0,0,98,0,0,0,0,0,0,0,0,0,0
3016,0,0,0,0,0,0,0,0,5,0,0,0,0
3017,0,0,27,0,0,0,0,0,0,0,0,0,0
3018,0,0,25,0,0,0,0,0,5,0,0,0,0
3020,0,5,50,0,0,0,0,0,52,0,0,0,0
3021,0,0,88,0,0,0,0,0,34,0,0,0,0
3022,0,0,288,0,0,0,0,0,215,0,0,0,0
3023,0,0,15,0,0,0,0,0,32,0,0,0,0
3024,0,0,80,0,0,0,0,0,0,0,0,0,0
3025,0,0,36,0,0,0,0,0,0,0,0,0,0
3026,0,0,39,0,0,0,0,0,12,0,0,0,0
3027,65,0,379,0,0,0,0,0,50,0,0,0,0
3028,0,0,13,0,0,0,0,0,0,0,0,0,0
3029,0,0,222,0,0,0,0,0,0,0,0,0,0
3030,0,0,508,0,0,0,0,0,96,119,0,0,0
3031,0,5,794,0,0,0,0,0,13,0,0,0,0
3032,0,0,40,0,0,0,0,0,5,0,0,0,0
3033,0,0,117,0,0,0,0,0,0,0,0,0,0
3034,0,0,480,0,0,0,0,0,321,0,0,0,0
3035,0,0,66,0,0,0,0,0,22,0,0,0,0
3036,0,0,28,0,0,0,0,0,0,0,0,0,0
3037,0,0,46,0,0,0,0,0,23,0,26,0,0
3038,0,0,5,0,0,0,0,0,0,0,0,0,0
3039,0,0,228,0,0,0,0,0,0,0,0,0,15
3040,0,0,96,0,0,0,0,0,7,0,0,0,0
3041,0,0,127,0,0,0,0,38,48,0,0,0,11
3042,50,0,78,0,0,0,0,0,16,0,0,0,0
3043,0,0,70,0,0,0,0,0,0,0,0,0,0
3044,0,0,148,0,0,0,0,0,61,0,0,0,0
3045,23,0,114,0,0,0,0,0,59,0,0,0,0
3046,0,0,24,0,0,0,0,0,0,0,0,0,0
3047,0,0,154,0,0,0,0,0,0,0,0,0,0
3048,0,0,55,0,0,0,0,0,0,0,0,0,0
3051,0,0,80,0,0,0,0,0,0,0,0,0,0
3054,0,0,73,0,0,0,0,0,0,0,0,0,0
3055,0,0,22,0,0,0,0,0,0,0,0,0,0
3056,0,0,47,0,0,0,0,0,0,0,0,0,0
3057,34,0,188,0,0,0,0,0,31,0,0,0,0
3059,0,0,20,0,0,0,0,0,0,0,0,0,0
3060,0,0,61,0,0,0,0,0,19,0,0,0,0
3061,98,0,550,0,0,0,0,30,423,0,0,0,121
3062,78,0,1760,0,0,0,0,0,172,0,0,0,4
3063,39,0,441,0,0,0,0,0,62,0,0,0,0
3064,25,0,643,0,0,0,0,0,75,0,0,0,0
3065,128,0,949,0,0,0,0,0,173,0,0,0,0
3066,72,0,445,0,0,0,0,0,7,0,0,0,0
3067,0,0,184,0,0,0,0,0,0,0,0,0,0
3068,23,0,2485,0,0,0,0,0,722,0,0,0,0
3069,0,0,659,0,0,0,0,0,100,0,0,0,0
3070,0,0,376,0,0,0,0,0,60,0,0,0,0
3071,0,0,690,0,0,0,0,0,58,0,0,0,27
3072,0,0,35,0,0,0,0,0,15,0,0,0,0
3073,11,0,143,0,0,0,0,0,74,0,0,0,0
3075,0,0,128,0,0,0,0,0,0,0,0,0,0
3076,0,0,48,0,0,0,0,0,22,0,0,0,0
3078,145,0,282,0,0,0,0,0,39,0,0,0,0
3079,239,0,176,0,0,0,0,0,26,0,0,0,0
3080,23,0,371,0,0,0,0,0,84,0,0,32,0
3081,588,0,2656,0,0,0,0,0,808,0,0,203,0
3082,225,0,1477,0,0,0,0,0,183,0,0,0,0
3083,369,0,1385,0,0,0,0,0,74,0,0,0,23
3084,237,0,607,0,0,0,0,0,231,0,0,0,0
3085,261,12,415,0,0,0,0,0,56,0,0,86,0
3086,14,0,0,0,0,0,0,0,0,0,0,0,0
3087,41,0,332,0,0,0,0,0,10,0,0,0,0
3088,56,26,546,0,0,0,0,0,59,0,0,0,191
3089,0,0,180,0,0,0,0,0,0,0,0,0,0
3090,154,0,697,0,0,0,0,0,162,0,0,0,0
3091,26,0,221,0,0,0,0,0,5,0,0,0,0
3092,19,0,524,0,0,0,0,0,46,0,0,0,0
3093,140,0,50,0,0,0,0,0,0,0,0,0,0
3094,229,0,58,0,0,0,0,0,0,0,0,0,0
3095,68,0,472,0,0,0,0,0,80,0,0,0,0
3096,26,0,1674,0,0,0,0,0,86,0,0,0,0
3097,88,0,1054,0,0,7,0,0,81,0,0,0,0
3098,0,0,123,0,0,0,0,0,20,66,0,0,0
3099,0,0,133,0,0,0,0,0,8,0,0,0,0
3100,0,0,53,0,0,0,0,0,0,0,0,0,0
3101,0,0,89,0,0,0,0,0,10,0,0,0,0
3103,0,0,10,0,0,0,0,0,0,0,0,0,0
3104,87,0,104,0,0,0,0,0,7,0,0,0,0
3105,0,0,142,0,0,0,0,0,52,0,0,0,12
3106,0,0,215,0,13,0,0,0,90,0,102,0,0
3107,7,0,255,0,0,0,0,0,80,0,0,0,10
3108,0,0,96,0,0,0,0,0,272,0,0,0,0
3109,38,0,1287,0,0,0,0,0,281,0,0,0,0
3110,0,0,309,0,0,0,0,0,26,0,0,0,0
3111,255,0,1712,0,0,0,0,0,279,0,0,0,0
3112,0,0,940,0,0,0,0,0,292,0,0,0,0
3113,90,0,610,0,0,0,0,0,10,0,0,0,0
3114,0,0,1587,0,0,0,0,0,372,0,0,16,0
3115,0,0,229,0,0,0,0,0,0,0,0,0,0
3116,0,0,237,0,0,0,0,0,0,0,0,0,0
3117,0,0,324,0,0,0,0,0,0,0,0,0,0
3118,17,0,447,0,0,0,0,0,50,0,0,0,0
3119,244,0,669,0,0,0,0,0,328,0,0,34,0
3120,15,0,183,0,0,0,0,0,29,0,0,0,0
3121,185,0,1188,0,0,0,0,0,437,0,0,0,595
3122,0,0,355,0,0,0,0,0,41,0,0,0,0
3123,124,0,383,0,0,0,0,0,169,0,0,6,47
3124,213,0,1427,0,0,0,0,0,579,101,0,0,18
3125,0,0,1215,0,0,0,0,0,389,0,0,0,0
3126,0,0,791,0,0,0,0,0,250,0,0,0,0
3127,0,0,704,0,0,0,0,0,152,0,0,0,0
3128,0,0,395,0,0,0,0,0,0,0,0,0,0
3129,0,0,109,0,0,0,0,0,51,0,0,0,0
3130,0,0,47,0,0,0,0,0,16,0,0,0,0
3131,93,0,257,0,0,0,0,0,156,337,0,0,0
3132,0,0,37,0,0,0,0,0,0,0,0,0,0
3133,16,0,324,0,0,0,0,0,140,0,0,0,0
3134,0,0,25,0,0,0,0,0,64,0,0,0,0
3135,0,0,109,0,0,0,0,0,32,0,0,0,0
3137,0,0,49,0,0,0,0,0,0,0,0,0,0
3138,0,0,37,0,0,0,0,0,27,0,0,0,0
3139,240,0,1191,0,0,0,0,0,170,0,0,0,41
3140,32,11,918,0,0,0,0,0,224,0,0,0,206
3141,48,0,539,0,0,0,0,0,224,498,0,0,0
3142,47,0,609,0,0,0,0,0,169,0,0,0,41
3143,0,0,314,0,0,0,0,0,59,0,0,0,0
3144,0,0,20,0,0,0,0,0,0,0,0,0,0
3145,136,0,188,0,0,0,0,0,35,0,0,0,0
3146,0,0,37,0,0,0,0,0,0,0,0,0,0
3147,0,0,83,0,0,0,0,0,36,0,0,0,0
3148,106,0,89,0,0,0,0,0,95,0,0,0,0
3149,158,0,1453,0,0,0,0,0,306,66,0,0,46
3150,75,0,940,0,0,0,0,0,173,0,0,63,0
3151,64,0,711,0,0,0,0,0,0,0,0,0,0
3152,0,0,136,0,0,0,0,0,7,0,0,0,0
3153,16,0,58,0,0,0,0,0,0,0,0,0,10
3154,5,0,51,0,0,0,0,0,0,0,0,0,0
3155,0,0,75,0,0,15,0,0,0,0,0,0,0
3156,40,0,19,0,0,0,0,0,46,0,0,0,0
3157,0,0,22,0,0,0,0,0,0,0,0,0,0
3158,145,0,366,0,0,0,0,0,9,0,0,0,0
3159,0,0,5,0,0,0,0,0,0,0,0,0,0
3160,14,0,171,0,0,0,0,0,34,0,0,0,0
3161,0,0,38,0,0,0,0,0,0,0,0,0,0
3162,0,0,96,0,0,0,0,0,0,0,0,0,0
3163,0,0,32,0,0,0,0,0,74,0,0,0,0
3164,0,0,96,0,0,0,0,0,0,0,0,0,0
3165,0,0,25,0,0,0,0,0,0,0,0,0,0
3166,142,0,166,0,0,0,0,0,51,0,0,93,0
3167,0,0,51,0,0,0,0,0,5,0,0,0,0
3168,102,0,285,0,0,0,0,0,0,0,0,0,0
3169,4,0,0,0,0,0,0,0,0,0,0,0,0
3170,0,0,298,0,0,0,0,0,0,0,0,0,0
3171,0,0,216,0,0,0,0,0,22,0,0,63,12
3173,0,0,41,0,0,0,0,0,41,0,0,0,0
3174,0,0,46,0,0,0,0,0,0,0,0,0,0
3175,0,0,11,0,0,0,0,0,0,0,0,0,0
3176,0,0,85,0,0,0,0,0,0,0,0,0,0
3177,0,0,57,0,0,0,0,0,0,0,0,0,0
3178,0,0,663,0,0,0,0,0,32,0,0,0,0
3179,9,0,124,0,0,0,0,0,34,0,0,0,11
3180,0,0,438,0,0,0,0,0,28,0,0,0,32
3181,0,0,58,0,0,0,0,0,14,0,0,0,0
3182,16,0,239,0,0,0,0,0,67,0,0,0,0
3183,37,0,194,0,0,0,21,0,6,0,0,17,0
3184,0,0,130,0,0,0,0,0,11,0,0,0,0
3185,0,0,35,0,0,0,0,0,0,0,0,0,0
3186,6,0,236,0,0,0,0,0,43,0,0,0,0
3187,0,0,165,0,0,0,0,0,60,24,0,0,0
3188,0,0,158,0,0,0,0,0,0,0,0,0,0
3189,0,0,129,0,0,0,0,0,0,0,0,0,0
3191,0,0,24,0,0,0,0,0,21,0,0,0,0
3192,8,0,3,0,0,0,0,0,13,0,0,0,0
3193,0,0,41,0,0,0,0,0,0,0,0,0,0
3194,0,0,30,0,0,0,0,0,0,0,0,0,0
3195,22,0,22,0,0,0,0,0,13,0,0,0,0
3198,0,0,54,0,0,0,0,0,7,0,0,0,0
3200,0,0,12,0,0,0,0,0,0,0,0,0,0
3202,0,0,33,0,0,0,0,0,0,0,0,0,0
3203,0,0,51,0,0,0,0,0,15,0,0,0,0
3204,0,0,83,0,0,0,0,0,29,0,0,0,0
3205,0,0,38,0,0,0,0,0,21,0,0,0,0
3207,0,0,37,0,0,0,0,0,0,0,0,0,0
3208,0,0,42,0,0,0,0,0,0,0,0,10,0
3209,48,0,95,0,0,0,0,0,0,0,0,0,0
3210,0,0,57,0,0,0,0,0,108,0,0,0,0
3211,0,0,338,0,0,0,0,0,40,0,0,0,0
3212,0,0,355,0,0,0,0,0,16,0,0,0,0
3213,0,0,16,0,0,0,0,0,0,0,0,0,0
3214,8,0,73,0,0,0,0,0,32,0,0,0,0
3215,0,0,256,0,0,0,0,0,26,0,0,0,0
3216,105,0,386,0,0,0,0,0,0,0,0,0,0
3217,74,0,192,0,0,0,0,0,74,0,0,0,0
3218,0,0,12,0,0,0,0,0,0,0,0,0,0
3219,60,0,43,0,0,0,0,0,0,0,0,0,0
3220,0,0,121,0,0,0,0,0,0,0,0,0,0
3221,0,0,64,0,0,0,0,0,14,0,0,0,0
3222,0,0,214,0,0,0,0,0,11,0,0,0,0
3223,0,0,833,0,0,0,0,0,131,0,0,0,0
3224,0,0,648,0,0,0,0,0,129,0,0,0,0
3225,8,0,371,0,0,0,0,0,124,0,0,0,0
3226,13,0,1062,0,0,0,0,0,301,0,0,17,0
3227,80,0,1689,0,0,0,0,0,78,0,0,44,0
3228,13,0,562,0,0,0,0,0,25,0,0,0,0
3229,0,0,117,0,0,0,0,0,14,0,0,0,0
3230,0,0,208,0,0,0,0,0,84,0,0,0,0
3231,0,0,194,0,0,0,0,0,27,0,0,0,0
3232,0,0,316,0,0,0,0,0,86,0,0,0,0
3234,0,0,3,0,0,0,0,0,9,0,0,0,0
3235,0,0,17,0,0,0,0,0,15,0,0,0,0
3237,0,0,94,0,0,0,0,0,13,0,0,0,0
3238,0,0,8,0,0,0,0,0,0,0,0,0,0
3239,0,0,21,0,0,0,0,0,0,0,0,0,0
3240,0,0,0,0,0,0,0,0,13,0,0,0,0
3241,0,0,307,0,0,0,0,0,48,0,0,0,0
3242,107,0,273,0,0,0,0,0,163,0,0,0,0
3243,54,0,673,0,0,0,0,0,75,0,25,0,0
3244,134,0,1992,0,0,0,0,0,128,0,0,0,0
3245,12,0,676,0,0,0,0,0,49,0,0,37,43
3246,0,0,54,0,0,0,0,0,23,0,0,0,0
3247,0,0,101,0,0,9,0,0,0,0,0,0,0
3248,0,0,213,0,0,0,0,0,177,0,0,0,0
3249,18,0,154,0,0,0,0,0,0,0,0,0,0
3250,0,0,310,0,0,0,0,0,111,0,0,0,0
3251,0,0,231,0,0,0,0,0,0,0,0,0,0
3252,10,0,86,0,3,0,0,0,161,0,0,0,0
3253,401,7,1093,0,0,0,0,0,95,0,0,0,11
3254,0,0,72,0,0,0,0,0,98,0,0,0,0
3255,32,0,966,0,0,0,0,0,228,0,0,0,0
3256,0,0,39,0,0,0,0,0,191,0,0,0,0
3257,38,0,297,0,0,0,0,0,0,0,0,0,0
3258,0,0,36,0,0,0,0,0,24,0,0,0,0
3259,140,0,247,0,0,0,0,0,74,0,0,0,0
3260,0,0,71,0,0,0,0,0,24,0,0,0,0
3261,0,0,139,0,0,0,0,0,59,0,0,0,0
3262,0,0,89,0,0,0,0,0,0,0,0,0,0
3263,0,0,169,0,0,0,0,0,56,0,0,0,0
3264,25,0,360,0,0,0,0,0,157,0,0,0,0
3265,84,0,933,0,0,0,0,0,188,0,0,0,38
3266,0,0,740,0,0,0,0,0,197,0,0,0,15
3267,0,0,287,0,0,0,0,0,23,0,0,0,0
3268,88,0,865,0,0,0,0,0,299,0,0,0,219
3269,0,0,247,0,0,0,0,0,98,0,0,0,0
3270,0,0,74,0,0,0,0,0,0,0,0,0,0
3271,191,0,793,0,0,0,0,0,314,0,0,0,19
3272,190,36,1210,0,0,0,0,0,132,0,0,0,0
3273,94,0,1601,0,0,0,0,0,248,0,0,0,7
3274,0,0,1665,0,0,0,0,0,195,0,0,0,0
3275,142,0,1424,0,0,0,0,0,86,0,0,0,0
3276,314,0,1487,0,0,0,0,0,77,42,0,0,83
3277,12,0,954,0,0,0,0,0,301,0,0,0,0
3278,0,0,947,0,0,0,0,0,155,0,0,0,0
3279,43,0,214,0,0,0,0,0,32,0,0,0,0
3280,0,0,37,0,0,0,0,0,0,0,0,0,0
3284,0,0,4,0,0,0,0,0,0,0,0,0,0
3285,57,0,338,0,0,0,0,0,94,0,0,0,0
3286,110,0,293,0,0,0,107,0,97,0,0,0,0
3287,36,36,786,0,0,0,0,0,320,0,0,0,0
3288,0,6,263,0,0,38,0,0,47,0,0,0,0
3289,104,0,433,0,0,0,0,0,171,0,0,0,0
3290,16,0,404,0,0,0,0,0,26,0,0,0,0
3291,150,0,3508,0,0,0,0,0,1162,0,0,18,60
3292,119,0,214,0,0,0,0,0,14,0,0,0,0
3293,91,0,199,0,0,0,0,0,50,0,0,0,0
3294,0,0,319,0,0,0,0,0,40,0,0,0,0
3295,0,0,867,0,0,0,0,0,176,0,0,0,0
3296,339,0,2223,0,0,0,0,0,173,0,0,134,0
3297,90,0,1950,0,0,0,0,0,244,0,32,0,0
3298,374,0,2675,0,0,0,0,0,976,0,0,0,151
3299,14,0,580,0,0,0,0,0,67,0,0,0,0
3300,24,0,776,0,0,0,0,0,269,24,0,0,25
3301,51,62,885,0,0,0,37,0,412,0,0,0,72
3302,351,0,1139,0,0,0,0,0,186,0,0,76,0
3303,0,0,734,0,0,0,0,0,106,0,0,0,0
3304,5,41,1169,0,0,0,0,0,403,0,26,0,0
3305,47,0,288,0,0,0,0,0,73,0,0,0,0
3306,105,0,397,0,0,0,0,63,194,0,0,0,0
3307,0,0,347,0,0,0,0,0,53,0,0,0,0
3308,0,0,362,0,0,0,0,0,237,0,0,0,35
3309,15,0,116,0,0,0,0,0,51,0,0,0,0
3310,0,0,179,0,0,0,0,0,59,0,63,0,0
3311,0,19,417,0,0,0,0,0,129,0,0,70,5
3312,0,0,155,0,0,0,0,0,16,0,0,0,5
3313,0,0,19,0,0,0,0,0,0,0,0,0,0
3314,18,0,23,0,0,0,0,0,17,0,0,0,0
3315,0,0,301,0,0,0,0,0,36,0,0,0,0
3316,0,0,12,0,0,0,0,0,0,0,0,0,0
3317,0,0,11,0,0,0,0,0,0,0,0,0,0
3318,0,0,12,0,0,0,0,0,0,0,0,0,0
3319,0,0,180,0,0,0,0,0,91,125,0,0,0
3320,17,0,63,0,0,0,0,0,0,0,0,0,0
3321,0,0,234,0,0,0,0,0,4,0,0,0,0
3322,0,0,303,0,0,0,0,0,74,0,0,0,0
3323,32,0,1714,0,0,0,0,0,414,0,0,37,0
3324,0,20,378,0,0,0,0,0,150,0,0,0,13
3325,0,0,496,0,20,17,0,0,183,0,0,0,0
3326,0,0,55,0,0,0,0,0,21,0,0,0,0
3327,0,0,212,0,0,0,0,0,86,0,0,0,0
3328,0,0,187,0,0,0,0,0,73,0,0,0,0
3329,136,27,136,0,0,0,0,0,42,0,0,0,0
3330,0,0,414,0,0,0,0,0,131,0,0,0,0
3331,216,0,607,0,0,0,0,0,269,0,0,0,0
3332,0,0,370,0,0,0,0,0,83,0,0,0,0
3333,0,0,611,0,0,0,0,0,248,0,0,0,13
3334,31,0,266,0,0,0,0,0,141,0,0,0,0
3335,0,0,71,0,0,0,0,0,11,0,0,0,0
3336,10,0,245,0,0,0,0,0,45,0,0,8,0
3337,0,0,167,0,0,0,0,0,34,0,0,0,0
3338,0,0,42,0,0,0,0,0,0,0,0,0,0
3339,0,0,49,0,0,0,0,0,7,0,0,0,0
3341,0,0,14,0,0,0,0,0,0,0,0,0,0
3342,0,0,58,0,0,0,0,0,28,0,0,0,0
3343,60,0,372,0,0,0,0,0,52,0,0,0,0
3344,0,0,102,0,0,0,0,0,107,27,0,0,54
3345,0,0,164,0,0,0,0,0,0,0,0,0,0
3346,0,0,454,0,0,0,0,0,173,0,0,0,0
3347,6,0,239,0,0,0,0,0,20,0,0,0,0
3349,0,0,148,0,0,0,0,0,69,0,0,0,0
3350,0,0,36,0,0,0,0,0,4,0,0,0,0
3351,37,0,2206,0,0,0,0,0,677,0,0,0,92
3352,0,0,8,0,0,0,0,0,0,0,0,0,0
3353,0,0,119,0,0,0,0,0,119,0,0,0,0
3354,0,0,20,0,0,0,0,0,10,0,0,0,0
3356,0,0,180,0,0,0,0,0,11,0,0,0,0
3357,0,0,0,0,0,0,0,0,12,0,0,0,0
3358,0,0,37,0,0,0,0,0,0,0,0,0,0
3361,0,0,44,0,0,0,0,0,0,0,0,0,0
3362,0,0,26,0,0,0,0,0,20,0,0,0,0
3364,0,0,175,0,0,0,0,0,19,0,0,0,0
3365,0,0,341,0,0,0,0,0,0,0,0,0,0
3366,43,0,66,0,0,0,0,0,0,0,0,0,0
3367,0,0,45,0,0,0,0,0,0,0,0,0,0
3368,0,0,226,0,0,0,0,0,88,0,0,0,0
3369,68,0,202,0,0,0,0,0,208,0,0,0,28
3370,15,0,59,0,0,0,0,0,42,0,0,0,0
3371,0,0,265,0,0,0,0,79,0,0,0,0,0
3372,0,0,95,0,0,0,0,0,102,92,0,0,0
3373,0,0,86,0,0,0,0,0,32,0,0,0,0
3374,0,15,239,0,0,0,0,0,77,0,0,0,0
3376,0,0,127,0,0,0,0,0,0,0,0,0,0
3378,0,0,244,0,0,0,0,0,18,0,0,0,0
3379,0,0,38,0,0,0,0,0,0,0,0,0,0
3380,0,0,801,0,0,0,0,0,240,0,0,0,0
3381,0,0,255,0,0,0,0,0,87,0,0,0,0
3382,16,0,25,0,0,0,0,0,0,0,0,0,0
3383,0,0,53,0,0,0,0,0,39,0,0,0,0
3385,135,0,598,0,0,0,0,0,152,0,0,0,0
3386,0,0,152,0,0,0,0,0,0,0,0,0,0
3387,0,0,16,0,0,0,0,0,0,0,0,0,0
3388,0,0,689,0,0,0,0,0,94,0,27,0,0
3389,0,0,0,0,0,0,0,0,10,0,0,0,0
3390,0,0,15,0,0,0,0,0,15,0,0,0,0
3391,66,0,348,0,0,0,0,0,58,0,0,0,0
3392,0,0,86,0,0,0,0,0,8,0,0,0,0
3393,0,0,26,0,0,0,0,0,0,0,0,0,0
3394,0,0,39,0,0,0,0,0,18,0,0,0,0
3395,0,0,47,0,0,0,0,0,4,0,0,0,0
3396,0,0,14,0,0,0,0,0,0,0,0,0,0
3397,0,0,229,0,0,0,0,0,0,0,0,0,0
3398,0,0,54,0,0,0,0,0,54,0,0,0,0
3399,0,0,30,0,0,0,0,0,59,0,0,0,0
3400,0,0,0,0,0,4,0,0,0,8,0,0,0
3401,0,0,9,0,0,0,0,0,0,0,0,0,0
3402,0,0,228,0,0,0,0,0,50,0,0,0,0
3403,0,0,154,0,0,0,0,0,0,0,0,0,0
3404,0,0,163,0,0,0,0,0,25,0,0,0,0
3405,11,0,461,0,0,0,0,0,0,0,0,0,0
3406,0,0,38,0,0,0,0,0,8,0,0,0,0
3407,0,0,0,0,0,0,0,4,14,0,0,0,0
3408,0,0,25,0,0,0,0,0,0,0,0,0,0
3409,0,0,5,0,0,0,0,0,0,0,0,0,0
3412,0,0,7,0,0,4,0,0,0,0,0,0,0
3413,0,0,78,0,0,0,0,0,0,0,0,0,0
3414,0,0,125,0,0,0,0,0,0,0,0,0,0
3415,0,0,101,0,0,0,0,0,0,0,0,0,0
3417,0,0,22,0,0,0,0,0,0,0,0,0,0
3418,80,0,0,0,0,0,0,0,0,0,0,0,0
3419,0,0,19,0,0,5,0,0,0,0,0,0,0
3420,0,0,53,0,0,0,0,0,0,0,0,0,0
3421,8,0,168,0,0,0,0,0,9,0,0,46,0
3422,0,0,189,0,0,0,0,0,9,0,0,0,0
3423,0,0,69,0,0,0,0,0,37,0,0,0,0
3425,0,0,0,0,0,0,0,0,4,0,0,0,0
3426,0,0,32,0,0,0,0,0,0,0,0,0,0
3427,0,0,12,0,0,0,0,0,12,0,0,0,0
3428,0,0,20,0,0,0,0,0,0,0,0,0,0
3429,0,0,0,0,0,9,0,0,0,0,0,0,0
3431,0,0,13,0,0,12,0,0,0,0,0,0,0
3432,0,0,4,0,0,0,0,0,4,0,0,0,0
3433,0,0,151,0,0,0,0,0,0,0,0,0,0
3434,0,0,0,0,0,10,0,0,0,0,0,0,0
3435,0,0,75,0,0,0,0,0,15,0,0,0,0
3437,0,0,200,0,0,0,0,0,32,0,0,0,5
3438,0,0,17,0,0,0,0,0,6,0,0,0,0
3439,0,0,99,0,0,0,0,0,15,0,0,0,0
3440,0,0,202,0,0,0,0,0,0,0,0,0,0
3443,0,0,240,0,0,0,0,0,0,0,0,0,0
3444,5,0,577,0,0,0,0,0,20,0,0,0,0
3445,0,0,80,0,3,0,0,0,48,0,0,0,0
3446,0,0,143,0,0,0,0,0,52,0,0,0,0
3447,8,0,792,0,0,0,0,0,80,0,0,0,0
3448,0,0,510,0,0,0,0,0,73,0,0,55,0
3449,0,0,31,0,0,0,0,0,0,0,0,0,0
3450,0,0,19,0,0,0,0,0,0,0,0,0,0
3451,0,0,122,0,0,3,0,0,0,0,0,0,0
3452,16,0,19,0,0,0,0,0,0,0,0,0,0
3453,0,0,4,0,0,0,0,0,4,0,0,0,0
3454,0,0,27,0,0,0,0,0,0,0,0,0,0
3455,0,0,65,0,0,0,0,0,20,0,0,0,0
3456,0,0,21,0,0,0,0,0,0,0,0,0,0
3457,0,0,97,0,0,0,0,0,16,0,0,0,0
3458,0,0,19,0,0,0,0,0,38,0,0,0,0
3459,0,0,115,0,0,0,0,0,0,0,0,0,0
3460,0,0,72,0,0,0,0,0,0,0,0,0,0
3461,0,0,14,0,0,0,0,0,0,0,0,0,0
3462,0,0,34,0,0,0,0,0,0,0,0,0,0
3463,0,0,13,0,0,0,0,0,42,0,0,0,0
3465,0,0,6,0,0,0,0,0,0,0,0,0,0
3466,0,0,34,0,0,0,0,0,0,0,0,0,0
3467,0,0,24,0,0,0,0,0,0,0,0,0,0
3468,0,0,62,0,0,0,0,0,29,0,0,0,0
3469,0,0,16,0,0,0,0,0,0,0,0,0,0
3471,0,0,35,0,0,0,0,0,0,0,0,0,0
3473,0,0,75,0,0,0,0,0,52,11,0,0,0
3474,81,0,505,0,0,0,0,0,54,127,0,133,0
3475,0,0,4,0,0,0,0,0,26,0,0,0,0
3476,0,0,14,0,0,0,0,0,0,0,0,0,0
3477,0,0,27,0,0,4,0,0,0,0,0,0,0
3478,0,0,69,0,0,0,0,0,22,0,0,0,0
3479,0,0,73,0,0,0,0,0,0,0,0,0,0
3481,0,0,0,0,0,0,0,0,0,25,0,0,0
3482,0,0,415,0,0,0,0,0,60,0,0,0,0
3483,0,0,180,0,0,0,0,0,0,0,0,0,0
3484,0,0,50,0,0,0,0,0,8,0,0,0,0
3485,0,0,64,0,0,9,0,0,37,0,0,0,0
3486,0,0,116,0,0,0,0,0,24,0,0,0,0
3487,0,0,175,0,0,0,13,0,0,0,0,0,0
3489,0,0,258,0,0,0,0,0,29,0,0,0,0
3490,0,0,46,0,0,0,0,0,27,0,0,0,0
3492,0,0,60,0,0,0,0,0,0,0,0,0,0
3493,0,0,89,0,0,0,0,0,75,0,0,0,0
3494,0,0,38,0,0,0,0,0,38,0,0,0,0
3495,0,0,6,0,0,0,0,0,0,0,0,0,0
3496,0,0,74,0,0,0,0,0,8,0,0,0,0
3497,0,0,27,0,0,0,0,0,9,0,0,0,0
3498,0,0,66,0,0,0,0,0,18,0,0,0,0
3499,0,0,49,0,0,0,0,0,0,0,0,0,0
3500,0,0,20,0,0,0,0,0,0,0,0,0,0
3501,83,0,184,0,0,0,0,0,9,0,0,0,0
3502,0,6,37,0,0,0,0,0,35,0,0,0,0
3503,0,0,27,0,0,0,0,0,27,0,0,0,0
3504,0,0,70,0,0,0,0,0,4,0,0,0,0
3506,0,0,52,0,0,0,0,0,16,0,0,0,0
3508,0,0,74,0,0,0,0,0,0,0,0,0,0
3511,0,0,52,0,0,0,0,0,0,0,0,0,0
3512,0,0,24,0,0,0,0,0,4,0,0,0,0
3514,0,0,64,0,0,0,0,0,0,0,0,0,0
3515,0,0,57,0,0,0,0,0,0,0,0,0,0
3517,0,0,18,0,0,0,0,0,18,0,0,0,0
3527,0,0,36,0,0,0,0,0,0,0,0,0,0
3528,0,0,137,0,0,0,0,0,0,0,0,0,0
3530,0,0,210,0,0,0,0,0,0,0,0,0,0
3531,0,0,20,0,0,0,0,0,0,0,0,0,0
3532,0,0,44,0,0,0,0,0,0,0,0,0,0
3534,0,0,43,0,0,0,0,0,6,0,0,0,0
3535,0,0,5,0,0,0,0,0,0,0,0,0,0
3540,0,0,13,0,0,0,0,0,0,0,0,0,0
3542,0,0,6,0,0,0,0,0,0,0,0,0,0
3545,0,0,72,0,0,0,0,0,0,0,0,0,0
3546,0,0,8,0,0,0,0,0,16,0,0,0,0
3547,0,0,0,0,0,9,0,0,0,0,0,0,0
3548,0,0,7,0,0,0,0,0,0,0,0,0,0
3549,0,0,123,0,0,0,0,0,0,0,0,0,0
3555,0,0,25,0,0,0,0,0,0,0,0,0,0
3556,0,0,41,0,0,0,0,0,53,0,0,0,0
3557,0,0,31,0,0,0,0,0,0,0,0,0,0
3560,0,0,22,0,0,0,0,0,0,0,0,0,0
4002,0,0,43,0,0,0,0,0,15,0,0,0,0
4003,0,0,32,0,0,0,0,0,0,0,0,0,0
4004,0,0,10,0,0,0,0,0,0,0,0,0,0
4005,0,0,6,0,0,0,0,0,0,0,0,0,0
4006,0,0,100,0,0,0,0,0,6,0,0,0,0
4007,0,0,36,0,0,0,0,0,0,0,0,0,0
4009,0,0,54,0,0,0,0,0,13,0,0,0,0
4010,0,0,79,0,0,0,0,0,117,0,0,0,0
4011,0,0,19,0,0,0,0,0,0,0,0,0,0
4014,0,0,0,0,0,7,0,0,0,0,0,0,0
4015,0,0,6,0,0,0,0,0,0,0,0,0,0
4019,0,0,4,0,0,0,0,0,0,0,0,0,0
4021,0,0,25,0,0,0,0,0,0,25,0,0,0
4022,0,0,104,0,0,0,0,0,0,0,0,0,0
4023,0,0,18,0,0,0,0,0,0,0,0,0,0
4025,0,0,12,0,0,0,0,0,0,0,0,0,0
4029,0,0,8,0,0,0,0,0,0,0,0,0,0
4031,0,0,12,0,0,0,0,0,0,0,0,0,0
4032,0,0,4,0,0,0,0,0,15,0,0,0,0
4037,0,0,23,0,0,0,0,0,0,0,0,0,0
4038,0,0,8,0,0,0,0,0,0,0,0,0,0
4039,0,0,8,0,0,0,0,0,0,0,0,0,0
4041,0,14,33,0,0,0,0,0,7,0,0,0,0
4042,0,0,35,0,0,0,0,0,0,0,0,0,0
4047,0,0,21,0,0,0,0,0,21,0,0,0,0
4050,0,0,11,0,0,0,0,0,0,0,0,0,0
4053,0,0,0,0,0,0,0,0,33,0,0,0,0
4054,0,0,20,0,0,0,0,0,0,0,0,0,0
4055,0,0,42,0,0,0,0,0,0,0,0,0,0
4056,0,0,38,0,12,0,0,0,38,0,0,0,0
4057,0,0,76,0,0,0,0,0,0,0,0,0,0
4060,0,0,9,0,0,0,0,0,0,0,0,0,0
4061,0,0,179,0,0,0,0,0,54,0,0,0,0
4062,0,0,514,0,0,0,0,0,120,0,0,0,0
4063,0,0,81,0,0,0,0,0,64,0,0,0,0
4064,0,0,852,0,0,0,0,0,56,0,0,53,0
4070,0,0,114,0,0,0,0,0,0,0,0,0,0
4072,0,0,132,0,0,0,0,0,4,0,0,0,0
4073,0,0,20,0,0,0,0,0,0,0,0,0,0
4079,0,0,65,0,0,0,0,0,26,0,0,0,0
4080,0,0,0,0,0,0,0,0,5,0,0,0,38
4082,27,0,0,0,0,0,0,0,0,0,0,0,0
4085,0,0,59,0,0,0,0,0,0,0,0,0,0
4086,0,0,54,0,0,0,0,0,31,0,0,0,0
4087,0,0,18,0,0,0,0,0,0,0,0,0,0
4089,0,0,4,0,0,0,0,0,0,0,0,0,0
4090,0,0,9,0,0,0,0,0,0,0,0,0,0
4094,0,0,39,0,0,12,0,0,0,0,0,0,38
4096,0,0,6,0,0,0,0,0,0,0,0,0,0
4098,0,0,8,0,0,0,0,0,8,0,0,0,0
4099,28,0,9,0,0,0,0,0,0,0,0,0,0
4101,0,0,15,0,0,0,0,0,29,0,0,0,0
4102,23,0,41,0,0,0,0,0,4,0,0,0,0
4103,0,0,141,0,0,0,35,0,26,0,0,0,0
4104,0,0,20,0,0,0,0,0,4,0,27,0,0
4105,0,0,8,0,0,0,0,0,0,0,0,0,0
4106,0,0,30,0,0,0,0,0,0,0,0,0,0
4107,0,0,8,0,0,0,0,0,0,0,0,0,0
4108,0,0,62,0,0,0,0,0,0,0,0,0,0
4109,0,0,5,0,0,0,0,0,0,0,0,0,0
4111,0,0,40,0,0,0,0,0,40,0,0,0,0
4112,0,0,39,0,0,0,0,0,6,0,0,0,0
4113,0,0,13,0,0,0,0,0,0,0,0,0,0
4114,0,0,115,0,0,0,0,0,0,0,0,0,0
4115,0,0,0,0,0,0,0,0,26,0,0,0,0
4116,0,0,10,0,0,0,0,0,0,0,0,0,0
4117,0,0,4,0,0,0,0,0,0,0,0,0,0
4118,0,0,11,0,0,0,0,0,0,0,0,0,0
4122,0,0,27,0,0,0,0,0,0,0,0,0,0
4124,0,0,77,0,0,0,0,0,0,0,0,0,0
4126,0,0,15,0,0,0,0,0,15,0,0,0,0
4127,0,0,72,0,0,0,0,0,93,0,0,0,0
4128,0,0,22,0,0,0,0,0,0,0,0,0,0
4129,0,0,69,0,0,0,0,0,0,0,0,0,0
4130,0,0,9,0,0,0,0,0,0,0,0,0,0
4131,0,0,49,0,0,0,0,0,25,0,0,0,0
4132,0,0,20,0,0,0,0,0,0,0,0,0,0
4133,0,0,24,0,0,0,0,0,0,0,0,0,0
4135,0,0,72,0,0,0,0,0,0,0,0,0,0
4136,132,0,404,0,0,0,0,0,5,0,0,0,0
4137,0,0,83,0,0,0,0,0,0,0,0,0,0
4138,11,0,111,0,0,0,0,0,0,0,0,0,0
4139,106,0,653,0,0,0,0,0,0,0,0,0,0
4140,0,0,28,0,0,0,0,0,0,0,0,0,0
4143,0,0,14,0,0,0,0,0,0,0,0,0,0
4146,0,0,258,0,0,0,0,0,0,0,0,0,0
4147,0,0,226,0,0,0,0,0,0,0,0,0,0
4148,0,0,49,0,0,0,0,0,0,0,0,0,0
4150,0,0,170,0,0,0,0,0,0,0,0,0,76
4151,0,0,0,0,9,0,0,0,0,0,0,0,0
4154,0,0,360,0,0,0,0,0,0,0,0,0,0
4155,30,0,235,0,0,0,0,0,47,0,0,0,0
4157,0,0,68,0,0,0,0,0,0,0,0,0,0
4158,0,0,39,0,0,0,0,0,0,0,0,0,0
4159,0,0,24,0,0,0,0,0,7,0,0,0,0
4160,0,0,107,0,0,0,0,0,0,0,0,0,0
4162,0,0,41,0,0,0,0,0,0,0,0,0,0
4163,0,0,4,0,0,0,0,0,4,0,0,0,0
4164,0,0,8,0,0,0,0,0,0,0,0,0,0
4165,0,0,185,0,0,0,0,0,29,0,0,0,0
4166,0,0,11,0,0,0,0,0,0,0,0,0,0
4168,0,0,60,0,0,0,0,0,5,0,0,0,0
4169,0,0,5,0,0,0,0,0,5,0,0,0,0
4170,0,0,22,0,0,0,0,0,0,0,0,0,0
4173,0,0,4,0,0,0,0,0,0,0,0,0,0
4174,0,0,5,0,0,0,0,0,28,0,0,0,0
4175,0,0,113,0,0,0,0,0,0,0,0,0,0
4176,0,0,42,0,0,0,0,0,0,0,0,0,0
4178,0,0,39,0,0,0,0,0,0,0,0,0,0
4179,0,0,21,0,0,0,0,0,21,0,0,0,0
4180,0,0,90,0,0,0,0,0,0,0,0,0,0
4181,0,0,0,0,0,11,0,0,0,0,0,0,0
4183,0,0,34,0,0,0,0,0,5,0,0,0,0
4184,0,0,25,0,0,0,0,0,0,0,0,0,0
4185,0,0,19,0,0,0,0,0,0,0,0,0,0
4186,0,0,19,0,0,0,0,0,0,0,0,0,0
4187,0,0,4,0,0,0,0,0,3,0,0,0,0
4188,0,0,36,0,0,0,0,0,19,0,0,0,0
4189,0,0,28,0,0,0,0,0,0,0,0,0,0
4190,0,0,9,0,0,0,0,0,0,0,0,0,0
4192,0,0,31,0,0,0,0,0,27,0,0,0,0
4193,128,0,642,0,0,0,0,0,58,0,27,0,0
4194,0,0,229,0,0,0,0,0,19,29,0,0,0
4195,0,0,122,0,0,0,0,0,98,0,0,0,0
4197,0,0,34,0,0,0,0,0,0,0,0,0,0
4203,0,0,0,0,0,4,0,0,0,0,0,0,0
4204,0,0,24,0,6,0,0,0,0,65,0,0,0
4205,0,0,38,0,0,0,0,0,0,0,0,0,0
4206,0,0,119,0,0,0,0,0,0,0,0,125,0
4207,0,0,0,0,0,0,0,0,53,0,0,0,0
4208,0,0,11,0,0,0,0,0,0,0,0,0,0
4210,0,0,27,0,0,0,0,0,0,0,0,0,0
4211,0,0,0,0,4,0,0,0,0,0,0,0,0
4212,0,0,30,0,0,0,0,0,12,0,0,0,0
4216,0,0,303,0,0,0,0,0,0,0,0,0,0
4218,0,0,17,0,0,0,0,0,0,0,0,0,0
4219,0,0,3,0,0,0,0,0,0,0,0,0,0
4222,0,0,128,0,0,0,0,0,0,0,0,0,0
4223,0,0,22,0,0,0,0,0,0,0,0,0,0
4234,0,0,6,0,0,0,0,0,0,0,0,0,0
4239,0,0,127,0,0,0,0,0,0,0,0,0,0
4242,0,0,4,0,0,0,0,0,0,0,0,0,0
4245,0,0,317,0,0,0,0,0,124,0,0,0,0
4247,0,0,125,0,0,0,0,0,59,0,0,0,0
4248,0,0,19,0,0,6,0,0,0,0,0,0,0
4249,36,0,84,0,0,0,0,0,0,0,0,0,0
4250,65,0,358,0,0,0,0,0,0,0,0,0,0
4251,0,0,166,0,0,0,0,0,0,0,0,0,0
4252,31,0,297,0,0,0,0,0,0,0,0,26,0
4253,0,0,66,0,0,0,0,0,0,0,0,0,0
4255,0,0,55,0,0,0,0,0,0,0,0,0,0
4256,0,0,177,0,0,0,0,0,10,0,0,0,0
4257,0,0,4,0,0,0,0,0,4,0,0,0,0
4258,0,0,5,0,0,0,0,0,0,0,0,0,0
4259,0,0,65,0,0,0,0,0,0,0,0,0,0
4261,23,0,51,0,0,0,0,0,0,0,0,0,0
4262,0,0,15,0,0,0,0,0,0,0,0,0,0
4264,0,0,37,0,0,0,0,0,12,0,70,0,0
4265,0,0,45,0,0,0,0,0,0,0,0,0,0
4266,0,0,22,0,0,0,0,0,0,0,0,0,0
4267,0,0,31,0,0,0,0,0,0,0,0,0,0
4269,0,0,66,0,0,0,0,0,0,0,0,0,0
4270,0,0,160,0,0,0,0,0,0,0,0,0,0
4271,0,0,100,0,0,0,0,0,8,0,0,0,0
4272,0,0,0,0,0,4,0,0,0,0,0,0,0
4273,0,0,18,0,0,0,0,0,8,0,0,0,0
4274,0,0,79,0,0,0,0,0,0,0,0,0,0
4275,0,0,3,0,0,3,0,0,0,0,0,0,0
4276,0,0,126,0,0,76,0,0,81,0,0,0,0
4277,125,0,471,0,0,0,0,0,0,0,0,0,0
4278,58,0,62,0,0,0,0,0,0,0,0,0,0
4279,0,0,668,0,0,0,0,0,4,0,0,0,0
4280,0,0,54,0,0,0,0,0,0,0,0,0,0
4282,0,0,204,0,0,0,0,0,0,0,0,0,0
4283,0,0,50,0,0,0,0,0,5,0,0,0,0
4284,14,0,281,0,0,0,0,0,45,0,0,0,0
4285,154,0,108,0,0,0,0,0,0,0,0,0,0
4288,0,0,10,0,0,0,0,10,0,0,0,0,0
4290,0,0,55,0,0,0,0,0,0,0,0,0,0
4292,149,5,44,0,0,0,0,0,0,0,0,0,0
4293,37,0,610,0,0,18,0,0,16,0,0,5,0
4294,0,0,369,0,0,0,0,0,0,0,0,0,0
4295,0,0,66,0,0,0,0,0,27,0,0,0,0
4296,0,0,454,0,0,15,0,0,0,0,0,0,0
4297,0,49,40,0,0,0,0,0,81,0,0,0,0
4298,0,0,83,0,0,0,0,0,16,0,0,0,0
4299,0,0,338,0,0,0,0,0,0,0,0,0,0
4303,0,0,165,0,0,0,0,0,29,0,0,0,0
4305,0,0,121,0,0,0,0,0,0,0,0,0,0
4306,0,0,5,0,0,0,0,0,0,0,0,0,0
4308,0,0,66,0,0,0,0,0,66,0,0,0,0
4309,0,0,199,0,0,0,0,0,49,0,0,0,0
4310,0,0,90,0,0,0,0,0,0,0,0,64,0
4311,0,0,46,0,0,0,0,0,0,0,0,0,0
4313,0,0,26,0,0,0,0,0,0,0,0,0,0
4314,0,0,202,0,0,0,0,0,80,0,0,5,0
4315,0,0,157,0,0,0,0,0,102,0,0,0,0
4316,0,0,23,0,0,0,0,0,10,0,0,0,0
4317,0,0,115,0,0,0,0,0,0,0,0,0,0
4318,0,0,109,0,0,0,0,0,94,0,0,0,0
4319,0,0,299,0,0,0,0,0,0,0,0,0,0
4320,0,0,24,0,0,0,0,0,0,0,0,0,0
4322,0,0,13,0,0,0,0,0,0,0,0,0,0
4323,0,0,72,0,0,0,0,0,0,0,0,0,0
4324,0,0,150,0,0,0,0,0,84,0,0,0,0
4325,0,0,23,0,0,0,0,0,0,0,0,0,0
4326,0,0,68,0,0,0,0,0,0,0,0,0,0
4327,0,0,41,0,0,0,0,0,0,0,0,0,0
4330,0,0,177,0,0,0,0,0,37,0,0,0,0
4331,0,0,25,0,0,0,0,0,9,0,0,0,0
4333,0,0,48,0,0,0,0,0,26,0,0,0,0
4344,0,0,30,0,0,0,0,0,0,0,0,0,0
4345,0,0,107,0,0,0,0,0,0,0,0,0,0
4349,0,0,14,0,0,0,0,0,0,0,0,0,0
4351,14,0,953,0,0,0,0,0,591,0,0,0,0
4354,0,4,58,0,0,0,0,0,0,0,0,0,0
4355,0,0,165,0,0,0,0,0,0,0,0,0,0
4356,0,0,307,0,0,7,0,0,0,28,0,0,0
4357,159,5,874,0,0,0,0,0,20,0,0,10,0
4358,0,0,415,0,0,0,0,0,27,0,0,0,5
4359,0,0,59,0,0,0,0,0,0,0,0,0,0
4360,0,50,2025,0,0,0,0,0,706,0,0,0,122
4361,0,0,22,0,0,0,0,0,0,0,0,0,0
4362,31,24,457,0,0,0,0,0,0,0,0,0,0
4364,0,7,123,0,0,0,0,0,8,0,0,0,0
4365,76,0,421,0,3,0,0,0,164,0,0,0,0
4366,0,0,63,0,0,0,0,0,23,0,0,0,0
4367,46,0,194,0,0,0,0,0,0,0,0,0,0
4368,26,0,321,0,0,0,0,0,50,0,0,0,0
4369,0,0,59,0,0,0,0,0,8,0,0,0,0
4370,0,0,59,0,0,0,0,0,60,0,0,0,0
4371,0,0,127,0,0,0,0,0,44,0,0,0,0
4372,0,15,309,0,0,0,0,0,11,0,0,13,0
4373,0,57,56,0,0,0,0,0,0,0,0,0,4
4374,0,0,47,0,0,0,0,0,19,0,0,0,0
4375,15,0,726,0,0,0,0,0,117,0,0,0,0
4376,0,0,50,0,3,5,0,0,0,0,0,0,0
4377,0,0,20,0,0,0,0,0,30,0,0,0,0
4378,0,0,151,0,0,0,0,0,27,0,0,0,0
4379,0,0,121,0,0,0,0,0,0,0,0,0,0
4380,0,16,0,0,0,0,0,0,0,0,0,0,0
4381,0,0,87,0,41,0,0,0,84,206,0,0,0
4382,0,0,397,0,0,0,0,0,41,0,0,0,0
4384,0,0,34,0,0,14,0,0,0,0,0,0,0
4385,0,0,147,0,0,0,0,0,0,0,0,0,0
4386,0,0,80,0,0,0,0,0,0,0,0,13,0
4387,0,0,157,0,0,0,0,0,0,0,0,0,0
4388,0,0,141,0,0,0,0,0,0,0,0,0,0
4389,0,0,42,0,0,0,0,0,0,0,0,0,0
4390,0,0,104,0,0,0,0,0,0,0,0,0,0
4391,0,0,20,0,0,0,0,0,0,0,0,0,0
4392,0,0,254,0,0,0,0,0,0,0,0,0,0
4393,0,63,77,0,0,0,0,0,0,0,0,0,0
4394,0,0,0,0,22,0,0,0,0,0,0,0,0
4395,0,0,26,0,0,0,0,0,26,0,0,0,0
4396,43,0,606,0,0,10,0,0,0,0,0,0,0
4398,0,0,12,0,0,0,0,0,0,0,0,0,0
4399,0,0,104,0,0,0,0,0,0,0,0,0,0
4400,0,0,15,0,0,0,0,0,0,0,0,0,0
4401,0,4,118,0,0,0,0,0,10,0,0,0,0
4402,0,0,58,0,0,0,0,0,0,0,0,0,0
4404,0,0,7,0,0,0,0,0,0,0,0,0,0
4405,0,0,56,0,0,0,0,0,0,0,0,0,0
4406,0,0,58,0,0,0,0,0,28,0,0,0,0
4408,55,0,573,0,0,5,0,0,7,0,0,0,0
4410,0,0,103,0,0,5,0,0,0,0,0,0,0
4412,0,0,27,0,0,0,0,0,0,0,0,0,0
4415,0,0,23,0,0,0,0,0,0,0,0,0,0
4416,0,0,165,0,0,0,0,0,31,0,0,0,0
4417,0,0,53,0,5,0,0,0,0,0,0,0,0
4419,0,0,30,0,0,0,0,0,0,0,0,0,0
4420,0,0,116,0,0,0,0,0,0,0,0,0,0
4421,0,0,63,0,0,0,0,0,6,0,0,0,0
4422,0,0,45,0,0,0,0,0,89,0,0,0,0
4424,0,0,16,0,0,0,0,0,0,0,0,0,0
4425,0,0,20,0,0,0,0,0,0,0,0,0,0
4426,0,0,5,0,0,0,0,0,0,0,0,0,0
4427,9,0,0,0,0,0,0,0,0,0,0,0,0
4429,0,0,75,0,0,0,0,0,22,0,0,0,0
4430,0,0,112,0,0,0,0,0,43,0,0,0,0
4431,0,0,8,0,0,0,0,0,0,0,0,0,0
4432,11,0,9,0,0,0,0,0,0,0,0,0,275
4433,0,0,242,0,0,0,0,0,21,0,0,0,0
4435,0,0,227,0,0,0,0,0,0,0,0,0,0
4436,54,20,315,0,0,0,0,0,12,0,0,0,0
4437,0,0,560,0,0,0,3,0,125,0,0,0,0
4438,71,0,682,0,0,0,0,0,0,0,0,0,0
4439,0,0,146,0,0,0,0,0,18,0,0,0,0
4440,4,0,181,0,0,0,0,0,27,0,0,0,0
4441,0,0,11,0,0,0,0,0,0,0,0,0,0
4442,0,0,175,0,0,0,0,0,78,0,0,0,0
4443,0,0,179,76,0,3,0,0,23,0,0,0,13
4444,0,0,149,0,0,0,0,0,18,0,0,0,0
4445,176,15,273,0,0,0,0,0,0,0,0,0,45
4446,89,0,666,0,0,0,0,0,34,0,0,0,0
4447,96,0,285,0,0,0,0,0,21,0,0,0,0
4448,0,0,123,0,0,0,0,0,43,0,0,0,0
4449,59,0,1021,0,0,0,0,0,472,80,73,0,0
4450,0,0,53,0,0,0,0,0,0,0,0,0,0
4451,12,0,87,0,0,0,0,0,0,0,0,0,0
4452,0,0,111,0,0,0,0,0,17,0,0,0,0
4453,53,0,65,0,0,0,0,0,43,0,0,0,0
4454,0,0,36,0,0,0,0,0,36,0,0,0,0
4456,361,0,1751,0,0,0,0,0,217,0,0,34,8
4457,4,0,163,0,0,0,0,0,0,0,0,0,0
4458,60,0,335,0,0,0,0,0,42,0,0,0,0
4459,0,0,55,0,7,0,0,0,0,0,0,0,0
4460,0,0,23,0,0,0,0,0,0,0,0,0,0
4461,0,0,53,0,0,0,0,0,0,0,0,0,0
4462,0,0,72,0,0,0,0,0,18,0,0,0,0
4463,0,0,69,0,0,0,0,0,18,0,0,0,0
4464,133,0,198,0,0,0,0,0,0,0,0,0,0
4465,0,0,145,0,0,0,0,0,0,0,0,0,8
4466,0,0,35,0,0,0,0,0,0,0,0,0,0
4467,0,0,240,0,0,0,0,0,5,0,0,163,0
4468,0,0,176,0,0,0,0,0,0,0,0,0,0
4469,0,0,66,0,0,0,0,0,0,0,0,0,0
4470,0,0,40,0,0,0,0,0,11,0,0,0,0
4471,0,0,118,0,0,0,0,0,0,0,0,0,0
4472,0,0,50,0,0,0,0,0,0,0,0,0,0
4477,0,0,9,0,0,0,0,0,0,0,0,0,0
4478,0,0,72,0,0,0,0,0,0,0,0,0,0
4479,0,0,80,0,0,0,0,0,43,0,0,0,0
4481,0,0,155,0,0,0,0,0,0,0,0,0,0
4483,0,0,11,0,0,0,0,0,0,0,0,0,0
4484,0,0,10,0,0,0,0,0,0,0,0,0,0
4485,0,0,131,0,0,0,0,0,22,0,0,0,0
4487,0,0,56,0,0,0,0,0,8,0,0,0,8
4488,59,0,131,0,0,7,0,0,69,0,0,0,0
4489,15,0,0,0,0,0,0,0,0,0,0,0,0
4490,27,0,273,0,0,0,0,0,340,0,0,0,0
4491,0,0,190,0,0,0,0,0,0,0,0,0,0
4492,65,0,74,0,0,0,0,0,7,0,0,4,0
4495,16,0,179,0,0,0,0,0,28,0,0,0,0
4496,0,0,656,0,0,0,0,0,146,0,0,0,0
4498,0,0,185,0,0,0,12,0,0,0,0,6,0
4499,133,0,222,0,0,0,0,0,0,0,0,0,0
4500,88,0,457,0,0,0,0,0,110,0,0,0,0
4501,61,46,998,0,0,0,0,0,311,0,0,24,0
4502,0,0,4,0,0,0,0,0,0,0,0,0,0
4503,41,26,747,0,0,0,0,0,39,0,0,0,0
4504,9,0,292,0,0,0,0,0,54,0,0,0,0
4505,52,0,297,0,0,15,0,0,0,0,0,0,0
4506,182,72,1705,0,0,0,0,0,255,0,0,0,0
4507,183,4,932,0,0,0,0,0,22,0,0,0,0
4508,10,0,310,0,0,0,0,0,5,0,0,0,0
4509,0,0,86,0,0,0,0,0,0,0,0,0,0
4510,40,0,85,0,0,0,0,0,22,0,0,0,0
4511,952,0,5394,0,210,328,12,277,1120,0,419,555,0
4512,46,0,284,0,0,0,0,0,31,0,0,0,0
4513,0,0,530,0,0,0,0,0,16,0,0,0,0
4514,0,0,6,0,0,0,0,0,0,0,0,0,0
4515,61,0,998,0,0,153,0,0,56,0,0,0,0
4516,0,0,47,0,0,0,0,0,0,0,0,0,0
4517,0,0,782,0,0,0,0,0,290,0,0,41,0
4518,0,0,28,0,0,0,0,0,0,0,0,0,0
4519,0,0,164,0,0,0,0,0,25,0,0,0,0
4520,17,0,161,0,0,0,0,0,0,0,0,15,0
4521,0,0,360,0,0,0,0,0,24,0,0,0,0
4522,0,0,689,0,0,0,0,0,205,0,0,0,0
4523,0,0,5,0,0,0,0,0,5,0,0,0,0
4524,17,0,249,0,0,0,0,0,4,0,0,0,150
4525,0,0,149,0,0,0,0,0,4,0,0,0,4
4526,18,0,270,0,0,0,0,0,0,0,0,0,0
4527,17,0,8,0,0,0,0,0,0,0,0,0,0
4528,130,0,647,0,0,0,0,0,29,0,0,0,0
4529,0,0,36,0,0,0,0,0,0,0,0,0,0
4530,21,0,847,0,0,0,0,0,0,0,0,4,0
4531,0,0,67,0,0,0,0,0,7,0,0,0,0
4532,93,0,76,0,0,0,0,0,0,0,0,0,0
4533,384,6,948,0,0,0,0,0,0,0,0,0,0
4534,542,0,3040,0,115,285,0,38,909,0,81,217,0
4535,148,0,810,0,0,0,0,0,47,0,0,0,0
4536,0,0,294,0,0,52,0,0,25,0,0,0,0
4537,197,0,532,0,0,0,0,0,52,0,5,0,0
4538,0,0,899,0,0,27,0,0,41,0,0,0,0
4539,41,0,644,0,0,4,0,0,62,0,0,0,0
4540,0,0,573,0,0,0,0,0,0,0,0,0,0
4541,0,0,12,0,0,0,0,0,0,0,0,0,0
4542,16,0,811,0,0,0,0,0,50,0,0,0,33
4543,0,0,6,0,0,0,0,0,121,0,0,0,0
4544,207,0,326,0,0,0,0,0,0,0,0,0,0
4545,0,0,30,0,0,0,0,0,0,0,0,0,0
4546,0,0,236,0,0,0,0,0,165,0,0,0,0
4547,0,0,48,0,0,0,0,0,0,0,0,0,0
4548,0,0,77,0,0,0,0,0,0,0,0,0,0
4549,0,0,311,0,0,0,0,0,0,0,0,0,0
4550,5,0,1157,0,0,0,0,0,300,0,0,0,0
4551,0,0,757,0,0,0,0,0,163,0,0,0,0
4552,0,0,133,0,0,0,0,0,0,0,0,0,0
4553,0,0,90,0,0,0,0,0,0,0,0,0,0
4554,176,0,76,0,0,0,0,0,0,0,0,40,0
4555,0,0,0,0,0,0,0,0,18,0,0,0,0
4556,0,0,43,0,0,0,0,0,0,0,0,0,0
4557,0,0,157,0,0,0,0,0,18,0,0,0,0
4558,105,0,475,39,0,0,0,0,15,0,0,0,0
4559,9,0,221,0,0,0,0,0,0,0,0,0,0
4560,0,0,357,0,0,0,0,0,79,0,0,14,0
4561,0,0,36,0,0,0,0,0,12,0,0,0,0
4562,0,0,40,0,0,0,0,0,0,0,0,0,0
4563,0,0,66,0,0,0,0,0,0,0,0,0,0
4564,11,0,196,0,0,0,0,0,0,0,0,0,0
4566,0,0,6,0,0,0,0,0,0,0,0,0,0
4567,0,0,132,0,0,0,0,0,36,0,0,0,0
4569,0,0,113,0,0,0,0,0,0,0,0,0,0
4570,0,0,26,0,0,0,0,0,0,0,0,0,0
4571,0,0,150,0,0,0,0,0,0,0,0,0,0
4572,0,0,18,0,0,0,0,0,18,0,0,0,0
4573,52,0,88,0,0,0,0,0,52,0,0,0,0
4574,0,0,44,0,0,0,0,0,0,0,0,0,0
4575,0,0,5,0,0,0,0,0,0,0,0,0,0
4576,96,0,425,0,0,0,0,0,62,0,0,4,0
4577,0,0,838,0,0,0,18,0,112,0,0,0,0
4578,0,0,112,0,0,0,0,0,0,0,0,0,0
4579,150,0,496,0,0,0,0,0,0,0,0,26,0
4580,0,0,174,0,0,0,0,0,0,0,0,0,0
4581,0,0,114,0,0,0,0,0,0,0,0,0,0
4582,0,0,76,0,0,0,0,0,10,0,0,0,0
4583,0,0,428,0,0,7,0,0,98,0,0,0,24
4584,0,0,39,0,0,0,0,0,14,0,0,0,0
4585,0,0,50,0,0,0,0,0,0,0,0,0,0
4586,23,0,175,0,0,0,0,0,6,0,0,0,0
4587,0,0,49,0,0,0,0,0,0,0,0,0,0
4588,0,0,288,0,0,0,0,0,58,0,0,0,0
4589,0,0,17,0,0,0,0,0,0,0,0,0,0
4590,0,0,0,0,0,11,0,0,0,0,0,0,0
4591,0,0,240,0,0,0,0,0,0,0,0,0,0
4592,44,0,196,0,0,0,0,0,48,0,0,0,0
4593,115,0,26,0,0,0,0,0,10,0,0,0,0
4594,5,0,261,0,0,0,0,0,35,0,0,0,0
4595,0,0,105,0,0,0,0,0,0,0,0,0,0
4596,0,0,54,0,0,0,0,0,24,0,0,0,0
4597,0,0,68,0,0,0,0,0,0,0,0,0,0
4598,0,0,15,0,0,0,0,0,0,0,0,0,0
4599,0,0,108,0,0,0,0,0,7,0,0,0,0
4601,0,0,23,0,0,0,0,0,0,0,0,0,0
4602,0,0,9,0,0,0,0,0,19,0,0,0,0
4603,0,0,43,0,0,0,0,0,0,0,0,0,0
4604,0,0,23,0,0,0,0,0,0,0,0,0,0
4605,0,0,45,0,0,0,0,0,12,0,0,0,0
4606,0,0,4,0,0,0,0,0,0,0,0,0,0
4607,0,0,26,0,0,0,0,0,0,0,0,0,0
4608,0,0,34,0,0,0,0,0,0,0,0,0,0
4609,0,0,48,0,0,0,0,0,0,0,0,0,0
4610,0,0,15,0,0,0,0,0,0,0,0,0,0
4611,0,0,23,0,0,0,0,0,0,0,0,28,0
4612,0,0,44,0,0,0,0,0,6,0,0,0,0
4613,0,0,176,0,0,0,0,0,54,70,0,0,0
4614,26,0,89,0,0,0,0,0,0,0,0,0,0
4615,0,0,65,0,0,0,0,0,7,0,0,0,0
4617,0,0,86,0,0,19,0,0,0,0,0,0,0
4618,0,0,17,0,0,0,0,0,0,0,0,0,0
4619,0,0,173,0,0,0,0,0,0,0,0,109,0
4620,0,0,20,0,0,0,0,0,0,0,0,0,0
4621,0,0,172,0,0,0,0,0,76,0,0,0,0
4622,0,0,10,0,0,0,0,0,0,0,0,0,0
4624,0,0,71,0,0,0,0,0,0,0,0,0,0
4625,0,0,47,0,0,0,0,0,26,0,0,0,0
4627,0,0,72,0,0,0,0,0,9,0,0,0,0
4628,0,0,25,0,0,0,0,0,0,0,0,0,0
4629,0,0,200,0,0,0,0,0,29,0,0,0,0
4630,17,0,0,0,0,0,0,0,0,0,0,0,0
4631,0,0,196,0,0,0,0,0,88,0,0,0,0
4632,29,0,100,0,0,0,0,0,87,0,0,0,0
4633,0,0,44,0,0,0,0,0,28,0,0,0,0
4634,0,0,45,0,0,0,0,0,0,8,0,0,0
4635,0,0,52,0,0,0,55,0,0,0,0,0,0
4636,56,0,211,0,0,0,0,0,15,0,0,0,0
4637,0,0,280,0,0,0,0,0,32,0,0,0,0
4638,0,0,30,0,0,0,0,0,30,0,0,0,0
4640,0,0,0,0,0,4,0,0,0,0,0,0,0
4641,82,0,226,0,0,0,0,0,0,0,0,0,0
4642,0,0,368,0,0,0,0,0,62,0,0,0,0
4644,0,0,574,0,0,4,0,20,46,0,0,81,0
4645,0,0,15,0,0,0,0,0,0,0,0,0,0
4646,0,0,50,0,0,0,0,0,0,0,0,0,0
4647,0,0,87,0,0,0,0,0,0,0,0,0,0
4648,0,0,13,0,0,0,0,0,0,0,0,0,0
4649,0,0,6,0,0,0,0,0,0,0,0,0,0
4650,0,0,161,0,0,0,0,0,0,0,0,0,0
4651,63,0,211,0,0,0,0,0,8,0,0,0,0
4652,0,0,53,0,0,24,0,0,53,0,0,0,0
4653,0,0,28,0,0,8,0,0,0,0,0,0,0
4654,0,0,14,0,0,27,0,0,14,0,0,0,0
4655,0,0,6,0,0,0,0,0,6,0,0,0,0
4656,634,4,913,0,0,13,0,0,92,35,64,19,0
4657,19,0,578,0,0,0,0,0,19,0,0,0,0
4658,6,0,97,0,0,0,0,0,0,0,0,0,0
4659,0,0,33,0,0,0,0,0,33,0,0,0,0
4662,0,0,109,0,0,0,0,0,18,0,0,0,14
4663,0,0,160,0,0,0,0,0,4,0,0,0,0
4664,0,0,173,0,0,0,0,0,0,0,0,0,0
4666,0,0,52,0,0,0,0,0,0,0,0,0,0
4668,0,0,5,0,0,0,0,0,5,0,0,0,0
4669,0,0,15,0,0,0,0,0,0,0,0,0,0
4670,0,0,529,0,0,11,0,0,26,0,0,41,0
4671,0,0,88,0,0,0,0,0,0,0,0,0,0
4672,0,0,142,0,0,0,0,0,0,0,0,0,31
4673,0,0,389,0,0,0,0,0,107,0,0,0,31
4676,0,0,91,0,0,0,0,0,20,0,0,0,0
4677,0,0,59,0,0,0,0,0,12,0,0,0,0
4678,0,0,61,0,0,0,0,0,0,58,0,0,0
4679,106,0,84,0,0,0,0,0,0,0,0,0,0
4680,0,0,26,0,0,0,0,0,0,0,0,0,0
4681,0,0,12,0,0,0,0,0,12,0,0,0,0
4682,0,0,182,0,0,0,0,0,6,0,0,0,0
4683,0,0,69,0,0,0,0,0,0,0,0,0,0
4684,0,0,7,0,0,0,0,0,4,0,0,0,0
4685,0,0,46,0,0,0,0,0,0,0,0,0,0
4687,0,0,306,0,0,0,0,0,0,0,0,0,0
4688,0,0,8,0,0,0,0,0,0,0,0,0,0
4691,0,0,0,0,0,0,0,0,25,0,0,0,0
4692,0,0,90,0,0,0,0,0,0,0,0,0,0
4694,9,0,539,0,0,0,0,0,50,0,0,0,0
4695,250,0,263,0,0,0,0,0,0,0,0,0,27
4696,0,0,274,0,0,6,0,0,0,0,0,0,0
4697,0,0,162,0,0,0,0,0,0,0,0,0,0
4698,0,0,37,0,0,0,0,0,17,0,0,17,0
4699,0,0,193,0,0,0,0,0,0,0,0,0,0
4701,0,0,130,0,0,0,0,0,0,0,0,0,0
4702,0,0,21,0,0,0,0,0,0,0,0,0,0
4703,35,0,258,0,0,0,0,0,30,0,0,0,0
4706,0,0,45,0,0,0,0,0,6,0,0,0,0
4707,0,0,11,0,0,0,0,0,0,0,0,0,0
4708,0,0,90,0,0,0,0,0,0,0,0,0,0
4709,0,0,55,0,0,0,0,0,0,0,0,0,0
4710,0,0,0,0,7,0,0,0,0,0,0,0,0
4711,22,0,356,0,0,0,0,0,0,0,0,0,0
4712,0,0,48,0,0,0,0,0,10,0,0,0,0
4713,0,0,122,0,0,0,0,0,0,0,0,0,0
4714,15,0,284,0,0,6,0,0,12,0,0,0,0
4716,0,0,25,0,0,0,0,0,0,0,0,0,0
4717,0,0,31,0,0,0,0,0,0,0,0,0,0
4718,0,0,107,0,0,0,0,0,0,0,0,0,0
4719,0,0,112,0,0,0,0,0,36,0,0,0,0
4724,0,0,30,0,0,0,0,0,30,0,0,0,0
4725,0,0,11,0,0,0,0,0,0,0,0,0,0
4727,0,0,60,0,0,0,0,0,0,0,0,0,0
4728,0,0,3,0,0,0,0,0,7,0,0,0,0
4730,0,0,39,0,0,0,0,0,0,0,0,0,0
4731,138,0,264,0,0,17,0,0,0,0,0,0,0
4732,0,0,318,0,0,0,0,0,54,0,0,0,0
4733,0,0,5,0,0,0,0,0,0,0,0,0,0
4734,82,0,195,0,0,0,0,0,35,0,0,0,0
4735,54,0,33,0,0,0,0,0,0,0,0,0,0
4736,0,0,141,0,0,0,0,0,0,0,0,0,0
4737,0,0,69,0,0,0,0,0,0,0,0,0,0
4738,0,0,30,0,0,0,0,0,0,0,0,0,0
4739,121,0,89,0,0,0,0,0,0,0,0,0,0
4740,29,0,444,0,0,0,0,0,0,0,0,0,0
4741,129,0,193,0,0,0,0,0,16,0,0,0,0
4743,0,0,111,0,0,0,0,0,53,0,0,0,0
4745,0,0,52,0,9,0,0,0,0,0,0,0,0
4747,0,0,28,0,0,0,0,0,0,0,0,0,0
4748,52,0,347,0,0,0,0,0,15,0,0,0,27
4749,0,0,23,0,0,0,0,0,12,0,0,0,0
4751,63,0,0,0,0,0,0,0,0,0,0,0,0
4752,0,0,31,0,0,0,0,0,0,0,0,0,0
5001,0,0,3,0,0,0,0,0,3,0,0,0,0
5002,0,0,13,0,0,0,0,0,0,0,0,0,0
5003,0,0,84,0,0,0,0,0,0,0,0,0,0
5004,0,0,37,0,4,0,0,0,0,0,0,0,0
5005,0,0,16,0,0,0,0,0,0,0,0,0,0
5008,0,0,0,0,0,0,0,0,27,0,0,0,0
5009,0,0,30,0,0,0,0,0,30,0,0,0,0
5012,0,0,11,0,0,0,0,0,0,0,0,0,0
5014,0,0,16,0,0,0,0,0,0,0,0,0,0
5015,0,0,12,0,0,0,0,0,0,0,0,0,0
5018,0,0,9,0,0,0,0,0,0,0,0,0,0
5023,0,0,0,0,0,0,0,0,0,0,0,16,0
5024,0,0,184,0,0,0,0,0,0,0,0,0,0
5025,0,0,55,0,0,0,0,0,0,0,0,0,0
5026,0,0,37,0,0,0,0,0,0,0,0,0,0
5027,0,0,122,0,0,0,0,0,0,0,0,0,0
5028,0,0,52,0,0,0,0,0,0,0,0,0,0
5029,0,0,54,0,0,8,0,0,10,0,0,0,0
5030,0,0,57,0,0,0,0,0,0,0,0,0,0
5034,0,0,101,0,0,0,0,0,0,0,0,0,0
5037,0,0,8,0,0,0,0,0,0,0,0,0,0
5040,0,0,89,0,0,0,0,0,0,0,0,0,0
5041,0,0,29,0,0,0,0,0,0,0,0,0,0
5044,0,0,3,0,0,0,0,0,0,0,0,0,0
5048,0,0,10,0,0,0,0,0,10,0,0,0,0
5049,0,0,0,0,13,0,0,0,0,0,0,0,0
5050,0,0,46,0,0,0,0,0,0,0,0,0,0
5066,0,0,5,0,0,0,0,0,0,0,0,0,0
5067,0,0,3,0,0,0,0,0,3,0,0,0,0
5068,0,0,9,0,0,0,0,0,0,0,0,0,0
5070,0,0,3,0,0,0,0,0,0,0,0,0,0
5074,0,0,0,0,15,0,0,0,0,0,0,0,0
5075,0,0,13,0,0,0,0,0,0,0,0,0,0
5076,0,0,23,0,0,0,0,0,0,0,0,0,0
5078,0,0,73,0,0,0,0,0,145,0,0,0,0
5083,0,0,21,0,4,0,0,0,26,0,0,0,0
5087,0,0,5,0,0,0,0,0,0,0,0,0,0
5091,0,0,6,0,0,0,0,0,0,0,0,0,0
5092,0,0,6,0,0,0,0,0,0,0,0,0,0
5094,0,0,17,0,0,0,0,0,0,0,0,0,0
5096,0,0,8,0,0,0,0,0,0,0,0,0,0
5097,0,0,16,0,0,0,0,0,0,0,0,0,0
5104,0,0,35,0,0,25,0,0,0,0,0,0,0
5105,0,0,295,0,0,0,0,0,86,0,0,0,0
5106,0,0,8,0,0,0,0,0,0,0,0,0,0
5107,0,0,4,0,0,0,0,0,0,0,0,0,0
5108,0,0,55,0,0,8,0,0,9,0,0,0,0
5109,0,0,15,0,0,0,0,0,16,0,0,0,0
5113,0,0,0,0,0,0,0,0,54,0,0,0,0
5116,0,0,26,0,0,0,0,0,0,0,0,0,0
5117,0,0,0,0,0,0,0,0,27,0,0,0,0
5122,0,0,19,0,0,0,0,0,0,0,0,0,0
5123,0,0,22,0,0,0,0,0,0,0,0,0,0
5125,0,0,30,0,0,0,0,0,30,0,0,0,0
5131,0,0,7,0,0,0,0,0,0,0,0,0,0
5133,0,0,46,0,0,0,0,0,92,0,0,0,0
5134,0,0,42,0,0,0,0,0,0,0,0,0,0
5135,0,0,12,0,0,0,0,0,0,0,0,0,0
5136,0,0,35,0,0,22,0,0,0,0,0,0,0
5137,0,0,170,0,0,0,0,0,57,0,0,0,0
5139,0,0,172,0,0,0,0,0,0,0,0,0,0
5140,0,0,53,0,0,0,0,0,0,0,0,0,0
5141,0,0,60,0,0,0,0,0,13,0,0,0,0
5142,0,0,195,0,0,0,0,0,0,0,0,0,0
5143,0,0,5,0,0,0,0,0,0,0,0,0,0
5144,0,0,15,0,0,0,0,0,0,0,0,0,0
5145,0,0,15,0,0,0,0,0,0,0,0,0,0
5146,0,0,59,0,0,11,34,0,0,0,0,0,0
5147,0,0,24,0,0,0,0,0,0,0,0,0,0
5148,0,0,15,0,0,0,0,0,0,0,0,0,0
5149,0,0,29,0,0,0,0,0,0,0,0,0,0
5150,0,0,61,0,0,0,0,0,0,0,0,0,0
5151,0,0,115,0,0,13,0,0,0,0,0,0,0
5152,0,0,164,0,0,0,0,0,6,0,0,0,0
5153,0,0,114,0,0,0,0,0,0,0,0,0,0
5154,0,0,44,0,0,0,0,0,11,0,0,0,0
5155,0,0,10,0,0,0,0,0,0,0,0,0,0
5156,0,0,94,0,0,0,0,0,86,0,0,0,0
5158,0,0,8,0,0,0,0,0,0,0,0,0,0
5159,0,0,56,0,0,0,0,0,0,0,0,0,0
5160,0,0,46,0,0,0,0,0,0,0,0,0,0
5161,0,0,150,0,0,0,0,0,0,13,0,0,0
5162,0,0,60,0,0,0,0,0,0,0,0,0,0
5163,0,0,0,0,0,0,0,0,0,9,0,0,0
5164,0,0,182,0,0,0,0,0,0,0,0,0,0
5166,35,0,247,0,0,0,0,0,186,0,0,0,32
5167,0,0,38,0,0,0,0,0,12,0,0,0,0
5168,0,0,55,0,0,0,0,0,0,0,0,0,0
5171,0,0,5,0,0,0,0,0,5,0,0,0,0
5172,54,0,0,0,0,0,0,0,0,0,0,0,0
5173,0,0,22,0,0,0,0,0,0,0,0,0,0
5174,0,0,241,0,0,0,0,0,0,0,0,0,0
5176,0,0,0,0,0,0,0,0,13,0,0,0,0
5177,0,0,19,0,0,0,0,0,0,0,0,0,0
5180,0,0,25,0,0,0,0,0,0,0,0,0,0
5183,0,0,148,0,0,0,0,0,0,0,0,0,0
5185,0,0,14,0,0,0,0,0,0,0,0,0,0
5187,0,0,18,0,0,0,0,0,0,0,0,0,0
5191,0,0,35,0,0,0,0,0,0,0,0,0,0
5195,0,0,85,0,0,0,0,0,34,0,0,0,0
5197,0,0,82,0,0,0,0,0,82,0,0,0,0
5198,0,0,66,0,0,0,0,0,0,0,0,0,0
5199,0,0,67,0,0,0,0,0,6,0,0,0,32
5200,0,0,89,0,0,0,0,0,0,0,0,0,0
5201,0,0,115,0,0,23,0,0,0,0,0,0,0
5202,0,0,0,0,17,4,0,0,0,0,0,0,0
5203,0,0,87,0,0,0,0,0,25,0,0,0,0
5204,0,0,92,0,0,14,0,0,0,0,0,0,0
5205,0,0,62,0,5,0,0,0,0,0,0,0,0
5206,0,0,0,0,0,0,0,0,42,0,0,0,0
5207,0,0,15,0,0,0,0,0,0,0,0,0,0
5209,0,0,271,0,0,0,0,0,9,0,0,29,0
5210,0,0,182,0,3,0,0,0,48,0,20,0,0
5211,0,0,21,0,0,0,0,0,19,0,0,0,0
5212,0,0,22,0,0,0,0,0,0,0,0,0,0
5213,0,0,55,0,0,0,0,0,0,0,0,0,0
5214,0,0,4,0,0,0,0,0,0,0,0,0,0
5215,0,0,150,0,0,0,0,0,0,0,0,0,0
5216,0,0,5,0,0,10,0,0,0,0,0,0,0
5217,0,0,72,0,0,0,0,0,55,0,0,0,0
5220,0,0,50,0,0,0,0,0,28,0,0,0,0
5221,0,0,25,0,0,0,0,0,0,0,0,0,0
5223,0,0,3,0,0,0,0,0,3,0,0,0,0
5224,0,0,44,0,0,0,0,0,0,0,0,0,0
5225,0,0,31,0,0,0,0,0,0,0,0,0,0
5228,0,0,11,0,0,0,0,0,0,0,0,0,0
5229,0,0,13,0,0,0,0,0,0,0,0,0,0
5230,0,0,83,0,0,0,0,0,0,0,0,0,0
5231,0,0,0,0,0,0,0,0,23,0,0,0,0
5232,0,0,110,0,0,0,0,0,40,0,0,0,0
5233,0,0,93,0,0,0,0,0,0,0,0,0,0
5237,0,0,7,0,0,0,0,0,0,0,0,0,0
5238,0,14,91,0,0,0,0,0,0,0,0,0,0
5241,0,0,153,0,0,0,0,0,0,0,0,0,0
5243,0,0,7,0,0,0,0,0,0,0,0,0,0
5244,0,0,7,0,0,6,0,0,0,0,0,0,0
5248,0,0,50,0,0,0,0,0,0,0,0,0,0
5249,0,0,27,0,0,0,0,0,0,0,0,0,0
5254,0,0,28,0,0,0,0,0,0,0,0,0,0
5258,0,0,91,0,0,0,0,0,0,0,0,0,0
5263,0,0,6,0,0,0,0,0,0,0,0,0,0
5266,0,0,14,0,0,0,0,0,0,0,0,0,0
5267,0,0,60,0,0,0,0,0,0,0,0,0,0
5268,0,0,17,0,0,0,0,0,0,0,0,0,0
5269,0,0,97,0,0,0,0,0,22,0,0,0,0
5271,0,0,18,0,0,0,0,0,0,0,0,0,0
5272,0,0,16,0,0,0,0,0,0,0,0,0,0
5275,0,0,73,0,0,0,0,0,6,0,0,0,0
5276,0,0,4,0,0,0,0,0,0,0,0,0,0
5277,0,0,8,0,0,0,0,0,0,0,0,0,0
5278,0,0,7,0,0,0,0,0,0,0,0,0,0
5279,0,0,73,0,0,0,0,0,0,0,0,0,0
5280,0,0,8,0,0,0,0,0,8,0,0,0,0
5281,0,0,4,0,0,0,0,0,4,0,0,0,0
5283,0,0,10,0,0,0,0,0,0,0,0,0,0
5284,0,0,0,0,0,22,0,0,0,0,0,0,0
5285,0,0,27,0,0,0,0,0,0,0,0,0,0
5286,0,0,23,0,0,0,0,0,7,0,0,0,0
5289,0,0,0,0,0,0,0,0,5,0,0,0,0
5292,0,0,21,0,0,0,0,0,0,0,0,0,0
5294,25,0,136,0,0,26,0,0,62,0,40,0,72
5296,0,0,9,0,0,0,0,0,0,0,0,0,0
5297,0,0,183,0,0,0,0,0,24,0,0,0,0
5299,0,0,16,0,0,0,0,0,0,0,0,0,0
5300,0,0,30,0,0,0,0,0,0,0,0,0,0
5301,0,0,9,0,0,0,0,0,0,0,0,0,0
5302,0,0,90,0,0,0,0,0,0,0,0,0,0
5303,0,0,15,0,0,0,0,0,15,0,0,0,0
5304,49,0,532,0,0,0,0,0,86,0,0,0,0
5305,0,0,115,0,0,0,0,0,0,0,0,0,0
5306,0,0,530,0,0,0,0,0,96,0,0,0,0
5307,0,0,297,0,0,0,0,0,0,0,0,0,0
5309,0,0,118,0,0,0,0,0,0,0,0,0,0
5310,0,0,112,0,0,0,0,0,9,0,0,0,0
5311,0,0,47,0,0,0,0,0,0,0,0,0,0
5312,0,0,8,0,0,0,0,0,0,0,0,0,0
5313,0,0,17,0,0,0,0,0,0,0,0,0,0
5314,0,0,8,0,0,0,0,0,0,0,0,0,0
5315,0,0,80,0,0,0,0,0,26,0,0,0,0
5317,0,0,36,0,0,0,0,0,36,0,0,0,0
5324,0,0,27,0,0,0,0,0,0,0,0,0,0
5326,0,0,0,0,0,0,0,0,7,0,0,0,0
5332,0,0,0,0,0,0,0,0,0,0,0,10,0
5334,0,0,49,0,0,0,0,0,0,0,0,0,0
5335,0,0,0,0,0,0,0,0,0,0,0,30,0
5336,0,0,0,0,0,15,0,0,0,0,0,0,0
5338,0,0,19,0,0,0,0,0,0,0,0,0,0
5339,0,0,9,0,0,0,0,0,0,0,0,0,0
5341,0,0,31,0,0,0,0,0,0,0,0,0,0
5344,0,0,0,0,0,0,0,0,0,0,0,20,0
5347,0,0,9,0,0,0,0,0,5,0,0,0,0
5352,0,0,21,0,0,0,0,0,0,0,0,0,0
5360,0,0,109,0,0,0,0,0,0,0,0,0,0
5362,0,0,47,0,0,0,0,0,0,0,0,0,0
5364,6,0,12,0,0,0,0,0,12,0,0,0,0
5365,0,0,77,0,0,0,0,0,0,0,0,0,0
5366,0,0,0,0,0,0,0,0,46,0,0,0,0
5367,0,0,18,0,0,0,0,0,6,0,0,0,0
5370,0,0,10,0,0,0,0,0,0,0,0,0,0
5376,0,0,13,0,0,0,0,0,0,0,0,0,0
5377,0,0,6,0,0,0,0,0,0,0,0,0,0
5379,0,0,8,0,0,0,0,0,0,0,0,0,0
5380,0,0,58,0,0,0,0,0,23,0,0,0,0
5385,0,0,45,0,0,0,0,0,88,0,0,0,0
5387,0,0,14,0,0,0,0,0,14,0,0,0,0
5388,0,0,19,0,0,0,0,0,0,0,0,0,0
5389,0,0,57,0,0,0,0,0,83,25,0,0,0
5391,0,0,41,0,0,0,0,0,0,0,0,0,0
5394,0,0,4,0,0,0,0,0,0,0,0,0,0
5396,0,0,0,0,0,15,0,0,21,0,0,0,0
5398,0,0,0,0,0,0,0,0,16,0,0,0,0
5400,0,0,71,0,0,0,0,0,24,0,0,0,0
5405,0,0,4,0,0,0,0,0,0,0,0,0,0
5406,0,0,28,0,0,0,0,0,0,0,0,0,0
5407,0,0,22,0,0,0,0,0,0,0,0,0,0
5418,0,0,0,0,0,0,0,0,9,0,0,0,0
5425,0,0,15,0,0,0,0,0,0,0,0,0,0
5428,0,0,4,0,0,0,0,0,0,0,0,0,0
5430,0,0,0,0,0,0,0,0,3,0,0,0,0
5433,0,0,9,0,0,0,0,0,0,0,0,0,0
5434,0,0,75,0,0,0,0,0,0,0,0,0,0
5435,79,0,10,0,0,0,0,0,0,0,0,0,0
5438,0,0,10,0,0,0,0,0,0,0,0,0,0
5440,0,0,42,0,0,0,0,0,0,0,0,0,0
5446,0,0,8,0,0,0,0,0,8,0,0,0,0
5448,0,0,16,0,0,0,0,0,0,0,0,0,0
5458,0,0,58,0,0,0,0,0,0,0,0,0,0
5459,0,0,10,0,0,0,0,0,0,0,0,0,0
5460,0,0,0,0,0,0,0,0,56,0,0,0,0
5461,0,0,10,0,0,0,0,0,10,0,0,0,0
5472,0,0,356,0,0,0,0,0,47,0,0,0,0
5473,0,0,80,0,0,0,0,0,0,0,0,0,0
5475,0,0,14,0,0,0,0,0,0,0,0,0,0
5476,0,0,17,0,0,0,0,0,0,0,0,0,0
5478,0,0,43,0,0,0,0,0,64,84,0,0,0
5479,0,0,42,0,0,0,0,0,0,6,0,0,0
5480,0,0,8,0,0,0,0,0,0,0,0,0,6
5481,0,0,18,0,0,0,0,0,18,0,0,0,0
5486,0,0,25,0,0,0,0,0,25,0,0,0,0
5487,0,0,37,0,0,0,0,0,0,13,0,0,0
5488,0,0,9,0,0,0,0,0,0,0,0,0,0
6001,0,0,6,0,0,0,0,0,0,0,0,0,0
6002,0,0,48,0,0,0,0,0,158,0,0,0,0
6008,0,0,38,0,0,0,0,0,7,0,0,0,0
6010,0,0,12,0,0,0,0,0,0,0,0,0,0
6011,0,0,11,0,0,0,0,0,0,0,0,0,0
6012,0,0,0,0,0,0,0,0,9,0,0,0,0
6013,0,0,29,0,0,0,0,0,0,0,0,0,0
6014,0,0,27,0,0,0,0,0,30,0,0,0,0
6015,0,0,107,6,0,0,0,0,49,0,0,0,0
6018,0,0,46,0,0,0,0,0,0,0,0,0,0
6020,0,0,174,0,0,0,0,0,0,0,0,0,0
6021,0,0,55,0,0,0,0,0,55,0,0,0,0
6026,0,0,25,0,0,0,0,0,0,0,0,0,0
6028,0,0,6,0,0,0,0,0,0,0,0,0,0
6029,0,0,52,0,0,0,0,0,4,0,0,0,0
6030,0,0,114,0,0,0,0,0,29,0,0,0,0
6031,0,0,34,0,0,0,0,0,86,0,0,0,0
6032,0,0,25,0,0,0,0,0,16,0,0,0,0
6033,0,0,33,0,0,7,0,0,0,0,0,0,0
6038,0,0,7,0,0,0,0,0,0,0,0,0,0
6048,0,0,93,0,0,0,0,0,0,0,0,0,0
6050,0,0,0,0,0,16,0,0,0,0,0,0,0
6054,0,0,106,0,0,0,0,0,25,0,0,0,0
6056,0,0,87,0,0,0,0,0,0,0,0,0,0
6057,0,0,25,0,0,0,0,0,0,0,0,0,0
6061,0,0,23,0,0,23,0,0,0,0,0,0,0
6069,0,0,22,0,0,0,0,0,43,0,0,0,0
6088,0,0,91,0,0,0,0,0,0,0,0,0,0
6093,0,0,30,0,0,0,0,0,0,0,0,0,0
6095,0,0,29,0,0,0,0,0,0,0,0,0,0
6098,0,0,20,0,0,0,0,0,0,0,0,0,0
6099,0,0,55,0,0,0,0,0,0,0,0,0,0
6108,0,0,12,0,0,0,0,0,0,0,0,0,0
6120,5,0,0,0,0,0,0,0,0,0,0,0,0
6121,0,0,9,0,0,0,0,0,0,0,0,0,0
6123,0,0,25,0,0,0,0,0,0,0,0,0,0
6131,0,0,34,0,0,0,0,0,0,0,0,0,0
6135,0,0,0,0,0,0,0,0,4,0,0,0,0
6141,4,0,4,0,0,0,0,0,0,0,0,0,0
6142,0,0,76,0,0,0,0,0,0,0,0,0,0
6145,0,0,0,0,0,0,0,0,25,0,0,0,0
6148,0,0,27,0,0,0,0,0,0,0,0,0,0
6158,10,0,24,0,0,0,0,0,0,0,0,0,0
6159,0,0,45,0,0,0,0,0,0,0,0,0,0
6161,38,0,10,0,0,0,0,0,0,0,0,0,0
6162,0,0,88,0,0,0,0,0,0,0,0,0,0
6164,0,0,25,0,0,0,0,0,0,0,0,0,0
6167,0,0,7,0,0,0,0,0,0,0,0,0,0
6170,0,0,24,0,0,0,0,0,24,0,0,0,0
6171,0,0,16,0,0,0,0,0,0,0,0,0,0
6173,0,0,12,0,0,0,0,0,0,0,0,0,0
6175,0,0,6,0,0,0,0,0,0,0,0,0,0
6179,0,0,15,0,0,0,0,0,0,0,0,0,0
6186,0,0,37,0,0,0,0,0,0,0,0,0,0
6190,0,0,23,0,0,0,0,0,0,0,0,0,0
6191,0,0,34,0,0,0,0,0,0,0,0,0,0
6193,0,0,36,0,0,0,0,0,142,0,0,0,0
6194,0,0,57,0,0,0,0,0,8,0,0,0,0
6195,0,0,119,0,0,0,0,0,0,0,0,0,0
6196,0,0,14,0,0,0,0,0,0,0,0,0,0
6197,0,0,27,0,0,0,0,0,0,0,0,0,0
6199,0,0,63,0,0,0,0,0,4,0,0,0,0
6201,0,0,5,0,0,0,0,0,0,0,0,0,0
6203,0,0,50,0,0,0,0,0,0,0,0,0,0
6204,0,0,3,0,0,0,0,0,0,0,0,0,0
6205,0,0,85,0,0,0,0,0,0,0,0,135,0
6207,0,0,13,0,0,0,0,0,0,0,0,0,0
6208,0,0,0,0,0,0,0,0,0,0,0,0,22
6209,0,0,4,0,9,0,0,0,0,0,0,0,94
6211,0,0,16,0,0,0,0,0,0,0,0,0,0
6212,0,0,21,0,0,0,0,0,0,0,0,0,0
6214,0,0,16,0,0,0,0,0,0,0,0,0,0
6215,0,0,11,0,0,0,0,0,0,0,0,0,0
6216,21,0,0,0,0,0,0,0,46,0,0,0,0
6218,38,0,0,0,38,0,0,0,0,0,5,0,38
6220,0,0,44,0,0,0,0,0,18,0,0,0,0
6222,0,0,0,0,22,9,0,0,0,0,0,0,0
6223,0,0,16,0,0,0,0,0,0,0,0,0,0
6224,0,0,4,0,0,23,0,0,0,0,0,0,0
6225,35,0,0,0,0,0,0,0,0,0,0,0,0
6226,0,0,3,0,0,0,0,0,3,0,0,0,0
6229,0,0,0,0,0,0,0,0,0,0,0,0,38
6231,0,0,122,0,0,4,0,0,21,0,0,0,0
6232,0,0,73,0,0,0,0,0,36,0,0,0,0
6233,0,0,3,0,0,0,0,0,0,0,0,0,0
6234,0,0,45,0,0,0,0,0,0,0,0,0,0
6235,0,0,0,0,0,18,0,0,0,0,0,0,0
6236,0,0,35,0,0,0,0,0,31,0,0,0,0
6237,0,0,30,0,0,0,0,0,0,0,0,0,0
6238,0,0,119,0,0,0,0,0,0,0,0,0,0
6239,139,0,100,0,0,0,0,0,0,0,0,0,0
6240,0,0,0,0,0,0,0,0,16,0,0,0,0
6241,0,0,33,0,0,0,0,0,0,0,0,0,0
6243,239,41,523,0,0,62,0,0,44,0,0,0,59
6244,0,0,276,0,0,5,0,0,0,0,0,0,0
6245,0,0,168,0,0,0,0,0,0,0,0,0,0
6246,41,0,56,0,0,0,0,0,4,0,0,0,9
6247,0,0,4,0,0,0,0,0,10,0,0,0,0
6248,0,0,7,0,0,0,0,0,0,0,0,0,0
6249,0,0,27,0,0,0,0,0,0,0,0,0,0
6250,0,0,46,0,0,0,0,0,61,0,0,0,0
6251,0,0,25,0,0,0,0,0,0,0,0,0,0
6253,0,0,10,0,0,0,0,0,0,0,0,0,0
6262,0,0,126,0,0,0,0,0,0,0,0,0,0
6264,0,0,6,0,0,13,0,0,0,0,0,0,0
6265,0,0,91,0,0,0,0,0,0,0,0,0,0
11002,34,0,0,0,0,0,0,0,0,0,0,0,0
11005,0,0,114,0,0,0,0,0,0,0,0,0,0
11013,0,0,9,0,0,0,0,0,9,0,0,0,0
11015,0,0,19,0,0,0,0,0,0,0,0,0,0
11029,0,0,16,0,0,0,0,0,0,0,0,0,0
11031,0,0,22,0,0,0,0,0,0,0,0,0,0
11046,0,0,29,0,0,0,0,0,0,0,0,0,0
11057,0,0,5,0,0,0,0,0,0,0,0,0,0
11065,0,0,18,0,0,0,0,0,0,0,0,0,0
11070,0,0,18,0,0,0,0,0,0,0,0,0,0
11083,0,0,64,0,0,0,0,0,39,0,0,0,0
11084,26,0,23,0,0,0,0,0,36,0,0,0,0
11086,0,0,0,0,0,0,0,0,9,0,0,0,0
11087,0,0,10,0,0,0,0,0,10,0,0,0,0
11089,0,0,4,0,0,0,0,0,30,0,0,0,0
11091,0,0,0,0,0,0,0,0,0,0,0,0,7
11092,0,0,0,0,0,0,0,0,0,0,0,0,7
11093,0,0,0,0,0,5,0,0,0,0,0,0,83
11109,11,0,14,0,0,0,0,0,0,17,0,0,0
11117,0,0,14,0,0,0,0,0,0,0,0,0,0
11132,0,0,10,0,0,0,0,0,0,0,0,0,0
11135,0,0,66,0,0,0,0,0,0,0,0,0,0
11136,0,0,27,0,0,0,0,0,0,0,0,0,0
11137,0,0,56,0,0,0,0,0,34,0,0,0,0
11139,0,0,3,0,0,0,0,0,3,0,0,0,0
11140,0,0,12,0,0,51,0,0,0,0,0,0,0
11145,0,0,5,0,0,0,0,0,18,0,0,0,0
11146,28,0,0,0,0,0,0,0,0,0,0,0,0
11147,0,0,0,0,0,0,0,0,35,0,0,0,0
11152,0,0,0,0,0,0,0,0,16,0,0,0,0
11154,0,0,6,0,0,0,0,0,0,0,0,0,0
11155,0,0,47,0,0,0,0,0,12,0,0,0,0
11157,0,0,4,0,0,0,0,0,0,0,0,0,0
11169,0,0,0,0,0,0,0,0,13,0,0,0,0
11171,0,0,5,0,0,0,0,0,0,0,0,0,0
11175,0,0,6,0,0,0,0,0,0,0,0,0,0
11181,0,0,28,0,0,0,0,0,0,0,0,0,0
11188,0,0,35,0,0,0,0,0,18,0,0,0,0
11190,0,0,28,0,0,0,0,0,0,0,0,0,0
11193,0,0,11,0,0,0,0,0,11,0,0,0,0
11196,0,0,7,0,0,0,0,0,7,0,0,0,0
11199,0,0,41,0,0,0,0,0,0,0,0,0,0
11213,0,0,0,0,0,4,0,0,0,0,0,0,0
11225,0,0,11,0,0,0,0,0,0,0,0,0,0
11242,0,0,11,0,0,0,0,0,11,0,0,0,0
11244,0,0,6,0,0,0,0,0,0,0,0,0,0
11248,47,0,11,0,0,0,0,0,0,0,0,0,0
11257,0,0,18,0,0,0,0,0,0,0,0,0,0
11264,0,0,6,0,0,0,0,0,0,0,0,0,0
11272,0,0,5,0,0,0,0,0,0,0,0,0,0
11273,18,0,31,0,0,0,0,0,47,42,0,0,0
11276,0,0,10,0,0,0,0,0,0,0,0,0,0
11277,53,0,218,0,0,0,0,0,95,0,0,0,0
11279,35,0,32,0,0,0,0,0,0,50,0,0,0
11283,0,0,42,0,0,0,0,0,30,0,0,0,0
11294,0,0,15,0,0,0,0,0,0,0,0,0,0
11295,0,0,6,0,0,0,0,0,6,0,0,0,0
11297,0,0,13,0,0,0,0,0,0,0,0,0,0
11300,0,0,4,0,0,0,0,0,4,0,0,0,0
11301,0,0,0,0,0,0,0,0,0,0,0,62,0
11302,0,0,0,0,0,10,0,0,0,0,0,0,0
11304,0,0,21,0,0,0,0,0,0,0,0,0,0
11327,0,0,66,0,0,0,0,0,0,0,0,0,0
11350,0,0,0,0,0,0,0,0,9,0,0,0,0
11357,0,0,43,0,0,0,0,0,0,0,0,0,0
11366,0,0,5,0,0,0,0,0,0,0,0,0,0
11390,0,0,20,0,0,0,0,0,0,0,0,0,0
11404,0,0,56,0,0,0,0,0,0,0,0,0,0
11410,0,0,53,0,0,0,0,0,0,0,0,0,0
11415,0,0,3,0,0,0,0,0,0,0,0,0,0
11424,0,0,3,0,0,0,0,0,0,0,0,0,0
11434,0,0,7,0,0,0,0,0,0,0,0,0,0
11439,0,0,23,0,0,0,0,0,0,0,0,0,0
11451,0,0,12,0,0,0,0,0,0,0,0,0,0
11456,0,0,12,0,0,0,0,0,0,0,0,0,0
11492,0,0,8,0,0,0,0,0,8,0,0,0,0
11496,0,0,7,0,0,0,0,0,0,0,0,0,0
11502,0,0,16,0,0,0,0,0,24,0,0,0,0
12003,50,0,313,0,0,9,0,0,205,0,0,0,34
12004,0,0,24,0,0,0,0,0,42,0,0,0,34
12009,0,0,62,0,0,0,0,0,0,0,0,0,0
12010,0,0,188,0,0,0,0,0,0,0,0,0,98
12011,0,0,0,0,0,0,0,0,0,0,0,0,98
12012,0,0,17,0,0,0,0,0,0,0,0,0,23
12016,0,0,0,0,0,0,0,0,16,0,0,0,0
12022,23,0,0,0,0,0,0,0,0,0,0,0,0
12023,0,0,0,0,0,0,0,0,3,0,0,0,0
12024,0,0,30,0,0,0,0,0,0,0,0,0,0
12026,0,0,28,0,0,4,0,0,0,0,0,0,0
12027,0,0,20,0,0,0,0,0,0,0,0,0,0
12029,0,0,35,0,0,0,0,0,0,0,0,0,0
12035,0,0,0,0,0,9,0,0,0,0,0,0,0
12042,0,0,0,0,0,0,0,0,19,0,0,0,0
12047,3,0,12,0,0,0,0,0,0,0,0,0,0
12049,0,0,13,0,0,0,0,0,0,0,0,0,0
12050,0,0,72,0,0,0,0,0,0,0,0,0,0
12059,0,0,3,0,0,0,0,0,0,0,0,0,0
12063,0,0,26,0,0,0,0,0,0,0,0,0,0
12065,0,0,0,0,0,0,0,0,4,0,0,0,0
12069,0,0,0,0,0,0,0,0,0,0,0,0,23
12071,0,0,62,0,0,0,0,0,0,0,0,0,0
12073,0,0,0,0,0,0,0,0,58,0,0,0,0
12080,0,0,23,0,0,0,0,0,0,0,0,0,0
12090,0,0,8,0,0,0,0,0,0,0,0,0,0
12095,0,0,25,0,0,0,0,0,0,0,0,0,0
12097,0,0,0,0,25,0,0,0,0,0,0,0,0
12100,27,0,0,0,0,0,0,0,0,0,0,0,0
12107,0,0,0,0,0,0,0,0,46,0,0,0,0
12113,0,0,181,0,0,0,0,0,0,0,0,0,0
12116,0,0,0,0,6,3,0,0,0,0,0,0,0
12120,0,0,0,0,0,0,0,0,0,0,0,0,16
12121,0,0,7,0,0,0,0,0,0,0,0,0,0
12125,0,0,29,0,0,0,0,0,0,0,0,0,31
12136,0,0,78,0,0,0,0,0,0,0,0,0,0
12138,0,0,5,0,0,0,0,0,0,0,0,0,0
12140,0,0,7,0,0,0,0,0,7,0,0,0,0
12145,31,0,25,0,0,0,0,0,0,0,0,0,0
12153,0,0,155,0,0,0,0,0,0,0,0,0,0
12157,0,0,0,0,0,7,0,0,0,0,0,0,0
12168,0,0,33,0,0,0,0,0,0,0,0,0,0
12183,0,0,0,0,0,4,0,0,0,0,0,0,0
12189,0,0,26,0,0,0,0,0,4,0,0,0,0
12194,0,0,88,0,0,0,0,0,0,0,0,0,0
12199,0,0,4,0,0,0,0,0,4,0,0,0,0
12202,0,0,12,0,0,0,0,0,0,0,0,0,0
12203,0,0,4,0,0,0,0,0,0,0,0,0,0
12205,0,0,65,0,0,0,0,0,0,0,0,0,0
12224,0,0,9,0,0,0,0,0,0,0,0,0,0
12231,0,0,4,0,0,0,0,0,0,0,0,0,0
12245,0,0,22,0,0,0,0,0,0,0,0,0,0
12248,0,0,12,0,0,0,0,0,0,0,0,0,0
12257,0,0,55,0,0,0,0,0,15,0,0,0,0
12260,0,0,8,0,0,0,0,0,8,0,0,0,0
12261,0,0,12,0,0,0,0,0,0,0,0,0,0
12262,0,0,55,0,0,0,0,0,0,0,0,0,0
12264,0,0,46,0,0,7,0,0,0,0,0,0,0
12272,0,0,0,0,0,11,0,0,0,0,0,0,0
12273,0,0,20,0,0,0,0,0,0,0,0,0,0
12275,0,0,126,0,0,0,0,0,0,0,0,0,0
12284,0,0,11,0,0,0,0,0,0,0,0,0,0
12285,0,0,12,0,0,0,0,0,0,0,0,0,0
12289,0,0,4,0,0,0,0,0,0,0,0,0,0
12290,0,0,24,0,0,0,0,0,0,0,0,0,0
12291,0,0,36,0,0,0,0,0,0,0,0,0,0
12293,0,0,66,0,0,0,0,0,0,0,0,0,0
12299,0,0,15,0,0,0,0,0,31,0,0,0,0
12301,0,0,11,0,0,0,0,0,0,0,0,0,0
12310,0,0,52,0,0,0,0,0,0,0,0,0,0
12320,0,0,17,0,0,0,0,0,0,0,0,0,0
12323,0,0,12,0,0,0,0,0,0,0,0,0,0
12326,11,0,0,0,0,0,0,0,0,0,0,0,0
12329,0,0,50,0,0,0,0,0,0,0,0,0,0
12332,0,0,5,0,0,0,0,0,0,0,0,0,0
12333,0,0,5,0,0,0,0,0,0,0,0,0,0
12341,0,0,19,0,0,0,0,0,0,0,0,0,0
12342,34,0,0,0,0,0,0,0,0,0,0,0,0
12344,0,0,7,0,0,0,0,0,7,0,0,0,0
12345,0,0,0,0,0,0,0,0,5,0,0,0,0
12346,0,0,16,0,0,0,0,0,0,0,0,0,0
12357,0,0,5,0,0,0,0,0,0,0,0,0,0
12360,0,0,22,0,0,0,0,0,5,0,0,0,0
12361,0,0,29,0,0,0,0,0,0,0,0,0,0
12366,59,0,50,0,0,0,0,0,0,0,0,0,0
12367,0,0,42,0,0,0,0,0,0,0,0,0,0
12369,0,0,111,0,0,0,0,0,0,0,0,0,0
12374,0,0,47,0,0,0,0,0,0,0,0,0,0
12386,0,0,5,0,0,0,0,0,0,0,0,0,0
12387,0,0,9,0,0,0,0,0,0,0,0,0,0
12392,0,0,0,0,0,0,0,0,16,0,0,0,0
12397,0,0,5,0,0,0,0,0,0,0,0,0,0
12407,0,0,3,0,0,0,0,0,0,0,0,0,0
12454,0,0,12,0,0,0,0,0,0,0,0,0,0
12467,0,0,5,0,0,0,0,0,0,0,0,0,0
12482,0,0,8,0,0,0,0,0,8,0,0,0,0
12520,0,0,43,0,0,0,0,0,43,0,0,0,0
12536,0,0,53,0,0,0,0,0,0,0,0,0,0
12546,0,0,36,0,0,0,0,0,11,0,0,0,0
12555,0,0,7,0,0,0,0,0,0,0,0,0,0
12556,0,0,12,0,0,0,0,0,0,0,0,0,0
12558,0,0,26,0,0,0,0,0,12,0,0,0,0
12578,0,0,41,0,0,0,0,0,19,0,0,0,0
13008,0,0,8,0,0,0,0,0,8,0,0,0,0
13039,0,0,0,0,0,0,0,0,9,0,0,0,0
13047,0,0,35,0,0,0,0,0,35,0,0,0,0
13057,81,0,157,0,0,5,0,0,25,0,0,0,0
13061,0,0,45,0,0,0,0,0,0,0,0,0,0
13062,0,0,36,0,0,0,0,0,0,0,0,0,0
13070,0,0,6,0,0,0,0,0,0,0,0,0,0
13074,59,0,0,0,0,0,0,0,50,0,0,0,0
13080,0,0,29,0,0,0,0,0,0,0,0,0,0
13082,0,0,15,0,0,0,0,0,0,0,0,0,0
13084,0,0,23,0,0,0,0,0,0,0,0,0,0
13087,0,0,16,0,0,0,0,0,0,0,0,0,0
13092,0,0,18,0,0,0,0,0,0,0,0,0,0
13095,0,0,6,0,0,0,0,0,0,0,0,0,0
13097,0,0,26,0,0,0,0,0,0,0,0,0,0
13103,0,0,25,0,0,0,0,0,0,0,0,0,0
13114,0,0,11,0,0,0,0,0,0,0,0,0,0
13115,0,0,0,0,0,0,0,0,13,0,0,0,0
13116,0,4,4,0,0,0,0,0,0,0,0,0,0
13118,0,0,15,0,0,0,0,0,0,0,0,0,0
13121,0,0,8,0,0,0,0,0,0,0,0,0,0
13125,0,0,4,0,0,0,0,0,0,0,0,0,0
13129,7,0,0,0,0,0,0,0,0,0,0,0,0
13130,0,0,0,0,11,0,0,0,0,0,0,0,0
13169,0,0,18,0,0,0,0,0,0,0,0,0,0
13180,0,0,7,0,0,0,0,0,0,0,0,0,0
13183,0,0,16,0,0,0,0,0,0,0,0,0,0
13186,0,0,0,0,0,0,0,0,50,0,0,0,0
13189,0,0,14,0,0,0,0,0,0,0,0,0,0
13194,0,0,21,0,0,0,0,0,0,0,0,0,0
14003,0,0,33,0,0,0,0,0,0,0,0,0,0
14010,0,0,5,0,0,0,0,0,0,0,0,0,0
14016,0,0,8,0,0,0,0,0,0,0,0,0,0
14033,0,0,4,0,0,0,0,0,0,0,0,0,0
14056,0,0,70,0,0,0,0,0,15,0,0,0,0
14058,0,0,43,0,0,0,0,0,0,0,0,0,0
14060,0,0,6,0,0,0,0,0,6,0,0,0,0
14061,0,0,153,0,0,0,0,0,59,0,0,0,0
14064,0,0,31,0,0,0,0,0,0,0,0,0,0
14068,0,0,9,0,0,0,0,0,0,0,0,0,0
14072,0,0,17,0,0,0,0,0,0,0,0,0,0
14073,0,0,9,0,0,0,0,0,0,0,0,0,0
14080,0,0,129,0,0,0,0,0,16,0,0,0,0
15001,0,0,4,0,0,0,0,0,0,0,0,0,0
15002,0,0,60,0,0,0,0,0,0,0,0,0,0
15003,0,0,5,0,0,0,0,0,0,0,0,0,0
15004,0,0,4,0,0,0,0,0,0,0,0,0,0
15005,0,0,112,0,0,0,0,0,50,0,0,0,0
16014,0,0,14,0,0,0,0,0,0,0,0,0,0
16020,0,0,0,0,0,0,0,0,119,0,0,0,0
16022,0,0,77,0,0,0,0,0,0,0,0,0,0
16023,0,0,4,0,0,0,0,0,0,0,0,0,0
16031,0,0,14,0,0,0,0,0,28,0,0,0,0
16035,0,0,0,0,0,0,0,0,26,0,0,0,0
16036,0,0,8,0,0,0,0,0,8,0,0,0,0
16043,0,0,12,0,0,0,0,0,0,0,0,0,0
16045,0,0,0,0,0,0,0,0,5,0,0,0,0
16046,0,0,80,0,0,0,0,0,0,0,0,0,0
16058,0,0,22,0,0,0,0,0,0,0,0,0,0
16060,0,0,39,0,0,0,0,0,0,0,0,0,0
16065,0,0,0,0,0,5,0,0,0,0,0,0,0
16068,0,0,28,0,0,4,0,0,0,0,0,0,0
16089,0,0,8,0,0,0,0,0,0,0,0,0,0
16095,0,0,27,0,0,0,0,0,0,0,0,0,0
16101,0,0,0,0,9,0,0,0,0,0,0,0,0
16106,0,0,0,0,0,0,0,0,41,0,0,0,0
16120,0,0,11,0,0,0,0,0,0,0,0,0,0
16123,0,0,10,0,0,0,0,0,5,0,0,0,0
16124,0,0,0,0,0,0,0,0,18,0,0,0,0
16126,0,0,18,0,0,0,0,0,0,0,0,0,0
16131,0,0,21,0,0,0,0,0,0,0,0,0,0
16132,0,0,20,0,0,0,0,0,20,0,0,0,0
16164,0,0,103,0,0,0,0,0,0,0,0,0,0
16176,0,0,0,0,0,0,0,0,69,0,0,0,0
16181,0,0,14,0,0,0,0,0,0,0,0,0,0
16183,0,0,0,0,0,0,0,0,0,68,0,0,0
16192,0,0,3,0,0,0,0,0,0,0,0,0,0
16195,0,0,110,0,0,0,0,0,0,0,0,0,0
16206,0,0,22,0,0,0,0,0,0,0,0,0,0
16207,0,0,8,0,0,0,0,0,0,0,0,0,0
16217,0,0,35,0,0,0,0,0,0,0,0,0,0
16230,0,0,12,0,0,0,0,0,0,0,0,0,0
16234,0,0,10,0,0,0,0,0,0,0,0,0,0
16238,0,0,16,0,0,0,0,0,0,0,0,0,0
16242,0,0,23,0,0,0,0,0,0,0,0,0,0
16245,4,0,0,0,0,0,0,0,0,0,0,0,0
17001,0,0,117,0,0,0,0,0,0,0,0,0,0
17002,0,0,39,0,0,0,0,0,0,0,0,0,0
17003,0,0,12,0,0,0,0,0,0,0,0,0,0
17004,0,0,31,0,0,0,0,0,13,0,0,0,0
17005,0,0,34,0,0,0,0,0,34,0,0,0,0
17006,0,0,13,0,0,0,0,0,0,0,0,0,0
17007,15,0,17,0,0,0,0,0,0,0,0,0,0
17011,0,0,10,0,0,0,0,0,10,0,0,0,0
17012,0,0,27,0,0,0,0,0,0,0,0,0,0
17016,0,0,7,0,0,0,0,0,7,0,0,0,0
17018,0,0,93,0,0,0,0,0,0,0,0,0,0
17019,0,0,52,0,0,0,0,0,0,0,0,0,0
17022,0,0,22,0,0,0,0,0,0,0,0,0,0
17025,0,0,68,0,0,0,0,0,0,0,0,0,0
17026,0,0,6,0,0,0,0,0,11,0,0,0,0
17027,0,0,18,0,0,0,0,0,0,0,0,0,0
17029,0,0,49,0,0,0,0,0,0,0,0,0,0
17032,0,0,125,0,0,0,0,0,19,0,0,0,0
17035,0,0,13,0,0,0,0,0,0,0,0,0,0
17036,0,0,129,0,0,0,0,0,38,0,0,0,0
17037,0,0,15,0,0,0,0,0,19,0,0,0,0
17042,0,0,69,0,0,0,0,0,28,0,0,0,0
17043,0,0,6,0,0,0,0,0,0,0,0,0,0
17045,0,0,5,0,0,0,0,0,5,0,0,0,0
17049,0,0,34,0,0,0,0,0,0,0,0,0,0
17051,0,0,36,0,0,0,0,0,0,0,0,0,0
17063,0,0,311,0,0,0,0,0,51,0,0,0,0
17064,0,0,130,0,0,0,0,0,19,0,0,0,0
17065,0,0,38,0,0,0,0,0,0,0,0,0,0
17066,0,0,6,0,0,0,0,0,0,0,0,0,0
17067,0,0,38,0,0,0,0,0,16,0,0,0,0
17068,0,14,28,0,0,0,0,0,0,0,0,0,0
17070,0,0,22,0,0,0,0,0,0,0,0,0,0
17073,0,0,7,0,0,0,0,0,0,0,0,0,0
17077,0,0,20,0,0,0,0,0,0,0,0,0,0
17080,0,0,11,0,0,0,0,0,0,0,0,0,0
17082,0,0,105,0,0,0,0,0,8,0,0,0,0
17086,0,0,5,0,0,0,0,0,0,0,0,0,0
17087,0,0,17,0,0,0,0,0,0,0,0,0,0
17088,0,0,11,0,0,0,0,0,11,0,0,0,0
17090,0,0,0,0,0,0,0,0,19,0,0,0,0
17092,0,0,43,0,0,0,0,0,86,0,0,0,0
17095,0,0,39,0,0,0,0,0,0,0,0,0,0
17102,0,0,118,0,0,0,0,0,0,0,0,0,0
17103,0,0,16,0,0,0,0,0,0,0,0,0,0
17104,0,0,12,0,0,0,0,0,0,0,0,0,0
17105,0,0,119,0,0,0,0,0,119,0,0,0,0
17108,0,0,19,0,0,0,0,0,0,0,0,0,0
17114,0,0,41,0,0,0,0,0,0,0,0,0,0
17120,0,0,14,0,0,0,0,0,0,0,0,0,0
17121,0,0,15,0,0,0,0,0,0,0,0,0,0
17125,0,0,9,0,0,0,0,0,0,0,0,0,0
17126,0,0,14,0,0,0,0,0,0,0,0,0,0
17127,0,0,27,0,0,0,0,0,0,0,0,0,0
17133,0,0,48,0,0,0,0,0,0,0,0,0,0
17139,0,0,9,0,0,0,0,0,22,0,0,0,0
17142,0,0,4,0,0,0,0,0,0,0,0,0,0
17149,0,0,6,0,0,0,0,0,34,0,0,0,0
17154,0,0,11,0,0,0,0,0,0,0,0,0,0
17161,0,0,135,0,0,0,0,0,0,0,0,0,0
17164,0,0,9,0,0,0,0,0,0,0,0,0,0
17185,0,0,34,0,0,0,0,0,0,0,0,0,0
17187,0,0,23,0,0,0,0,0,0,0,0,0,0
17188,0,0,15,0,0,0,0,0,0,0,0,0,0
17189,0,0,17,0,0,0,0,0,0,0,0,0,0
17190,0,0,15,0,0,0,0,0,0,0,0,0,0
17192,0,0,91,0,0,0,0,0,40,0,0,0,0
17193,0,0,38,0,0,0,0,0,5,0,0,0,0
17194,0,0,7,0,0,0,0,0,0,0,0,0,0
17195,0,0,18,0,0,0,0,0,0,0,0,0,0
17198,0,0,15,0,0,0,0,0,10,0,0,0,0
17199,0,0,31,0,0,0,0,0,0,0,0,0,0
17201,0,0,11,0,0,0,0,0,0,0,0,0,0
17207,0,0,69,0,0,0,0,0,0,0,0,0,0
17209,0,0,52,0,0,0,0,0,3,0,0,0,0
17210,0,0,93,0,0,0,0,0,0,0,0,0,0
17214,0,0,70,0,0,0,0,0,89,0,0,0,0
17216,0,0,15,0,0,0,0,0,5,0,0,0,0
17217,0,0,6,0,0,0,0,0,0,0,0,0,0
17218,0,0,32,0,0,0,0,0,16,0,0,0,0
17221,0,0,29,0,0,0,0,0,49,0,0,0,0
17224,0,0,19,0,0,0,0,0,0,0,0,0,0
17233,0,0,8,0,0,0,0,0,0,0,0,0,0
17236,0,0,21,0,0,0,0,0,16,0,0,0,0
17237,0,0,0,0,0,0,0,0,9,0,0,0,0
17238,0,0,17,0,0,0,0,0,0,0,0,0,0
17249,0,0,39,0,0,0,0,0,0,0,0,0,0
17252,0,0,13,0,0,0,0,0,0,0,0,0,0
17254,0,0,50,0,0,0,0,0,23,0,0,0,0
17256,0,0,26,0,0,0,0,0,0,0,0,0,0
17257,0,0,11,0,0,0,0,0,11,0,0,0,0
17259,0,0,12,0,0,0,0,0,0,0,0,0,0
17263,0,0,21,0,0,0,0,0,0,0,0,0,0
17272,0,0,5,0,0,0,0,0,5,0,0,0,0
17282,0,0,25,0,0,0,0,0,9,0,0,0,0
17289,0,0,8,0,0,0,0,0,0,0,0,0,0
17290,0,0,0,0,0,0,0,0,54,0,0,0,0
17291,0,0,11,0,0,0,0,0,11,0,0,0,0
17294,0,0,15,0,0,0,0,0,15,0,0,0,0
17296,0,0,28,0,0,0,0,0,28,0,0,0,0
17303,0,0,6,0,0,0,0,0,6,0,0,0,0
17304,0,0,18,0,0,0,0,0,18,0,0,0,0
17309,0,0,15,0,0,0,0,0,15,0,0,0,0
17310,0,0,28,0,0,0,0,0,24,0,0,0,0
18001,0,0,32,0,0,0,0,0,0,0,0,0,0
18002,0,0,26,0,0,0,0,0,11,0,0,0,0
18003,0,0,56,0,0,0,0,0,84,0,0,0,0
18005,0,0,88,0,0,0,0,0,0,0,0,0,0
18006,0,0,8,0,0,0,0,0,8,0,0,0,0
18008,0,0,11,0,0,0,0,0,11,0,0,0,0
18009,0,0,4,0,0,0,0,0,0,0,0,0,0
18011,0,0,237,0,0,0,0,0,16,0,0,0,0
18012,0,0,4,0,0,0,0,0,0,0,0,0,0
18013,0,0,107,0,0,0,0,0,17,0,0,0,0
18014,0,0,8,0,0,0,0,0,24,0,0,0,0
19026,0,0,10,0,0,0,0,0,10,0,0,0,0
19058,0,0,9,0,0,0,0,0,9,0,0,0,0
19065,0,0,7,0,0,0,0,0,0,0,0,0,0
19100,14,0,0,0,0,0,0,0,0,0,0,0,0
19103,0,0,7,0,0,0,0,0,0,0,0,0,0
19122,0,0,0,0,0,0,0,0,9,0,0,0,0
19125,0,0,17,0,0,0,0,0,0,0,0,0,0
19135,0,0,5,0,0,0,0,0,0,0,0,0,0
19145,0,0,7,0,0,15,0,0,0,0,0,0,0
19150,0,0,0,0,0,0,0,0,3,0,0,0,0
19154,0,0,15,0,0,0,0,0,0,0,0,0,0
19161,0,0,12,0,0,0,0,0,0,0,0,0,0
19168,0,0,10,0,0,0,0,0,0,0,0,0,0
19191,0,0,8,0,0,0,0,0,0,0,0,0,0
19213,0,0,22,0,0,0,0,0,0,0,0,0,0
19220,0,0,10,0,0,0,0,0,0,0,0,0,0
19224,0,0,0,0,0,0,0,0,20,0,0,0,0
19234,0,0,32,0,0,0,0,0,0,0,0,0,0
19237,0,0,104,0,0,0,0,0,177,0,0,0,0
20008,0,0,43,0,0,0,0,0,0,0,0,0,0
20011,0,0,19,0,0,0,0,0,19,0,0,0,0
20014,0,0,4,0,0,0,0,0,0,0,0,0,0
20016,0,0,0,0,0,0,0,0,6,0,0,0,0
20052,0,0,5,0,0,0,0,0,5,0,0,0,0
20071,0,0,8,0,0,0,0,0,0,0,0,0,0
20085,0,0,108,0,0,0,0,0,0,0,0,0,0
20103,0,0,3,0,0,0,0,0,0,0,0,0,0
20113,0,0,12,0,0,0,0,0,0,0,0,0,0
20114,0,0,25,0,0,0,0,0,14,0,0,0,0
20116,0,0,10,0,0,0,0,0,0,0,0,0,0
21001,0,0,5,0,0,0,0,0,5,0,0,0,0
21002,0,0,13,0,0,0,0,0,8,0,0,0,0
21003,0,0,16,0,0,0,0,0,0,0,0,0,0
21005,0,0,14,0,0,0,0,0,9,0,0,0,0
21006,0,0,36,0,0,0,0,0,0,0,0,0,0
21007,0,0,16,0,0,0,0,0,16,0,0,0,0
22001,0,0,0,0,0,0,0,0,5,0,0,0,0
22002,0,0,120,0,0,0,0,0,45,0,0,0,0
22003,0,0,44,0,0,0,0,0,0,0,0,0,0
22004,0,0,49,0,0,0,0,0,0,0,0,0,0
22005,0,0,99,0,0,0,0,0,6,0,0,0,0
22006,0,0,18,0,0,0,0,0,18,0,0,0,0
22007,0,0,27,0,0,0,0,0,18,0,0,0,0
23002,0,0,9,0,0,0,0,0,9,0,0,0,0
23003,0,0,16,0,0,0,0,0,0,0,0,0,0
23004,0,0,16,0,0,0,0,0,16,0,0,0,0
23006,0,0,93,0,0,0,0,0,0,0,0,0,0
23009,0,0,64,0,0,0,0,0,0,0,0,0,0
23010,0,0,64,0,0,0,0,0,0,0,0,0,0
23012,0,0,23,0,0,0,0,0,0,0,0,0,0
23013,0,0,8,0,0,0,0,0,0,0,0,0,0
23015,0,0,14,0,0,0,0,0,14,0,0,0,0
23025,0,0,31,0,0,0,0,0,0,0,0,0,0
23026,0,0,30,0,0,0,0,0,0,0,0,0,0
23029,0,0,40,0,0,0,0,0,0,0,0,0,0
23032,0,0,93,0,0,0,0,0,0,0,0,0,0
23033,0,0,20,0,0,0,0,0,0,0,0,0,0
23034,0,0,0,0,0,0,0,0,8,0,0,0,0
23049,0,0,9,0,0,0,0,0,9,0,0,0,0
24002,0,0,66,0,0,0,0,0,0,0,0,0,0
24005,3,0,112,0,0,0,0,0,3,0,0,0,0
24009,0,0,13,0,0,0,0,0,5,0,0,0,0
25010,0,0,11,0,0,0,0,0,0,0,0,0,0
25022,0,0,98,0,0,0,0,0,0,0,0,0,0
25024,0,0,7,0,0,0,0,0,7,0,0,0,0
25028,0,0,77,0,0,0,0,0,0,0,0,0,0
25029,0,0,63,0,0,0,0,0,0,0,0,0,0
25030,0,0,0,0,0,0,0,0,10,0,0,0,0
25034,0,0,13,0,0,0,0,0,0,0,0,0,0
25035,0,0,60,0,0,0,0,0,0,0,0,0,0
25039,0,0,12,0,0,0,0,0,0,0,0,0,0
25061,0,0,5,0,0,0,0,0,0,0,0,0,0
25072,0,0,6,0,0,0,0,0,0,0,0,0,0
25075,0,0,13,0,0,0,0,0,0,0,0,0,0
25077,0,0,48,0,0,0,0,0,0,0,0,0,0
25093,0,0,57,0,0,0,0,0,43,0,0,0,0
25096,0,0,4,0,0,0,0,0,0,0,0,0,0
25104,0,0,15,0,0,0,0,0,15,0,0,0,0
25105,0,0,13,0,0,0,0,0,0,0,0,0,0
25108,0,0,4,0,0,0,0,0,0,0,0,0,0
25121,0,0,0,0,0,0,0,0,12,0,0,0,0
25124,0,0,4,0,0,0,0,0,0,0,0,0,0
25126,0,0,32,0,0,0,0,0,0,0,0,0,0
25130,0,0,4,0,0,0,0,0,0,0,0,0,0
25136,0,0,13,0,0,0,0,0,0,0,0,0,0
25140,0,0,74,0,0,0,0,0,0,0,0,0,0
25155,29,0,3,0,0,0,0,0,0,0,0,0,0
25170,0,0,27,0,0,0,0,0,0,0,0,0,0
25208,0,0,37,0,0,0,0,0,0,0,0,0,0
25211,0,0,4,0,0,0,0,0,0,0,0,0,0
25234,0,0,17,0,0,0,0,0,17,0,0,0,0
25237,0,0,3,0,0,0,0,0,0,0,0,0,0
25246,0,0,6,0,0,0,0,0,0,0,0,0,0
25249,0,0,0,0,0,9,0,0,0,0,0,0,0
26001,0,0,8,0,0,0,0,0,8,0,0,0,0
26003,0,0,4,0,0,0,0,0,0,0,0,0,0
26005,0,0,161,0,0,0,0,0,198,0,0,0,34
26006,0,0,129,0,0,0,0,0,17,0,0,0,0
27001,0,0,57,0,0,0,0,0,0,0,0,0,0
27004,0,0,4,0,0,0,0,0,4,0,0,0,0
27008,0,0,14,0,0,0,0,0,0,0,0,0,0
27015,0,0,4,0,0,0,0,0,4,0,0,0,0
27022,0,0,9,0,0,0,0,0,9,0,0,0,0
27024,0,0,9,0,0,0,0,0,0,0,0,0,0
27066,0,0,18,0,0,0,0,0,51,0,0,0,0
98001,0,0,190,0,0,0,0,0,105,0,0,0,0
98002,0,0,211,0,0,0,0,0,138,0,0,0,0
98003,0,0,189,0,0,0,0,0,102,0,0,0,0
98004,0,0,548,0,0,0,0,0,333,0,0,0,0
98005,0,0,109,0,0,0,0,0,0,0,0,0,0
98006,13,0,183,0,0,33,0,0,126,46,0,0,0
98007,51,0,80,0,0,0,0,0,33,0,0,0,0
98008,0,0,422,0,0,0,0,0,218,0,0,0,0
98009,0,0,25,0,0,0,0,0,0,0,0,0,0
98010,0,0,379,0,0,0,0,0,353,0,0,0,0
External Undefined,461,13,2924,0,13,52,0,299,1598,0,0,10,13

